event_id,user_id,event,timestamp
e_0000070a,u_00000b50,app_open,2026-06-01T01:19:35Z
e_000006fb,u_00000b42,app_open,2026-06-01T02:11:55Z
e_000006f0,u_00000b39,app_open,2026-06-01T02:16:14Z
e_000006ee,u_00000b35,app_open,2026-06-01T03:32:50Z
e_00000709,u_00000b4d,app_open,2026-06-01T03:41:30Z
e_000006f9,u_00000b40,app_open,2026-06-01T03:52:05Z
e_00000713,u_00000b5e,app_open,2026-06-01T04:18:16Z
e_00000720,u_00000b6d,app_open,2026-06-01T04:32:36Z
e_00000707,u_00000b4b,app_open,2026-06-01T04:57:29Z
e_00000711,u_00000b5a,app_open,2026-06-01T05:23:05Z
e_00000727,u_00000b74,app_open,2026-06-01T06:02:06Z
e_00000712,u_00000b5c,app_open,2026-06-01T06:06:07Z
e_00000725,u_00000b70,app_open,2026-06-01T07:58:34Z
e_00000726,u_00000b71,app_open,2026-06-01T08:51:00Z
e_00000700,u_00000b46,app_open,2026-06-01T10:56:59Z
e_000006ef,u_00000b36,app_open,2026-06-01T11:20:03Z
e_000006f8,u_00000b3e,app_open,2026-06-01T11:59:22Z
e_00000729,u_00000b78,app_open,2026-06-01T12:48:01Z
e_000006fa,u_00000b41,app_open,2026-06-01T12:59:15Z
e_0000071d,u_00000b66,app_open,2026-06-01T13:29:10Z
e_0000071e,u_00000b68,app_open,2026-06-01T14:08:17Z
e_0000070d,u_00000b54,app_open,2026-06-01T16:33:25Z
e_000006f3,u_00000b3b,app_open,2026-06-01T17:59:59Z
e_00000728,u_00000b76,app_open,2026-06-01T18:03:23Z
e_00000710,u_00000b57,app_open,2026-06-01T18:44:00Z
e_0000070c,u_00000b51,app_open,2026-06-01T18:45:09Z
e_00000717,u_00000b60,app_open,2026-06-01T19:14:02Z
e_00000703,u_00000b49,app_open,2026-06-01T19:18:20Z
e_0000071f,u_00000b6b,app_open,2026-06-01T20:16:45Z
e_00000718,u_00000b63,app_open,2026-06-01T22:57:44Z
e_000006ff,u_00000b44,app_open,2026-06-02T00:11:54Z
e_0000075a,u_00000b9e,app_open,2026-06-02T01:15:29Z
e_00000771,u_00000bb4,app_open,2026-06-02T02:16:47Z
e_00000773,u_00000bb7,app_open,2026-06-02T02:47:26Z
e_00000733,u_00000b82,app_open,2026-06-02T03:50:10Z
e_0000076c,u_00000bad,app_open,2026-06-02T04:03:06Z
e_0000073f,u_00000b8a,app_open,2026-06-02T04:11:52Z
e_00000755,u_00000b9a,app_open,2026-06-02T04:27:46Z
e_00000767,u_00000baa,app_open,2026-06-02T04:40:54Z
e_0000073a,u_00000b86,app_open,2026-06-02T04:42:39Z
e_000006fe,u_00000b42,app_open,2026-06-02T05:04:30Z
e_00000741,u_00000b8b,app_open,2026-06-02T05:10:07Z
e_0000072b,u_00000b79,app_open,2026-06-02T05:46:47Z
e_0000076f,u_00000bb0,app_open,2026-06-02T05:48:26Z
e_000006fd,u_00000b42,app_open,2026-06-02T05:53:45Z
e_00000714,u_00000b5e,app_open,2026-06-02T05:57:43Z
e_00000715,u_00000b5e,app_open,2026-06-02T06:03:59Z
e_00000778,u_00000bbc,app_open,2026-06-02T06:54:16Z
e_00000751,u_00000b96,app_open,2026-06-02T09:09:17Z
e_000006f1,u_00000b39,app_open,2026-06-02T09:26:38Z
e_00000702,u_00000b46,app_open,2026-06-02T11:26:20Z
e_0000072d,u_00000b7c,app_open,2026-06-02T11:41:50Z
e_00000770,u_00000bb3,app_open,2026-06-02T11:44:09Z
e_0000072e,u_00000b7f,app_open,2026-06-02T11:56:51Z
e_00000734,u_00000b83,app_open,2026-06-02T13:41:19Z
e_00000739,u_00000b85,app_open,2026-06-02T14:26:17Z
e_00000774,u_00000bba,app_open,2026-06-02T15:01:56Z
e_00000742,u_00000b8e,app_open,2026-06-02T15:22:17Z
e_0000074a,u_00000b92,app_open,2026-06-02T17:23:00Z
e_0000076d,u_00000baf,app_open,2026-06-02T17:38:17Z
e_0000075f,u_00000b9f,app_open,2026-06-02T18:04:43Z
e_00000752,u_00000b97,app_open,2026-06-02T19:26:47Z
e_00000763,u_00000ba1,app_open,2026-06-02T19:48:32Z
e_0000073e,u_00000b88,app_open,2026-06-02T19:49:18Z
e_00000766,u_00000ba7,app_open,2026-06-02T21:05:15Z
e_0000074f,u_00000b93,app_open,2026-06-02T21:50:02Z
e_00000753,u_00000b99,app_open,2026-06-02T21:59:48Z
e_00000746,u_00000b90,app_open,2026-06-02T22:31:06Z
e_00000765,u_00000ba4,app_open,2026-06-02T23:09:47Z
e_00000759,u_00000b9c,app_open,2026-06-03T00:29:16Z
e_00000792,u_00000bdd,app_open,2026-06-03T00:50:40Z
e_00000789,u_00000bd0,app_open,2026-06-03T00:54:08Z
e_00000782,u_00000bcb,app_open,2026-06-03T02:01:03Z
e_00000794,u_00000bde,app_open,2026-06-03T02:01:28Z
e_0000077f,u_00000bc5,app_open,2026-06-03T02:15:06Z
e_0000079f,u_00000bed,app_open,2026-06-03T03:11:28Z
e_00000701,u_00000b46,app_open,2026-06-03T03:48:22Z
e_00000779,u_00000bbe,app_open,2026-06-03T03:59:53Z
e_0000077c,u_00000bc2,app_open,2026-06-03T04:49:52Z
e_00000722,u_00000b6d,app_open,2026-06-03T05:22:19Z
e_0000079c,u_00000be8,app_open,2026-06-03T05:23:34Z
e_0000078f,u_00000bd8,app_open,2026-06-03T07:14:49Z
e_0000078b,u_00000bd4,app_open,2026-06-03T07:20:08Z
e_000007a4,u_00000bf4,app_open,2026-06-03T07:39:17Z
e_0000078e,u_00000bd7,app_open,2026-06-03T07:53:52Z
e_0000078c,u_00000bd6,app_open,2026-06-03T08:09:42Z
e_00000790,u_00000bdb,app_open,2026-06-03T08:14:40Z
e_000007a1,u_00000bf0,app_open,2026-06-03T08:26:04Z
e_00000795,u_00000bdf,app_open,2026-06-03T09:17:42Z
e_00000799,u_00000be6,app_open,2026-06-03T09:37:44Z
e_0000078a,u_00000bd1,app_open,2026-06-03T10:12:05Z
e_00000796,u_00000be1,app_open,2026-06-03T10:16:20Z
e_000007a0,u_00000bee,app_open,2026-06-03T10:45:12Z
e_00000780,u_00000bc7,app_open,2026-06-03T11:00:27Z
e_00000740,u_00000b8a,app_open,2026-06-03T12:31:05Z
e_0000077b,u_00000bc0,app_open,2026-06-03T13:14:55Z
e_00000797,u_00000be3,app_open,2026-06-03T13:26:18Z
e_000007a3,u_00000bf3,app_open,2026-06-03T13:32:38Z
e_000007a6,u_00000bf7,app_open,2026-06-03T13:46:38Z
e_00000735,u_00000b83,app_open,2026-06-03T14:27:44Z
e_000007a8,u_00000bf8,app_open,2026-06-03T14:35:13Z
e_0000071c,u_00000b63,app_open,2026-06-03T15:00:32Z
e_00000791,u_00000bdc,app_open,2026-06-03T15:53:02Z
e_000007a5,u_00000bf6,app_open,2026-06-03T19:10:59Z
e_00000781,u_00000bca,app_open,2026-06-03T20:07:17Z
e_0000079e,u_00000bea,app_open,2026-06-03T20:53:51Z
e_00000785,u_00000bce,app_open,2026-06-03T21:08:53Z
e_000007a9,u_00000bfb,app_open,2026-06-03T23:01:17Z
e_000007cd,u_00000c20,app_open,2026-06-04T02:16:23Z
e_000007bc,u_00000c0c,app_open,2026-06-04T02:47:25Z
e_00000705,u_00000b49,app_open,2026-06-04T03:11:07Z
e_00000750,u_00000b93,app_open,2026-06-04T04:01:19Z
e_000007ca,u_00000c17,app_open,2026-06-04T04:24:26Z
e_000007be,u_00000c0e,app_open,2026-06-04T04:45:31Z
e_000007d3,u_00000c29,app_open,2026-06-04T04:50:40Z
e_00000775,u_00000bba,app_open,2026-06-04T06:32:13Z
e_000007d8,u_00000c2b,app_open,2026-06-04T08:14:04Z
e_00000743,u_00000b8e,app_open,2026-06-04T08:44:39Z
e_00000761,u_00000b9f,app_open,2026-06-04T09:09:03Z
e_000007ad,u_00000bfe,app_open,2026-06-04T09:14:58Z
e_000007d1,u_00000c25,app_open,2026-06-04T10:03:13Z
e_0000076a,u_00000baa,app_open,2026-06-04T10:07:08Z
e_000007c2,u_00000c10,app_open,2026-06-04T10:32:56Z
e_000007b5,u_00000c04,app_open,2026-06-04T10:45:40Z
e_000007d2,u_00000c28,app_open,2026-06-04T11:55:28Z
e_0000079d,u_00000be8,app_open,2026-06-04T12:29:05Z
e_000007af,u_00000c02,app_open,2026-06-04T13:16:36Z
e_000007cf,u_00000c21,app_open,2026-06-04T14:08:30Z
e_0000071b,u_00000b63,app_open,2026-06-04T14:23:44Z
e_000007c0,u_00000c0f,app_open,2026-06-04T14:28:40Z
e_00000784,u_00000bcb,app_open,2026-06-04T15:25:25Z
e_000007c8,u_00000c14,app_open,2026-06-04T15:41:25Z
e_000007c3,u_00000c12,app_open,2026-06-04T15:48:44Z
e_000007d0,u_00000c24,app_open,2026-06-04T16:50:35Z
e_000007bb,u_00000c09,app_open,2026-06-04T16:52:01Z
e_000007cb,u_00000c1a,app_open,2026-06-04T17:07:16Z
e_0000072c,u_00000b79,app_open,2026-06-04T17:35:02Z
e_000007cc,u_00000c1d,app_open,2026-06-04T17:52:21Z
e_000007b7,u_00000c06,app_open,2026-06-04T18:32:34Z
e_000007c9,u_00000c16,app_open,2026-06-04T19:19:42Z
e_0000075b,u_00000b9e,app_open,2026-06-04T19:31:15Z
e_000007ae,u_00000c01,app_open,2026-06-04T19:45:50Z
e_000007d4,u_00000c2a,app_open,2026-06-04T20:54:45Z
e_000007b6,u_00000c05,app_open,2026-06-04T23:02:12Z
e_00000762,u_00000b9f,app_open,2026-06-05T00:42:53Z
e_000007e4,u_00000c34,app_open,2026-06-05T00:47:52Z
e_000007da,u_00000c2f,app_open,2026-06-05T01:17:54Z
e_000006f6,u_00000b3b,app_open,2026-06-05T01:22:57Z
e_00000800,u_00000c54,app_open,2026-06-05T01:33:42Z
e_000006f2,u_00000b39,app_open,2026-06-05T02:12:37Z
e_000006f7,u_00000b3b,app_open,2026-06-05T02:22:05Z
e_000007ab,u_00000bfb,app_open,2026-06-05T03:45:54Z
e_000006fc,u_00000b42,app_open,2026-06-05T04:35:44Z
e_000006f4,u_00000b3b,app_open,2026-06-05T04:43:43Z
e_000007f5,u_00000c49,app_open,2026-06-05T04:50:05Z
e_000007ff,u_00000c51,app_open,2026-06-05T04:51:55Z
e_000007e8,u_00000c36,app_open,2026-06-05T05:04:06Z
e_00000744,u_00000b8e,app_open,2026-06-05T06:08:48Z
e_000007e3,u_00000c33,app_open,2026-06-05T06:16:03Z
e_00000811,u_00000c5f,app_open,2026-06-05T06:24:57Z
e_000007f1,u_00000c41,app_open,2026-06-05T06:26:42Z
e_000007f7,u_00000c4a,app_open,2026-06-05T09:14:16Z
e_00000810,u_00000c5e,app_open,2026-06-05T09:45:25Z
e_000007d9,u_00000c2e,app_open,2026-06-05T10:48:22Z
e_0000070f,u_00000b54,app_open,2026-06-05T10:50:23Z
e_000007f0,u_00000c3f,app_open,2026-06-05T11:39:26Z
e_000007f4,u_00000c48,app_open,2026-06-05T12:09:11Z
e_0000073d,u_00000b86,app_open,2026-06-05T12:50:32Z
e_000007f9,u_00000c4b,app_open,2026-06-05T13:40:42Z
e_0000077e,u_00000bc2,app_open,2026-06-05T13:49:57Z
e_00000808,u_00000c5b,app_open,2026-06-05T14:08:49Z
e_000007b0,u_00000c02,app_open,2026-06-05T14:40:52Z
e_000007ed,u_00000c3c,app_open,2026-06-05T14:44:57Z
e_000007b3,u_00000c02,app_open,2026-06-05T15:00:28Z
e_000007f2,u_00000c44,app_open,2026-06-05T15:04:01Z
e_00000813,u_00000c60,app_open,2026-06-05T16:29:07Z
e_000007fe,u_00000c4f,app_open,2026-06-05T17:23:23Z
e_000007ea,u_00000c3b,app_open,2026-06-05T17:37:15Z
e_00000737,u_00000b83,app_open,2026-06-05T17:40:09Z
e_00000807,u_00000c59,app_open,2026-06-05T17:43:59Z
e_00000738,u_00000b83,app_open,2026-06-05T17:50:14Z
e_0000073c,u_00000b86,app_open,2026-06-05T18:36:51Z
e_0000080b,u_00000c5d,app_open,2026-06-05T20:58:52Z
e_0000073b,u_00000b86,app_open,2026-06-05T21:02:14Z
e_000007fa,u_00000c4c,app_open,2026-06-05T21:12:58Z
e_000007df,u_00000c31,app_open,2026-06-05T21:18:20Z
e_00000787,u_00000bce,app_open,2026-06-05T21:39:58Z
e_00000802,u_00000c57,app_open,2026-06-05T21:41:08Z
e_000007c5,u_00000c12,app_open,2026-06-05T23:04:37Z
e_000007e9,u_00000c39,app_open,2026-06-05T23:29:31Z
e_000007f3,u_00000c46,app_open,2026-06-05T23:33:24Z
e_00000745,u_00000b8e,app_open,2026-06-06T00:54:06Z
e_0000081a,u_00000c69,app_open,2026-06-06T01:06:08Z
e_0000084b,u_00000ca1,app_open,2026-06-06T01:23:56Z
e_0000083b,u_00000c91,app_open,2026-06-06T02:04:13Z
e_00000829,u_00000c7d,app_open,2026-06-06T02:19:22Z
e_0000074b,u_00000b92,app_open,2026-06-06T02:55:25Z
e_00000818,u_00000c67,app_open,2026-06-06T03:47:34Z
e_0000082d,u_00000c7f,app_open,2026-06-06T04:03:38Z
e_00000817,u_00000c66,app_open,2026-06-06T04:43:47Z
e_00000851,u_00000ca8,app_open,2026-06-06T04:45:58Z
e_00000758,u_00000b9a,app_open,2026-06-06T05:18:53Z
e_00000719,u_00000b63,app_open,2026-06-06T05:24:10Z
e_00000831,u_00000c85,app_open,2026-06-06T06:41:42Z
e_0000081d,u_00000c6d,app_open,2026-06-06T06:45:39Z
e_0000071a,u_00000b63,app_open,2026-06-06T08:36:49Z
e_00000850,u_00000ca6,app_open,2026-06-06T08:41:59Z
e_00000816,u_00000c64,app_open,2026-06-06T11:39:26Z
e_0000083e,u_00000c92,app_open,2026-06-06T12:15:50Z
e_00000716,u_00000b5e,app_open,2026-06-06T12:34:04Z
e_00000721,u_00000b6d,app_open,2026-06-06T12:45:34Z
e_00000838,u_00000c89,app_open,2026-06-06T13:21:15Z
e_0000072f,u_00000b7f,app_open,2026-06-06T13:42:46Z
e_0000084e,u_00000ca4,app_open,2026-06-06T14:29:29Z
e_000007d7,u_00000c2a,app_open,2026-06-06T14:49:40Z
e_00000708,u_00000b4b,app_open,2026-06-06T14:54:22Z
e_0000083a,u_00000c8e,app_open,2026-06-06T15:08:53Z
e_0000084a,u_00000c9f,app_open,2026-06-06T16:10:11Z
e_00000843,u_00000c97,app_open,2026-06-06T16:27:10Z
e_00000776,u_00000bba,app_open,2026-06-06T16:55:40Z
e_00000777,u_00000bba,app_open,2026-06-06T17:50:20Z
e_00000837,u_00000c88,app_open,2026-06-06T17:54:40Z
e_00000842,u_00000c94,app_open,2026-06-06T18:26:43Z
e_000007dd,u_00000c2f,app_open,2026-06-06T18:47:59Z
e_00000839,u_00000c8b,app_open,2026-06-06T19:03:02Z
e_00000827,u_00000c79,app_open,2026-06-06T19:42:45Z
e_0000081c,u_00000c6b,app_open,2026-06-06T19:43:31Z
e_00000836,u_00000c87,app_open,2026-06-06T19:43:31Z
e_0000081f,u_00000c71,app_open,2026-06-06T20:19:48Z
e_0000084f,u_00000ca5,app_open,2026-06-06T20:25:59Z
e_00000815,u_00000c61,app_open,2026-06-06T20:29:59Z
e_00000848,u_00000c9a,app_open,2026-06-06T21:18:49Z
e_00000820,u_00000c74,app_open,2026-06-06T21:33:44Z
e_00000819,u_00000c68,app_open,2026-06-06T21:34:52Z
e_0000079b,u_00000be6,app_open,2026-06-06T21:51:08Z
e_00000768,u_00000baa,app_open,2026-06-06T21:53:06Z
e_000007b9,u_00000c06,app_open,2026-06-06T22:18:10Z
e_00000830,u_00000c82,app_open,2026-06-06T22:29:01Z
e_00000826,u_00000c78,app_open,2026-06-06T22:31:51Z
e_00000821,u_00000c76,app_open,2026-06-06T22:42:37Z
e_00000849,u_00000c9c,app_open,2026-06-06T22:46:54Z
e_00000828,u_00000c7c,app_open,2026-06-06T23:20:52Z
e_0000081e,u_00000c6f,app_open,2026-06-06T23:57:04Z
e_00000732,u_00000b7f,app_open,2026-06-07T00:25:04Z
e_00000875,u_00000cc2,app_open,2026-06-07T00:35:55Z
e_00000882,u_00000cd0,app_open,2026-06-07T00:42:34Z
e_00000783,u_00000bcb,app_open,2026-06-07T01:29:47Z
e_00000895,u_00000ce5,app_open,2026-06-07T01:53:21Z
e_0000088d,u_00000cd9,app_open,2026-06-07T01:54:06Z
e_0000081b,u_00000c69,app_open,2026-06-07T02:15:46Z
e_000006f5,u_00000b3b,app_open,2026-06-07T03:02:09Z
e_00000860,u_00000cb5,app_open,2026-06-07T03:14:27Z
e_000007c4,u_00000c12,app_open,2026-06-07T03:43:00Z
e_0000086a,u_00000cb9,app_open,2026-06-07T04:41:38Z
e_00000723,u_00000b6d,app_open,2026-06-07T04:44:31Z
e_00000803,u_00000c57,app_open,2026-06-07T04:58:09Z
e_00000865,u_00000cb7,app_open,2026-06-07T05:09:30Z
e_00000877,u_00000cc6,app_open,2026-06-07T05:21:06Z
e_00000704,u_00000b49,app_open,2026-06-07T05:36:16Z
e_00000859,u_00000cad,app_open,2026-06-07T05:49:10Z
e_00000756,u_00000b9a,app_open,2026-06-07T08:03:17Z
e_0000077d,u_00000bc2,app_open,2026-06-07T08:14:44Z
e_00000876,u_00000cc3,app_open,2026-06-07T08:41:51Z
e_0000085a,u_00000cae,app_open,2026-06-07T08:55:28Z
e_00000894,u_00000ce3,app_open,2026-06-07T09:37:37Z
e_000007ac,u_00000bfb,app_open,2026-06-07T09:44:53Z
e_0000076b,u_00000baa,app_open,2026-06-07T10:16:58Z
e_00000870,u_00000cbc,app_open,2026-06-07T10:24:21Z
e_000007eb,u_00000c3b,app_open,2026-06-07T10:41:01Z
e_0000074c,u_00000b92,app_open,2026-06-07T11:22:09Z
e_0000087d,u_00000cca,app_open,2026-06-07T11:40:03Z
e_000007fb,u_00000c4c,app_open,2026-06-07T13:44:30Z
e_00000853,u_00000ca9,app_open,2026-06-07T14:01:14Z
e_0000087b,u_00000cc8,app_open,2026-06-07T14:05:09Z
e_00000861,u_00000cb6,app_open,2026-06-07T14:55:05Z
e_0000085b,u_00000cb1,app_open,2026-06-07T15:04:58Z
e_0000087f,u_00000ccd,app_open,2026-06-07T15:33:04Z
e_0000075d,u_00000b9e,app_open,2026-06-07T15:46:31Z
e_0000088e,u_00000cdc,app_open,2026-06-07T17:43:33Z
e_0000087e,u_00000ccc,app_open,2026-06-07T18:10:47Z
e_00000892,u_00000ce1,app_open,2026-06-07T18:33:16Z
e_00000888,u_00000cd4,app_open,2026-06-07T18:45:09Z
e_0000080a,u_00000c5b,app_open,2026-06-07T19:07:40Z
e_0000075e,u_00000b9e,app_open,2026-06-07T19:42:10Z
e_0000088c,u_00000cd7,app_open,2026-06-07T20:21:56Z
e_00000858,u_00000caa,app_open,2026-06-07T20:31:11Z
e_00000871,u_00000cbf,app_open,2026-06-07T20:46:16Z
e_00000893,u_00000ce2,app_open,2026-06-07T21:00:26Z
e_00000881,u_00000ccf,app_open,2026-06-07T21:27:46Z
e_0000085c,u_00000cb4,app_open,2026-06-07T22:41:01Z
e_00000824,u_00000c76,app_open,2026-06-07T23:18:44Z
e_00000886,u_00000cd3,app_open,2026-06-07T23:50:55Z
e_00000891,u_00000cdf,app_open,2026-06-08T00:04:10Z
e_000008c0,u_00000d02,app_open,2026-06-08T00:57:48Z
e_00000788,u_00000bce,app_open,2026-06-08T01:05:25Z
e_000008c8,u_00000d0a,app_open,2026-06-08T01:13:32Z
e_000007ee,u_00000c3c,app_open,2026-06-08T01:20:20Z
e_000008cd,u_00000d0f,app_open,2026-06-08T01:35:24Z
e_000008cc,u_00000d0c,app_open,2026-06-08T02:01:49Z
e_000008b5,u_00000cfa,app_open,2026-06-08T02:37:21Z
e_000008bc,u_00000d01,app_open,2026-06-08T03:17:06Z
e_00000846,u_00000c97,app_open,2026-06-08T04:20:53Z
e_000007c6,u_00000c12,app_open,2026-06-08T04:30:13Z
e_00000786,u_00000bce,app_open,2026-06-08T04:35:40Z
e_0000074e,u_00000b92,app_open,2026-06-08T04:48:37Z
e_000008a4,u_00000ce9,app_open,2026-06-08T05:51:43Z
e_000008ae,u_00000cf0,app_open,2026-06-08T06:06:39Z
e_000007b1,u_00000c02,app_open,2026-06-08T06:21:09Z
e_000007fd,u_00000c4c,app_open,2026-06-08T06:24:20Z
e_0000089a,u_00000ce6,app_open,2026-06-08T06:32:46Z
e_000008d2,u_00000d15,app_open,2026-06-08T07:39:15Z
e_0000070e,u_00000b54,app_open,2026-06-08T08:12:22Z
e_00000896,u_00000ce5,app_open,2026-06-08T10:32:56Z
e_000007aa,u_00000bfb,app_open,2026-06-08T10:49:46Z
e_0000089f,u_00000ce8,app_open,2026-06-08T11:34:32Z
e_000007d6,u_00000c2a,app_open,2026-06-08T11:44:35Z
e_000008c3,u_00000d05,app_open,2026-06-08T11:48:12Z
e_00000806,u_00000c57,app_open,2026-06-08T11:59:15Z
e_00000769,u_00000baa,app_open,2026-06-08T12:01:06Z
e_000008c6,u_00000d08,app_open,2026-06-08T12:08:50Z
e_000008d0,u_00000d12,app_open,2026-06-08T12:14:01Z
e_0000075c,u_00000b9e,app_open,2026-06-08T12:53:45Z
e_0000082b,u_00000c7d,app_open,2026-06-08T13:08:26Z
e_000008a5,u_00000ceb,app_open,2026-06-08T13:15:00Z
e_00000706,u_00000b49,app_open,2026-06-08T13:23:48Z
e_00000854,u_00000ca9,app_open,2026-06-08T13:29:08Z
e_000007e6,u_00000c34,app_open,2026-06-08T14:12:36Z
e_0000087a,u_00000cc6,app_open,2026-06-08T14:20:44Z
e_000008ad,u_00000cee,app_open,2026-06-08T15:35:47Z
e_000008aa,u_00000ced,app_open,2026-06-08T16:00:05Z
e_000008b4,u_00000cf7,app_open,2026-06-08T16:41:54Z
e_00000754,u_00000b99,app_open,2026-06-08T17:23:38Z
e_00000757,u_00000b9a,app_open,2026-06-08T17:30:36Z
e_000008b2,u_00000cf2,app_open,2026-06-08T18:17:30Z
e_000008d3,u_00000d17,app_open,2026-06-08T18:24:20Z
e_000008c2,u_00000d04,app_open,2026-06-08T18:48:56Z
e_000008bb,u_00000cfe,app_open,2026-06-08T19:13:01Z
e_000008b3,u_00000cf4,app_open,2026-06-08T19:23:16Z
e_0000087c,u_00000cc8,app_open,2026-06-08T20:15:20Z
e_000008a6,u_00000cec,app_open,2026-06-08T20:39:30Z
e_000008c1,u_00000d03,app_open,2026-06-08T20:46:51Z
e_00000760,u_00000b9f,app_open,2026-06-08T21:05:40Z
e_00000804,u_00000c57,app_open,2026-06-08T21:08:34Z
e_000008ba,u_00000cfd,app_open,2026-06-08T21:46:09Z
e_0000083f,u_00000c92,app_open,2026-06-08T21:49:18Z
e_000008da,u_00000d19,app_open,2026-06-08T21:50:39Z
e_00000736,u_00000b83,app_open,2026-06-08T23:05:22Z
e_000008d6,u_00000d18,app_open,2026-06-09T00:23:40Z
e_00000889,u_00000cd4,app_open,2026-06-09T01:02:15Z
e_00000805,u_00000c57,app_open,2026-06-09T01:38:52Z
e_000008fd,u_00000d3b,app_open,2026-06-09T02:03:56Z
e_000008eb,u_00000d28,app_open,2026-06-09T02:26:05Z
e_00000730,u_00000b7f,app_open,2026-06-09T02:28:05Z
e_000007b8,u_00000c06,app_open,2026-06-09T02:53:09Z
e_0000074d,u_00000b92,app_open,2026-06-09T03:23:02Z
e_00000899,u_00000ce5,app_open,2026-06-09T03:25:38Z
e_000008dc,u_00000d1d,app_open,2026-06-09T03:31:06Z
e_00000901,u_00000d44,app_open,2026-06-09T03:35:08Z
e_0000084c,u_00000ca1,app_open,2026-06-09T03:39:38Z
e_000008fe,u_00000d3e,app_open,2026-06-09T03:46:15Z
e_000008ff,u_00000d40,app_open,2026-06-09T04:17:43Z
e_00000905,u_00000d47,app_open,2026-06-09T06:15:08Z
e_00000897,u_00000ce5,app_open,2026-06-09T06:20:08Z
e_0000080e,u_00000c5d,app_open,2026-06-09T06:42:00Z
e_00000731,u_00000b7f,app_open,2026-06-09T06:57:43Z
e_000008e5,u_00000d25,app_open,2026-06-09T06:58:33Z
e_000008b1,u_00000cf0,app_open,2026-06-09T07:32:23Z
e_000008bd,u_00000d01,app_open,2026-06-09T08:10:28Z
e_00000747,u_00000b90,app_open,2026-06-09T08:15:18Z
e_000008b9,u_00000cfa,app_open,2026-06-09T08:44:17Z
e_000008f1,u_00000d2f,app_open,2026-06-09T08:57:46Z
e_00000825,u_00000c76,app_open,2026-06-09T09:10:29Z
e_000008e1,u_00000d20,app_open,2026-06-09T09:37:41Z
e_000008cf,u_00000d0f,app_open,2026-06-09T09:57:36Z
e_000008e2,u_00000d22,app_open,2026-06-09T10:03:31Z
e_00000748,u_00000b90,app_open,2026-06-09T10:33:19Z
e_000007de,u_00000c2f,app_open,2026-06-09T10:58:42Z
e_00000904,u_00000d46,app_open,2026-06-09T10:58:49Z
e_00000872,u_00000cbf,app_open,2026-06-09T11:04:35Z
e_0000079a,u_00000be6,app_open,2026-06-09T12:06:38Z
e_000008d1,u_00000d12,app_open,2026-06-09T12:28:39Z
e_00000900,u_00000d43,app_open,2026-06-09T12:50:45Z
e_0000086c,u_00000cb9,app_open,2026-06-09T12:53:49Z
e_000008ee,u_00000d2a,app_open,2026-06-09T13:07:08Z
e_000008fa,u_00000d37,app_open,2026-06-09T13:16:10Z
e_0000090f,u_00000d52,app_open,2026-06-09T13:21:46Z
e_000008b7,u_00000cfa,app_open,2026-06-09T13:43:14Z
e_00000902,u_00000d45,app_open,2026-06-09T14:15:09Z
e_00000749,u_00000b90,app_open,2026-06-09T14:15:16Z
e_0000082e,u_00000c7f,app_open,2026-06-09T14:51:04Z
e_00000907,u_00000d4b,app_open,2026-06-09T15:16:50Z
e_00000914,u_00000d59,app_open,2026-06-09T15:18:11Z
e_000008ef,u_00000d2d,app_open,2026-06-09T17:13:34Z
e_000007ef,u_00000c3c,app_open,2026-06-09T17:33:32Z
e_00000910,u_00000d55,app_open,2026-06-09T17:45:58Z
e_000008f4,u_00000d32,app_open,2026-06-09T18:05:59Z
e_00000911,u_00000d58,app_open,2026-06-09T19:02:53Z
e_0000089b,u_00000ce6,app_open,2026-06-09T19:25:56Z
e_000007ba,u_00000c06,app_open,2026-06-09T19:29:31Z
e_000008a0,u_00000ce8,app_open,2026-06-09T20:01:48Z
e_000008f9,u_00000d34,app_open,2026-06-09T20:42:38Z
e_000008fb,u_00000d38,app_open,2026-06-09T20:45:08Z
e_000007c1,u_00000c0f,app_open,2026-06-09T20:49:40Z
e_0000090c,u_00000d4d,app_open,2026-06-09T21:43:28Z
e_00000906,u_00000d48,app_open,2026-06-09T21:48:01Z
e_000008db,u_00000d1a,app_open,2026-06-09T22:11:35Z
e_0000088a,u_00000cd4,app_open,2026-06-09T22:16:22Z
e_0000090e,u_00000d4f,app_open,2026-06-09T22:29:30Z
e_00000823,u_00000c76,app_open,2026-06-09T22:54:19Z
e_000008ea,u_00000d27,app_open,2026-06-09T23:12:28Z
e_00000856,u_00000ca9,app_open,2026-06-10T00:01:00Z
e_0000089c,u_00000ce6,app_open,2026-06-10T00:35:05Z
e_00000724,u_00000b6d,app_open,2026-06-10T01:01:27Z
e_00000920,u_00000d64,app_open,2026-06-10T01:44:30Z
e_000007b2,u_00000c02,app_open,2026-06-10T02:31:47Z
e_00000937,u_00000d85,app_open,2026-06-10T02:54:55Z
e_00000939,u_00000d8a,app_open,2026-06-10T03:23:45Z
e_000008de,u_00000d1d,app_open,2026-06-10T03:58:33Z
e_00000885,u_00000cd0,app_open,2026-06-10T04:06:00Z
e_000008a1,u_00000ce8,app_open,2026-06-10T05:30:10Z
e_0000091e,u_00000d62,app_open,2026-06-10T05:57:30Z
e_00000931,u_00000d7f,app_open,2026-06-10T06:11:55Z
e_000007e5,u_00000c34,app_open,2026-06-10T06:31:47Z
e_0000092f,u_00000d7b,app_open,2026-06-10T06:40:22Z
e_0000089e,u_00000ce6,app_open,2026-06-10T07:42:36Z
e_0000093d,u_00000d8d,app_open,2026-06-10T08:17:20Z
e_0000092a,u_00000d74,app_open,2026-06-10T09:57:26Z
e_00000930,u_00000d7e,app_open,2026-06-10T10:52:38Z
e_00000845,u_00000c97,app_open,2026-06-10T11:29:24Z
e_00000878,u_00000cc6,app_open,2026-06-10T11:31:36Z
e_00000917,u_00000d5e,app_open,2026-06-10T11:34:05Z
e_00000915,u_00000d5c,app_open,2026-06-10T11:46:56Z
e_00000927,u_00000d6e,app_open,2026-06-10T12:15:29Z
e_000007e1,u_00000c31,app_open,2026-06-10T12:28:34Z
e_00000935,u_00000d83,app_open,2026-06-10T12:36:18Z
e_0000093b,u_00000d8b,app_open,2026-06-10T13:12:30Z
e_00000923,u_00000d68,app_open,2026-06-10T14:34:43Z
e_0000092b,u_00000d77,app_open,2026-06-10T14:36:48Z
e_0000089d,u_00000ce6,app_open,2026-06-10T14:37:19Z
e_000007e7,u_00000c34,app_open,2026-06-10T15:07:28Z
e_00000925,u_00000d6c,app_open,2026-06-10T16:33:55Z
e_00000932,u_00000d80,app_open,2026-06-10T16:58:24Z
e_000008d7,u_00000d18,app_open,2026-06-10T17:52:35Z
e_00000847,u_00000c97,app_open,2026-06-10T18:03:45Z
e_00000918,u_00000d5f,app_open,2026-06-10T18:43:12Z
e_0000092c,u_00000d78,app_open,2026-06-10T18:53:57Z
e_000008b0,u_00000cf0,app_open,2026-06-10T18:56:45Z
e_000008ca,u_00000d0a,app_open,2026-06-10T18:59:03Z
e_0000091f,u_00000d63,app_open,2026-06-10T19:34:38Z
e_00000938,u_00000d87,app_open,2026-06-10T19:35:23Z
e_00000832,u_00000c85,app_open,2026-06-10T20:13:25Z
e_00000924,u_00000d6a,app_open,2026-06-10T20:20:54Z
e_0000080c,u_00000c5d,app_open,2026-06-10T20:53:21Z
e_00000916,u_00000d5d,app_open,2026-06-10T21:04:27Z
e_0000093c,u_00000d8c,app_open,2026-06-10T21:08:03Z
e_000007c7,u_00000c12,app_open,2026-06-10T21:31:08Z
e_00000866,u_00000cb7,app_open,2026-06-10T22:17:40Z
e_00000922,u_00000d65,app_open,2026-06-10T22:21:23Z
e_00000903,u_00000d45,app_open,2026-06-10T23:05:20Z
e_0000080f,u_00000c5d,app_open,2026-06-10T23:36:07Z
e_00000929,u_00000d71,app_open,2026-06-10T23:56:43Z
e_0000092e,u_00000d79,app_open,2026-06-11T00:05:15Z
e_000008ab,u_00000ced,app_open,2026-06-11T00:53:26Z
e_0000095f,u_00000dac,app_open,2026-06-11T01:18:28Z
e_0000094c,u_00000d9c,app_open,2026-06-11T01:19:11Z
e_0000083d,u_00000c91,app_open,2026-06-11T01:43:59Z
e_00000969,u_00000dbb,app_open,2026-06-11T02:15:51Z
e_00000855,u_00000ca9,app_open,2026-06-11T03:18:14Z
e_000007db,u_00000c2f,app_open,2026-06-11T03:55:24Z
e_0000095e,u_00000dab,app_open,2026-06-11T04:09:31Z
e_00000966,u_00000db8,app_open,2026-06-11T04:34:05Z
e_000007d5,u_00000c2a,app_open,2026-06-11T05:14:04Z
e_00000959,u_00000da8,app_open,2026-06-11T05:42:38Z
e_00000970,u_00000dc5,app_open,2026-06-11T05:46:03Z
e_0000094a,u_00000d9a,app_open,2026-06-11T06:25:57Z
e_00000835,u_00000c85,app_open,2026-06-11T06:48:42Z
e_000008ac,u_00000ced,app_open,2026-06-11T07:12:42Z
e_0000094d,u_00000d9d,app_open,2026-06-11T07:15:44Z
e_00000946,u_00000d95,app_open,2026-06-11T07:28:36Z
e_00000950,u_00000d9f,app_open,2026-06-11T07:29:59Z
e_00000949,u_00000d97,app_open,2026-06-11T07:51:02Z
e_00000955,u_00000da2,app_open,2026-06-11T08:05:52Z
e_00000883,u_00000cd0,app_open,2026-06-11T08:13:25Z
e_00000974,u_00000dcb,app_open,2026-06-11T08:55:32Z
e_00000965,u_00000db6,app_open,2026-06-11T09:00:24Z
e_00000947,u_00000d96,app_open,2026-06-11T09:38:15Z
e_00000945,u_00000d92,app_open,2026-06-11T11:35:30Z
e_0000094e,u_00000d9e,app_open,2026-06-11T11:45:32Z
e_00000976,u_00000dcf,app_open,2026-06-11T13:02:22Z
e_000007e0,u_00000c31,app_open,2026-06-11T13:29:44Z
e_000007fc,u_00000c4c,app_open,2026-06-11T13:35:06Z
e_0000085e,u_00000cb4,app_open,2026-06-11T13:41:59Z
e_000007dc,u_00000c2f,app_open,2026-06-11T13:46:49Z
e_00000954,u_00000da0,app_open,2026-06-11T15:36:02Z
e_00000975,u_00000dcc,app_open,2026-06-11T15:44:45Z
e_00000962,u_00000db3,app_open,2026-06-11T15:46:34Z
e_00000834,u_00000c85,app_open,2026-06-11T16:52:55Z
e_00000942,u_00000d90,app_open,2026-06-11T16:53:13Z
e_0000083c,u_00000c91,app_open,2026-06-11T16:57:38Z
e_00000961,u_00000db1,app_open,2026-06-11T17:38:33Z
e_00000943,u_00000d91,app_open,2026-06-11T17:46:55Z
e_00000960,u_00000dae,app_open,2026-06-11T18:22:03Z
e_000008e4,u_00000d22,app_open,2026-06-11T18:39:29Z
e_0000082c,u_00000c7d,app_open,2026-06-11T18:51:28Z
e_000008e7,u_00000d25,app_open,2026-06-11T20:08:01Z
e_00000956,u_00000da5,app_open,2026-06-11T20:28:34Z
e_00000958,u_00000da7,app_open,2026-06-11T20:45:57Z
e_0000082a,u_00000c7d,app_open,2026-06-11T21:24:52Z
e_0000086e,u_00000cb9,app_open,2026-06-11T21:36:27Z
e_0000096f,u_00000dc3,app_open,2026-06-11T21:38:54Z
e_0000096a,u_00000dbe,app_open,2026-06-11T21:52:13Z
e_0000085f,u_00000cb4,app_open,2026-06-11T22:36:15Z
e_0000096e,u_00000dc0,app_open,2026-06-11T22:36:15Z
e_00000973,u_00000dc9,app_open,2026-06-11T23:14:14Z
e_0000094b,u_00000d9b,app_open,2026-06-11T23:52:20Z
e_00000890,u_00000cdc,app_open,2026-06-12T00:07:09Z
e_00000971,u_00000dc6,app_open,2026-06-12T00:46:39Z
e_00000992,u_00000df4,app_open,2026-06-12T01:17:52Z
e_00000840,u_00000c92,app_open,2026-06-12T01:21:44Z
e_0000084d,u_00000ca1,app_open,2026-06-12T01:30:42Z
e_0000098f,u_00000dec,app_open,2026-06-12T01:54:38Z
e_000009a2,u_00000e04,app_open,2026-06-12T02:14:50Z
e_00000991,u_00000df1,app_open,2026-06-12T02:40:08Z
e_0000090b,u_00000d4b,app_open,2026-06-12T03:00:44Z
e_000009ad,u_00000e09,app_open,2026-06-12T03:28:19Z
e_00000809,u_00000c5b,app_open,2026-06-12T04:19:33Z
e_00000873,u_00000cbf,app_open,2026-06-12T04:39:17Z
e_00000919,u_00000d5f,app_open,2026-06-12T04:51:26Z
e_0000098b,u_00000de2,app_open,2026-06-12T05:11:01Z
e_000009af,u_00000e0b,app_open,2026-06-12T05:26:34Z
e_000008c9,u_00000d0a,app_open,2026-06-12T05:42:11Z
e_0000076e,u_00000baf,app_open,2026-06-12T06:03:18Z
e_0000086d,u_00000cb9,app_open,2026-06-12T06:16:23Z
e_0000082f,u_00000c7f,app_open,2026-06-12T06:26:05Z
e_0000098c,u_00000de5,app_open,2026-06-12T06:43:48Z
e_0000095a,u_00000da8,app_open,2026-06-12T06:48:17Z
e_00000841,u_00000c92,app_open,2026-06-12T06:55:21Z
e_000009a0,u_00000dff,app_open,2026-06-12T07:15:13Z
e_00000984,u_00000dde,app_open,2026-06-12T07:15:52Z
e_0000098e,u_00000de9,app_open,2026-06-12T07:22:59Z
e_00000990,u_00000def,app_open,2026-06-12T07:44:20Z
e_00000833,u_00000c85,app_open,2026-06-12T07:57:05Z
e_0000099a,u_00000dfa,app_open,2026-06-12T08:01:18Z
e_0000085d,u_00000cb4,app_open,2026-06-12T08:02:55Z
e_00000968,u_00000db8,app_open,2026-06-12T08:08:01Z
e_0000097a,u_00000dd6,app_open,2026-06-12T08:12:42Z
e_000008f3,u_00000d2f,app_open,2026-06-12T08:24:01Z
e_00000977,u_00000dd1,app_open,2026-06-12T08:34:45Z
e_00000879,u_00000cc6,app_open,2026-06-12T08:50:12Z
e_0000097b,u_00000dd7,app_open,2026-06-12T09:30:55Z
e_0000099f,u_00000dfe,app_open,2026-06-12T09:47:04Z
e_00000999,u_00000df9,app_open,2026-06-12T10:05:34Z
e_00000884,u_00000cd0,app_open,2026-06-12T10:20:31Z
e_0000098a,u_00000de0,app_open,2026-06-12T10:31:05Z
e_00000979,u_00000dd3,app_open,2026-06-12T10:32:42Z
e_000007ec,u_00000c3b,app_open,2026-06-12T10:33:59Z
e_0000080d,u_00000c5d,app_open,2026-06-12T10:44:25Z
e_000008d4,u_00000d17,app_open,2026-06-12T11:23:09Z
e_00000940,u_00000d8d,app_open,2026-06-12T12:45:22Z
e_000009a1,u_00000e02,app_open,2026-06-12T14:15:12Z
e_00000868,u_00000cb7,app_open,2026-06-12T14:54:16Z
e_00000764,u_00000ba1,app_open,2026-06-12T15:02:58Z
e_00000909,u_00000d4b,app_open,2026-06-12T15:06:34Z
e_000008ed,u_00000d28,app_open,2026-06-12T15:36:41Z
e_00000995,u_00000df7,app_open,2026-06-12T15:43:43Z
e_000008be,u_00000d01,app_open,2026-06-12T16:06:47Z
e_0000070b,u_00000b50,app_open,2026-06-12T16:29:38Z
e_0000098d,u_00000de7,app_open,2026-06-12T16:33:36Z
e_00000844,u_00000c97,app_open,2026-06-12T16:34:31Z
e_0000072a,u_00000b78,app_open,2026-06-12T16:53:47Z
e_000008cb,u_00000d0a,app_open,2026-06-12T17:13:31Z
e_00000989,u_00000ddf,app_open,2026-06-12T17:49:48Z
e_0000097e,u_00000dd9,app_open,2026-06-12T18:16:37Z
e_00000983,u_00000ddc,app_open,2026-06-12T19:01:01Z
e_000008df,u_00000d1d,app_open,2026-06-12T21:16:10Z
e_000009a3,u_00000e07,app_open,2026-06-12T21:16:17Z
e_000009a9,u_00000e08,app_open,2026-06-12T21:39:54Z
e_0000099c,u_00000dfb,app_open,2026-06-12T21:54:13Z
e_0000093e,u_00000d8d,app_open,2026-06-12T21:59:28Z
e_00000798,u_00000be3,app_open,2026-06-12T23:27:20Z
e_00000994,u_00000df6,app_open,2026-06-12T23:32:43Z
e_0000099d,u_00000dfc,app_open,2026-06-13T00:12:51Z
e_0000099e,u_00000dfd,app_open,2026-06-13T00:16:30Z
e_000009d9,u_00000e37,app_open,2026-06-13T00:36:14Z
e_0000088b,u_00000cd4,app_open,2026-06-13T00:45:38Z
e_00000933,u_00000d80,app_open,2026-06-13T01:30:04Z
e_000009c7,u_00000e1d,app_open,2026-06-13T01:47:38Z
e_000009db,u_00000e3d,app_open,2026-06-13T01:49:16Z
e_000009c8,u_00000e1f,app_open,2026-06-13T02:22:50Z
e_0000091c,u_00000d5f,app_open,2026-06-13T03:38:37Z
e_0000091a,u_00000d5f,app_open,2026-06-13T03:44:46Z
e_000009d0,u_00000e27,app_open,2026-06-13T04:48:51Z
e_000009b1,u_00000e10,app_open,2026-06-13T05:01:13Z
e_000009c2,u_00000e1c,app_open,2026-06-13T05:19:58Z
e_00000862,u_00000cb6,app_open,2026-06-13T05:28:40Z
e_000009dd,u_00000e41,app_open,2026-06-13T05:34:20Z
e_000009bc,u_00000e19,app_open,2026-06-13T05:35:16Z
e_00000822,u_00000c76,app_open,2026-06-13T05:49:21Z
e_00000867,u_00000cb7,app_open,2026-06-13T06:00:05Z
e_000009d4,u_00000e2f,app_open,2026-06-13T06:37:29Z
e_000009d7,u_00000e32,app_open,2026-06-13T06:59:00Z
e_000008d8,u_00000d18,app_open,2026-06-13T07:15:52Z
e_000009da,u_00000e3a,app_open,2026-06-13T07:27:57Z
e_00000863,u_00000cb6,app_open,2026-06-13T08:10:25Z
e_0000086b,u_00000cb9,app_open,2026-06-13T08:47:24Z
e_000009d2,u_00000e2a,app_open,2026-06-13T08:56:34Z
e_0000090a,u_00000d4b,app_open,2026-06-13T09:51:19Z
e_000008f7,u_00000d32,app_open,2026-06-13T10:12:55Z
e_000009bb,u_00000e18,app_open,2026-06-13T10:34:28Z
e_00000869,u_00000cb7,app_open,2026-06-13T10:39:38Z
e_000008f6,u_00000d32,app_open,2026-06-13T11:11:24Z
e_00000926,u_00000d6c,app_open,2026-06-13T11:16:11Z
e_0000096c,u_00000dbe,app_open,2026-06-13T11:17:35Z
e_0000078d,u_00000bd6,app_open,2026-06-13T11:34:04Z
e_000009de,u_00000e43,app_open,2026-06-13T11:36:00Z
e_0000091b,u_00000d5f,app_open,2026-06-13T12:09:39Z
e_0000095d,u_00000da8,app_open,2026-06-13T13:21:12Z
e_00000898,u_00000ce5,app_open,2026-06-13T14:07:03Z
e_000009c1,u_00000e1a,app_open,2026-06-13T14:18:25Z
e_000009d5,u_00000e31,app_open,2026-06-13T14:19:53Z
e_00000913,u_00000d58,app_open,2026-06-13T14:39:32Z
e_000008b6,u_00000cfa,app_open,2026-06-13T15:23:41Z
e_000009c9,u_00000e20,app_open,2026-06-13T15:51:00Z
e_000008af,u_00000cf0,app_open,2026-06-13T16:02:12Z
e_000009b8,u_00000e15,app_open,2026-06-13T16:46:40Z
e_000009b0,u_00000e0d,app_open,2026-06-13T16:56:02Z
e_000009dc,u_00000e40,app_open,2026-06-13T16:57:07Z
e_000009d8,u_00000e34,app_open,2026-06-13T17:06:02Z
e_000009cd,u_00000e21,app_open,2026-06-13T17:49:22Z
e_000009b6,u_00000e13,app_open,2026-06-13T18:23:44Z
e_00000793,u_00000bdd,app_open,2026-06-13T19:03:04Z
e_000007bd,u_00000c0c,app_open,2026-06-13T19:57:53Z
e_000009b5,u_00000e12,app_open,2026-06-13T20:09:33Z
e_000008c5,u_00000d05,app_open,2026-06-13T20:16:46Z
e_000009d3,u_00000e2d,app_open,2026-06-13T21:22:12Z
e_000008e8,u_00000d25,app_open,2026-06-13T21:43:23Z
e_0000088f,u_00000cdc,app_open,2026-06-13T21:51:04Z
e_000009ce,u_00000e23,app_open,2026-06-13T22:04:29Z
e_0000093f,u_00000d8d,app_open,2026-06-13T22:06:06Z
e_000009e3,u_00000e45,app_open,2026-06-13T22:26:57Z
e_0000095b,u_00000da8,app_open,2026-06-13T22:44:02Z
e_000009cf,u_00000e26,app_open,2026-06-13T23:47:56Z
e_00000985,u_00000dde,app_open,2026-06-14T00:36:42Z
e_00000a04,u_00000e62,app_open,2026-06-14T00:46:42Z
e_000008ce,u_00000d0f,app_open,2026-06-14T03:05:48Z
e_0000097f,u_00000dd9,app_open,2026-06-14T03:08:21Z
e_00000772,u_00000bb4,app_open,2026-06-14T03:29:13Z
e_00000874,u_00000cbf,app_open,2026-06-14T04:22:11Z
e_00000a07,u_00000e65,app_open,2026-06-14T04:40:53Z
e_000009ef,u_00000e4d,app_open,2026-06-14T05:27:05Z
e_00000a0e,u_00000e6d,app_open,2026-06-14T05:28:43Z
e_00000864,u_00000cb6,app_open,2026-06-14T07:52:52Z
e_00000951,u_00000d9f,app_open,2026-06-14T08:23:46Z
e_000009fb,u_00000e56,app_open,2026-06-14T08:32:32Z
e_000009e8,u_00000e49,app_open,2026-06-14T08:50:05Z
e_00000a0d,u_00000e6b,app_open,2026-06-14T09:57:36Z
e_00000a15,u_00000e72,app_open,2026-06-14T10:05:42Z
e_000008a9,u_00000cec,app_open,2026-06-14T10:16:46Z
e_000009fd,u_00000e59,app_open,2026-06-14T10:53:06Z
e_000009e4,u_00000e47,app_open,2026-06-14T11:48:55Z
e_000009f1,u_00000e51,app_open,2026-06-14T12:17:45Z
e_00000a06,u_00000e64,app_open,2026-06-14T12:47:58Z
e_00000988,u_00000dde,app_open,2026-06-14T13:31:24Z
e_00000a16,u_00000e73,app_open,2026-06-14T13:34:02Z
e_00000978,u_00000dd1,app_open,2026-06-14T13:37:14Z
e_00000a13,u_00000e6f,app_open,2026-06-14T13:43:52Z
e_00000a14,u_00000e70,app_open,2026-06-14T13:45:52Z
e_000009f7,u_00000e55,app_open,2026-06-14T14:28:17Z
e_000008e3,u_00000d22,app_open,2026-06-14T14:34:54Z
e_000009f6,u_00000e54,app_open,2026-06-14T14:37:01Z
e_000009e7,u_00000e48,app_open,2026-06-14T14:55:48Z
e_00000a01,u_00000e5d,app_open,2026-06-14T14:59:31Z
e_000009ed,u_00000e4c,app_open,2026-06-14T15:19:37Z
e_00000a0b,u_00000e68,app_open,2026-06-14T15:25:58Z
e_000008b8,u_00000cfa,app_open,2026-06-14T15:33:16Z
e_000009fc,u_00000e58,app_open,2026-06-14T15:35:03Z
e_000008e9,u_00000d25,app_open,2026-06-14T16:02:38Z
e_00000a0a,u_00000e66,app_open,2026-06-14T16:14:24Z
e_000008c4,u_00000d05,app_open,2026-06-14T16:55:37Z
e_000008f2,u_00000d2f,app_open,2026-06-14T17:19:15Z
e_000009b9,u_00000e15,app_open,2026-06-14T17:57:53Z
e_000007a7,u_00000bf7,app_open,2026-06-14T18:01:35Z
e_000008bf,u_00000d01,app_open,2026-06-14T18:27:06Z
e_00000a00,u_00000e5b,app_open,2026-06-14T20:02:26Z
e_00000a02,u_00000e60,app_open,2026-06-14T23:52:12Z
e_000008a2,u_00000ce8,app_open,2026-06-14T23:59:54Z
e_000009f0,u_00000e50,app_open,2026-06-15T00:54:42Z
e_00000a22,u_00000e86,app_open,2026-06-15T01:01:26Z
e_00000a3b,u_00000e9e,app_open,2026-06-15T01:38:02Z
e_00000a40,u_00000ea1,app_open,2026-06-15T02:03:04Z
e_000009a7,u_00000e07,app_open,2026-06-15T02:05:21Z
e_00000981,u_00000dd9,app_open,2026-06-15T02:34:14Z
e_000009ba,u_00000e15,app_open,2026-06-15T03:26:01Z
e_000009e0,u_00000e43,app_open,2026-06-15T04:49:05Z
e_00000a39,u_00000e98,app_open,2026-06-15T05:07:26Z
e_00000a21,u_00000e84,app_open,2026-06-15T05:34:25Z
e_00000a3a,u_00000e9b,app_open,2026-06-15T05:46:07Z
e_00000912,u_00000d58,app_open,2026-06-15T06:36:55Z
e_000008a8,u_00000cec,app_open,2026-06-15T07:05:06Z
e_000008dd,u_00000d1d,app_open,2026-06-15T07:15:44Z
e_00000a20,u_00000e82,app_open,2026-06-15T08:32:57Z
e_00000a1a,u_00000e7a,app_open,2026-06-15T08:48:22Z
e_00000a45,u_00000ea3,app_open,2026-06-15T09:21:21Z
e_000008e6,u_00000d25,app_open,2026-06-15T09:42:40Z
e_000007a2,u_00000bf0,app_open,2026-06-15T09:42:50Z
e_00000a4f,u_00000ea8,app_open,2026-06-15T09:44:31Z
e_00000a2e,u_00000e93,app_open,2026-06-15T10:07:54Z
e_00000a26,u_00000e89,app_open,2026-06-15T10:25:04Z
e_00000921,u_00000d64,app_open,2026-06-15T10:26:27Z
e_00000997,u_00000df7,app_open,2026-06-15T10:30:53Z
e_00000a08,u_00000e65,app_open,2026-06-15T11:07:19Z
e_00000a3d,u_00000e9f,app_open,2026-06-15T11:15:28Z
e_00000a11,u_00000e6d,app_open,2026-06-15T11:19:16Z
e_00000a1e,u_00000e7e,app_open,2026-06-15T11:27:59Z
e_00000944,u_00000d91,app_open,2026-06-15T12:03:19Z
e_000008a7,u_00000cec,app_open,2026-06-15T12:03:48Z
e_000008f5,u_00000d32,app_open,2026-06-15T12:09:15Z
e_00000a47,u_00000ea5,app_open,2026-06-15T12:40:30Z
e_00000801,u_00000c54,app_open,2026-06-15T13:10:55Z
e_00000a2c,u_00000e8d,app_open,2026-06-15T13:43:38Z
e_00000a18,u_00000e77,app_open,2026-06-15T13:44:45Z
e_00000a2d,u_00000e90,app_open,2026-06-15T14:47:26Z
e_000008ec,u_00000d28,app_open,2026-06-15T15:33:59Z
e_00000a51,u_00000eab,app_open,2026-06-15T15:37:18Z
e_00000a3f,u_00000ea0,app_open,2026-06-15T16:08:21Z
e_00000a1b,u_00000e7b,app_open,2026-06-15T17:17:56Z
e_00000986,u_00000dde,app_open,2026-06-15T17:18:27Z
e_00000a56,u_00000eac,app_open,2026-06-15T17:30:07Z
e_00000a34,u_00000e95,app_open,2026-06-15T17:38:45Z
e_000009bf,u_00000e19,app_open,2026-06-15T19:23:16Z
e_00000a23,u_00000e87,app_open,2026-06-15T19:30:48Z
e_00000a38,u_00000e97,app_open,2026-06-15T19:36:32Z
e_000009cc,u_00000e20,app_open,2026-06-15T20:02:19Z
e_00000a46,u_00000ea4,app_open,2026-06-15T20:16:54Z
e_00000a17,u_00000e76,app_open,2026-06-15T20:23:08Z
e_00000a1f,u_00000e7f,app_open,2026-06-15T20:57:12Z
e_00000a2b,u_00000e8b,app_open,2026-06-15T21:33:42Z
e_00000a4a,u_00000ea7,app_open,2026-06-15T22:23:15Z
e_00000980,u_00000dd9,app_open,2026-06-15T22:38:23Z
e_00000a25,u_00000e88,app_open,2026-06-15T23:01:33Z
e_000008e0,u_00000d1d,app_open,2026-06-15T23:04:22Z
e_00000a19,u_00000e78,app_open,2026-06-15T23:30:27Z
e_000009be,u_00000e19,app_open,2026-06-15T23:44:46Z
e_0000095c,u_00000da8,app_open,2026-06-16T00:46:00Z
e_00000a78,u_00000ed0,app_open,2026-06-16T01:39:41Z
e_00000a93,u_00000ef0,app_open,2026-06-16T02:13:06Z
e_0000096b,u_00000dbe,app_open,2026-06-16T02:25:48Z
e_00000908,u_00000d4b,app_open,2026-06-16T02:27:55Z
e_000009ca,u_00000e20,app_open,2026-06-16T02:46:56Z
e_00000a8d,u_00000eed,app_open,2026-06-16T03:22:38Z
e_00000a6a,u_00000ec4,app_open,2026-06-16T04:32:43Z
e_00000a77,u_00000ecf,app_open,2026-06-16T04:34:13Z
e_00000a69,u_00000ec3,app_open,2026-06-16T04:59:46Z
e_000007e2,u_00000c31,app_open,2026-06-16T05:44:51Z
e_00000a71,u_00000ecb,app_open,2026-06-16T05:46:19Z
e_00000a89,u_00000ee6,app_open,2026-06-16T05:56:09Z
e_00000a79,u_00000ed2,app_open,2026-06-16T05:57:24Z
e_00000a9a,u_00000ef3,app_open,2026-06-16T06:20:14Z
e_00000a80,u_00000edc,app_open,2026-06-16T06:29:01Z
e_000009b3,u_00000e10,app_open,2026-06-16T07:32:08Z
e_000007ce,u_00000c20,app_open,2026-06-16T08:01:41Z
e_00000a84,u_00000ee0,app_open,2026-06-16T08:42:44Z
e_00000934,u_00000d80,app_open,2026-06-16T08:49:43Z
e_00000a81,u_00000edd,app_open,2026-06-16T09:00:21Z
e_00000a6b,u_00000ec7,app_open,2026-06-16T09:00:49Z
e_000009aa,u_00000e08,app_open,2026-06-16T10:00:58Z
e_000009b7,u_00000e13,app_open,2026-06-16T10:37:15Z
e_00000a7c,u_00000ed6,app_open,2026-06-16T10:39:43Z
e_00000a61,u_00000ebc,app_open,2026-06-16T11:44:36Z
e_000008f8,u_00000d32,app_open,2026-06-16T12:05:09Z
e_00000a8e,u_00000eef,app_open,2026-06-16T12:22:07Z
e_00000a7e,u_00000ed7,app_open,2026-06-16T12:36:33Z
e_00000a60,u_00000eb9,app_open,2026-06-16T12:44:41Z
e_00000953,u_00000d9f,app_open,2026-06-16T12:56:08Z
e_000008a3,u_00000ce8,app_open,2026-06-16T13:30:24Z
e_00000a8b,u_00000ee9,app_open,2026-06-16T13:32:28Z
e_00000a62,u_00000ebf,app_open,2026-06-16T13:33:32Z
e_00000a5f,u_00000eb6,app_open,2026-06-16T13:49:54Z
e_000009ff,u_00000e59,app_open,2026-06-16T14:03:43Z
e_00000941,u_00000d8d,app_open,2026-06-16T14:07:49Z
e_00000a66,u_00000ec0,app_open,2026-06-16T16:03:30Z
e_00000a85,u_00000ee3,app_open,2026-06-16T16:22:44Z
e_00000a99,u_00000ef1,app_open,2026-06-16T17:27:21Z
e_00000a82,u_00000edf,app_open,2026-06-16T17:33:10Z
e_00000a9b,u_00000ef5,app_open,2026-06-16T18:01:36Z
e_00000a5c,u_00000eb0,app_open,2026-06-16T18:11:36Z
e_00000812,u_00000c5f,app_open,2026-06-16T18:25:57Z
e_00000996,u_00000df7,app_open,2026-06-16T18:45:50Z
e_00000a6f,u_00000ec8,app_open,2026-06-16T18:56:56Z
e_000009e5,u_00000e47,app_open,2026-06-16T19:24:47Z
e_0000077a,u_00000bbe,app_open,2026-06-16T19:27:52Z
e_00000a70,u_00000eca,app_open,2026-06-16T19:34:30Z
e_000009f4,u_00000e51,app_open,2026-06-16T19:36:11Z
e_000009fe,u_00000e59,app_open,2026-06-16T20:15:34Z
e_00000a5a,u_00000eac,app_open,2026-06-16T20:56:13Z
e_0000097c,u_00000dd7,app_open,2026-06-16T21:07:06Z
e_00000a8c,u_00000eec,app_open,2026-06-16T21:28:53Z
e_00000982,u_00000dd9,app_open,2026-06-16T22:20:11Z
e_00000a5d,u_00000eb3,app_open,2026-06-16T22:28:03Z
e_00000a5b,u_00000ead,app_open,2026-06-16T22:40:22Z
e_00000a7f,u_00000ed9,app_open,2026-06-16T23:42:16Z
e_00000952,u_00000d9f,app_open,2026-06-17T00:06:43Z
e_000009f9,u_00000e55,app_open,2026-06-17T00:08:44Z
e_00000a74,u_00000ecc,app_open,2026-06-17T00:21:22Z
e_00000ab0,u_00000f04,app_open,2026-06-17T00:33:40Z
e_00000a7b,u_00000ed4,app_open,2026-06-17T00:50:13Z
e_00000a50,u_00000ea8,app_open,2026-06-17T00:58:58Z
e_00000998,u_00000df7,app_open,2026-06-17T01:32:14Z
e_00000ac6,u_00000f24,app_open,2026-06-17T03:11:36Z
e_00000ac2,u_00000f1c,app_open,2026-06-17T04:00:56Z
e_00000aba,u_00000f12,app_open,2026-06-17T04:09:09Z
e_000009d1,u_00000e27,app_open,2026-06-17T04:18:25Z
e_00000ab8,u_00000f0e,app_open,2026-06-17T04:44:16Z
e_00000963,u_00000db3,app_open,2026-06-17T04:53:45Z
e_00000964,u_00000db3,app_open,2026-06-17T05:11:13Z
e_000009c4,u_00000e1c,app_open,2026-06-17T05:26:14Z
e_00000ac4,u_00000f1f,app_open,2026-06-17T05:33:30Z
e_000009a5,u_00000e07,app_open,2026-06-17T05:58:52Z
e_000009a6,u_00000e07,app_open,2026-06-17T06:22:12Z
e_00000aa6,u_00000eff,app_open,2026-06-17T06:29:42Z
e_00000a55,u_00000eab,app_open,2026-06-17T06:35:37Z
e_00000aa7,u_00000f01,app_open,2026-06-17T07:00:21Z
e_00000ac7,u_00000f25,app_open,2026-06-17T07:13:46Z
e_00000a9e,u_00000efa,app_open,2026-06-17T07:22:34Z
e_00000a9c,u_00000ef7,app_open,2026-06-17T08:13:38Z
e_000007f6,u_00000c49,app_open,2026-06-17T08:24:17Z
e_00000aab,u_00000f02,app_open,2026-06-17T09:30:01Z
e_0000097d,u_00000dd7,app_open,2026-06-17T10:09:58Z
e_00000948,u_00000d96,app_open,2026-06-17T10:21:10Z
e_00000ac9,u_00000f28,app_open,2026-06-17T10:41:32Z
e_00000ac5,u_00000f21,app_open,2026-06-17T10:45:40Z
e_00000a36,u_00000e95,app_open,2026-06-17T10:48:19Z
e_000009ac,u_00000e08,app_open,2026-06-17T11:40:34Z
e_00000ab5,u_00000f0b,app_open,2026-06-17T12:43:56Z
e_0000096d,u_00000dbe,app_open,2026-06-17T12:59:55Z
e_000009ab,u_00000e08,app_open,2026-06-17T13:11:20Z
e_000009b4,u_00000e10,app_open,2026-06-17T14:19:37Z
e_00000ab7,u_00000f0c,app_open,2026-06-17T14:36:36Z
e_00000ac8,u_00000f27,app_open,2026-06-17T15:39:44Z
e_00000a31,u_00000e93,app_open,2026-06-17T15:49:07Z
e_00000a91,u_00000eef,app_open,2026-06-17T16:00:33Z
e_00000ab3,u_00000f09,app_open,2026-06-17T17:23:21Z
e_00000a0f,u_00000e6d,app_open,2026-06-17T18:55:50Z
e_00000967,u_00000db8,app_open,2026-06-17T19:04:04Z
e_00000aa3,u_00000efd,app_open,2026-06-17T19:18:07Z
e_00000abf,u_00000f1a,app_open,2026-06-17T20:25:26Z
e_00000abc,u_00000f16,app_open,2026-06-17T20:47:01Z
e_000009b2,u_00000e10,app_open,2026-06-17T20:47:08Z
e_00000ab9,u_00000f0f,app_open,2026-06-17T20:57:45Z
e_00000a2a,u_00000e89,app_open,2026-06-17T21:34:03Z
e_000009fa,u_00000e55,app_open,2026-06-17T21:47:57Z
e_00000abd,u_00000f17,app_open,2026-06-17T21:53:52Z
e_00000987,u_00000dde,app_open,2026-06-17T22:17:15Z
e_00000abb,u_00000f13,app_open,2026-06-17T22:20:36Z
e_00000aac,u_00000f03,app_open,2026-06-17T22:58:41Z
e_00000ab2,u_00000f07,app_open,2026-06-17T23:32:49Z
e_000009c6,u_00000e1c,app_open,2026-06-17T23:43:34Z
e_00000ac3,u_00000f1d,app_open,2026-06-18T00:07:01Z
e_000009df,u_00000e43,app_open,2026-06-18T00:12:16Z
e_000009cb,u_00000e20,app_open,2026-06-18T00:42:28Z
e_00000afd,u_00000f62,app_open,2026-06-18T00:43:27Z
e_00000a4e,u_00000ea7,app_open,2026-06-18T01:09:58Z
e_00000ad9,u_00000f37,app_open,2026-06-18T01:48:15Z
e_00000ae7,u_00000f49,app_open,2026-06-18T02:09:21Z
e_00000ada,u_00000f3a,app_open,2026-06-18T02:25:47Z
e_00000aca,u_00000f2a,app_open,2026-06-18T03:02:50Z
e_000009eb,u_00000e49,app_open,2026-06-18T03:15:13Z
e_00000b00,u_00000f66,app_open,2026-06-18T03:44:02Z
e_00000ae2,u_00000f44,app_open,2026-06-18T03:48:09Z
e_00000adb,u_00000f3d,app_open,2026-06-18T03:55:43Z
e_00000ae9,u_00000f4b,app_open,2026-06-18T03:58:33Z
e_00000afe,u_00000f64,app_open,2026-06-18T03:58:51Z
e_00000814,u_00000c60,app_open,2026-06-18T04:10:37Z
e_00000a67,u_00000ec0,app_open,2026-06-18T04:16:27Z
e_00000a96,u_00000ef0,app_open,2026-06-18T04:37:55Z
e_00000ad3,u_00000f33,app_open,2026-06-18T05:05:46Z
e_00000af4,u_00000f5c,app_open,2026-06-18T05:52:45Z
e_00000ad2,u_00000f32,app_open,2026-06-18T05:53:07Z
e_000009c0,u_00000e19,app_open,2026-06-18T06:19:38Z
e_00000ad4,u_00000f36,app_open,2026-06-18T07:12:19Z
e_00000aeb,u_00000f51,app_open,2026-06-18T07:35:52Z
e_00000ab1,u_00000f04,app_open,2026-06-18T07:37:37Z
e_00000adf,u_00000f3e,app_open,2026-06-18T08:11:59Z
e_00000ae6,u_00000f48,app_open,2026-06-18T08:33:38Z
e_00000af1,u_00000f56,app_open,2026-06-18T08:46:22Z
e_000007f8,u_00000c4a,app_open,2026-06-18T09:48:36Z
e_00000af3,u_00000f5a,app_open,2026-06-18T09:59:12Z
e_00000a87,u_00000ee3,app_open,2026-06-18T10:09:55Z
e_00000a0c,u_00000e68,app_open,2026-06-18T10:26:11Z
e_00000aea,u_00000f4e,app_open,2026-06-18T10:32:30Z
e_00000ae1,u_00000f42,app_open,2026-06-18T10:43:56Z
e_00000972,u_00000dc6,app_open,2026-06-18T10:58:19Z
e_000009e1,u_00000e43,app_open,2026-06-18T11:23:26Z
e_00000afc,u_00000f60,app_open,2026-06-18T11:31:54Z
e_00000ae0,u_00000f40,app_open,2026-06-18T12:13:41Z
e_00000a7a,u_00000ed2,app_open,2026-06-18T12:37:29Z
e_00000af8,u_00000f5f,app_open,2026-06-18T13:04:18Z
e_000009a4,u_00000e07,app_open,2026-06-18T13:05:35Z
e_00000aff,u_00000f65,app_open,2026-06-18T13:18:20Z
e_000009f5,u_00000e51,app_open,2026-06-18T14:20:37Z
e_00000af0,u_00000f54,app_open,2026-06-18T14:37:35Z
e_00000b06,u_00000f6a,app_open,2026-06-18T14:40:03Z
e_00000b07,u_00000f6d,app_open,2026-06-18T15:28:09Z
e_00000a12,u_00000e6d,app_open,2026-06-18T15:30:41Z
e_00000ace,u_00000f30,app_open,2026-06-18T17:00:09Z
e_000007bf,u_00000c0e,app_open,2026-06-18T18:05:41Z
e_00000b01,u_00000f68,app_open,2026-06-18T18:38:35Z
e_00000a59,u_00000eac,app_open,2026-06-18T18:58:34Z
e_00000a48,u_00000ea5,app_open,2026-06-18T19:02:19Z
e_00000a86,u_00000ee3,app_open,2026-06-18T19:07:31Z
e_00000af2,u_00000f57,app_open,2026-06-18T20:11:31Z
e_00000aef,u_00000f52,app_open,2026-06-18T20:55:33Z
e_00000a10,u_00000e6d,app_open,2026-06-18T21:05:35Z
e_00000acb,u_00000f2d,app_open,2026-06-18T21:16:24Z
e_00000a35,u_00000e95,app_open,2026-06-18T21:17:12Z
e_00000aa2,u_00000efa,app_open,2026-06-18T21:49:39Z
e_0000099b,u_00000dfa,app_open,2026-06-18T22:13:06Z
e_00000ae5,u_00000f45,app_open,2026-06-18T22:22:11Z
e_000009e2,u_00000e43,app_open,2026-06-18T23:37:14Z
e_000007b4,u_00000c02,app_open,2026-06-19T01:09:34Z
e_00000b36,u_00000fb9,app_open,2026-06-19T01:43:45Z
e_00000b23,u_00000f93,app_open,2026-06-19T02:11:56Z
e_00000b12,u_00000f7b,app_open,2026-06-19T02:29:27Z
e_00000b22,u_00000f92,app_open,2026-06-19T02:47:32Z
e_00000880,u_00000ccd,app_open,2026-06-19T04:04:46Z
e_00000b0e,u_00000f78,app_open,2026-06-19T04:08:28Z
e_00000b14,u_00000f80,app_open,2026-06-19T04:22:03Z
e_00000b0c,u_00000f76,app_open,2026-06-19T05:04:34Z
e_00000b18,u_00000f85,app_open,2026-06-19T05:50:14Z
e_000008fc,u_00000d38,app_open,2026-06-19T06:17:38Z
e_0000086f,u_00000cb9,app_open,2026-06-19T06:46:07Z
e_00000b28,u_00000f9f,app_open,2026-06-19T07:11:57Z
e_00000b11,u_00000f7a,app_open,2026-06-19T07:37:24Z
e_00000b1a,u_00000f87,app_open,2026-06-19T08:32:36Z
e_00000abe,u_00000f17,app_open,2026-06-19T08:49:56Z
e_00000b33,u_00000fb3,app_open,2026-06-19T09:03:31Z
e_00000b1e,u_00000f8e,app_open,2026-06-19T09:20:17Z
e_000009c5,u_00000e1c,app_open,2026-06-19T09:21:05Z
e_00000b35,u_00000fb7,app_open,2026-06-19T10:04:21Z
e_000009c3,u_00000e1c,app_open,2026-06-19T10:22:06Z
e_00000b2c,u_00000fa6,app_open,2026-06-19T10:28:30Z
e_00000b30,u_00000fad,app_open,2026-06-19T10:30:53Z
e_00000b1c,u_00000f8b,app_open,2026-06-19T10:39:44Z
e_00000a4d,u_00000ea7,app_open,2026-06-19T11:06:15Z
e_00000b13,u_00000f7e,app_open,2026-06-19T11:25:04Z
e_00000b34,u_00000fb4,app_open,2026-06-19T11:39:47Z
e_000008d5,u_00000d17,app_open,2026-06-19T12:01:45Z
e_00000b26,u_00000f9b,app_open,2026-06-19T13:22:13Z
e_00000b09,u_00000f73,app_open,2026-06-19T13:35:09Z
e_00000b2b,u_00000fa4,app_open,2026-06-19T13:39:24Z
e_00000a4c,u_00000ea7,app_open,2026-06-19T14:07:45Z
e_00000b24,u_00000f95,app_open,2026-06-19T15:36:03Z
e_00000ac1,u_00000f1a,app_open,2026-06-19T16:04:22Z
e_00000b2e,u_00000fac,app_open,2026-06-19T16:13:59Z
e_000009f2,u_00000e51,app_open,2026-06-19T16:18:30Z
e_00000b20,u_00000f91,app_open,2026-06-19T16:29:29Z
e_00000b25,u_00000f98,app_open,2026-06-19T16:35:36Z
e_00000b27,u_00000f9d,app_open,2026-06-19T16:37:25Z
e_000009bd,u_00000e19,app_open,2026-06-19T17:15:14Z
e_00000b0a,u_00000f74,app_open,2026-06-19T17:26:09Z
e_00000acf,u_00000f30,app_open,2026-06-19T17:47:49Z
e_00000a88,u_00000ee3,app_open,2026-06-19T18:30:38Z
e_000009ea,u_00000e49,app_open,2026-06-19T18:36:17Z
e_00000b0d,u_00000f77,app_open,2026-06-19T18:58:52Z
e_00000a41,u_00000ea1,app_open,2026-06-19T19:55:09Z
e_00000b1b,u_00000f8a,app_open,2026-06-19T20:11:04Z
e_00000b31,u_00000fb0,app_open,2026-06-19T20:37:21Z
e_00000a27,u_00000e89,app_open,2026-06-19T20:38:45Z
e_00000acd,u_00000f2d,app_open,2026-06-19T20:58:22Z
e_000009e6,u_00000e47,app_open,2026-06-19T21:14:06Z
e_00000b29,u_00000fa2,app_open,2026-06-19T22:10:38Z
e_00000b08,u_00000f70,app_open,2026-06-19T22:51:13Z
e_00000b15,u_00000f82,app_open,2026-06-19T23:07:54Z
e_00000b2d,u_00000fa9,app_open,2026-06-19T23:16:12Z
e_00000a52,u_00000eab,app_open,2026-06-19T23:34:27Z
e_00000b56,u_00000fdd,app_open,2026-06-20T00:59:29Z
e_00000b4e,u_00000fd8,app_open,2026-06-20T01:03:19Z
e_00000887,u_00000cd3,app_open,2026-06-20T01:26:22Z
e_00000b66,u_00000fe7,app_open,2026-06-20T02:56:07Z
e_00000a5e,u_00000eb3,app_open,2026-06-20T03:34:19Z
e_00000a2f,u_00000e93,app_open,2026-06-20T04:02:51Z
e_00000a65,u_00000ebf,app_open,2026-06-20T04:36:43Z
e_00000b6d,u_00000fed,app_open,2026-06-20T05:02:31Z
e_00000957,u_00000da5,app_open,2026-06-20T05:38:10Z
e_00000b3a,u_00000fc4,app_open,2026-06-20T06:18:46Z
e_00000b5f,u_00000fe3,app_open,2026-06-20T06:57:02Z
e_00000b6b,u_00000feb,app_open,2026-06-20T07:44:28Z
e_00000b75,u_00000ff1,app_open,2026-06-20T07:55:56Z
e_00000a97,u_00000ef0,app_open,2026-06-20T08:05:06Z
e_00000a3c,u_00000e9e,app_open,2026-06-20T08:12:18Z
e_00000b38,u_00000fbf,app_open,2026-06-20T08:13:20Z
e_00000a37,u_00000e95,app_open,2026-06-20T08:22:53Z
e_000009e9,u_00000e49,app_open,2026-06-20T08:30:54Z
e_00000ad1,u_00000f30,app_open,2026-06-20T08:38:35Z
e_00000aa1,u_00000efa,app_open,2026-06-20T08:48:04Z
e_00000b79,u_00000ff4,app_open,2026-06-20T09:29:44Z
e_00000af7,u_00000f5c,app_open,2026-06-20T09:30:34Z
e_00000b71,u_00000fee,app_open,2026-06-20T10:17:47Z
e_00000b6a,u_00000fea,app_open,2026-06-20T10:27:00Z
e_00000b39,u_00000fc1,app_open,2026-06-20T10:37:40Z
e_00000b50,u_00000fdb,app_open,2026-06-20T10:51:35Z
e_00000a09,u_00000e65,app_open,2026-06-20T10:58:41Z
e_00000b44,u_00000fd0,app_open,2026-06-20T12:03:36Z
e_00000aa5,u_00000efd,app_open,2026-06-20T12:07:01Z
e_00000a44,u_00000ea1,app_open,2026-06-20T12:13:56Z
e_00000857,u_00000ca9,app_open,2026-06-20T12:40:58Z
e_00000b4d,u_00000fd7,app_open,2026-06-20T12:45:28Z
e_00000b04,u_00000f68,app_open,2026-06-20T12:51:15Z
e_00000b45,u_00000fd2,app_open,2026-06-20T13:10:32Z
e_00000a8f,u_00000eef,app_open,2026-06-20T13:38:39Z
e_00000a64,u_00000ebf,app_open,2026-06-20T13:46:19Z
e_00000b4a,u_00000fd6,app_open,2026-06-20T14:14:06Z
e_00000b46,u_00000fd5,app_open,2026-06-20T14:21:39Z
e_00000b51,u_00000fdc,app_open,2026-06-20T14:53:23Z
e_00000b68,u_00000fe9,app_open,2026-06-20T15:02:56Z
e_00000a8a,u_00000ee6,app_open,2026-06-20T15:46:48Z
e_00000a4b,u_00000ea7,app_open,2026-06-20T15:49:43Z
e_00000b5c,u_00000fde,app_open,2026-06-20T16:34:38Z
e_00000b7b,u_00000ff7,app_open,2026-06-20T16:53:29Z
e_00000a6c,u_00000ec7,app_open,2026-06-20T17:12:30Z
e_00000928,u_00000d6e,app_open,2026-06-20T17:12:46Z
e_000009f3,u_00000e51,app_open,2026-06-20T17:33:41Z
e_00000b62,u_00000fe4,app_open,2026-06-20T17:35:26Z
e_00000b37,u_00000fbc,app_open,2026-06-20T17:52:06Z
e_00000b10,u_00000f78,app_open,2026-06-20T18:01:15Z
e_00000a28,u_00000e89,app_open,2026-06-20T18:27:55Z
e_00000a95,u_00000ef0,app_open,2026-06-20T18:49:00Z
e_00000aec,u_00000f51,app_open,2026-06-20T19:32:11Z
e_00000b3d,u_00000fca,app_open,2026-06-20T20:55:17Z
e_00000a43,u_00000ea1,app_open,2026-06-20T21:01:56Z
e_00000b42,u_00000fcf,app_open,2026-06-20T21:30:04Z
e_00000b74,u_00000ff0,app_open,2026-06-20T21:30:16Z
e_00000a72,u_00000ecb,app_open,2026-06-20T21:37:44Z
e_00000a53,u_00000eab,app_open,2026-06-20T21:42:00Z
e_00000a1d,u_00000e7b,app_open,2026-06-20T22:26:28Z
e_00000852,u_00000ca8,app_open,2026-06-20T22:43:17Z
e_000009f8,u_00000e55,app_open,2026-06-20T23:23:26Z
e_00000b3b,u_00000fc7,app_open,2026-06-20T23:31:52Z
e_00000b3e,u_00000fcd,app_open,2026-06-20T23:38:19Z
e_00000b5d,u_00000fe0,app_open,2026-06-20T23:45:47Z
e_00000a54,u_00000eab,app_open,2026-06-20T23:50:06Z
e_00000b4f,u_00000fda,app_open,2026-06-21T00:27:32Z
e_00000936,u_00000d83,app_open,2026-06-21T00:46:44Z
e_000009ee,u_00000e4c,app_open,2026-06-21T00:46:46Z
e_00000ba1,u_00001025,app_open,2026-06-21T01:18:46Z
e_00000b9d,u_0000101f,app_open,2026-06-21T01:36:28Z
e_00000ad5,u_00000f36,app_open,2026-06-21T01:57:26Z
e_00000a32,u_00000e93,app_open,2026-06-21T02:24:51Z
e_00000b59,u_00000fdd,app_open,2026-06-21T02:41:02Z
e_00000a63,u_00000ebf,app_open,2026-06-21T03:15:53Z
e_00000b81,u_00000fff,app_open,2026-06-21T03:44:50Z
e_00000ba5,u_00001027,app_open,2026-06-21T04:02:43Z
e_00000b8f,u_00001008,app_open,2026-06-21T04:22:17Z
e_0000092d,u_00000d78,app_open,2026-06-21T04:31:06Z
e_00000ade,u_00000f3d,app_open,2026-06-21T04:48:40Z
e_0000090d,u_00000d4d,app_open,2026-06-21T05:00:46Z
e_00000ae3,u_00000f44,app_open,2026-06-21T05:49:37Z
e_00000b85,u_00001005,app_open,2026-06-21T06:18:56Z
e_00000a68,u_00000ec0,app_open,2026-06-21T06:33:50Z
e_00000b0b,u_00000f74,app_open,2026-06-21T06:42:55Z
e_00000a49,u_00000ea5,app_open,2026-06-21T07:25:46Z
e_00000ab4,u_00000f09,app_open,2026-06-21T08:42:51Z
e_00000a1c,u_00000e7b,app_open,2026-06-21T09:10:01Z
e_00000acc,u_00000f2d,app_open,2026-06-21T09:27:40Z
e_00000a30,u_00000e93,app_open,2026-06-21T09:53:43Z
e_00000b9b,u_0000101a,app_open,2026-06-21T09:57:08Z
e_00000ba6,u_00001029,app_open,2026-06-21T10:28:31Z
e_00000b9c,u_0000101d,app_open,2026-06-21T10:34:16Z
e_00000aaf,u_00000f03,app_open,2026-06-21T10:41:19Z
e_00000ba0,u_00001023,app_open,2026-06-21T11:33:03Z
e_00000b98,u_00001016,app_open,2026-06-21T11:48:49Z
e_00000b94,u_00001010,app_open,2026-06-21T13:04:52Z
e_00000a42,u_00000ea1,app_open,2026-06-21T14:01:56Z
e_000009a8,u_00000e07,app_open,2026-06-21T14:08:26Z
e_00000b91,u_0000100b,app_open,2026-06-21T14:22:42Z
e_00000b92,u_0000100c,app_open,2026-06-21T14:59:44Z
e_00000b97,u_00001014,app_open,2026-06-21T15:01:17Z
e_00000a29,u_00000e89,app_open,2026-06-21T15:52:35Z
e_00000a9f,u_00000efa,app_open,2026-06-21T16:03:10Z
e_00000b96,u_00001013,app_open,2026-06-21T16:24:54Z
e_00000b8b,u_00001007,app_open,2026-06-21T16:26:47Z
e_00000b7e,u_00000ffb,app_open,2026-06-21T16:43:45Z
e_00000b9f,u_00001022,app_open,2026-06-21T16:51:12Z
e_00000afb,u_00000f5f,app_open,2026-06-21T18:15:52Z
e_00000b7f,u_00000ffc,app_open,2026-06-21T18:17:54Z
e_00000b7c,u_00000ff8,app_open,2026-06-21T18:27:22Z
e_00000a94,u_00000ef0,app_open,2026-06-21T18:47:29Z
e_00000b65,u_00000fe4,app_open,2026-06-21T19:02:06Z
e_00000b19,u_00000f85,app_open,2026-06-21T19:27:07Z
e_00000b76,u_00000ff1,app_open,2026-06-21T19:30:48Z
e_00000b84,u_00001002,app_open,2026-06-21T19:55:14Z
e_00000aed,u_00000f51,app_open,2026-06-21T20:11:19Z
e_00000b99,u_00001018,app_open,2026-06-21T20:39:28Z
e_00000b80,u_00000ffd,app_open,2026-06-21T20:57:19Z
e_00000b93,u_0000100e,app_open,2026-06-21T21:56:50Z
e_000009d6,u_00000e31,app_open,2026-06-21T23:06:06Z
e_000008f0,u_00000d2d,app_open,2026-06-21T23:44:00Z
e_00000aa4,u_00000efd,app_open,2026-06-22T00:30:12Z
e_00000bc7,u_00001047,app_open,2026-06-22T00:44:34Z
e_00000bb2,u_00001035,app_open,2026-06-22T00:51:33Z
e_00000bdc,u_0000105b,app_open,2026-06-22T00:59:53Z
e_00000a6d,u_00000ec7,app_open,2026-06-22T01:12:38Z
e_00000bcd,u_0000104c,app_open,2026-06-22T01:42:58Z
e_00000bc2,u_0000103f,app_open,2026-06-22T02:18:15Z
e_00000bce,u_0000104e,app_open,2026-06-22T02:44:15Z
e_00000be4,u_00001063,app_open,2026-06-22T02:45:44Z
e_00000bd1,u_00001054,app_open,2026-06-22T03:07:23Z
e_00000b4b,u_00000fd6,app_open,2026-06-22T04:11:55Z
e_00000baf,u_00001030,app_open,2026-06-22T04:33:38Z
e_00000ac0,u_00000f1a,app_open,2026-06-22T04:52:10Z
e_00000bcf,u_00001051,app_open,2026-06-22T06:34:41Z
e_00000add,u_00000f3d,app_open,2026-06-22T06:38:20Z
e_00000b48,u_00000fd5,app_open,2026-06-22T06:45:25Z
e_00000a58,u_00000eac,app_open,2026-06-22T07:35:57Z
e_00000a83,u_00000edf,app_open,2026-06-22T07:59:28Z
e_00000b02,u_00000f68,app_open,2026-06-22T08:23:40Z
e_00000bcb,u_00001049,app_open,2026-06-22T08:42:55Z
e_00000be3,u_00001062,app_open,2026-06-22T09:43:23Z
e_00000b78,u_00000ff1,app_open,2026-06-22T09:50:42Z
e_00000a57,u_00000eac,app_open,2026-06-22T09:57:44Z
e_00000bea,u_00001067,app_open,2026-06-22T10:25:26Z
e_00000bd2,u_00001057,app_open,2026-06-22T10:31:43Z
e_00000ba8,u_0000102b,app_open,2026-06-22T10:33:02Z
e_00000bb1,u_00001032,app_open,2026-06-22T11:17:18Z
e_00000be5,u_00001065,app_open,2026-06-22T11:27:41Z
e_00000aad,u_00000f03,app_open,2026-06-22T11:47:52Z
e_00000bbe,u_0000103b,app_open,2026-06-22T12:48:55Z
e_00000bde,u_0000105d,app_open,2026-06-22T12:50:35Z
e_00000bb8,u_00001038,app_open,2026-06-22T14:39:26Z
e_00000bb6,u_00001036,app_open,2026-06-22T15:40:35Z
e_0000093a,u_00000d8a,app_open,2026-06-22T15:50:33Z
e_00000bdd,u_0000105c,app_open,2026-06-22T16:25:59Z
e_00000aae,u_00000f03,app_open,2026-06-22T17:03:11Z
e_00000bcc,u_0000104a,app_open,2026-06-22T18:40:44Z
e_00000bc6,u_00001045,app_open,2026-06-22T19:39:03Z
e_00000aa8,u_00000f01,app_open,2026-06-22T19:44:44Z
e_00000ba7,u_00001029,app_open,2026-06-22T20:18:08Z
e_00000a90,u_00000eef,app_open,2026-06-22T20:58:33Z
e_00000bc4,u_00001042,app_open,2026-06-22T21:03:03Z
e_00000be2,u_0000105f,app_open,2026-06-22T21:03:26Z
e_00000a73,u_00000ecb,app_open,2026-06-22T21:14:51Z
e_0000091d,u_00000d5f,app_open,2026-06-22T21:28:55Z
e_00000b63,u_00000fe4,app_open,2026-06-22T21:37:45Z
e_00000b21,u_00000f91,app_open,2026-06-22T21:51:02Z
e_00000bad,u_0000102d,app_open,2026-06-22T22:06:42Z
e_00000bd7,u_00001058,app_open,2026-06-22T23:26:43Z
e_00000bbf,u_0000103d,app_open,2026-06-22T23:43:58Z
e_00000b72,u_00000fee,app_open,2026-06-22T23:49:58Z
e_00000bbd,u_00001039,app_open,2026-06-22T23:51:14Z
e_00000bc3,u_00001040,app_open,2026-06-22T23:51:31Z
e_00000aa9,u_00000f01,app_open,2026-06-23T00:00:03Z
e_00000bf5,u_00001079,app_open,2026-06-23T01:01:38Z
e_00000c10,u_00001098,app_open,2026-06-23T01:28:02Z
e_00000a76,u_00000ecc,app_open,2026-06-23T01:32:00Z
e_00000c00,u_00001082,app_open,2026-06-23T01:36:39Z
e_00000bf0,u_00001070,app_open,2026-06-23T02:37:10Z
e_00000b47,u_00000fd5,app_open,2026-06-23T03:09:38Z
e_00000b57,u_00000fdd,app_open,2026-06-23T03:18:08Z
e_00000b49,u_00000fd5,app_open,2026-06-23T03:21:44Z
e_00000c08,u_0000108d,app_open,2026-06-23T03:35:50Z
e_00000ae8,u_00000f49,app_open,2026-06-23T04:10:16Z
e_00000b90,u_00001008,app_open,2026-06-23T04:10:30Z
e_00000c09,u_0000108f,app_open,2026-06-23T04:19:50Z
e_00000af5,u_00000f5c,app_open,2026-06-23T05:17:39Z
e_00000bee,u_0000106e,app_open,2026-06-23T06:25:52Z
e_00000b53,u_00000fdc,app_open,2026-06-23T08:19:02Z
e_00000b3f,u_00000fcd,app_open,2026-06-23T09:34:21Z
e_00000c0e,u_00001095,app_open,2026-06-23T09:52:20Z
e_00000bfd,u_0000107f,app_open,2026-06-23T10:07:02Z
e_00000c02,u_00001085,app_open,2026-06-23T10:50:35Z
e_000008d9,u_00000d18,app_open,2026-06-23T10:59:59Z
e_000008c7,u_00000d08,app_open,2026-06-23T11:15:45Z
e_00000bed,u_0000106c,app_open,2026-06-23T12:38:28Z
e_00000aa0,u_00000efa,app_open,2026-06-23T14:01:28Z
e_00000bfa,u_0000107b,app_open,2026-06-23T14:50:15Z
e_00000b70,u_00000fed,app_open,2026-06-23T14:56:21Z
e_00000c0a,u_00001092,app_open,2026-06-23T14:57:49Z
e_00000c06,u_00001088,app_open,2026-06-23T16:16:53Z
e_00000c07,u_0000108a,app_open,2026-06-23T16:18:36Z
e_00000bf1,u_00001073,app_open,2026-06-23T16:43:04Z
e_00000c03,u_00001086,app_open,2026-06-23T16:58:48Z
e_00000b9e,u_0000101f,app_open,2026-06-23T17:00:55Z
e_00000a05,u_00000e62,app_open,2026-06-23T17:11:46Z
e_00000be8,u_00001065,app_open,2026-06-23T17:15:52Z
e_00000c13,u_0000109c,app_open,2026-06-23T17:55:32Z
e_00000c11,u_00001099,app_open,2026-06-23T18:09:23Z
e_00000b52,u_00000fdc,app_open,2026-06-23T18:57:50Z
e_00000a75,u_00000ecc,app_open,2026-06-23T19:02:58Z
e_00000c12,u_0000109a,app_open,2026-06-23T19:47:12Z
e_00000bf3,u_00001075,app_open,2026-06-23T20:10:54Z
e_00000bfc,u_0000107e,app_open,2026-06-23T20:15:41Z
e_00000c04,u_00001087,app_open,2026-06-23T21:20:18Z
e_00000beb,u_0000106a,app_open,2026-06-23T22:09:40Z
e_00000c01,u_00001084,app_open,2026-06-23T22:59:15Z
e_00000af9,u_00000f5f,app_open,2026-06-23T23:50:46Z
e_00000bff,u_00001081,app_open,2026-06-24T00:05:57Z
e_00000bf4,u_00001076,app_open,2026-06-24T00:13:53Z
e_00000ad8,u_00000f36,app_open,2026-06-24T00:18:24Z
e_00000ad7,u_00000f36,app_open,2026-06-24T01:17:16Z
e_00000bbc,u_00001038,app_open,2026-06-24T01:56:13Z
e_00000c32,u_000010c0,app_open,2026-06-24T02:07:14Z
e_00000b03,u_00000f68,app_open,2026-06-24T02:09:08Z
e_00000bdb,u_00001058,app_open,2026-06-24T02:23:31Z
e_00000c3a,u_000010c7,app_open,2026-06-24T02:51:39Z
e_00000c17,u_000010a1,app_open,2026-06-24T03:38:51Z
e_00000c31,u_000010bf,app_open,2026-06-24T03:54:29Z
e_00000adc,u_00000f3d,app_open,2026-06-24T04:25:29Z
e_00000c39,u_000010c6,app_open,2026-06-24T05:04:04Z
e_00000afa,u_00000f5f,app_open,2026-06-24T05:16:56Z
e_00000c44,u_000010d6,app_open,2026-06-24T05:44:41Z
e_00000b41,u_00000fcd,app_open,2026-06-24T05:50:22Z
e_00000c2b,u_000010b9,app_open,2026-06-24T06:21:29Z
e_00000c1a,u_000010a8,app_open,2026-06-24T06:46:26Z
e_00000b86,u_00001005,app_open,2026-06-24T07:22:10Z
e_00000b16,u_00000f82,app_open,2026-06-24T07:42:39Z
e_00000ae4,u_00000f44,app_open,2026-06-24T07:55:15Z
e_00000bf9,u_00001079,app_open,2026-06-24T08:14:54Z
e_00000c33,u_000010c2,app_open,2026-06-24T09:04:44Z
e_00000c2a,u_000010b6,app_open,2026-06-24T09:09:00Z
e_00000c18,u_000010a4,app_open,2026-06-24T09:22:53Z
e_00000c19,u_000010a7,app_open,2026-06-24T09:35:04Z
e_00000c26,u_000010b1,app_open,2026-06-24T10:27:12Z
e_00000b82,u_00000fff,app_open,2026-06-24T10:36:03Z
e_00000c3b,u_000010ca,app_open,2026-06-24T11:53:33Z
e_00000c25,u_000010b0,app_open,2026-06-24T11:56:50Z
e_00000c30,u_000010bc,app_open,2026-06-24T12:31:24Z
e_00000bf7,u_00001079,app_open,2026-06-24T13:13:18Z
e_00000c1b,u_000010aa,app_open,2026-06-24T13:18:36Z
e_00000ad6,u_00000f36,app_open,2026-06-24T13:25:07Z
e_00000c4f,u_000010e0,app_open,2026-06-24T13:49:34Z
e_00000c40,u_000010cb,app_open,2026-06-24T14:43:38Z
e_00000bc1,u_0000103d,app_open,2026-06-24T14:49:57Z
e_00000c4e,u_000010de,app_open,2026-06-24T14:58:27Z
e_00000af6,u_00000f5c,app_open,2026-06-24T15:14:17Z
e_00000c35,u_000010c3,app_open,2026-06-24T15:23:43Z
e_00000bf8,u_00001079,app_open,2026-06-24T15:32:33Z
e_00000c4a,u_000010db,app_open,2026-06-24T17:08:01Z
e_00000c43,u_000010d4,app_open,2026-06-24T17:30:34Z
e_00000a92,u_00000eef,app_open,2026-06-24T17:41:36Z
e_00000b61,u_00000fe3,app_open,2026-06-24T19:32:15Z
e_00000be6,u_00001065,app_open,2026-06-24T20:02:05Z
e_00000b32,u_00000fb0,app_open,2026-06-24T20:08:10Z
e_00000c50,u_000010e1,app_open,2026-06-24T20:21:15Z
e_00000c20,u_000010ad,app_open,2026-06-24T20:31:57Z
e_00000b0f,u_00000f78,app_open,2026-06-24T20:37:35Z
e_00000c0b,u_00001092,app_open,2026-06-24T21:56:54Z
e_00000bd5,u_00001057,app_open,2026-06-24T22:21:08Z
e_00000c29,u_000010b3,app_open,2026-06-24T22:35:58Z
e_00000c14,u_0000109f,app_open,2026-06-24T23:05:08Z
e_00000c41,u_000010ce,app_open,2026-06-24T23:16:47Z
e_00000c56,u_000010e4,app_open,2026-06-24T23:38:42Z
e_00000c42,u_000010d1,app_open,2026-06-24T23:59:45Z
e_00000c45,u_000010d9,app_open,2026-06-25T00:03:59Z
e_00000c24,u_000010af,app_open,2026-06-25T00:22:46Z
e_00000c8c,u_00001115,app_open,2026-06-25T00:33:39Z
e_00000aee,u_00000f51,app_open,2026-06-25T00:47:25Z
e_00000c77,u_000010fd,app_open,2026-06-25T02:25:50Z
e_00000bc9,u_00001047,app_open,2026-06-25T03:32:13Z
e_00000c83,u_0000110c,app_open,2026-06-25T03:50:35Z
e_00000a6e,u_00000ec7,app_open,2026-06-25T04:22:21Z
e_00000c78,u_00001100,app_open,2026-06-25T04:28:16Z
e_00000b6e,u_00000fed,app_open,2026-06-25T04:29:01Z
e_00000c6d,u_000010f9,app_open,2026-06-25T04:38:45Z
e_00000b55,u_00000fdc,app_open,2026-06-25T04:55:40Z
e_00000c86,u_0000110e,app_open,2026-06-25T04:55:50Z
e_00000a7d,u_00000ed6,app_open,2026-06-25T04:56:23Z
e_00000c90,u_0000111b,app_open,2026-06-25T06:31:44Z
e_00000c05,u_00001087,app_open,2026-06-25T06:40:34Z
e_00000aaa,u_00000f01,app_open,2026-06-25T07:23:18Z
e_00000ad0,u_00000f30,app_open,2026-06-25T07:58:06Z
e_00000b9a,u_00001018,app_open,2026-06-25T08:05:47Z
e_00000c85,u_0000110d,app_open,2026-06-25T08:57:58Z
e_00000c82,u_0000110a,app_open,2026-06-25T09:52:45Z
e_00000c7a,u_00001105,app_open,2026-06-25T10:19:07Z
e_00000c79,u_00001102,app_open,2026-06-25T10:20:38Z
e_00000c27,u_000010b1,app_open,2026-06-25T11:21:28Z
e_000009ae,u_00000e09,app_open,2026-06-25T11:23:27Z
e_00000c7c,u_00001106,app_open,2026-06-25T11:42:03Z
e_00000c81,u_00001107,app_open,2026-06-25T12:44:09Z
e_00000c6c,u_000010f7,app_open,2026-06-25T13:07:45Z
e_00000c6a,u_000010f4,app_open,2026-06-25T13:14:53Z
e_00000c95,u_0000111f,app_open,2026-06-25T13:19:18Z
e_00000c99,u_00001122,app_open,2026-06-25T13:58:10Z
e_00000b73,u_00000fee,app_open,2026-06-25T14:27:10Z
e_00000c92,u_0000111c,app_open,2026-06-25T14:47:06Z
e_00000c64,u_000010f0,app_open,2026-06-25T15:09:52Z
e_00000ab6,u_00000f0b,app_open,2026-06-25T15:47:52Z
e_00000b8c,u_00001007,app_open,2026-06-25T16:54:08Z
e_00000c57,u_000010e6,app_open,2026-06-25T17:02:06Z
e_00000c2e,u_000010b9,app_open,2026-06-25T17:18:45Z
e_00000c8b,u_00001112,app_open,2026-06-25T17:38:28Z
e_00000c97,u_00001121,app_open,2026-06-25T17:42:17Z
e_00000b87,u_00001005,app_open,2026-06-25T17:44:48Z
e_00000c67,u_000010f1,app_open,2026-06-25T17:46:53Z
e_00000c9b,u_00001125,app_open,2026-06-25T18:36:55Z
e_00000993,u_00000df4,app_open,2026-06-25T18:54:26Z
e_00000c8a,u_00001111,app_open,2026-06-25T19:30:07Z
e_00000b6f,u_00000fed,app_open,2026-06-25T19:55:25Z
e_00000c28,u_000010b1,app_open,2026-06-25T20:10:18Z
e_00000bba,u_00001038,app_open,2026-06-25T20:13:44Z
e_00000c63,u_000010ed,app_open,2026-06-25T20:23:19Z
e_00000c5a,u_000010ea,app_open,2026-06-25T20:37:47Z
e_00000c72,u_000010fc,app_open,2026-06-25T21:25:05Z
e_00000b77,u_00000ff1,app_open,2026-06-25T21:40:12Z
e_00000c8d,u_00001118,app_open,2026-06-25T21:40:44Z
e_00000a24,u_00000e87,app_open,2026-06-25T22:02:23Z
e_00000c59,u_000010e7,app_open,2026-06-25T22:37:36Z
e_00000c8f,u_00001119,app_open,2026-06-25T23:47:14Z
e_00000c5e,u_000010ec,app_open,2026-06-25T23:58:05Z
e_00000c1f,u_000010aa,app_open,2026-06-26T00:26:48Z
e_00000b1f,u_00000f8e,app_open,2026-06-26T00:34:44Z
e_00000b2f,u_00000fac,app_open,2026-06-26T00:40:16Z
e_00000cc9,u_00001162,app_open,2026-06-26T00:49:33Z
e_00000cbd,u_00001151,app_open,2026-06-26T01:15:52Z
e_00000cb2,u_00001147,app_open,2026-06-26T02:23:42Z
e_0000094f,u_00000d9e,app_open,2026-06-26T02:26:00Z
e_00000bb5,u_00001035,app_open,2026-06-26T02:41:33Z
e_00000b64,u_00000fe4,app_open,2026-06-26T03:57:35Z
e_00000c4d,u_000010db,app_open,2026-06-26T03:59:46Z
e_00000cd8,u_00001170,app_open,2026-06-26T04:25:26Z
e_00000cc8,u_00001160,app_open,2026-06-26T05:12:59Z
e_00000cc4,u_00001158,app_open,2026-06-26T05:36:10Z
e_00000c3e,u_000010ca,app_open,2026-06-26T06:21:52Z
e_00000ca5,u_00001136,app_open,2026-06-26T06:24:20Z
e_00000c36,u_000010c3,app_open,2026-06-26T06:30:21Z
e_00000ccf,u_00001169,app_open,2026-06-26T06:34:03Z
e_00000b8d,u_00001007,app_open,2026-06-26T06:45:12Z
e_00000c9d,u_00001128,app_open,2026-06-26T07:06:57Z
e_00000cc2,u_00001153,app_open,2026-06-26T07:08:31Z
e_00000bb3,u_00001035,app_open,2026-06-26T07:13:31Z
e_00000ccd,u_00001166,app_open,2026-06-26T07:59:49Z
e_00000c9f,u_00001129,app_open,2026-06-26T08:17:12Z
e_00000b58,u_00000fdd,app_open,2026-06-26T08:22:23Z
e_00000ca4,u_00001133,app_open,2026-06-26T09:23:53Z
e_00000ba2,u_00001025,app_open,2026-06-26T09:55:34Z
e_00000cad,u_0000113f,app_open,2026-06-26T10:13:11Z
e_00000cb7,u_0000114b,app_open,2026-06-26T10:19:25Z
e_00000cc6,u_0000115a,app_open,2026-06-26T10:55:58Z
e_00000b89,u_00001005,app_open,2026-06-26T11:09:54Z
e_00000cb1,u_00001145,app_open,2026-06-26T11:22:24Z
e_00000cd6,u_0000116b,app_open,2026-06-26T12:40:39Z
e_00000c2d,u_000010b9,app_open,2026-06-26T13:19:39Z
e_00000caa,u_00001137,app_open,2026-06-26T13:21:32Z
e_00000b5a,u_00000fdd,app_open,2026-06-26T13:33:43Z
e_00000ccc,u_00001164,app_open,2026-06-26T13:56:44Z
e_00000cb8,u_0000114e,app_open,2026-06-26T14:05:08Z
e_00000ca0,u_0000112c,app_open,2026-06-26T14:17:04Z
e_00000cc5,u_00001159,app_open,2026-06-26T14:17:05Z
e_00000bdf,u_0000105d,app_open,2026-06-26T15:17:21Z
e_00000c84,u_0000110c,app_open,2026-06-26T15:18:29Z
e_00000cb6,u_00001148,app_open,2026-06-26T15:34:04Z
e_00000b60,u_00000fe3,app_open,2026-06-26T15:37:37Z
e_00000caf,u_00001142,app_open,2026-06-26T15:53:03Z
e_00000b17,u_00000f82,app_open,2026-06-26T16:16:53Z
e_00000b40,u_00000fcd,app_open,2026-06-26T16:18:58Z
e_00000cce,u_00001167,app_open,2026-06-26T16:29:08Z
e_00000cac,u_0000113d,app_open,2026-06-26T17:55:41Z
e_00000b69,u_00000fe9,app_open,2026-06-26T18:12:49Z
e_00000bb0,u_00001030,app_open,2026-06-26T18:24:12Z
e_00000c69,u_000010f1,app_open,2026-06-26T18:28:12Z
e_00000cab,u_0000113a,app_open,2026-06-26T19:39:48Z
e_00000cc3,u_00001156,app_open,2026-06-26T19:41:15Z
e_00000ca2,u_00001130,app_open,2026-06-26T19:53:17Z
e_00000cbc,u_00001150,app_open,2026-06-26T20:03:42Z
e_00000cc7,u_0000115d,app_open,2026-06-26T21:26:52Z
e_000009ec,u_00000e49,app_open,2026-06-26T21:36:03Z
e_00000cd7,u_0000116e,app_open,2026-06-26T22:34:21Z
e_00000cd3,u_0000116a,app_open,2026-06-26T22:49:48Z
e_00000c1e,u_000010aa,app_open,2026-06-26T23:14:22Z
e_00000c2f,u_000010b9,app_open,2026-06-26T23:19:26Z
e_00000cc1,u_00001152,app_open,2026-06-26T23:26:27Z
e_00000c1c,u_000010aa,app_open,2026-06-26T23:46:30Z
e_00000ca1,u_0000112f,app_open,2026-06-26T23:57:45Z
e_00000c9c,u_00001126,app_open,2026-06-27T00:03:03Z
e_00000ce1,u_0000117b,app_open,2026-06-27T00:37:20Z
e_00000cfd,u_00001197,app_open,2026-06-27T00:55:37Z
e_00000cf3,u_00001190,app_open,2026-06-27T01:02:27Z
e_00000cee,u_00001186,app_open,2026-06-27T01:07:54Z
e_00000d04,u_0000119f,app_open,2026-06-27T01:11:24Z
e_00000b54,u_00000fdc,app_open,2026-06-27T01:24:08Z
e_00000c37,u_000010c3,app_open,2026-06-27T01:31:09Z
e_00000cfe,u_0000119a,app_open,2026-06-27T01:31:44Z
e_00000cdd,u_00001177,app_open,2026-06-27T02:16:26Z
e_00000ba3,u_00001025,app_open,2026-06-27T02:21:27Z
e_00000c93,u_0000111c,app_open,2026-06-27T03:42:46Z
e_00000bac,u_0000102b,app_open,2026-06-27T03:48:18Z
e_00000d0e,u_000011ae,app_open,2026-06-27T04:39:39Z
e_00000d0d,u_000011ac,app_open,2026-06-27T04:40:39Z
e_00000ce9,u_00001184,app_open,2026-06-27T06:40:55Z
e_00000d14,u_000011b3,app_open,2026-06-27T06:44:56Z
e_00000d16,u_000011b8,app_open,2026-06-27T06:58:02Z
e_00000cde,u_00001178,app_open,2026-06-27T07:11:54Z
e_00000bb4,u_00001035,app_open,2026-06-27T08:12:13Z
e_00000bd8,u_00001058,app_open,2026-06-27T08:34:20Z
e_00000d15,u_000011b5,app_open,2026-06-27T08:41:56Z
e_00000c89,u_0000110e,app_open,2026-06-27T09:31:03Z
e_00000cfc,u_00001196,app_open,2026-06-27T09:59:57Z
e_00000b88,u_00001005,app_open,2026-06-27T10:19:26Z
e_00000c5b,u_000010ea,app_open,2026-06-27T10:24:24Z
e_00000bae,u_0000102d,app_open,2026-06-27T10:56:26Z
e_00000bef,u_0000106e,app_open,2026-06-27T11:29:08Z
e_00000bc8,u_00001047,app_open,2026-06-27T12:35:22Z
e_00000ce8,u_00001181,app_open,2026-06-27T13:27:48Z
e_00000d03,u_0000119c,app_open,2026-06-27T13:34:58Z
e_00000d13,u_000011b1,app_open,2026-06-27T13:41:20Z
e_00000ce6,u_0000117d,app_open,2026-06-27T13:49:57Z
e_00000cbe,u_00001151,app_open,2026-06-27T14:23:25Z
e_00000cd9,u_00001173,app_open,2026-06-27T14:31:11Z
e_00000ce0,u_0000117a,app_open,2026-06-27T14:33:46Z
e_00000c61,u_000010ec,app_open,2026-06-27T14:35:44Z
e_00000c60,u_000010ec,app_open,2026-06-27T14:43:48Z
e_00000cdc,u_00001174,app_open,2026-06-27T14:46:25Z
e_00000d0a,u_000011a9,app_open,2026-06-27T14:55:31Z
e_00000bbb,u_00001038,app_open,2026-06-27T14:57:00Z
e_00000cf0,u_00001189,app_open,2026-06-27T15:23:01Z
e_00000ca8,u_00001136,app_open,2026-06-27T15:33:22Z
e_00000c3d,u_000010ca,app_open,2026-06-27T15:53:16Z
e_00000d12,u_000011b0,app_open,2026-06-27T15:54:59Z
e_00000a33,u_00000e93,app_open,2026-06-27T15:55:08Z
e_00000c80,u_00001106,app_open,2026-06-27T15:58:35Z
e_00000cf2,u_0000118d,app_open,2026-06-27T16:11:24Z
e_00000c46,u_000010d9,app_open,2026-06-27T16:20:41Z
e_00000cf4,u_00001191,app_open,2026-06-27T16:37:01Z
e_00000bab,u_0000102b,app_open,2026-06-27T17:34:58Z
e_00000d05,u_000011a0,app_open,2026-06-27T17:40:52Z
e_00000c4c,u_000010db,app_open,2026-06-27T18:14:30Z
e_00000d07,u_000011a6,app_open,2026-06-27T18:49:57Z
e_00000d00,u_0000119b,app_open,2026-06-27T19:26:28Z
e_00000cf7,u_00001193,app_open,2026-06-27T19:54:58Z
e_00000cf1,u_0000118a,app_open,2026-06-27T20:08:48Z
e_00000c0c,u_00001092,app_open,2026-06-27T20:53:43Z
e_00000ce7,u_00001180,app_open,2026-06-27T21:43:44Z
e_00000cb9,u_0000114e,app_open,2026-06-27T22:10:25Z
e_00000cbb,u_0000114e,app_open,2026-06-27T22:25:17Z
e_00000c51,u_000010e1,app_open,2026-06-27T23:22:18Z
e_00000bd3,u_00001057,app_open,2026-06-27T23:41:15Z
e_00000a9d,u_00000ef7,app_open,2026-06-28T00:13:01Z
e_00000c38,u_000010c3,app_open,2026-06-28T00:22:09Z
e_00000b8e,u_00001007,app_open,2026-06-28T00:34:32Z
e_00000d5b,u_000011fd,app_open,2026-06-28T00:36:38Z
e_00000d06,u_000011a3,app_open,2026-06-28T00:47:40Z
e_00000d3e,u_000011e2,app_open,2026-06-28T00:50:21Z
e_00000d5e,u_00001200,app_open,2026-06-28T01:09:35Z
e_00000c23,u_000010ad,app_open,2026-06-28T01:37:48Z
e_00000cca,u_00001162,app_open,2026-06-28T01:50:25Z
e_00000d42,u_000011e5,app_open,2026-06-28T02:05:40Z
e_00000baa,u_0000102b,app_open,2026-06-28T02:49:10Z
e_00000d29,u_000011cf,app_open,2026-06-28T03:51:33Z
e_00000d3a,u_000011df,app_open,2026-06-28T04:17:12Z
e_00000bd6,u_00001057,app_open,2026-06-28T04:18:26Z
e_00000d1b,u_000011c0,app_open,2026-06-28T04:50:39Z
e_00000d43,u_000011e6,app_open,2026-06-28T06:06:04Z
e_00000b7d,u_00000ff8,app_open,2026-06-28T06:16:50Z
e_00000d2e,u_000011d6,app_open,2026-06-28T06:18:28Z
e_00000d55,u_000011f7,app_open,2026-06-28T06:19:25Z
e_00000d17,u_000011ba,app_open,2026-06-28T06:40:06Z
e_00000d18,u_000011bc,app_open,2026-06-28T07:13:36Z
e_00000d5a,u_000011fa,app_open,2026-06-28T07:34:22Z
e_00000b1d,u_00000f8b,app_open,2026-06-28T08:16:51Z
e_00000cd0,u_00001169,app_open,2026-06-28T08:39:32Z
e_00000a03,u_00000e60,app_open,2026-06-28T09:15:46Z
e_00000bb9,u_00001038,app_open,2026-06-28T09:55:24Z
e_00000d38,u_000011de,app_open,2026-06-28T09:55:37Z
e_00000cec,u_00001184,app_open,2026-06-28T10:42:00Z
e_00000d1d,u_000011c5,app_open,2026-06-28T10:49:01Z
e_00000bd4,u_00001057,app_open,2026-06-28T11:08:49Z
e_00000d4c,u_000011eb,app_open,2026-06-28T11:39:03Z
e_00000d3d,u_000011e1,app_open,2026-06-28T11:59:00Z
e_00000d61,u_00001202,app_open,2026-06-28T12:00:02Z
e_00000d2a,u_000011d0,app_open,2026-06-28T12:54:05Z
e_00000d32,u_000011d7,app_open,2026-06-28T13:29:33Z
e_00000bd0,u_00001051,app_open,2026-06-28T14:34:21Z
e_00000d2d,u_000011d4,app_open,2026-06-28T14:35:42Z
e_00000d1a,u_000011bd,app_open,2026-06-28T14:44:29Z
e_00000c21,u_000010ad,app_open,2026-06-28T14:48:06Z
e_00000c53,u_000010e1,app_open,2026-06-28T14:59:35Z
e_00000d48,u_000011e8,app_open,2026-06-28T15:14:55Z
e_00000cbf,u_00001151,app_open,2026-06-28T15:23:46Z
e_00000d27,u_000011cd,app_open,2026-06-28T15:46:18Z
e_00000c6e,u_000010f9,app_open,2026-06-28T17:05:27Z
e_00000d2b,u_000011d1,app_open,2026-06-28T17:08:44Z
e_00000d3c,u_000011e0,app_open,2026-06-28T17:26:42Z
e_00000d0f,u_000011ae,app_open,2026-06-28T17:43:16Z
e_00000d53,u_000011f4,app_open,2026-06-28T18:07:18Z
e_00000d26,u_000011cb,app_open,2026-06-28T18:07:47Z
e_00000d1c,u_000011c3,app_open,2026-06-28T18:34:31Z
e_00000be7,u_00001065,app_open,2026-06-28T18:48:29Z
e_00000d37,u_000011db,app_open,2026-06-28T18:52:21Z
e_00000be9,u_00001065,app_open,2026-06-28T18:53:14Z
e_00000c0d,u_00001092,app_open,2026-06-28T18:58:12Z
e_00000d21,u_000011c6,app_open,2026-06-28T19:14:09Z
e_00000ce4,u_0000117b,app_open,2026-06-28T19:47:17Z
e_00000cf9,u_00001193,app_open,2026-06-28T21:22:10Z
e_00000d2c,u_000011d2,app_open,2026-06-28T22:01:23Z
e_00000d51,u_000011ef,app_open,2026-06-28T22:24:41Z
e_00000d25,u_000011c9,app_open,2026-06-28T23:13:02Z
e_00000d33,u_000011da,app_open,2026-06-28T23:19:33Z
e_00000d52,u_000011f1,app_open,2026-06-28T23:32:07Z
e_00000cf5,u_00001191,app_open,2026-06-28T23:41:58Z
e_00000bc5,u_00001042,app_open,2026-06-28T23:42:25Z
e_00000d4d,u_000011ec,app_open,2026-06-29T00:34:14Z
e_00000ced,u_00001184,app_open,2026-06-29T01:19:31Z
e_00000ca3,u_00001130,app_open,2026-06-29T01:28:28Z
e_00000d63,u_00001206,app_open,2026-06-29T01:38:40Z
e_00000c49,u_000010d9,app_open,2026-06-29T01:54:20Z
e_00000d70,u_00001211,app_open,2026-06-29T02:03:10Z
e_00000ce5,u_0000117b,app_open,2026-06-29T02:16:44Z
e_00000cb0,u_00001142,app_open,2026-06-29T02:19:05Z
e_00000d79,u_0000121b,app_open,2026-06-29T02:47:14Z
e_00000d62,u_00001204,app_open,2026-06-29T03:22:34Z
e_00000d7b,u_0000121d,app_open,2026-06-29T03:34:32Z
e_00000c7e,u_00001106,app_open,2026-06-29T03:47:15Z
e_00000bda,u_00001058,app_open,2026-06-29T04:20:17Z
e_00000be0,u_0000105d,app_open,2026-06-29T04:28:46Z
e_00000c47,u_000010d9,app_open,2026-06-29T04:31:20Z
e_00000d89,u_0000122d,app_open,2026-06-29T05:07:46Z
e_00000cb4,u_00001147,app_open,2026-06-29T05:18:59Z
e_00000ba9,u_0000102b,app_open,2026-06-29T05:49:21Z
e_00000d87,u_0000122b,app_open,2026-06-29T05:53:16Z
e_00000d46,u_000011e6,app_open,2026-06-29T07:25:33Z
e_00000d6e,u_0000120f,app_open,2026-06-29T08:41:35Z
e_00000cea,u_00001184,app_open,2026-06-29T08:45:42Z
e_00000d69,u_0000120a,app_open,2026-06-29T09:04:58Z
e_00000cd1,u_00001169,app_open,2026-06-29T09:23:10Z
e_00000d74,u_00001214,app_open,2026-06-29T09:25:19Z
e_00000d78,u_00001218,app_open,2026-06-29T09:25:24Z
e_00000b4c,u_00000fd6,app_open,2026-06-29T10:44:15Z
e_00000d6d,u_0000120c,app_open,2026-06-29T11:15:45Z
e_00000c2c,u_000010b9,app_open,2026-06-29T11:32:24Z
e_00000c6f,u_000010f9,app_open,2026-06-29T12:31:56Z
e_00000d5c,u_000011fd,app_open,2026-06-29T12:42:56Z
e_00000d77,u_00001217,app_open,2026-06-29T12:56:40Z
e_00000d45,u_000011e6,app_open,2026-06-29T13:25:49Z
e_00000d7d,u_0000121f,app_open,2026-06-29T13:32:32Z
e_00000d01,u_0000119b,app_open,2026-06-29T13:32:52Z
e_00000cd2,u_00001169,app_open,2026-06-29T13:33:20Z
e_00000bd9,u_00001058,app_open,2026-06-29T13:50:34Z
e_00000c1d,u_000010aa,app_open,2026-06-29T14:02:26Z
e_00000b5e,u_00000fe0,app_open,2026-06-29T14:53:53Z
e_00000d88,u_0000122c,app_open,2026-06-29T15:05:17Z
e_00000d83,u_00001225,app_open,2026-06-29T15:08:10Z
e_00000cd5,u_0000116a,app_open,2026-06-29T15:56:57Z
e_00000d66,u_00001208,app_open,2026-06-29T16:29:28Z
e_00000d7e,u_00001221,app_open,2026-06-29T17:19:25Z
e_00000c4b,u_000010db,app_open,2026-06-29T17:29:28Z
e_00000bc0,u_0000103d,app_open,2026-06-29T17:32:19Z
e_00000d76,u_00001216,app_open,2026-06-29T18:26:31Z
e_00000d85,u_00001228,app_open,2026-06-29T18:28:19Z
e_00000bf6,u_00001079,app_open,2026-06-29T18:42:23Z
e_00000d08,u_000011a6,app_open,2026-06-29T18:53:05Z
e_00000d84,u_00001227,app_open,2026-06-29T19:12:00Z
e_00000d80,u_00001224,app_open,2026-06-29T19:32:35Z
e_00000cb5,u_00001147,app_open,2026-06-29T20:21:45Z
e_00000d7a,u_0000121c,app_open,2026-06-29T20:42:32Z
e_00000b3c,u_00000fc7,app_open,2026-06-29T20:44:07Z
e_00000c8e,u_00001118,app_open,2026-06-29T20:53:07Z
e_00000d7f,u_00001223,app_open,2026-06-29T21:00:21Z
e_00000ba4,u_00001025,app_open,2026-06-29T22:04:11Z
e_00000c65,u_000010f0,app_open,2026-06-29T22:37:28Z
e_00000dc1,u_0000125c,app_open,2026-06-30T00:33:52Z
e_00000d8c,u_0000122f,app_open,2026-06-30T01:38:56Z
e_00000a98,u_00000ef0,app_open,2026-06-30T01:47:17Z
e_00000d98,u_0000123a,app_open,2026-06-30T02:41:32Z
e_00000c16,u_0000109f,app_open,2026-06-30T02:46:35Z
e_00000db4,u_00001253,app_open,2026-06-30T02:57:17Z
e_00000dc7,u_00001261,app_open,2026-06-30T04:04:27Z
e_00000da3,u_00001245,app_open,2026-06-30T05:05:20Z
e_00000dbc,u_0000125a,app_open,2026-06-30T05:43:38Z
e_00000da6,u_00001247,app_open,2026-06-30T05:43:44Z
e_00000d73,u_00001211,app_open,2026-06-30T05:44:41Z
e_00000da4,u_00001246,app_open,2026-06-30T07:34:27Z
e_00000cf8,u_00001193,app_open,2026-06-30T07:43:02Z
e_00000a3e,u_00000e9f,app_open,2026-06-30T07:44:55Z
e_00000db1,u_0000124d,app_open,2026-06-30T08:20:27Z
e_00000c68,u_000010f1,app_open,2026-06-30T08:22:20Z
e_00000d91,u_00001232,app_open,2026-06-30T08:23:44Z
e_00000c22,u_000010ad,app_open,2026-06-30T08:26:38Z
e_00000d49,u_000011e8,app_open,2026-06-30T08:40:02Z
e_00000d95,u_00001235,app_open,2026-06-30T08:56:28Z
e_00000db8,u_00001256,app_open,2026-06-30T09:18:13Z
e_00000ca9,u_00001136,app_open,2026-06-30T09:38:19Z
e_00000b8a,u_00001005,app_open,2026-06-30T09:39:51Z
e_00000d10,u_000011ae,app_open,2026-06-30T09:49:39Z
e_00000c52,u_000010e1,app_open,2026-06-30T10:03:26Z
e_00000db0,u_0000124b,app_open,2026-06-30T11:30:11Z
e_00000d58,u_000011f7,app_open,2026-06-30T11:45:31Z
e_00000dc3,u_0000125e,app_open,2026-06-30T11:57:32Z
e_00000b67,u_00000fe7,app_open,2026-06-30T13:04:00Z
e_00000d9a,u_00001240,app_open,2026-06-30T13:04:55Z
e_00000d59,u_000011f7,app_open,2026-06-30T13:12:20Z
e_00000d9e,u_00001241,app_open,2026-06-30T13:21:24Z
e_00000da0,u_00001242,app_open,2026-06-30T13:32:00Z
e_00000d6a,u_0000120a,app_open,2026-06-30T13:35:47Z
e_00000d34,u_000011da,app_open,2026-06-30T13:45:26Z
e_00000d99,u_0000123d,app_open,2026-06-30T13:54:18Z
e_00000c70,u_000010f9,app_open,2026-06-30T14:50:42Z
e_00000dba,u_00001257,app_open,2026-06-30T14:52:54Z
e_00000c71,u_000010f9,app_open,2026-06-30T14:58:41Z
e_00000dab,u_00001249,app_open,2026-06-30T15:19:35Z
e_00000d1f,u_000011c5,app_open,2026-06-30T15:34:09Z
e_00000c48,u_000010d9,app_open,2026-06-30T16:56:54Z
e_00000da1,u_00001243,app_open,2026-06-30T17:10:00Z
e_00000c87,u_0000110e,app_open,2026-06-30T17:13:53Z
e_00000d92,u_00001234,app_open,2026-06-30T17:22:27Z
e_00000c7f,u_00001106,app_open,2026-06-30T17:46:33Z
e_00000d97,u_00001238,app_open,2026-06-30T17:54:35Z
e_00000d23,u_000011c6,app_open,2026-06-30T18:25:05Z
e_00000db2,u_00001250,app_open,2026-06-30T18:47:50Z
e_00000d90,u_00001230,app_open,2026-06-30T18:51:40Z
e_00000d96,u_00001236,app_open,2026-06-30T18:58:08Z
e_00000c7d,u_00001106,app_open,2026-06-30T19:29:35Z
e_00000daf,u_0000124a,app_open,2026-06-30T22:42:01Z
e_00000db3,u_00001252,app_open,2026-06-30T23:51:08Z
e_00000dd8,u_0000127a,app_open,2026-07-01T03:00:43Z
e_00000dd2,u_00001270,app_open,2026-07-01T03:15:57Z
e_00000c3c,u_000010ca,app_open,2026-07-01T03:44:49Z
e_00000db5,u_00001253,app_open,2026-07-01T04:48:48Z
e_00000b7a,u_00000ff4,app_open,2026-07-01T05:02:20Z
e_00000e03,u_000012a5,app_open,2026-07-01T05:12:07Z
e_00000dff,u_000012a1,app_open,2026-07-01T05:20:20Z
e_00000d40,u_000011e2,app_open,2026-07-01T05:34:06Z
e_00000dc9,u_00001263,app_open,2026-07-01T05:34:50Z
e_00000df2,u_00001293,app_open,2026-07-01T05:55:37Z
e_00000c3f,u_000010ca,app_open,2026-07-01T06:00:38Z
e_00000de4,u_00001288,app_open,2026-07-01T06:24:27Z
e_00000ce3,u_0000117b,app_open,2026-07-01T06:26:26Z
e_00000d56,u_000011f7,app_open,2026-07-01T07:39:56Z
e_00000dcd,u_00001269,app_open,2026-07-01T07:59:03Z
e_00000c76,u_000010fc,app_open,2026-07-01T08:04:15Z
e_00000cba,u_0000114e,app_open,2026-07-01T09:26:24Z
e_00000c73,u_000010fc,app_open,2026-07-01T09:48:00Z
e_00000d82,u_00001224,app_open,2026-07-01T10:25:37Z
e_00000dfc,u_0000129f,app_open,2026-07-01T10:34:29Z
e_00000dca,u_00001266,app_open,2026-07-01T10:57:48Z
e_00000dd6,u_00001278,app_open,2026-07-01T11:04:23Z
e_00000db7,u_00001253,app_open,2026-07-01T11:11:51Z
e_00000df9,u_00001298,app_open,2026-07-01T11:25:49Z
e_00000dec,u_00001290,app_open,2026-07-01T11:42:34Z
e_00000dcb,u_00001267,app_open,2026-07-01T12:06:07Z
e_00000d6b,u_0000120a,app_open,2026-07-01T12:16:27Z
e_00000b6c,u_00000feb,app_open,2026-07-01T12:26:00Z
e_00000dce,u_0000126a,app_open,2026-07-01T13:32:27Z
e_00000ddd,u_0000127e,app_open,2026-07-01T14:13:29Z
e_00000dc8,u_00001262,app_open,2026-07-01T14:14:50Z
e_00000c54,u_000010e1,app_open,2026-07-01T14:20:11Z
e_00000dd5,u_00001276,app_open,2026-07-01T14:22:53Z
e_00000c15,u_0000109f,app_open,2026-07-01T14:27:22Z
e_00000dd4,u_00001275,app_open,2026-07-01T15:00:28Z
e_00000dd3,u_00001272,app_open,2026-07-01T15:06:00Z
e_00000df1,u_00001291,app_open,2026-07-01T15:35:06Z
e_00000df7,u_00001294,app_open,2026-07-01T16:23:04Z
e_00000de3,u_00001285,app_open,2026-07-01T17:49:54Z
e_00000dfa,u_0000129a,app_open,2026-07-01T18:24:11Z
e_00000dfb,u_0000129d,app_open,2026-07-01T18:37:37Z
e_00000c88,u_0000110e,app_open,2026-07-01T18:57:32Z
e_00000de1,u_00001282,app_open,2026-07-01T19:35:10Z
e_00000d2f,u_000011d6,app_open,2026-07-01T19:43:07Z
e_00000df8,u_00001297,app_open,2026-07-01T20:55:07Z
e_00000dea,u_0000128e,app_open,2026-07-01T21:02:10Z
e_00000d4b,u_000011e8,app_open,2026-07-01T21:02:18Z
e_00000de9,u_0000128b,app_open,2026-07-01T21:58:15Z
e_00000de0,u_0000127f,app_open,2026-07-01T22:18:18Z
e_00000dd7,u_00001279,app_open,2026-07-01T22:54:47Z
e_00000da8,u_00001247,app_open,2026-07-01T22:59:40Z
e_00000c75,u_000010fc,app_open,2026-07-01T23:00:28Z
e_00000d02,u_0000119b,app_open,2026-07-01T23:07:55Z
e_00000c94,u_0000111c,app_open,2026-07-01T23:11:40Z
e_00000dd1,u_0000126d,app_open,2026-07-01T23:19:50Z
e_00000e07,u_000012a8,app_open,2026-07-01T23:35:41Z
e_00000dd9,u_0000127c,app_open,2026-07-01T23:38:14Z
e_00000e00,u_000012a4,app_open,2026-07-01T23:42:01Z
e_00000e2a,u_000012d5,app_open,2026-07-02T01:17:13Z
e_00000dbd,u_0000125a,app_open,2026-07-02T01:21:58Z
e_00000ceb,u_00001184,app_open,2026-07-02T01:33:56Z
e_00000d30,u_000011d6,app_open,2026-07-02T02:14:42Z
e_00000e0f,u_000012ae,app_open,2026-07-02T02:34:53Z
e_00000e1b,u_000012c4,app_open,2026-07-02T03:26:49Z
e_00000d6c,u_0000120a,app_open,2026-07-02T03:58:11Z
e_00000d8d,u_0000122f,app_open,2026-07-02T04:32:40Z
e_00000c5f,u_000010ec,app_open,2026-07-02T04:44:34Z
e_00000d41,u_000011e2,app_open,2026-07-02T04:58:14Z
e_00000cb3,u_00001147,app_open,2026-07-02T05:20:33Z
e_00000d64,u_00001206,app_open,2026-07-02T05:52:03Z
e_00000e16,u_000012bb,app_open,2026-07-02T06:19:11Z
e_00000df6,u_00001293,app_open,2026-07-02T06:35:54Z
e_00000d35,u_000011da,app_open,2026-07-02T06:50:54Z
e_00000df5,u_00001293,app_open,2026-07-02T06:52:15Z
e_00000e24,u_000012cf,app_open,2026-07-02T07:04:26Z
e_00000d9b,u_00001240,app_open,2026-07-02T08:01:04Z
e_00000e18,u_000012be,app_open,2026-07-02T08:05:08Z
e_00000cd4,u_0000116a,app_open,2026-07-02T09:16:24Z
e_00000c66,u_000010f0,app_open,2026-07-02T09:18:10Z
e_00000ca6,u_00001136,app_open,2026-07-02T09:20:26Z
e_00000e26,u_000012d2,app_open,2026-07-02T09:53:41Z
e_00000e2c,u_000012d8,app_open,2026-07-02T09:54:17Z
e_00000e13,u_000012b6,app_open,2026-07-02T10:10:09Z
e_00000e15,u_000012b8,app_open,2026-07-02T10:15:09Z
e_00000c5c,u_000010ea,app_open,2026-07-02T10:48:22Z
e_00000ccb,u_00001162,app_open,2026-07-02T11:13:05Z
e_00000e27,u_000012d3,app_open,2026-07-02T11:22:03Z
e_00000d9c,u_00001240,app_open,2026-07-02T12:47:10Z
e_00000d3f,u_000011e2,app_open,2026-07-02T12:57:24Z
e_00000c74,u_000010fc,app_open,2026-07-02T13:02:39Z
e_00000d65,u_00001206,app_open,2026-07-02T13:04:22Z
e_00000df3,u_00001293,app_open,2026-07-02T13:58:20Z
e_00000b5b,u_00000fdd,app_open,2026-07-02T13:59:52Z
e_00000e12,u_000012b4,app_open,2026-07-02T14:15:00Z
e_00000ca7,u_00001136,app_open,2026-07-02T14:20:00Z
e_00000e25,u_000012d0,app_open,2026-07-02T14:20:38Z
e_00000e0a,u_000012aa,app_open,2026-07-02T14:41:36Z
e_00000e23,u_000012cd,app_open,2026-07-02T14:42:50Z
e_00000cc0,u_00001151,app_open,2026-07-02T14:53:10Z
e_00000b2a,u_00000fa2,app_open,2026-07-02T15:12:14Z
e_00000e0e,u_000012ac,app_open,2026-07-02T15:15:53Z
e_00000c0f,u_00001095,app_open,2026-07-02T15:16:26Z
e_00000cda,u_00001173,app_open,2026-07-02T15:28:01Z
e_00000dbf,u_0000125a,app_open,2026-07-02T15:36:36Z
e_00000e19,u_000012c1,app_open,2026-07-02T15:37:24Z
e_00000e1c,u_000012c7,app_open,2026-07-02T16:50:17Z
e_00000d0b,u_000011a9,app_open,2026-07-02T16:55:36Z
e_00000d20,u_000011c5,app_open,2026-07-02T17:21:28Z
e_00000e1f,u_000012cc,app_open,2026-07-02T17:51:25Z
e_00000b43,u_00000fcf,app_open,2026-07-02T18:09:19Z
e_00000e11,u_000012b1,app_open,2026-07-02T18:15:13Z
e_00000e2d,u_000012d9,app_open,2026-07-02T18:51:32Z
e_00000d5f,u_00001200,app_open,2026-07-02T18:56:27Z
e_00000d31,u_000011d6,app_open,2026-07-02T19:00:08Z
e_00000e17,u_000012bc,app_open,2026-07-02T19:39:17Z
e_00000e1e,u_000012c9,app_open,2026-07-02T20:20:26Z
e_00000dfe,u_0000129f,app_open,2026-07-02T21:28:59Z
e_00000d7c,u_0000121d,app_open,2026-07-02T22:19:14Z
e_00000cae,u_0000113f,app_open,2026-07-02T23:24:11Z
e_00000e2e,u_000012dc,app_open,2026-07-02T23:59:58Z
e_00000e7b,u_00001318,app_open,2026-07-03T00:58:53Z
e_00000ce2,u_0000117b,app_open,2026-07-03T01:41:15Z
e_00000e4a,u_000012f3,app_open,2026-07-03T01:41:27Z
e_00000d72,u_00001211,app_open,2026-07-03T02:15:07Z
e_00000e5c,u_00001301,app_open,2026-07-03T02:17:07Z
e_00000d8f,u_0000122f,app_open,2026-07-03T02:55:49Z
e_00000e4b,u_000012f4,app_open,2026-07-03T03:32:39Z
e_00000e4f,u_000012fc,app_open,2026-07-03T04:28:13Z
e_00000e70,u_0000130e,app_open,2026-07-03T05:08:54Z
e_00000e75,u_00001314,app_open,2026-07-03T05:36:56Z
e_00000e4e,u_000012f9,app_open,2026-07-03T06:11:15Z
e_00000d71,u_00001211,app_open,2026-07-03T06:17:36Z
e_00000e3f,u_000012eb,app_open,2026-07-03T06:45:49Z
e_00000dae,u_00001249,app_open,2026-07-03T07:11:14Z
e_00000e44,u_000012ef,app_open,2026-07-03T07:51:43Z
e_00000e6f,u_0000130c,app_open,2026-07-03T08:23:18Z
e_00000e33,u_000012e6,app_open,2026-07-03T08:36:52Z
e_00000dde,u_0000127e,app_open,2026-07-03T08:51:40Z
e_00000d24,u_000011c6,app_open,2026-07-03T09:07:54Z
e_00000e49,u_000012f1,app_open,2026-07-03T09:33:30Z
e_00000bca,u_00001047,app_open,2026-07-03T09:45:01Z
e_00000b05,u_00000f68,app_open,2026-07-03T10:13:39Z
e_00000cf6,u_00001191,app_open,2026-07-03T10:17:54Z
e_00000cfa,u_00001193,app_open,2026-07-03T10:42:08Z
e_00000e39,u_000012e8,app_open,2026-07-03T10:48:14Z
e_00000e63,u_00001305,app_open,2026-07-03T10:59:38Z
e_00000ddb,u_0000127c,app_open,2026-07-03T11:11:55Z
e_00000e79,u_00001316,app_open,2026-07-03T11:30:33Z
e_00000e32,u_000012e3,app_open,2026-07-03T11:34:29Z
e_00000e38,u_000012e7,app_open,2026-07-03T11:35:26Z
e_00000e58,u_00001300,app_open,2026-07-03T11:47:36Z
e_00000db9,u_00001256,app_open,2026-07-03T12:16:11Z
e_00000e4d,u_000012f7,app_open,2026-07-03T12:54:03Z
e_00000e3a,u_000012e9,app_open,2026-07-03T13:17:51Z
e_00000e60,u_00001302,app_open,2026-07-03T13:26:34Z
e_00000e82,u_0000131e,app_open,2026-07-03T13:42:35Z
e_00000e14,u_000012b6,app_open,2026-07-03T14:01:09Z
e_00000e86,u_00001321,app_open,2026-07-03T14:11:29Z
e_00000e87,u_00001323,app_open,2026-07-03T14:33:07Z
e_00000e6d,u_0000130b,app_open,2026-07-03T15:13:45Z
e_00000e30,u_000012e2,app_open,2026-07-03T16:16:58Z
e_00000e6b,u_0000130a,app_open,2026-07-03T16:20:20Z
e_00000e72,u_00001313,app_open,2026-07-03T16:27:53Z
e_00000de5,u_00001288,app_open,2026-07-03T18:18:22Z
e_00000e68,u_00001307,app_open,2026-07-03T18:18:49Z
e_00000e53,u_000012ff,app_open,2026-07-03T19:03:10Z
e_00000def,u_00001290,app_open,2026-07-03T20:13:29Z
e_00000d4a,u_000011e8,app_open,2026-07-03T20:30:11Z
e_00000dbe,u_0000125a,app_open,2026-07-03T20:49:00Z
e_00000d11,u_000011ae,app_open,2026-07-03T21:00:48Z
e_00000e4c,u_000012f5,app_open,2026-07-03T21:07:19Z
e_00000e40,u_000012ec,app_open,2026-07-03T22:04:46Z
e_00000e41,u_000012ee,app_open,2026-07-03T22:32:12Z
e_00000e2f,u_000012df,app_open,2026-07-03T22:57:33Z
e_00000e7d,u_0000131b,app_open,2026-07-03T22:59:53Z
e_00000daa,u_00001247,app_open,2026-07-03T23:03:32Z
e_00000cfb,u_00001193,app_open,2026-07-03T23:29:07Z
e_00000e71,u_00001311,app_open,2026-07-04T00:08:03Z
e_00000e8d,u_00001329,app_open,2026-07-04T00:49:12Z
e_00000d60,u_00001200,app_open,2026-07-04T01:22:47Z
e_00000ea6,u_00001342,app_open,2026-07-04T01:40:05Z
e_00000dda,u_0000127c,app_open,2026-07-04T03:03:31Z
e_00000ea7,u_00001344,app_open,2026-07-04T03:07:00Z
e_00000e8f,u_0000132d,app_open,2026-07-04T03:14:43Z
e_00000eaa,u_00001346,app_open,2026-07-04T03:35:41Z
e_00000dad,u_00001249,app_open,2026-07-04T03:43:05Z
e_00000eb5,u_00001352,app_open,2026-07-04T04:33:53Z
e_00000c9a,u_00001122,app_open,2026-07-04T04:39:48Z
e_00000eba,u_00001358,app_open,2026-07-04T05:07:24Z
e_00000eae,u_0000134d,app_open,2026-07-04T05:44:27Z
e_00000bf2,u_00001073,app_open,2026-07-04T05:48:29Z
e_00000ea5,u_0000133f,app_open,2026-07-04T05:58:29Z
e_00000c5d,u_000010ea,app_open,2026-07-04T06:10:04Z
e_00000d44,u_000011e6,app_open,2026-07-04T06:19:08Z
e_00000dc2,u_0000125c,app_open,2026-07-04T06:37:32Z
e_00000bb7,u_00001036,app_open,2026-07-04T07:37:44Z
e_00000ebc,u_0000135b,app_open,2026-07-04T08:02:15Z
e_00000ea2,u_00001338,app_open,2026-07-04T08:34:42Z
e_00000ea4,u_0000133e,app_open,2026-07-04T08:35:41Z
e_00000eaf,u_0000134e,app_open,2026-07-04T08:36:41Z
e_00000e89,u_00001326,app_open,2026-07-04T08:42:35Z
e_00000d36,u_000011da,app_open,2026-07-04T09:49:40Z
e_00000d4f,u_000011ec,app_open,2026-07-04T10:23:16Z
e_00000d1e,u_000011c5,app_open,2026-07-04T10:28:39Z
e_00000d47,u_000011e6,app_open,2026-07-04T10:37:27Z
e_00000eb9,u_00001356,app_open,2026-07-04T11:06:10Z
e_00000eb6,u_00001354,app_open,2026-07-04T11:18:11Z
e_00000d09,u_000011a6,app_open,2026-07-04T11:30:49Z
e_00000bec,u_0000106a,app_open,2026-07-04T11:42:37Z
e_00000e04,u_000012a5,app_open,2026-07-04T11:58:20Z
e_00000e95,u_0000132f,app_open,2026-07-04T14:56:07Z
e_00000eb0,u_00001350,app_open,2026-07-04T15:25:55Z
e_00000c98,u_00001121,app_open,2026-07-04T15:28:33Z
e_00000e51,u_000012fc,app_open,2026-07-04T15:39:05Z
e_00000e9a,u_00001331,app_open,2026-07-04T15:39:13Z
e_00000b95,u_00001010,app_open,2026-07-04T15:50:54Z
e_00000eac,u_0000134a,app_open,2026-07-04T16:28:01Z
e_00000ea0,u_00001336,app_open,2026-07-04T16:50:43Z
e_00000e8e,u_0000132a,app_open,2026-07-04T17:43:08Z
e_00000d5d,u_000011fd,app_open,2026-07-04T19:04:44Z
e_00000ea3,u_0000133b,app_open,2026-07-04T19:30:24Z
e_00000e78,u_00001314,app_open,2026-07-04T19:44:56Z
e_00000e9c,u_00001334,app_open,2026-07-04T19:55:44Z
e_00000d57,u_000011f7,app_open,2026-07-04T20:41:33Z
e_00000dfd,u_0000129f,app_open,2026-07-04T20:49:52Z
e_00000ea9,u_00001345,app_open,2026-07-04T21:44:17Z
e_00000de6,u_00001288,app_open,2026-07-04T22:01:15Z
e_00000e62,u_00001302,app_open,2026-07-04T22:31:31Z
e_00000d8a,u_0000122d,app_open,2026-07-04T22:48:12Z
e_00000e9f,u_00001335,app_open,2026-07-04T23:05:25Z
e_00000eb4,u_00001351,app_open,2026-07-04T23:19:56Z
e_00000be1,u_0000105d,app_open,2026-07-04T23:43:39Z
e_00000eab,u_00001348,app_open,2026-07-05T00:05:14Z
e_00000ee4,u_00001380,app_open,2026-07-05T00:33:19Z
e_00000ee7,u_00001383,app_open,2026-07-05T01:54:23Z
e_00000d68,u_00001208,app_open,2026-07-05T02:29:54Z
e_00000dc5,u_0000125e,app_open,2026-07-05T02:40:12Z
e_00000ef6,u_00001392,app_open,2026-07-05T02:46:56Z
e_00000d4e,u_000011ec,app_open,2026-07-05T03:33:07Z
e_00000ec6,u_00001363,app_open,2026-07-05T03:35:47Z
e_00000eda,u_00001373,app_open,2026-07-05T04:11:17Z
e_00000ed2,u_0000136a,app_open,2026-07-05T04:51:22Z
e_00000ee1,u_00001379,app_open,2026-07-05T05:12:08Z
e_00000db6,u_00001253,app_open,2026-07-05T06:45:40Z
e_00000ef3,u_0000138e,app_open,2026-07-05T07:03:27Z
e_00000dc4,u_0000125e,app_open,2026-07-05T07:12:22Z
e_00000d22,u_000011c6,app_open,2026-07-05T07:37:07Z
e_00000ed1,u_00001368,app_open,2026-07-05T08:25:33Z
e_00000ec1,u_00001360,app_open,2026-07-05T09:06:49Z
e_00000e0d,u_000012aa,app_open,2026-07-05T09:14:41Z
e_00000eef,u_0000138a,app_open,2026-07-05T09:24:33Z
e_00000d28,u_000011cd,app_open,2026-07-05T09:37:31Z
e_00000ef7,u_00001394,app_open,2026-07-05T11:22:39Z
e_00000d54,u_000011f4,app_open,2026-07-05T11:30:30Z
e_00000ec0,u_0000135e,app_open,2026-07-05T11:57:48Z
e_00000dcc,u_00001267,app_open,2026-07-05T12:07:04Z
e_00000edd,u_00001374,app_open,2026-07-05T13:12:58Z
e_00000dc6,u_0000125e,app_open,2026-07-05T13:35:06Z
e_00000e05,u_000012a5,app_open,2026-07-05T13:49:21Z
e_00000b83,u_00000fff,app_open,2026-07-05T14:03:17Z
e_00000ec4,u_00001362,app_open,2026-07-05T14:17:17Z
e_00000d50,u_000011ec,app_open,2026-07-05T14:17:36Z
e_00000e7e,u_0000131b,app_open,2026-07-05T14:29:27Z
e_00000e37,u_000012e6,app_open,2026-07-05T14:49:29Z
e_00000ef5,u_0000138f,app_open,2026-07-05T15:10:16Z
e_00000eea,u_00001385,app_open,2026-07-05T15:43:03Z
e_00000ee0,u_00001377,app_open,2026-07-05T16:14:57Z
e_00000e7f,u_0000131b,app_open,2026-07-05T16:22:52Z
e_00000ef2,u_0000138d,app_open,2026-07-05T16:28:22Z
e_00000ed9,u_00001370,app_open,2026-07-05T16:51:16Z
e_00000e96,u_0000132f,app_open,2026-07-05T16:52:07Z
e_00000ed4,u_0000136f,app_open,2026-07-05T16:55:49Z
e_00000eee,u_00001387,app_open,2026-07-05T17:33:26Z
e_00000ede,u_00001376,app_open,2026-07-05T18:21:10Z
e_00000ee2,u_0000137a,app_open,2026-07-05T18:45:13Z
e_00000e77,u_00001314,app_open,2026-07-05T18:54:16Z
e_00000d67,u_00001208,app_open,2026-07-05T19:15:13Z
e_00000ebb,u_00001358,app_open,2026-07-05T19:22:31Z
e_00000ed3,u_0000136d,app_open,2026-07-05T19:42:12Z
e_00000ecc,u_00001366,app_open,2026-07-05T20:08:27Z
e_00000ec7,u_00001365,app_open,2026-07-05T20:15:50Z
e_00000de7,u_00001288,app_open,2026-07-05T20:22:43Z
e_00000ef0,u_0000138c,app_open,2026-07-05T21:49:51Z
e_00000ee3,u_0000137d,app_open,2026-07-05T21:54:45Z
e_00000dee,u_00001290,app_open,2026-07-05T22:15:55Z
e_00000de2,u_00001282,app_open,2026-07-05T22:25:24Z
e_00000d81,u_00001224,app_open,2026-07-05T22:52:54Z
e_00000ee6,u_00001382,app_open,2026-07-05T23:33:45Z
e_00000de8,u_00001288,app_open,2026-07-05T23:41:13Z
e_00000c91,u_0000111b,app_open,2026-07-06T00:00:00Z
e_00000e81,u_0000131b,app_open,2026-07-06T00:15:24Z
e_00000f10,u_000013ae,app_open,2026-07-06T00:15:39Z
e_00000df4,u_00001293,app_open,2026-07-06T00:36:00Z
e_00000d9d,u_00001240,app_open,2026-07-06T00:43:34Z
e_00000e80,u_0000131b,app_open,2026-07-06T01:02:22Z
e_00000ef9,u_00001399,app_open,2026-07-06T01:11:15Z
e_00000e8c,u_00001326,app_open,2026-07-06T01:11:31Z
e_00000da9,u_00001247,app_open,2026-07-06T01:26:49Z
e_00000d94,u_00001234,app_open,2026-07-06T01:38:16Z
e_00000e64,u_00001305,app_open,2026-07-06T02:33:00Z
e_00000f07,u_000013a6,app_open,2026-07-06T02:44:01Z
e_00000e01,u_000012a4,app_open,2026-07-06T02:45:48Z
e_00000f22,u_000013c1,app_open,2026-07-06T03:37:49Z
e_00000e29,u_000012d3,app_open,2026-07-06T04:37:36Z
e_00000e59,u_00001300,app_open,2026-07-06T04:45:21Z
e_00000f09,u_000013a9,app_open,2026-07-06T05:02:38Z
e_00000e3d,u_000012e9,app_open,2026-07-06T05:44:16Z
e_00000e20,u_000012cc,app_open,2026-07-06T05:50:50Z
e_00000bfe,u_0000107f,app_open,2026-07-06T05:56:01Z
e_00000d8e,u_0000122f,app_open,2026-07-06T06:01:24Z
e_00000dc0,u_0000125a,app_open,2026-07-06T06:04:45Z
e_00000f01,u_0000139e,app_open,2026-07-06T06:24:08Z
e_00000e73,u_00001313,app_open,2026-07-06T07:53:18Z
e_00000da7,u_00001247,app_open,2026-07-06T08:14:35Z
e_00000f08,u_000013a7,app_open,2026-07-06T09:06:20Z
e_00000f1c,u_000013ba,app_open,2026-07-06T09:07:08Z
e_00000f25,u_000013c5,app_open,2026-07-06T10:36:05Z
e_00000c34,u_000010c2,app_open,2026-07-06T10:51:27Z
e_00000efa,u_0000139c,app_open,2026-07-06T11:01:32Z
e_00000efb,u_0000139d,app_open,2026-07-06T11:24:10Z
e_00000f12,u_000013b1,app_open,2026-07-06T11:54:17Z
e_00000e55,u_000012ff,app_open,2026-07-06T11:54:50Z
e_00000f13,u_000013b4,app_open,2026-07-06T12:22:29Z
e_00000f1b,u_000013b7,app_open,2026-07-06T12:56:47Z
e_00000ee8,u_00001383,app_open,2026-07-06T14:49:17Z
e_00000cff,u_0000119a,app_open,2026-07-06T15:09:38Z
e_00000f24,u_000013c2,app_open,2026-07-06T15:21:57Z
e_00000d3b,u_000011df,app_open,2026-07-06T15:27:02Z
e_00000e02,u_000012a4,app_open,2026-07-06T15:57:39Z
e_00000e99,u_0000132f,app_open,2026-07-06T16:09:23Z
e_00000f21,u_000013be,app_open,2026-07-06T16:34:54Z
e_00000f18,u_000013b6,app_open,2026-07-06T17:07:32Z
e_00000f0f,u_000013ac,app_open,2026-07-06T17:21:23Z
e_00000e76,u_00001314,app_open,2026-07-06T17:37:00Z
e_00000f04,u_000013a4,app_open,2026-07-06T18:01:13Z
e_00000e5e,u_00001301,app_open,2026-07-06T18:28:47Z
e_00000dac,u_00001249,app_open,2026-07-06T19:15:20Z
e_00000e28,u_000012d3,app_open,2026-07-06T19:23:24Z
e_00000f1e,u_000013bd,app_open,2026-07-06T19:32:30Z
e_00000e5b,u_00001300,app_open,2026-07-06T20:03:27Z
e_00000e57,u_000012ff,app_open,2026-07-06T20:31:09Z
e_00000f02,u_000013a1,app_open,2026-07-06T20:35:41Z
e_00000ef8,u_00001396,app_open,2026-07-06T20:38:42Z
e_00000f0e,u_000013ab,app_open,2026-07-06T20:47:50Z
e_00000c9e,u_00001128,app_open,2026-07-06T21:03:29Z
e_00000f03,u_000013a3,app_open,2026-07-06T23:24:45Z
e_00000ebf,u_0000135b,app_open,2026-07-07T00:09:22Z
e_00000f47,u_000013e3,app_open,2026-07-07T00:35:17Z
e_00000f67,u_00001401,app_open,2026-07-07T01:38:05Z
e_00000ece,u_00001366,app_open,2026-07-07T02:13:15Z
e_00000f3f,u_000013dc,app_open,2026-07-07T02:41:14Z
e_00000e93,u_0000132d,app_open,2026-07-07T03:14:06Z
e_00000deb,u_0000128e,app_open,2026-07-07T04:00:32Z
e_00000eb1,u_00001350,app_open,2026-07-07T04:11:57Z
e_00000f6c,u_00001409,app_open,2026-07-07T04:12:13Z
e_00000d93,u_00001234,app_open,2026-07-07T04:14:18Z
e_00000eeb,u_00001385,app_open,2026-07-07T04:14:55Z
e_00000f62,u_000013fe,app_open,2026-07-07T04:36:21Z
e_00000f48,u_000013e5,app_open,2026-07-07T06:42:27Z
e_00000f5c,u_000013f5,app_open,2026-07-07T07:05:56Z
e_00000f4f,u_000013ea,app_open,2026-07-07T07:24:20Z
e_00000c62,u_000010ec,app_open,2026-07-07T07:32:35Z
e_00000bfb,u_0000107b,app_open,2026-07-07T08:36:04Z
e_00000f50,u_000013ed,app_open,2026-07-07T08:37:07Z
e_00000e84,u_0000131e,app_open,2026-07-07T08:39:29Z
e_00000f6d,u_0000140b,app_open,2026-07-07T09:13:22Z
e_00000f53,u_000013f0,app_open,2026-07-07T10:03:23Z
e_00000f2b,u_000013ca,app_open,2026-07-07T10:37:59Z
e_00000cef,u_00001186,app_open,2026-07-07T11:25:00Z
e_00000f57,u_000013f4,app_open,2026-07-07T11:52:05Z
e_00000ebe,u_0000135b,app_open,2026-07-07T12:10:38Z
e_00000c96,u_0000111f,app_open,2026-07-07T13:13:49Z
e_00000e90,u_0000132d,app_open,2026-07-07T13:42:20Z
e_00000dcf,u_0000126a,app_open,2026-07-07T13:42:35Z
e_00000f3d,u_000013d8,app_open,2026-07-07T13:56:35Z
e_00000f38,u_000013d7,app_open,2026-07-07T14:06:21Z
e_00000c58,u_000010e6,app_open,2026-07-07T14:06:53Z
e_00000eb7,u_00001354,app_open,2026-07-07T14:31:42Z
e_00000d6f,u_0000120f,app_open,2026-07-07T14:32:37Z
e_00000e45,u_000012ef,app_open,2026-07-07T14:52:01Z
e_00000f41,u_000013df,app_open,2026-07-07T15:13:13Z
e_00000d39,u_000011de,app_open,2026-07-07T15:30:59Z
e_00000f36,u_000013d4,app_open,2026-07-07T15:41:39Z
e_00000efc,u_0000139d,app_open,2026-07-07T16:08:45Z
e_00000df0,u_00001290,app_open,2026-07-07T16:40:33Z
e_00000f30,u_000013ce,app_open,2026-07-07T16:58:32Z
e_00000ded,u_00001290,app_open,2026-07-07T17:08:40Z
e_00000e34,u_000012e6,app_open,2026-07-07T17:25:05Z
e_00000f45,u_000013e0,app_open,2026-07-07T17:29:36Z
e_00000f52,u_000013ef,app_open,2026-07-07T17:38:52Z
e_00000f34,u_000013d1,app_open,2026-07-07T17:45:22Z
e_00000e2b,u_000012d5,app_open,2026-07-07T17:53:17Z
e_00000e1a,u_000012c1,app_open,2026-07-07T17:57:38Z
e_00000f5f,u_000013fa,app_open,2026-07-07T18:05:45Z
e_00000f69,u_00001403,app_open,2026-07-07T18:11:21Z
e_00000e3e,u_000012e9,app_open,2026-07-07T18:15:44Z
e_00000f26,u_000013c7,app_open,2026-07-07T18:41:37Z
e_00000f6a,u_00001406,app_open,2026-07-07T18:57:20Z
e_00000f3e,u_000013da,app_open,2026-07-07T19:01:58Z
e_00000ed5,u_0000136f,app_open,2026-07-07T20:28:57Z
e_00000f0d,u_000013a9,app_open,2026-07-07T20:39:29Z
e_00000f60,u_000013fd,app_open,2026-07-07T20:44:04Z
e_00000e3b,u_000012e9,app_open,2026-07-07T20:50:45Z
e_00000e0b,u_000012aa,app_open,2026-07-07T20:53:47Z
e_00000f5e,u_000013f8,app_open,2026-07-07T21:16:53Z
e_00000f68,u_00001402,app_open,2026-07-07T21:25:12Z
e_00000f40,u_000013de,app_open,2026-07-07T22:02:27Z
e_00000e21,u_000012cc,app_open,2026-07-07T22:20:34Z
e_00000f56,u_000013f2,app_open,2026-07-07T22:54:10Z
e_00000f49,u_000013e7,app_open,2026-07-07T23:19:01Z
e_00000dd0,u_0000126a,app_open,2026-07-07T23:23:07Z
e_00000f2c,u_000013cb,app_open,2026-07-07T23:59:29Z
e_00000f1a,u_000013b6,app_open,2026-07-07T23:59:53Z
e_00000f90,u_0000142b,app_open,2026-07-08T00:14:54Z
e_00000ed0,u_00001366,app_open,2026-07-08T00:23:06Z
e_00000fa8,u_0000143e,app_open,2026-07-08T00:37:27Z
e_00000f73,u_00001411,app_open,2026-07-08T01:18:14Z
e_00000ec8,u_00001365,app_open,2026-07-08T01:27:26Z
e_00000f72,u_0000140f,app_open,2026-07-08T01:34:29Z
e_00000eb3,u_00001350,app_open,2026-07-08T01:53:02Z
e_00000fa0,u_00001439,app_open,2026-07-08T02:00:11Z
e_00000ddf,u_0000127e,app_open,2026-07-08T02:08:38Z
e_00000f75,u_00001416,app_open,2026-07-08T02:35:46Z
e_00000faa,u_00001441,app_open,2026-07-08T02:37:23Z
e_00000e47,u_000012ef,app_open,2026-07-08T03:21:43Z
e_00000d75,u_00001214,app_open,2026-07-08T03:28:51Z
e_00000f7c,u_00001420,app_open,2026-07-08T03:56:40Z
e_00000f74,u_00001413,app_open,2026-07-08T04:51:00Z
e_00000f1f,u_000013bd,app_open,2026-07-08T04:56:45Z
e_00000e0c,u_000012aa,app_open,2026-07-08T05:01:56Z
e_00000f7d,u_00001421,app_open,2026-07-08T05:16:51Z
e_00000e08,u_000012a8,app_open,2026-07-08T05:52:18Z
e_00000f9f,u_00001437,app_open,2026-07-08T05:55:57Z
e_00000f0b,u_000013a9,app_open,2026-07-08T06:16:43Z
e_00000e9d,u_00001334,app_open,2026-07-08T07:03:32Z
e_00000e5d,u_00001301,app_open,2026-07-08T07:23:28Z
e_00000e6a,u_00001307,app_open,2026-07-08T08:17:53Z
e_00000f77,u_0000141a,app_open,2026-07-08T08:28:25Z
e_00000f97,u_00001431,app_open,2026-07-08T10:01:03Z
e_00000e46,u_000012ef,app_open,2026-07-08T10:36:16Z
e_00000e42,u_000012ee,app_open,2026-07-08T10:37:17Z
e_00000ddc,u_0000127c,app_open,2026-07-08T10:48:13Z
e_00000f98,u_00001433,app_open,2026-07-08T11:14:19Z
e_00000fa2,u_0000143c,app_open,2026-07-08T11:51:42Z
e_00000f8b,u_0000142a,app_open,2026-07-08T12:34:57Z
e_00000c55,u_000010e1,app_open,2026-07-08T13:15:03Z
e_00000f83,u_00001424,app_open,2026-07-08T13:31:31Z
e_00000f76,u_00001417,app_open,2026-07-08T13:44:26Z
e_00000e7c,u_00001318,app_open,2026-07-08T13:56:51Z
e_00000f95,u_0000142f,app_open,2026-07-08T14:22:46Z
e_00000f0a,u_000013a9,app_open,2026-07-08T14:53:32Z
e_00000f94,u_0000142d,app_open,2026-07-08T14:59:37Z
e_00000f0c,u_000013a9,app_open,2026-07-08T15:12:20Z
e_00000f43,u_000013df,app_open,2026-07-08T15:12:45Z
e_00000f5a,u_000013f4,app_open,2026-07-08T15:38:30Z
e_00000e85,u_0000131e,app_open,2026-07-08T15:59:22Z
e_00000f9d,u_00001434,app_open,2026-07-08T16:01:16Z
e_00000f71,u_0000140d,app_open,2026-07-08T16:25:18Z
e_00000f7b,u_0000141d,app_open,2026-07-08T16:29:35Z
e_00000efd,u_0000139d,app_open,2026-07-08T16:30:00Z
e_00000e91,u_0000132d,app_open,2026-07-08T16:32:27Z
e_00000e65,u_00001305,app_open,2026-07-08T17:07:16Z
e_00000e8a,u_00001326,app_open,2026-07-08T20:42:05Z
e_00000f85,u_00001426,app_open,2026-07-08T20:45:20Z
e_00000e69,u_00001307,app_open,2026-07-08T21:10:53Z
e_00000eca,u_00001365,app_open,2026-07-08T21:12:44Z
e_00000e48,u_000012ef,app_open,2026-07-08T21:22:24Z
e_00000d0c,u_000011a9,app_open,2026-07-08T22:06:41Z
e_00000f96,u_00001430,app_open,2026-07-08T22:33:30Z
e_00000f8a,u_00001428,app_open,2026-07-08T22:35:11Z
e_00000f1d,u_000013ba,app_open,2026-07-08T22:35:56Z
e_00000c7b,u_00001105,app_open,2026-07-08T23:01:52Z
e_00000edf,u_00001376,app_open,2026-07-08T23:08:40Z
e_00000f84,u_00001425,app_open,2026-07-08T23:19:08Z
e_00000e66,u_00001305,app_open,2026-07-09T00:20:24Z
e_00000fcb,u_00001466,app_open,2026-07-09T00:52:04Z
e_00000fc1,u_0000145a,app_open,2026-07-09T01:18:40Z
e_00000e36,u_000012e6,app_open,2026-07-09T01:29:01Z
e_00000eff,u_0000139d,app_open,2026-07-09T01:48:49Z
e_00000fc3,u_0000145e,app_open,2026-07-09T02:34:48Z
e_00000ef1,u_0000138c,app_open,2026-07-09T02:43:08Z
e_00000fd7,u_00001476,app_open,2026-07-09T03:17:52Z
e_00000e50,u_000012fc,app_open,2026-07-09T04:59:17Z
e_00000ecb,u_00001365,app_open,2026-07-09T05:01:24Z
e_00000fd0,u_0000146f,app_open,2026-07-09T05:11:35Z
e_00000e54,u_000012ff,app_open,2026-07-09T05:24:09Z
e_00000f2a,u_000013c7,app_open,2026-07-09T06:33:14Z
e_00000c6b,u_000010f4,app_open,2026-07-09T06:46:48Z
e_00000e97,u_0000132f,app_open,2026-07-09T07:11:15Z
e_00000fc2,u_0000145d,app_open,2026-07-09T09:46:46Z
e_00000fc4,u_00001460,app_open,2026-07-09T10:14:53Z
e_00000e5f,u_00001301,app_open,2026-07-09T10:21:57Z
e_00000fba,u_00001452,app_open,2026-07-09T10:35:31Z
e_00000fcf,u_0000146c,app_open,2026-07-09T12:27:55Z
e_00000e92,u_0000132d,app_open,2026-07-09T12:51:54Z
e_00000f2d,u_000013cb,app_open,2026-07-09T12:53:56Z
e_00000fdc,u_0000147b,app_open,2026-07-09T13:35:45Z
e_00000fdb,u_00001479,app_open,2026-07-09T13:45:02Z
e_00000e83,u_0000131e,app_open,2026-07-09T14:02:15Z
e_00000efe,u_0000139d,app_open,2026-07-09T15:12:15Z
e_00000e35,u_000012e6,app_open,2026-07-09T15:18:51Z
e_00000fc5,u_00001462,app_open,2026-07-09T16:53:32Z
e_00000fb2,u_00001448,app_open,2026-07-09T17:24:03Z
e_00000e5a,u_00001300,app_open,2026-07-09T17:41:53Z
e_00000fc6,u_00001463,app_open,2026-07-09T17:54:37Z
e_00000fd2,u_00001471,app_open,2026-07-09T18:14:10Z
e_00000fae,u_00001441,app_open,2026-07-09T18:45:43Z
e_00000fb9,u_0000144f,app_open,2026-07-09T18:52:14Z
e_00000fda,u_00001478,app_open,2026-07-09T19:29:12Z
e_00000fbf,u_00001454,app_open,2026-07-09T19:44:59Z
e_00000fb3,u_00001449,app_open,2026-07-09T19:52:42Z
e_00000eec,u_00001385,app_open,2026-07-09T19:54:06Z
e_00000e61,u_00001302,app_open,2026-07-09T20:06:08Z
e_00000e52,u_000012fc,app_open,2026-07-09T20:07:17Z
e_00000fcd,u_00001468,app_open,2026-07-09T20:07:30Z
e_00000fb0,u_00001447,app_open,2026-07-09T21:24:10Z
e_00000faf,u_00001444,app_open,2026-07-09T21:31:52Z
e_00000fc0,u_00001457,app_open,2026-07-09T23:16:36Z
e_00000fb8,u_0000144c,app_open,2026-07-09T23:30:23Z
e_00000fce,u_0000146b,app_open,2026-07-09T23:35:56Z
e_00000f92,u_0000142b,app_open,2026-07-10T00:06:30Z
e_00000fd6,u_00001474,app_open,2026-07-10T00:12:18Z
e_00000e88,u_00001323,app_open,2026-07-10T00:51:56Z
e_00000fa1,u_00001439,app_open,2026-07-10T01:35:51Z
e_00000e74,u_00001313,app_open,2026-07-10T02:07:48Z
e_00000fe3,u_00001487,app_open,2026-07-10T02:19:59Z
e_00000fe1,u_00001483,app_open,2026-07-10T02:33:51Z
e_00000f5b,u_000013f4,app_open,2026-07-10T02:36:04Z
e_00000fac,u_00001441,app_open,2026-07-10T02:46:25Z
e_00000f4a,u_000013e7,app_open,2026-07-10T03:01:49Z
e_00000ffb,u_000014a7,app_open,2026-07-10T03:08:32Z
e_00000ff6,u_0000149f,app_open,2026-07-10T03:13:21Z
e_00000eb8,u_00001354,app_open,2026-07-10T03:13:33Z
e_00000e8b,u_00001326,app_open,2026-07-10T03:42:23Z
e_0000100c,u_000014bb,app_open,2026-07-10T03:58:19Z
e_00000f19,u_000013b6,app_open,2026-07-10T03:58:40Z
e_00000f87,u_00001426,app_open,2026-07-10T04:35:55Z
e_00000ecf,u_00001366,app_open,2026-07-10T04:38:26Z
e_00000fe9,u_0000148d,app_open,2026-07-10T04:46:18Z
e_00000d8b,u_0000122d,app_open,2026-07-10T04:57:03Z
e_00000f4c,u_000013e7,app_open,2026-07-10T05:24:42Z
e_00000fe0,u_00001482,app_open,2026-07-10T05:35:23Z
e_00001004,u_000014b2,app_open,2026-07-10T06:08:36Z
e_00000e56,u_000012ff,app_open,2026-07-10T06:18:07Z
e_00000ff1,u_00001498,app_open,2026-07-10T06:23:57Z
e_00000ee9,u_00001383,app_open,2026-07-10T06:30:26Z
e_00000e3c,u_000012e9,app_open,2026-07-10T06:39:06Z
e_00000ff9,u_000014a6,app_open,2026-07-10T06:44:03Z
e_00000feb,u_00001491,app_open,2026-07-10T06:53:35Z
e_00000e09,u_000012a8,app_open,2026-07-10T09:39:36Z
e_00000f88,u_00001426,app_open,2026-07-10T11:04:54Z
e_00000cdb,u_00001173,app_open,2026-07-10T11:14:26Z
e_00000edc,u_00001373,app_open,2026-07-10T11:14:32Z
e_00000ff4,u_0000149c,app_open,2026-07-10T11:23:32Z
e_00000fff,u_000014a9,app_open,2026-07-10T12:10:49Z
e_00000f15,u_000013b4,app_open,2026-07-10T12:54:20Z
e_00000ff2,u_0000149b,app_open,2026-07-10T14:09:07Z
e_00001006,u_000014b5,app_open,2026-07-10T14:29:21Z
e_00000ec2,u_00001360,app_open,2026-07-10T14:30:30Z
e_00000fed,u_00001497,app_open,2026-07-10T15:28:49Z
e_00000f3a,u_000013d7,app_open,2026-07-10T15:32:18Z
e_00000fd9,u_00001476,app_open,2026-07-10T15:44:18Z
e_00000fe4,u_00001489,app_open,2026-07-10T15:58:50Z
e_00000fe2,u_00001485,app_open,2026-07-10T16:11:37Z
e_00000e43,u_000012ee,app_open,2026-07-10T16:26:52Z
e_00000f91,u_0000142b,app_open,2026-07-10T16:27:43Z
e_00001000,u_000014ac,app_open,2026-07-10T16:28:17Z
e_00000fdf,u_00001481,app_open,2026-07-10T17:00:45Z
e_00000e98,u_0000132f,app_open,2026-07-10T17:17:58Z
e_00000ea1,u_00001336,app_open,2026-07-10T17:34:42Z
e_0000100b,u_000014b8,app_open,2026-07-10T17:50:16Z
e_00000fe8,u_0000148b,app_open,2026-07-10T18:35:21Z
e_00000fdd,u_0000147e,app_open,2026-07-10T18:46:54Z
e_00000f63,u_000013fe,app_open,2026-07-10T19:04:57Z
e_00001002,u_000014b0,app_open,2026-07-10T19:42:10Z
e_00000ff8,u_000014a3,app_open,2026-07-10T19:55:22Z
e_00000f9b,u_00001433,app_open,2026-07-10T19:59:28Z
e_00000fec,u_00001494,app_open,2026-07-10T20:13:14Z
e_00000ff7,u_000014a0,app_open,2026-07-10T20:34:09Z
e_00000fea,u_0000148f,app_open,2026-07-10T21:59:02Z
e_00000ecd,u_00001366,app_open,2026-07-10T22:16:16Z
e_00000fb5,u_00001449,app_open,2026-07-10T22:21:10Z
e_00000ebd,u_0000135b,app_open,2026-07-10T22:25:39Z
e_00001001,u_000014af,app_open,2026-07-10T22:57:58Z
e_00000ed6,u_0000136f,app_open,2026-07-10T23:36:40Z
e_00000eed,u_00001385,app_open,2026-07-10T23:40:37Z
e_00000f6f,u_0000140b,app_open,2026-07-11T00:18:53Z
e_00000eb2,u_00001350,app_open,2026-07-11T00:36:16Z
e_00001039,u_000014f3,app_open,2026-07-11T00:51:43Z
e_00001026,u_000014d4,app_open,2026-07-11T01:06:17Z
e_00000f9a,u_00001433,app_open,2026-07-11T01:22:55Z
e_00000cdf,u_00001178,app_open,2026-07-11T02:02:36Z
e_0000102a,u_000014d5,app_open,2026-07-11T02:23:20Z
e_00000f14,u_000013b4,app_open,2026-07-11T02:28:20Z
e_00000fd3,u_00001471,app_open,2026-07-11T04:06:33Z
e_00001023,u_000014ce,app_open,2026-07-11T04:10:11Z
e_00001031,u_000014e4,app_open,2026-07-11T04:18:20Z
e_00000f17,u_000013b4,app_open,2026-07-11T04:31:18Z
e_0000102b,u_000014d6,app_open,2026-07-11T04:35:13Z
e_00001030,u_000014e2,app_open,2026-07-11T05:01:17Z
e_00000e9e,u_00001334,app_open,2026-07-11T05:02:04Z
e_00001025,u_000014d3,app_open,2026-07-11T05:33:25Z
e_00000f31,u_000013ce,app_open,2026-07-11T05:36:20Z
e_0000103f,u_000014fb,app_open,2026-07-11T06:24:14Z
e_00001035,u_000014ec,app_open,2026-07-11T06:39:06Z
e_0000103e,u_000014fa,app_open,2026-07-11T06:44:42Z
e_00001036,u_000014ed,app_open,2026-07-11T07:01:29Z
e_0000103a,u_000014f6,app_open,2026-07-11T07:14:45Z
e_00000f81,u_00001421,app_open,2026-07-11T08:29:36Z
e_00001043,u_000014fd,app_open,2026-07-11T08:38:28Z
e_00001044,u_00001500,app_open,2026-07-11T08:46:18Z
e_00000dbb,u_00001257,app_open,2026-07-11T08:48:32Z
e_00000e06,u_000012a5,app_open,2026-07-11T09:03:51Z
e_00000da2,u_00001243,app_open,2026-07-11T09:08:58Z
e_00000f29,u_000013c7,app_open,2026-07-11T09:39:20Z
e_00000ee5,u_00001380,app_open,2026-07-11T09:49:26Z
e_00001017,u_000014c8,app_open,2026-07-11T09:52:36Z
e_00001010,u_000014c0,app_open,2026-07-11T10:40:12Z
e_00000f64,u_000013fe,app_open,2026-07-11T11:06:03Z
e_00001038,u_000014f0,app_open,2026-07-11T11:22:34Z
e_0000101e,u_000014cc,app_open,2026-07-11T11:53:57Z
e_0000103c,u_000014f9,app_open,2026-07-11T12:26:07Z
e_00001011,u_000014c3,app_open,2026-07-11T12:28:09Z
e_00000da5,u_00001246,app_open,2026-07-11T13:12:18Z
e_00001024,u_000014d1,app_open,2026-07-11T13:40:19Z
e_0000100d,u_000014bd,app_open,2026-07-11T13:45:00Z
e_0000102d,u_000014dc,app_open,2026-07-11T14:20:43Z
e_00001034,u_000014e9,app_open,2026-07-11T14:24:19Z
e_00000ec9,u_00001365,app_open,2026-07-11T15:06:58Z
e_00001033,u_000014e7,app_open,2026-07-11T15:21:11Z
e_00001018,u_000014c9,app_open,2026-07-11T15:22:11Z
e_00000fab,u_00001441,app_open,2026-07-11T16:20:06Z
e_0000102f,u_000014e0,app_open,2026-07-11T16:21:55Z
e_00000f2e,u_000013cb,app_open,2026-07-11T16:35:33Z
e_00001016,u_000014c5,app_open,2026-07-11T17:05:20Z
e_00001032,u_000014e5,app_open,2026-07-11T17:14:24Z
e_00001037,u_000014ef,app_open,2026-07-11T17:45:31Z
e_0000103b,u_000014f8,app_open,2026-07-11T18:54:45Z
e_0000102e,u_000014de,app_open,2026-07-11T19:02:01Z
e_00000edb,u_00001373,app_open,2026-07-11T19:03:35Z
e_00000f7f,u_00001421,app_open,2026-07-11T21:03:48Z
e_00000f42,u_000013df,app_open,2026-07-11T22:24:51Z
e_00000fa6,u_0000143c,app_open,2026-07-11T22:37:38Z
e_00000f8e,u_0000142a,app_open,2026-07-11T23:37:43Z
e_00000fbd,u_00001452,app_open,2026-07-11T23:53:53Z
e_0000102c,u_000014d9,app_open,2026-07-11T23:55:59Z
e_00000f8f,u_0000142a,app_open,2026-07-12T00:22:26Z
e_00001022,u_000014cd,app_open,2026-07-12T00:31:34Z
e_00000ed7,u_0000136f,app_open,2026-07-12T00:45:47Z
e_00000e7a,u_00001316,app_open,2026-07-12T01:14:42Z
e_00001046,u_00001501,app_open,2026-07-12T01:23:04Z
e_00000f39,u_000013d7,app_open,2026-07-12T02:18:08Z
e_00000f8c,u_0000142a,app_open,2026-07-12T02:26:29Z
e_00000fc7,u_00001463,app_open,2026-07-12T02:48:21Z
e_00000ec3,u_00001360,app_open,2026-07-12T03:13:03Z
e_00001065,u_0000152a,app_open,2026-07-12T03:27:27Z
e_00000f4b,u_000013e7,app_open,2026-07-12T03:47:13Z
e_0000104d,u_0000150b,app_open,2026-07-12T04:44:50Z
e_00001062,u_00001524,app_open,2026-07-12T05:02:38Z
e_0000105f,u_0000151f,app_open,2026-07-12T05:48:04Z
e_00000fad,u_00001441,app_open,2026-07-12T06:53:03Z
e_00000f65,u_000013fe,app_open,2026-07-12T09:40:59Z
e_00000f6e,u_0000140b,app_open,2026-07-12T10:25:32Z
e_0000106d,u_00001535,app_open,2026-07-12T10:47:57Z
e_00000e22,u_000012cc,app_open,2026-07-12T11:03:29Z
e_00000f54,u_000013f0,app_open,2026-07-12T11:10:26Z
e_00000f2f,u_000013cb,app_open,2026-07-12T11:30:23Z
e_00000f89,u_00001426,app_open,2026-07-12T11:40:41Z
e_00001064,u_00001527,app_open,2026-07-12T12:06:37Z
e_00000f55,u_000013f0,app_open,2026-07-12T12:33:51Z
e_00001027,u_000014d4,app_open,2026-07-12T12:34:56Z
e_0000104c,u_00001509,app_open,2026-07-12T12:47:33Z
e_00000f05,u_000013a4,app_open,2026-07-12T12:48:13Z
e_0000105d,u_0000151b,app_open,2026-07-12T13:11:17Z
e_00001070,u_00001537,app_open,2026-07-12T13:23:16Z
e_0000104b,u_00001508,app_open,2026-07-12T13:27:44Z
e_0000104a,u_00001506,app_open,2026-07-12T14:17:01Z
e_0000106c,u_00001532,app_open,2026-07-12T14:28:16Z
e_0000104f,u_0000150c,app_open,2026-07-12T14:51:06Z
e_00001042,u_000014fb,app_open,2026-07-12T14:53:38Z
e_00001055,u_00001517,app_open,2026-07-12T15:12:43Z
e_00000f44,u_000013df,app_open,2026-07-12T16:26:36Z
e_00001068,u_0000152d,app_open,2026-07-12T16:30:47Z
e_00001069,u_0000152f,app_open,2026-07-12T16:36:37Z
e_00000ead,u_0000134a,app_open,2026-07-12T17:03:57Z
e_00000ff0,u_00001497,app_open,2026-07-12T17:40:04Z
e_00000f16,u_000013b4,app_open,2026-07-12T17:44:38Z
e_00001066,u_0000152b,app_open,2026-07-12T17:57:29Z
e_00000d19,u_000011bc,app_open,2026-07-12T17:57:54Z
e_00001051,u_0000150f,app_open,2026-07-12T18:19:47Z
e_00000f93,u_0000142b,app_open,2026-07-12T19:28:12Z
e_00001048,u_00001504,app_open,2026-07-12T20:23:24Z
e_00001061,u_00001523,app_open,2026-07-12T20:26:20Z
e_0000105e,u_0000151d,app_open,2026-07-12T20:38:31Z
e_00000fa3,u_0000143c,app_open,2026-07-12T20:48:13Z
e_00001060,u_00001521,app_open,2026-07-12T21:24:53Z
e_00000fa5,u_0000143c,app_open,2026-07-12T21:42:56Z
e_00001053,u_00001513,app_open,2026-07-12T21:59:23Z
e_00000f9c,u_00001433,app_open,2026-07-12T22:27:25Z
e_00001052,u_00001511,app_open,2026-07-12T22:32:55Z
e_00001054,u_00001514,app_open,2026-07-12T22:41:39Z
e_00000f27,u_000013c7,app_open,2026-07-12T22:44:44Z
e_00001059,u_0000151a,app_open,2026-07-12T22:52:44Z
e_00001063,u_00001526,app_open,2026-07-12T23:19:39Z
e_00001014,u_000014c3,app_open,2026-07-13T03:59:00Z
e_0000100e,u_000014bd,app_open,2026-07-13T04:48:36Z
e_00000f06,u_000013a4,app_open,2026-07-13T05:13:37Z
e_00000fe5,u_00001489,app_open,2026-07-13T05:25:42Z
e_00000f66,u_000013fe,app_open,2026-07-13T06:15:35Z
e_00000f58,u_000013f4,app_open,2026-07-13T06:36:20Z
e_00001015,u_000014c3,app_open,2026-07-13T06:56:32Z
e_00000f3c,u_000013d7,app_open,2026-07-13T07:56:03Z
e_00000f86,u_00001426,app_open,2026-07-13T08:12:33Z
e_00000f3b,u_000013d7,app_open,2026-07-13T08:14:10Z
e_00000f70,u_0000140b,app_open,2026-07-13T10:26:00Z
e_00000fe6,u_00001489,app_open,2026-07-13T10:38:55Z
e_00000f59,u_000013f4,app_open,2026-07-13T13:51:45Z
e_00000ffc,u_000014a7,app_open,2026-07-13T16:23:31Z
e_00000f8d,u_0000142a,app_open,2026-07-13T16:42:50Z
e_00000f7a,u_0000141a,app_open,2026-07-13T16:54:26Z
e_00000fee,u_00001497,app_open,2026-07-13T17:38:34Z
e_00000d9f,u_00001241,app_open,2026-07-13T18:51:07Z
e_00000fd8,u_00001476,app_open,2026-07-13T19:21:27Z
e_00000f28,u_000013c7,app_open,2026-07-13T21:23:32Z
e_00000e1d,u_000012c7,app_open,2026-07-13T22:11:24Z
e_00000d86,u_00001228,app_open,2026-07-13T23:00:10Z
e_00000ef4,u_0000138e,app_open,2026-07-13T23:11:39Z
e_00000fbe,u_00001452,app_open,2026-07-14T00:28:44Z
e_00001040,u_000014fb,app_open,2026-07-14T00:35:54Z
e_00000ea8,u_00001344,app_open,2026-07-14T01:12:32Z
e_00000fa4,u_0000143c,app_open,2026-07-14T01:40:51Z
e_00000fa9,u_0000143e,app_open,2026-07-14T02:07:36Z
e_00000f32,u_000013ce,app_open,2026-07-14T03:03:31Z
e_00001012,u_000014c3,app_open,2026-07-14T05:10:26Z
e_00000f4d,u_000013e7,app_open,2026-07-14T05:55:25Z
e_00000fcc,u_00001466,app_open,2026-07-14T07:16:38Z
e_0000101c,u_000014c9,app_open,2026-07-14T09:28:32Z
e_00000ffd,u_000014a7,app_open,2026-07-14T10:27:47Z
e_00000e10,u_000012ae,app_open,2026-07-14T12:40:04Z
e_00000fbb,u_00001452,app_open,2026-07-14T17:51:44Z
e_00000f9e,u_00001434,app_open,2026-07-14T18:13:06Z
e_00000f80,u_00001421,app_open,2026-07-14T18:30:00Z
e_00000fc8,u_00001463,app_open,2026-07-14T19:37:46Z
e_00001020,u_000014cc,app_open,2026-07-14T19:50:44Z
e_0000101a,u_000014c9,app_open,2026-07-14T21:18:00Z
e_00000f79,u_0000141a,app_open,2026-07-14T22:31:06Z
e_00000f7e,u_00001421,app_open,2026-07-14T23:48:08Z
e_00000f78,u_0000141a,app_open,2026-07-15T00:06:26Z
e_00001058,u_00001517,app_open,2026-07-15T01:35:02Z
e_0000100a,u_000014b5,app_open,2026-07-15T02:08:59Z
e_00000f99,u_00001433,app_open,2026-07-15T03:44:13Z
e_00000fb4,u_00001449,app_open,2026-07-15T05:29:31Z
e_00000fb6,u_00001449,app_open,2026-07-15T06:10:29Z
e_00000fc9,u_00001463,app_open,2026-07-15T06:24:19Z
e_00001008,u_000014b5,app_open,2026-07-15T09:51:39Z
e_00000fca,u_00001463,app_open,2026-07-15T09:51:51Z
e_00000fd5,u_00001471,app_open,2026-07-15T10:45:39Z
e_00000e94,u_0000132d,app_open,2026-07-15T12:06:59Z
e_00001021,u_000014cc,app_open,2026-07-15T14:22:46Z
e_00000ff3,u_0000149b,app_open,2026-07-15T15:29:33Z
e_00000e6c,u_0000130a,app_open,2026-07-15T16:08:43Z
e_0000101b,u_000014c9,app_open,2026-07-15T16:58:35Z
e_00000fbc,u_00001452,app_open,2026-07-15T19:09:07Z
e_00001007,u_000014b5,app_open,2026-07-15T21:17:58Z
e_00000ffe,u_000014a7,app_open,2026-07-15T22:21:33Z
e_00001013,u_000014c3,app_open,2026-07-15T22:35:26Z
e_00000fd4,u_00001471,app_open,2026-07-16T01:07:16Z
e_00000fe7,u_00001489,app_open,2026-07-16T06:26:09Z
e_00001028,u_000014d4,app_open,2026-07-16T08:17:37Z
e_00000fb7,u_00001449,app_open,2026-07-16T09:03:37Z
e_00000e67,u_00001305,app_open,2026-07-16T09:43:33Z
e_00001049,u_00001504,app_open,2026-07-16T11:36:54Z
e_00001041,u_000014fb,app_open,2026-07-16T18:22:22Z
e_00000fde,u_0000147e,app_open,2026-07-16T19:22:24Z
e_00000f33,u_000013ce,app_open,2026-07-16T20:56:10Z
e_0000101f,u_000014cc,app_open,2026-07-16T22:46:13Z
e_00000f00,u_0000139d,app_open,2026-07-17T00:35:21Z
e_00000fef,u_00001497,app_open,2026-07-17T01:37:18Z
e_00000e31,u_000012e2,app_open,2026-07-17T02:05:13Z
e_0000106a,u_0000152f,app_open,2026-07-17T06:06:03Z
e_00001009,u_000014b5,app_open,2026-07-17T08:42:09Z
e_00000f46,u_000013e0,app_open,2026-07-17T12:14:48Z
e_0000106f,u_00001535,app_open,2026-07-17T13:59:50Z
e_00000e6e,u_0000130b,app_open,2026-07-17T15:07:38Z
e_00001045,u_00001500,app_open,2026-07-17T15:41:23Z
e_0000104e,u_0000150b,app_open,2026-07-17T15:42:32Z
e_00001029,u_000014d4,app_open,2026-07-17T18:58:12Z
e_00000f61,u_000013fd,app_open,2026-07-17T21:13:35Z
e_00000f82,u_00001421,app_open,2026-07-17T21:59:13Z
e_00000f5d,u_000013f5,app_open,2026-07-17T22:34:20Z
e_00000f4e,u_000013e7,app_open,2026-07-18T04:15:09Z
e_00001019,u_000014c9,app_open,2026-07-18T04:40:36Z
e_00000ec5,u_00001362,app_open,2026-07-18T06:04:46Z
e_00000f23,u_000013c1,app_open,2026-07-18T06:24:12Z
e_00000f6b,u_00001406,app_open,2026-07-18T06:29:09Z
e_00001057,u_00001517,app_open,2026-07-18T08:36:53Z
e_0000105c,u_0000151a,app_open,2026-07-18T16:59:52Z
e_00001056,u_00001517,app_open,2026-07-19T03:38:35Z
e_0000106b,u_0000152f,app_open,2026-07-19T04:10:06Z
e_0000106e,u_00001535,app_open,2026-07-19T05:44:27Z
e_0000105a,u_0000151a,app_open,2026-07-19T07:47:48Z
e_00000fa7,u_0000143c,app_open,2026-07-19T08:26:19Z
e_00001050,u_0000150c,app_open,2026-07-19T08:27:59Z
e_00000f37,u_000013d4,app_open,2026-07-19T09:26:05Z
e_0000105b,u_0000151a,app_open,2026-07-19T10:44:36Z
e_00000e9b,u_00001331,app_open,2026-07-19T12:43:50Z
e_00000f20,u_000013bd,app_open,2026-07-19T15:51:40Z
e_00000f11,u_000013ae,app_open,2026-07-19T17:20:47Z
e_00001047,u_00001501,app_open,2026-07-20T03:07:43Z
e_00000ed8,u_0000136f,app_open,2026-07-20T04:20:48Z
e_00000fb1,u_00001447,app_open,2026-07-21T12:43:53Z
e_00000f51,u_000013ed,app_open,2026-07-21T12:47:37Z
e_00000f35,u_000013d1,app_open,2026-07-21T14:40:43Z
e_00001003,u_000014b0,app_open,2026-07-21T15:31:27Z
e_00001071,u_00001537,app_open,2026-07-21T21:26:06Z
e_0000100f,u_000014bd,app_open,2026-07-21T21:50:28Z
e_00001067,u_0000152b,app_open,2026-07-22T03:55:06Z
e_00001005,u_000014b2,app_open,2026-07-22T13:55:29Z
e_00000ff5,u_0000149c,app_open,2026-07-22T17:36:28Z
e_00000fd1,u_0000146f,app_open,2026-07-23T08:37:41Z
e_0000103d,u_000014f9,app_open,2026-07-23T19:26:26Z
e_0000101d,u_000014c9,app_open,2026-07-24T06:07:52Z
e_00000ffa,u_000014a6,app_open,2026-07-24T19:57:27Z
