event_id,user_id,event,timestamp
e_00000005,u_000003f1,app_open,2026-05-01T00:12:02Z
e_00000030,u_00000418,app_open,2026-05-01T00:42:26Z
e_00000001,u_000003ea,app_open,2026-05-01T01:12:58Z
e_00000011,u_000003fd,app_open,2026-05-01T01:13:12Z
e_0000001e,u_00000409,app_open,2026-05-01T03:17:04Z
e_0000000d,u_000003fb,app_open,2026-05-01T03:59:12Z
e_00000013,u_00000400,app_open,2026-05-01T04:05:12Z
e_00000012,u_000003fe,app_open,2026-05-01T05:19:15Z
e_00000025,u_00000410,app_open,2026-05-01T06:12:19Z
e_00000021,u_0000040b,app_open,2026-05-01T06:20:52Z
e_00000008,u_000003f4,app_open,2026-05-01T06:43:00Z
e_00000016,u_00000402,app_open,2026-05-01T07:04:05Z
e_00000031,u_00000419,app_open,2026-05-01T07:24:28Z
e_00000002,u_000003eb,app_open,2026-05-01T08:24:13Z
e_00000017,u_00000403,app_open,2026-05-01T10:18:26Z
e_00000014,u_00000401,app_open,2026-05-01T11:19:50Z
e_00000024,u_0000040e,app_open,2026-05-01T11:53:14Z
e_0000002f,u_00000416,app_open,2026-05-01T12:30:05Z
e_00000029,u_00000412,app_open,2026-05-01T13:24:33Z
e_00000004,u_000003ee,app_open,2026-05-01T16:05:10Z
e_0000000b,u_000003f6,app_open,2026-05-01T16:09:38Z
e_0000000e,u_000003fc,app_open,2026-05-01T17:03:13Z
e_00000019,u_00000407,app_open,2026-05-01T17:03:49Z
e_00000018,u_00000406,app_open,2026-05-01T17:31:38Z
e_00000003,u_000003ec,app_open,2026-05-01T17:51:32Z
e_0000002e,u_00000413,app_open,2026-05-01T18:09:12Z
e_00000032,u_0000041a,app_open,2026-05-01T23:34:14Z
e_0000000c,u_000003f8,app_open,2026-05-02T00:05:51Z
e_00000057,u_00000446,app_open,2026-05-02T02:17:16Z
e_00000064,u_00000452,app_open,2026-05-02T03:23:13Z
e_0000003c,u_0000042a,app_open,2026-05-02T03:52:56Z
e_0000005b,u_00000449,app_open,2026-05-02T04:05:19Z
e_0000005a,u_00000448,app_open,2026-05-02T04:14:08Z
e_00000053,u_0000043f,app_open,2026-05-02T04:47:54Z
e_00000062,u_0000044d,app_open,2026-05-02T05:10:03Z
e_00000037,u_0000041e,app_open,2026-05-02T05:28:35Z
e_00000041,u_00000430,app_open,2026-05-02T05:44:22Z
e_0000003e,u_0000042b,app_open,2026-05-02T06:23:34Z
e_00000047,u_00000434,app_open,2026-05-02T06:46:28Z
e_0000005e,u_0000044c,app_open,2026-05-02T08:20:32Z
e_00000054,u_00000440,app_open,2026-05-02T08:23:16Z
e_00000052,u_0000043c,app_open,2026-05-02T08:43:10Z
e_00000034,u_0000041b,app_open,2026-05-02T08:51:38Z
e_00000073,u_00000460,app_open,2026-05-02T09:06:40Z
e_0000003b,u_00000427,app_open,2026-05-02T09:34:18Z
e_00000038,u_00000420,app_open,2026-05-02T12:24:58Z
e_00000039,u_00000422,app_open,2026-05-02T12:27:53Z
e_00000072,u_0000045e,app_open,2026-05-02T13:00:09Z
e_00000051,u_00000439,app_open,2026-05-02T13:29:58Z
e_00000007,u_000003f1,app_open,2026-05-02T13:34:49Z
e_0000004e,u_00000436,app_open,2026-05-02T14:09:53Z
e_00000028,u_00000410,app_open,2026-05-02T14:38:20Z
e_00000023,u_0000040b,app_open,2026-05-02T15:02:42Z
e_0000004d,u_00000435,app_open,2026-05-02T15:49:22Z
e_0000006e,u_0000045a,app_open,2026-05-02T16:18:34Z
e_00000055,u_00000441,app_open,2026-05-02T16:56:23Z
e_0000006d,u_00000458,app_open,2026-05-02T16:57:31Z
e_0000006a,u_00000454,app_open,2026-05-02T17:54:26Z
e_00000056,u_00000444,app_open,2026-05-02T20:17:59Z
e_00000071,u_0000045b,app_open,2026-05-02T20:27:24Z
e_00000040,u_0000042d,app_open,2026-05-02T20:34:50Z
e_0000003a,u_00000425,app_open,2026-05-02T20:40:18Z
e_0000005c,u_0000044b,app_open,2026-05-02T20:48:53Z
e_0000006b,u_00000456,app_open,2026-05-02T21:03:13Z
e_00000068,u_00000453,app_open,2026-05-02T21:07:33Z
e_00000046,u_00000433,app_open,2026-05-02T21:46:39Z
e_00000022,u_0000040b,app_open,2026-05-02T22:01:32Z
e_0000001c,u_00000407,app_open,2026-05-02T22:10:02Z
e_00000063,u_00000450,app_open,2026-05-02T23:17:19Z
e_00000077,u_00000465,app_open,2026-05-03T00:37:02Z
e_0000000f,u_000003fc,app_open,2026-05-03T01:41:55Z
e_00000078,u_00000468,app_open,2026-05-03T02:24:04Z
e_00000099,u_0000048f,app_open,2026-05-03T05:41:15Z
e_0000002c,u_00000412,app_open,2026-05-03T07:29:17Z
e_0000007a,u_0000046a,app_open,2026-05-03T08:50:17Z
e_0000008c,u_0000047c,app_open,2026-05-03T09:22:20Z
e_00000033,u_0000041a,app_open,2026-05-03T09:56:06Z
e_00000089,u_0000047a,app_open,2026-05-03T10:04:15Z
e_00000060,u_0000044c,app_open,2026-05-03T10:19:40Z
e_0000008b,u_0000047b,app_open,2026-05-03T10:36:17Z
e_0000009b,u_00000493,app_open,2026-05-03T10:39:56Z
e_000000a2,u_0000049e,app_open,2026-05-03T11:16:55Z
e_000000a3,u_000004a0,app_open,2026-05-03T12:39:24Z
e_00000079,u_00000469,app_open,2026-05-03T12:50:58Z
e_00000076,u_00000463,app_open,2026-05-03T13:10:55Z
e_0000009e,u_00000495,app_open,2026-05-03T14:43:17Z
e_0000009a,u_00000490,app_open,2026-05-03T14:59:57Z
e_00000098,u_0000048c,app_open,2026-05-03T15:12:08Z
e_00000085,u_00000474,app_open,2026-05-03T15:26:03Z
e_00000097,u_0000048b,app_open,2026-05-03T15:38:21Z
e_00000096,u_00000489,app_open,2026-05-03T16:03:48Z
e_00000093,u_00000480,app_open,2026-05-03T16:16:42Z
e_00000081,u_00000472,app_open,2026-05-03T16:47:00Z
e_0000008d,u_0000047e,app_open,2026-05-03T17:41:56Z
e_0000007f,u_0000046d,app_open,2026-05-03T17:46:45Z
e_0000009f,u_00000498,app_open,2026-05-03T18:10:47Z
e_0000001b,u_00000407,app_open,2026-05-03T18:13:53Z
e_00000086,u_00000476,app_open,2026-05-03T18:42:07Z
e_00000094,u_00000483,app_open,2026-05-03T19:11:32Z
e_0000006f,u_0000045a,app_open,2026-05-03T19:18:51Z
e_00000036,u_0000041b,app_open,2026-05-03T20:10:12Z
e_00000058,u_00000446,app_open,2026-05-03T21:04:27Z
e_0000002b,u_00000412,app_open,2026-05-03T21:27:01Z
e_00000042,u_00000430,app_open,2026-05-03T21:54:31Z
e_000000a1,u_0000049b,app_open,2026-05-03T22:38:37Z
e_00000095,u_00000486,app_open,2026-05-03T22:59:35Z
e_00000080,u_0000046f,app_open,2026-05-04T00:01:48Z
e_00000087,u_00000478,app_open,2026-05-04T00:07:05Z
e_000000c0,u_000004c7,app_open,2026-05-04T01:41:04Z
e_000000c9,u_000004d5,app_open,2026-05-04T02:15:23Z
e_000000b7,u_000004be,app_open,2026-05-04T02:55:56Z
e_000000ae,u_000004ae,app_open,2026-05-04T03:55:49Z
e_000000cb,u_000004d8,app_open,2026-05-04T04:12:22Z
e_000000b2,u_000004b6,app_open,2026-05-04T05:38:37Z
e_000000a5,u_000004a2,app_open,2026-05-04T06:34:06Z
e_000000ca,u_000004d7,app_open,2026-05-04T06:52:15Z
e_000000b4,u_000004ba,app_open,2026-05-04T06:52:34Z
e_000000c5,u_000004d0,app_open,2026-05-04T07:27:21Z
e_0000002d,u_00000412,app_open,2026-05-04T08:53:17Z
e_000000b9,u_000004c1,app_open,2026-05-04T09:00:54Z
e_00000035,u_0000041b,app_open,2026-05-04T10:12:16Z
e_000000af,u_000004af,app_open,2026-05-04T10:56:49Z
e_000000b8,u_000004c0,app_open,2026-05-04T11:14:04Z
e_000000ad,u_000004ad,app_open,2026-05-04T11:55:37Z
e_00000044,u_00000430,app_open,2026-05-04T14:54:31Z
e_000000c3,u_000004cc,app_open,2026-05-04T14:57:50Z
e_000000bf,u_000004c6,app_open,2026-05-04T15:04:40Z
e_000000c2,u_000004c9,app_open,2026-05-04T15:54:13Z
e_0000000a,u_000003f4,app_open,2026-05-04T16:57:11Z
e_000000a4,u_000004a1,app_open,2026-05-04T17:05:31Z
e_000000c8,u_000004d3,app_open,2026-05-04T17:54:59Z
e_000000b5,u_000004bc,app_open,2026-05-04T19:10:33Z
e_000000c1,u_000004c8,app_open,2026-05-04T19:19:21Z
e_000000a6,u_000004a5,app_open,2026-05-04T19:35:51Z
e_000000cf,u_000004d9,app_open,2026-05-04T19:52:36Z
e_00000020,u_00000409,app_open,2026-05-04T20:05:32Z
e_000000b3,u_000004b7,app_open,2026-05-04T20:29:37Z
e_000000ab,u_000004ab,app_open,2026-05-04T21:18:45Z
e_000000a9,u_000004a8,app_open,2026-05-04T21:24:48Z
e_000000ba,u_000004c3,app_open,2026-05-04T21:25:25Z
e_000000b0,u_000004b2,app_open,2026-05-04T23:23:37Z
e_000000aa,u_000004a9,app_open,2026-05-04T23:37:12Z
e_000000b1,u_000004b4,app_open,2026-05-05T00:14:19Z
e_000000c4,u_000004ce,app_open,2026-05-05T00:17:42Z
e_000000eb,u_000004f8,app_open,2026-05-05T02:53:37Z
e_000000f3,u_000004fe,app_open,2026-05-05T03:06:05Z
e_000000ea,u_000004f7,app_open,2026-05-05T03:49:26Z
e_000000f2,u_000004fd,app_open,2026-05-05T04:01:22Z
e_00000091,u_0000047e,app_open,2026-05-05T05:31:05Z
e_0000009c,u_00000493,app_open,2026-05-05T06:18:56Z
e_000000e9,u_000004f5,app_open,2026-05-05T06:41:10Z
e_000000f9,u_00000503,app_open,2026-05-05T06:59:32Z
e_00000083,u_00000472,app_open,2026-05-05T07:49:33Z
e_000000d0,u_000004dc,app_open,2026-05-05T07:55:01Z
e_000000fd,u_00000504,app_open,2026-05-05T08:14:06Z
e_00000006,u_000003f1,app_open,2026-05-05T08:44:08Z
e_000000d2,u_000004df,app_open,2026-05-05T10:54:42Z
e_000000e4,u_000004f3,app_open,2026-05-05T11:30:02Z
e_000000df,u_000004ee,app_open,2026-05-05T11:43:45Z
e_000000dd,u_000004ec,app_open,2026-05-05T11:51:50Z
e_000000d7,u_000004e4,app_open,2026-05-05T12:24:55Z
e_000000ed,u_000004f9,app_open,2026-05-05T14:42:56Z
e_00000045,u_00000430,app_open,2026-05-05T14:50:10Z
e_000000e2,u_000004ef,app_open,2026-05-05T15:31:43Z
e_000000d3,u_000004e1,app_open,2026-05-05T15:34:32Z
e_000000e3,u_000004f2,app_open,2026-05-05T16:26:24Z
e_000000d4,u_000004e2,app_open,2026-05-05T18:07:11Z
e_000000f4,u_00000501,app_open,2026-05-05T19:55:37Z
e_000000ef,u_000004fb,app_open,2026-05-05T22:50:11Z
e_000000dc,u_000004e9,app_open,2026-05-05T22:59:40Z
e_000000d8,u_000004e5,app_open,2026-05-05T23:07:12Z
e_000000fe,u_00000507,app_open,2026-05-05T23:35:50Z
e_000000d5,u_000004e3,app_open,2026-05-06T00:05:46Z
e_000000d9,u_000004e8,app_open,2026-05-06T00:11:24Z
e_0000012a,u_0000053b,app_open,2026-05-06T00:14:27Z
e_00000074,u_00000460,app_open,2026-05-06T00:28:47Z
e_0000012f,u_0000053d,app_open,2026-05-06T00:57:35Z
e_00000134,u_00000540,app_open,2026-05-06T01:26:29Z
e_00000116,u_00000529,app_open,2026-05-06T01:42:53Z
e_00000110,u_00000526,app_open,2026-05-06T01:52:43Z
e_00000015,u_00000401,app_open,2026-05-06T02:52:26Z
e_00000123,u_00000533,app_open,2026-05-06T03:04:33Z
e_000000ff,u_00000509,app_open,2026-05-06T03:40:04Z
e_0000010c,u_00000522,app_open,2026-05-06T03:53:11Z
e_0000010e,u_00000524,app_open,2026-05-06T03:59:57Z
e_00000065,u_00000452,app_open,2026-05-06T05:56:55Z
e_00000108,u_0000051d,app_open,2026-05-06T06:29:44Z
e_00000120,u_0000052d,app_open,2026-05-06T07:27:03Z
e_000000bb,u_000004c3,app_open,2026-05-06T08:57:27Z
e_00000066,u_00000452,app_open,2026-05-06T08:59:25Z
e_0000005d,u_0000044b,app_open,2026-05-06T09:09:17Z
e_00000119,u_0000052a,app_open,2026-05-06T09:36:46Z
e_000000e7,u_000004f3,app_open,2026-05-06T11:28:34Z
e_00000107,u_0000051a,app_open,2026-05-06T11:50:14Z
e_00000122,u_00000531,app_open,2026-05-06T12:02:52Z
e_0000007c,u_0000046a,app_open,2026-05-06T12:16:22Z
e_00000137,u_00000547,app_open,2026-05-06T12:56:44Z
e_00000121,u_0000052f,app_open,2026-05-06T13:11:30Z
e_0000004b,u_00000434,app_open,2026-05-06T13:56:28Z
e_00000104,u_00000513,app_open,2026-05-06T14:08:02Z
e_0000011b,u_0000052b,app_open,2026-05-06T14:11:30Z
e_00000027,u_00000410,app_open,2026-05-06T14:24:14Z
e_00000026,u_00000410,app_open,2026-05-06T14:37:23Z
e_0000013d,u_0000054c,app_open,2026-05-06T14:49:44Z
e_00000103,u_00000511,app_open,2026-05-06T15:04:26Z
e_0000004f,u_00000436,app_open,2026-05-06T15:32:09Z
e_0000013c,u_00000549,app_open,2026-05-06T16:01:12Z
e_00000102,u_0000050f,app_open,2026-05-06T17:13:05Z
e_00000135,u_00000543,app_open,2026-05-06T17:20:22Z
e_00000125,u_00000537,app_open,2026-05-06T17:20:33Z
e_00000124,u_00000536,app_open,2026-05-06T17:33:50Z
e_0000010b,u_00000520,app_open,2026-05-06T17:34:56Z
e_0000010a,u_0000051e,app_open,2026-05-06T19:19:31Z
e_00000115,u_00000527,app_open,2026-05-06T20:27:17Z
e_00000100,u_0000050c,app_open,2026-05-06T20:53:44Z
e_00000136,u_00000544,app_open,2026-05-06T21:11:33Z
e_000000f5,u_00000501,app_open,2026-05-06T21:46:14Z
e_00000105,u_00000516,app_open,2026-05-06T21:48:40Z
e_0000001d,u_00000407,app_open,2026-05-06T21:50:53Z
e_0000002a,u_00000412,app_open,2026-05-06T22:54:44Z
e_00000101,u_0000050e,app_open,2026-05-06T23:15:37Z
e_00000127,u_00000538,app_open,2026-05-07T00:08:01Z
e_00000106,u_00000519,app_open,2026-05-07T00:13:01Z
e_000000fa,u_00000503,app_open,2026-05-07T01:05:02Z
e_00000168,u_00000577,app_open,2026-05-07T01:13:23Z
e_0000015a,u_00000569,app_open,2026-05-07T02:09:34Z
e_000000c6,u_000004d0,app_open,2026-05-07T02:15:28Z
e_00000176,u_0000058a,app_open,2026-05-07T02:25:32Z
e_0000016d,u_00000580,app_open,2026-05-07T03:17:40Z
e_0000014f,u_0000055d,app_open,2026-05-07T03:24:34Z
e_00000150,u_00000560,app_open,2026-05-07T04:27:05Z
e_0000016e,u_00000581,app_open,2026-05-07T05:27:44Z
e_00000148,u_00000555,app_open,2026-05-07T05:36:44Z
e_0000016b,u_0000057a,app_open,2026-05-07T07:43:55Z
e_00000130,u_0000053d,app_open,2026-05-07T09:03:22Z
e_0000015e,u_0000056f,app_open,2026-05-07T09:04:49Z
e_00000165,u_00000575,app_open,2026-05-07T09:17:37Z
e_0000015d,u_0000056d,app_open,2026-05-07T09:35:12Z
e_00000159,u_00000567,app_open,2026-05-07T09:44:49Z
e_00000174,u_00000586,app_open,2026-05-07T10:14:19Z
e_0000013f,u_00000550,app_open,2026-05-07T10:18:25Z
e_0000001a,u_00000407,app_open,2026-05-07T10:20:11Z
e_00000082,u_00000472,app_open,2026-05-07T10:38:39Z
e_0000013e,u_0000054f,app_open,2026-05-07T10:40:52Z
e_0000004a,u_00000434,app_open,2026-05-07T11:03:32Z
e_00000153,u_00000565,app_open,2026-05-07T11:07:33Z
e_0000016f,u_00000584,app_open,2026-05-07T11:32:57Z
e_0000003d,u_0000042a,app_open,2026-05-07T11:40:39Z
e_00000067,u_00000452,app_open,2026-05-07T12:05:13Z
e_00000149,u_00000557,app_open,2026-05-07T12:33:16Z
e_0000012e,u_0000053b,app_open,2026-05-07T13:45:33Z
e_0000016c,u_0000057d,app_open,2026-05-07T13:56:16Z
e_00000161,u_00000573,app_open,2026-05-07T14:22:33Z
e_000000f8,u_00000501,app_open,2026-05-07T14:59:21Z
e_0000007d,u_0000046a,app_open,2026-05-07T16:08:09Z
e_0000015c,u_0000056b,app_open,2026-05-07T16:18:23Z
e_00000144,u_00000553,app_open,2026-05-07T16:43:55Z
e_0000015f,u_00000572,app_open,2026-05-07T16:47:59Z
e_00000169,u_00000578,app_open,2026-05-07T17:26:16Z
e_00000009,u_000003f4,app_open,2026-05-07T17:51:48Z
e_0000014e,u_0000055a,app_open,2026-05-07T18:01:33Z
e_00000154,u_00000566,app_open,2026-05-07T18:20:21Z
e_00000050,u_00000436,app_open,2026-05-07T18:55:55Z
e_00000048,u_00000434,app_open,2026-05-07T19:05:11Z
e_0000016a,u_00000579,app_open,2026-05-07T19:18:52Z
e_0000001f,u_00000409,app_open,2026-05-07T20:52:54Z
e_00000151,u_00000562,app_open,2026-05-07T21:02:07Z
e_000000a7,u_000004a5,app_open,2026-05-07T21:13:13Z
e_00000162,u_00000574,app_open,2026-05-07T21:21:23Z
e_000000cd,u_000004d8,app_open,2026-05-07T21:39:37Z
e_00000175,u_00000587,app_open,2026-05-07T22:04:59Z
e_00000049,u_00000434,app_open,2026-05-08T00:49:56Z
e_00000187,u_0000059e,app_open,2026-05-08T00:53:21Z
e_0000019f,u_000005b2,app_open,2026-05-08T01:22:25Z
e_00000190,u_000005a5,app_open,2026-05-08T01:49:03Z
e_0000012c,u_0000053b,app_open,2026-05-08T02:21:13Z
e_000001ae,u_000005be,app_open,2026-05-08T02:32:41Z
e_000001a2,u_000005b3,app_open,2026-05-08T03:26:09Z
e_00000133,u_0000053d,app_open,2026-05-08T03:26:12Z
e_000001ad,u_000005bb,app_open,2026-05-08T04:21:50Z
e_000001bd,u_000005c8,app_open,2026-05-08T05:58:48Z
e_00000185,u_00000598,app_open,2026-05-08T06:02:11Z
e_00000043,u_00000430,app_open,2026-05-08T06:25:05Z
e_0000011e,u_0000052b,app_open,2026-05-08T06:39:25Z
e_000000f7,u_00000501,app_open,2026-05-08T07:56:58Z
e_0000005f,u_0000044c,app_open,2026-05-08T08:16:39Z
e_0000008f,u_0000047e,app_open,2026-05-08T08:26:21Z
e_0000019d,u_000005ad,app_open,2026-05-08T08:36:32Z
e_000001a8,u_000005b6,app_open,2026-05-08T08:45:51Z
e_00000194,u_000005a7,app_open,2026-05-08T09:43:08Z
e_00000075,u_00000460,app_open,2026-05-08T09:58:15Z
e_000001aa,u_000005b7,app_open,2026-05-08T11:29:03Z
e_00000059,u_00000446,app_open,2026-05-08T11:45:47Z
e_00000090,u_0000047e,app_open,2026-05-08T12:39:00Z
e_000001b6,u_000005c1,app_open,2026-05-08T13:15:14Z
e_0000009d,u_00000493,app_open,2026-05-08T14:47:30Z
e_000000f1,u_000004fb,app_open,2026-05-08T15:04:57Z
e_0000017d,u_00000590,app_open,2026-05-08T16:10:21Z
e_00000131,u_0000053d,app_open,2026-05-08T16:12:19Z
e_000001bc,u_000005c5,app_open,2026-05-08T16:31:14Z
e_0000017e,u_00000593,app_open,2026-05-08T17:15:08Z
e_00000126,u_00000537,app_open,2026-05-08T17:29:29Z
e_000000fb,u_00000503,app_open,2026-05-08T19:01:17Z
e_0000019e,u_000005af,app_open,2026-05-08T19:03:03Z
e_00000196,u_000005a9,app_open,2026-05-08T19:08:13Z
e_0000018d,u_000005a1,app_open,2026-05-08T19:09:32Z
e_00000181,u_00000596,app_open,2026-05-08T20:11:42Z
e_000000c7,u_000004d0,app_open,2026-05-08T20:24:36Z
e_00000070,u_0000045a,app_open,2026-05-08T20:39:19Z
e_0000018c,u_0000059f,app_open,2026-05-08T20:51:12Z
e_0000007b,u_0000046a,app_open,2026-05-08T21:17:01Z
e_000001b7,u_000005c4,app_open,2026-05-08T21:22:17Z
e_000001b3,u_000005bf,app_open,2026-05-08T21:30:16Z
e_000001a3,u_000005b4,app_open,2026-05-08T21:33:30Z
e_00000183,u_00000597,app_open,2026-05-08T21:54:10Z
e_00000166,u_00000575,app_open,2026-05-08T22:13:08Z
e_00000178,u_0000058d,app_open,2026-05-08T22:21:57Z
e_00000186,u_0000059b,app_open,2026-05-08T22:35:26Z
e_00000198,u_000005ab,app_open,2026-05-08T23:00:47Z
e_0000018f,u_000005a4,app_open,2026-05-08T23:04:09Z
e_000001ac,u_000005b8,app_open,2026-05-09T00:13:12Z
e_000001f5,u_00000607,app_open,2026-05-09T00:53:36Z
e_000001d3,u_000005e5,app_open,2026-05-09T01:13:20Z
e_000001d1,u_000005e2,app_open,2026-05-09T01:21:01Z
e_000001e1,u_000005f3,app_open,2026-05-09T02:09:25Z
e_000001d0,u_000005e0,app_open,2026-05-09T02:56:54Z
e_0000012b,u_0000053b,app_open,2026-05-09T03:22:11Z
e_000001f3,u_00000602,app_open,2026-05-09T04:17:45Z
e_000001f0,u_00000600,app_open,2026-05-09T04:38:45Z
e_000001d4,u_000005e7,app_open,2026-05-09T06:23:58Z
e_000000e0,u_000004ee,app_open,2026-05-09T06:31:31Z
e_000001e6,u_000005f5,app_open,2026-05-09T06:42:22Z
e_000001c2,u_000005cf,app_open,2026-05-09T07:30:42Z
e_000001c4,u_000005d3,app_open,2026-05-09T07:32:35Z
e_000001ca,u_000005da,app_open,2026-05-09T07:49:04Z
e_000001e4,u_000005f4,app_open,2026-05-09T07:57:22Z
e_00000117,u_00000529,app_open,2026-05-09T08:09:15Z
e_00000113,u_00000526,app_open,2026-05-09T08:36:56Z
e_000000ce,u_000004d8,app_open,2026-05-09T08:39:50Z
e_000000fc,u_00000503,app_open,2026-05-09T08:47:20Z
e_000001c9,u_000005d7,app_open,2026-05-09T09:02:50Z
e_000000f6,u_00000501,app_open,2026-05-09T09:06:58Z
e_000001e7,u_000005f7,app_open,2026-05-09T09:22:43Z
e_00000129,u_00000538,app_open,2026-05-09T09:38:32Z
e_00000157,u_00000566,app_open,2026-05-09T10:12:28Z
e_000000ac,u_000004ab,app_open,2026-05-09T10:27:15Z
e_000001e8,u_000005fa,app_open,2026-05-09T11:27:09Z
e_000001cb,u_000005dd,app_open,2026-05-09T11:42:48Z
e_000001ef,u_000005ff,app_open,2026-05-09T11:44:03Z
e_000001e0,u_000005f0,app_open,2026-05-09T12:26:59Z
e_000001f4,u_00000605,app_open,2026-05-09T13:12:45Z
e_000001c1,u_000005cc,app_open,2026-05-09T14:23:11Z
e_000001e9,u_000005fc,app_open,2026-05-09T14:49:12Z
e_000001ea,u_000005fd,app_open,2026-05-09T14:57:10Z
e_000001da,u_000005eb,app_open,2026-05-09T15:08:10Z
e_0000018a,u_0000059e,app_open,2026-05-09T16:28:40Z
e_0000014d,u_00000557,app_open,2026-05-09T16:44:25Z
e_000001be,u_000005c9,app_open,2026-05-09T16:56:13Z
e_000001d2,u_000005e3,app_open,2026-05-09T17:05:52Z
e_000001c5,u_000005d4,app_open,2026-05-09T17:39:03Z
e_000001d9,u_000005e8,app_open,2026-05-09T18:06:08Z
e_000001db,u_000005ed,app_open,2026-05-09T18:32:25Z
e_00000138,u_00000547,app_open,2026-05-09T20:20:06Z
e_000001a6,u_000005b4,app_open,2026-05-09T21:38:12Z
e_0000011d,u_0000052b,app_open,2026-05-09T22:07:56Z
e_00000147,u_00000553,app_open,2026-05-09T22:26:17Z
e_000001c3,u_000005d1,app_open,2026-05-09T23:19:21Z
e_000000a0,u_00000498,app_open,2026-05-09T23:35:38Z
e_00000145,u_00000553,app_open,2026-05-10T00:01:53Z
e_00000010,u_000003fc,app_open,2026-05-10T00:42:57Z
e_00000219,u_00000634,app_open,2026-05-10T00:55:21Z
e_0000021e,u_0000063e,app_open,2026-05-10T01:00:44Z
e_00000118,u_00000529,app_open,2026-05-10T02:21:32Z
e_00000173,u_00000584,app_open,2026-05-10T02:35:04Z
e_00000218,u_00000631,app_open,2026-05-10T03:13:01Z
e_00000212,u_0000062f,app_open,2026-05-10T03:47:26Z
e_00000204,u_0000061b,app_open,2026-05-10T03:56:01Z
e_00000227,u_00000645,app_open,2026-05-10T04:09:53Z
e_000001fd,u_0000060f,app_open,2026-05-10T04:50:37Z
e_000001fe,u_00000610,app_open,2026-05-10T05:36:08Z
e_000001b4,u_000005bf,app_open,2026-05-10T05:37:07Z
e_000001a0,u_000005b2,app_open,2026-05-10T06:10:14Z
e_000000a8,u_000004a5,app_open,2026-05-10T06:23:04Z
e_00000229,u_00000647,app_open,2026-05-10T06:23:17Z
e_00000225,u_00000643,app_open,2026-05-10T07:04:37Z
e_000001b2,u_000005be,app_open,2026-05-10T07:05:19Z
e_00000192,u_000005a5,app_open,2026-05-10T07:12:12Z
e_000001b5,u_000005bf,app_open,2026-05-10T07:13:10Z
e_000001f8,u_0000060c,app_open,2026-05-10T07:58:33Z
e_0000022a,u_0000064a,app_open,2026-05-10T08:48:02Z
e_0000004c,u_00000434,app_open,2026-05-10T09:20:47Z
e_00000208,u_0000061d,app_open,2026-05-10T10:00:36Z
e_0000008e,u_0000047e,app_open,2026-05-10T10:13:50Z
e_00000209,u_0000061e,app_open,2026-05-10T10:27:50Z
e_000000bc,u_000004c3,app_open,2026-05-10T11:09:07Z
e_00000084,u_00000472,app_open,2026-05-10T11:13:30Z
e_000000bd,u_000004c3,app_open,2026-05-10T12:23:35Z
e_000000e5,u_000004f3,app_open,2026-05-10T12:32:06Z
e_00000203,u_00000619,app_open,2026-05-10T12:43:38Z
e_0000013a,u_00000547,app_open,2026-05-10T14:15:34Z
e_000001ff,u_00000613,app_open,2026-05-10T14:18:21Z
e_0000020f,u_0000062a,app_open,2026-05-10T14:39:30Z
e_000000cc,u_000004d8,app_open,2026-05-10T16:03:34Z
e_000001fc,u_0000060d,app_open,2026-05-10T16:20:24Z
e_0000021c,u_0000063a,app_open,2026-05-10T16:31:43Z
e_00000213,u_00000630,app_open,2026-05-10T17:20:01Z
e_000000da,u_000004e8,app_open,2026-05-10T17:29:59Z
e_0000020e,u_00000628,app_open,2026-05-10T18:09:33Z
e_000001f7,u_0000060a,app_open,2026-05-10T18:40:52Z
e_0000020d,u_00000625,app_open,2026-05-10T19:02:13Z
e_00000211,u_0000062c,app_open,2026-05-10T19:20:44Z
e_00000191,u_000005a5,app_open,2026-05-10T19:31:36Z
e_000001e2,u_000005f3,app_open,2026-05-10T19:34:04Z
e_00000200,u_00000616,app_open,2026-05-10T19:40:43Z
e_000001e3,u_000005f3,app_open,2026-05-10T21:17:49Z
e_00000142,u_00000550,app_open,2026-05-10T21:23:40Z
e_0000020b,u_00000624,app_open,2026-05-10T21:30:19Z
e_0000021b,u_00000637,app_open,2026-05-10T21:36:39Z
e_000001a4,u_000005b4,app_open,2026-05-10T22:01:33Z
e_000001b1,u_000005be,app_open,2026-05-10T22:18:22Z
e_00000210,u_0000062b,app_open,2026-05-10T22:46:02Z
e_000001c0,u_000005c9,app_open,2026-05-10T22:56:37Z
e_00000223,u_00000640,app_open,2026-05-10T22:59:34Z
e_0000003f,u_0000042b,app_open,2026-05-10T23:06:59Z
e_00000141,u_00000550,app_open,2026-05-10T23:29:25Z
e_000001b8,u_000005c4,app_open,2026-05-10T23:39:47Z
e_0000020a,u_00000621,app_open,2026-05-10T23:52:16Z
e_0000021d,u_0000063b,app_open,2026-05-11T00:10:17Z
e_0000019b,u_000005ab,app_open,2026-05-11T01:50:59Z
e_00000237,u_00000655,app_open,2026-05-11T02:12:45Z
e_000001ec,u_000005fd,app_open,2026-05-11T02:12:51Z
e_0000023c,u_0000065a,app_open,2026-05-11T02:18:04Z
e_00000139,u_00000547,app_open,2026-05-11T02:52:20Z
e_00000233,u_00000651,app_open,2026-05-11T03:13:37Z
e_00000250,u_00000669,app_open,2026-05-11T03:37:01Z
e_00000128,u_00000538,app_open,2026-05-11T03:52:47Z
e_00000241,u_0000065b,app_open,2026-05-11T04:04:24Z
e_00000232,u_0000064f,app_open,2026-05-11T04:11:15Z
e_000001ed,u_000005fd,app_open,2026-05-11T04:34:12Z
e_00000242,u_0000065c,app_open,2026-05-11T04:47:23Z
e_00000260,u_00000678,app_open,2026-05-11T04:49:56Z
e_000001b0,u_000005be,app_open,2026-05-11T05:44:02Z
e_000001ba,u_000005c4,app_open,2026-05-11T06:30:32Z
e_000001a7,u_000005b4,app_open,2026-05-11T06:41:58Z
e_000001d7,u_000005e7,app_open,2026-05-11T06:59:31Z
e_00000255,u_0000066e,app_open,2026-05-11T07:18:47Z
e_000000ee,u_000004f9,app_open,2026-05-11T07:20:32Z
e_00000111,u_00000526,app_open,2026-05-11T07:26:35Z
e_00000112,u_00000526,app_open,2026-05-11T08:39:16Z
e_0000024f,u_00000666,app_open,2026-05-11T08:54:44Z
e_00000234,u_00000654,app_open,2026-05-11T09:30:51Z
e_000000f0,u_000004fb,app_open,2026-05-11T09:58:09Z
e_00000188,u_0000059e,app_open,2026-05-11T10:01:55Z
e_00000244,u_0000065f,app_open,2026-05-11T10:02:48Z
e_0000025a,u_00000674,app_open,2026-05-11T10:21:28Z
e_00000156,u_00000566,app_open,2026-05-11T10:25:08Z
e_00000207,u_0000061b,app_open,2026-05-11T10:59:31Z
e_00000256,u_00000670,app_open,2026-05-11T11:10:17Z
e_00000253,u_0000066b,app_open,2026-05-11T11:20:54Z
e_00000263,u_0000067b,app_open,2026-05-11T11:39:12Z
e_000001af,u_000005be,app_open,2026-05-11T12:04:13Z
e_00000254,u_0000066d,app_open,2026-05-11T12:23:07Z
e_0000021f,u_0000063e,app_open,2026-05-11T14:07:29Z
e_00000249,u_00000663,app_open,2026-05-11T14:10:51Z
e_00000189,u_0000059e,app_open,2026-05-11T15:15:16Z
e_000001fa,u_0000060c,app_open,2026-05-11T16:52:50Z
e_000000d1,u_000004dc,app_open,2026-05-11T17:10:44Z
e_0000022f,u_0000064c,app_open,2026-05-11T17:14:23Z
e_00000259,u_00000671,app_open,2026-05-11T18:10:27Z
e_0000022b,u_0000064a,app_open,2026-05-11T18:37:47Z
e_00000243,u_0000065d,app_open,2026-05-11T19:07:06Z
e_00000262,u_00000679,app_open,2026-05-11T19:07:59Z
e_0000022d,u_0000064a,app_open,2026-05-11T19:18:57Z
e_000001e5,u_000005f4,app_open,2026-05-11T20:55:22Z
e_0000023b,u_00000657,app_open,2026-05-11T21:38:28Z
e_00000247,u_00000662,app_open,2026-05-11T22:33:43Z
e_0000024a,u_00000665,app_open,2026-05-11T22:35:14Z
e_00000215,u_00000630,app_open,2026-05-12T00:04:06Z
e_0000025d,u_00000676,app_open,2026-05-12T00:18:48Z
e_00000164,u_00000574,app_open,2026-05-12T00:47:55Z
e_00000282,u_0000069a,app_open,2026-05-12T00:48:21Z
e_00000217,u_00000630,app_open,2026-05-12T00:49:56Z
e_000000e6,u_000004f3,app_open,2026-05-12T01:16:28Z
e_00000285,u_0000069d,app_open,2026-05-12T01:16:38Z
e_00000280,u_00000698,app_open,2026-05-12T01:25:26Z
e_000001df,u_000005ed,app_open,2026-05-12T03:15:41Z
e_000001eb,u_000005fd,app_open,2026-05-12T04:26:11Z
e_0000017a,u_0000058d,app_open,2026-05-12T04:49:43Z
e_00000270,u_00000684,app_open,2026-05-12T04:51:25Z
e_00000276,u_0000068f,app_open,2026-05-12T05:38:37Z
e_0000027b,u_00000694,app_open,2026-05-12T05:50:39Z
e_0000026b,u_00000680,app_open,2026-05-12T06:08:53Z
e_0000023d,u_0000065a,app_open,2026-05-12T06:24:49Z
e_0000028a,u_000006a5,app_open,2026-05-12T06:40:20Z
e_00000163,u_00000574,app_open,2026-05-12T06:50:51Z
e_00000298,u_000006b5,app_open,2026-05-12T07:02:16Z
e_00000160,u_00000572,app_open,2026-05-12T08:02:57Z
e_00000265,u_0000067c,app_open,2026-05-12T08:42:35Z
e_00000278,u_00000691,app_open,2026-05-12T09:25:39Z
e_00000292,u_000006b1,app_open,2026-05-12T10:02:40Z
e_00000277,u_00000690,app_open,2026-05-12T10:05:57Z
e_00000132,u_0000053d,app_open,2026-05-12T10:54:54Z
e_00000290,u_000006af,app_open,2026-05-12T11:10:36Z
e_0000012d,u_0000053b,app_open,2026-05-12T11:29:38Z
e_000001dd,u_000005ed,app_open,2026-05-12T11:49:33Z
e_0000014c,u_00000557,app_open,2026-05-12T12:05:55Z
e_00000296,u_000006b2,app_open,2026-05-12T12:10:07Z
e_000001fb,u_0000060c,app_open,2026-05-12T12:20:34Z
e_0000028e,u_000006aa,app_open,2026-05-12T12:26:15Z
e_00000275,u_0000068c,app_open,2026-05-12T12:50:05Z
e_0000026c,u_00000681,app_open,2026-05-12T13:38:53Z
e_0000026a,u_0000067e,app_open,2026-05-12T14:13:25Z
e_0000029f,u_000006ba,app_open,2026-05-12T14:19:34Z
e_0000028f,u_000006ad,app_open,2026-05-12T15:36:09Z
e_00000288,u_000006a2,app_open,2026-05-12T16:12:10Z
e_0000027c,u_00000696,app_open,2026-05-12T16:38:36Z
e_00000289,u_000006a3,app_open,2026-05-12T18:11:54Z
e_00000287,u_000006a0,app_open,2026-05-12T18:59:57Z
e_00000273,u_00000689,app_open,2026-05-12T19:02:11Z
e_0000025b,u_00000674,app_open,2026-05-12T19:02:40Z
e_00000272,u_00000687,app_open,2026-05-12T19:13:19Z
e_00000158,u_00000566,app_open,2026-05-12T19:44:57Z
e_0000028c,u_000006a8,app_open,2026-05-12T20:06:54Z
e_00000286,u_0000069f,app_open,2026-05-12T20:27:13Z
e_0000014a,u_00000557,app_open,2026-05-12T20:31:14Z
e_0000029b,u_000006b7,app_open,2026-05-12T20:35:00Z
e_00000279,u_00000693,app_open,2026-05-12T20:39:29Z
e_00000182,u_00000596,app_open,2026-05-12T20:58:18Z
e_00000235,u_00000654,app_open,2026-05-12T21:00:08Z
e_00000180,u_00000593,app_open,2026-05-12T21:38:53Z
e_000001f2,u_00000600,app_open,2026-05-12T22:15:42Z
e_00000171,u_00000584,app_open,2026-05-12T23:26:06Z
e_000002a1,u_000006bd,app_open,2026-05-13T01:09:56Z
e_00000155,u_00000566,app_open,2026-05-13T01:11:37Z
e_00000170,u_00000584,app_open,2026-05-13T02:06:16Z
e_000002b0,u_000006d7,app_open,2026-05-13T02:23:05Z
e_000002a2,u_000006c0,app_open,2026-05-13T03:32:15Z
e_000001c7,u_000005d4,app_open,2026-05-13T03:46:56Z
e_000002c4,u_000006e7,app_open,2026-05-13T04:04:12Z
e_000001a1,u_000005b2,app_open,2026-05-13T04:31:18Z
e_00000143,u_00000550,app_open,2026-05-13T04:36:12Z
e_000002bc,u_000006e2,app_open,2026-05-13T04:41:05Z
e_000001cf,u_000005dd,app_open,2026-05-13T05:46:03Z
e_00000257,u_00000670,app_open,2026-05-13T05:59:14Z
e_000002ab,u_000006d1,app_open,2026-05-13T07:48:51Z
e_000002a8,u_000006c9,app_open,2026-05-13T07:54:32Z
e_000002c0,u_000006e3,app_open,2026-05-13T08:10:42Z
e_000002a0,u_000006bb,app_open,2026-05-13T08:11:18Z
e_000002aa,u_000006ce,app_open,2026-05-13T08:30:52Z
e_0000007e,u_0000046a,app_open,2026-05-13T08:56:48Z
e_00000088,u_00000478,app_open,2026-05-13T09:44:30Z
e_0000011c,u_0000052b,app_open,2026-05-13T09:46:11Z
e_000002b2,u_000006dc,app_open,2026-05-13T09:53:30Z
e_00000199,u_000005ab,app_open,2026-05-13T10:09:32Z
e_00000239,u_00000655,app_open,2026-05-13T10:34:36Z
e_000002a9,u_000006cc,app_open,2026-05-13T11:32:45Z
e_0000023f,u_0000065a,app_open,2026-05-13T12:08:31Z
e_000000de,u_000004ec,app_open,2026-05-13T12:47:15Z
e_000002a3,u_000006c3,app_open,2026-05-13T12:49:07Z
e_000002c2,u_000006e6,app_open,2026-05-13T12:56:52Z
e_000002a6,u_000006c7,app_open,2026-05-13T13:03:24Z
e_000002af,u_000006d4,app_open,2026-05-13T13:41:58Z
e_00000251,u_00000669,app_open,2026-05-13T14:03:29Z
e_00000172,u_00000584,app_open,2026-05-13T14:08:41Z
e_000002b7,u_000006de,app_open,2026-05-13T14:40:37Z
e_000002ad,u_000006d3,app_open,2026-05-13T16:20:17Z
e_000002a4,u_000006c4,app_open,2026-05-13T17:11:16Z
e_00000258,u_00000670,app_open,2026-05-13T18:42:39Z
e_000002bb,u_000006e0,app_open,2026-05-13T19:06:06Z
e_000002a7,u_000006c8,app_open,2026-05-13T19:08:20Z
e_000001de,u_000005ed,app_open,2026-05-13T19:34:49Z
e_0000018e,u_000005a1,app_open,2026-05-13T20:16:29Z
e_000002b1,u_000006d9,app_open,2026-05-13T20:39:13Z
e_000001ce,u_000005dd,app_open,2026-05-13T21:32:52Z
e_000002c1,u_000006e5,app_open,2026-05-13T21:58:32Z
e_00000167,u_00000575,app_open,2026-05-13T22:11:12Z
e_0000028b,u_000006a5,app_open,2026-05-13T22:40:13Z
e_000001d5,u_000005e7,app_open,2026-05-13T22:49:39Z
e_000002c5,u_000006e9,app_open,2026-05-13T23:01:52Z
e_000002d4,u_000006f3,app_open,2026-05-14T00:44:57Z
e_00000140,u_00000550,app_open,2026-05-14T00:48:28Z
e_000002ca,u_000006ed,app_open,2026-05-14T01:01:39Z
e_000002d3,u_000006f2,app_open,2026-05-14T01:18:06Z
e_00000307,u_00000728,app_open,2026-05-14T01:27:24Z
e_0000014b,u_00000557,app_open,2026-05-14T01:42:20Z
e_000002c9,u_000006ec,app_open,2026-05-14T01:49:27Z
e_00000302,u_00000722,app_open,2026-05-14T02:02:28Z
e_00000069,u_00000453,app_open,2026-05-14T02:02:46Z
e_00000304,u_00000723,app_open,2026-05-14T02:07:55Z
e_000001a5,u_000005b4,app_open,2026-05-14T02:27:42Z
e_00000195,u_000005a7,app_open,2026-05-14T02:52:17Z
e_00000231,u_0000064c,app_open,2026-05-14T02:52:56Z
e_00000306,u_00000726,app_open,2026-05-14T03:31:30Z
e_000001c6,u_000005d4,app_open,2026-05-14T04:15:17Z
e_000002e7,u_0000070b,app_open,2026-05-14T04:48:52Z
e_00000202,u_00000616,app_open,2026-05-14T05:00:56Z
e_000002cf,u_000006f1,app_open,2026-05-14T05:18:23Z
e_000002f8,u_00000719,app_open,2026-05-14T05:52:56Z
e_000002d5,u_000006f6,app_open,2026-05-14T05:58:15Z
e_000002c8,u_000006eb,app_open,2026-05-14T06:09:27Z
e_00000214,u_00000630,app_open,2026-05-14T06:48:26Z
e_000002e4,u_00000705,app_open,2026-05-14T08:13:39Z
e_00000092,u_0000047e,app_open,2026-05-14T09:08:50Z
e_000002ff,u_0000071f,app_open,2026-05-14T09:30:31Z
e_000002dd,u_000006fe,app_open,2026-05-14T09:43:59Z
e_000002e3,u_00000702,app_open,2026-05-14T10:15:39Z
e_00000146,u_00000553,app_open,2026-05-14T10:25:41Z
e_000002e6,u_00000708,app_open,2026-05-14T10:36:45Z
e_00000245,u_0000065f,app_open,2026-05-14T10:42:29Z
e_000002d9,u_000006fa,app_open,2026-05-14T10:51:10Z
e_0000029d,u_000006b7,app_open,2026-05-14T11:43:52Z
e_000002fd,u_0000071c,app_open,2026-05-14T13:07:47Z
e_000002fe,u_0000071e,app_open,2026-05-14T13:12:52Z
e_00000305,u_00000724,app_open,2026-05-14T13:58:51Z
e_000002d6,u_000006f7,app_open,2026-05-14T14:21:39Z
e_000001b9,u_000005c4,app_open,2026-05-14T14:44:43Z
e_000001ee,u_000005fd,app_open,2026-05-14T15:54:14Z
e_000002f6,u_00000717,app_open,2026-05-14T15:54:30Z
e_000002f2,u_00000711,app_open,2026-05-14T15:56:09Z
e_000002e5,u_00000707,app_open,2026-05-14T16:00:06Z
e_000002f4,u_00000716,app_open,2026-05-14T17:05:11Z
e_00000222,u_0000063e,app_open,2026-05-14T17:34:37Z
e_000001f1,u_00000600,app_open,2026-05-14T17:58:18Z
e_000002f3,u_00000713,app_open,2026-05-14T18:32:42Z
e_00000301,u_00000721,app_open,2026-05-14T19:16:47Z
e_000002e1,u_000006ff,app_open,2026-05-14T19:19:27Z
e_000000e1,u_000004ee,app_open,2026-05-14T19:30:30Z
e_000002b8,u_000006de,app_open,2026-05-14T19:44:21Z
e_00000300,u_00000720,app_open,2026-05-14T20:22:12Z
e_00000114,u_00000526,app_open,2026-05-14T22:23:18Z
e_000000db,u_000004e8,app_open,2026-05-14T22:31:10Z
e_0000017c,u_0000058d,app_open,2026-05-14T22:47:00Z
e_000002ce,u_000006f0,app_open,2026-05-14T22:57:33Z
e_000001cc,u_000005dd,app_open,2026-05-14T23:05:24Z
e_00000109,u_0000051d,app_open,2026-05-14T23:14:39Z
e_000001d6,u_000005e7,app_open,2026-05-14T23:31:53Z
e_0000017b,u_0000058d,app_open,2026-05-14T23:33:36Z
e_00000061,u_0000044c,app_open,2026-05-14T23:43:57Z
e_000002cc,u_000006ef,app_open,2026-05-15T00:07:39Z
e_0000019a,u_000005ab,app_open,2026-05-15T00:08:29Z
e_000002db,u_000006fc,app_open,2026-05-15T00:08:30Z
e_000002ec,u_0000070d,app_open,2026-05-15T00:17:42Z
e_000002f1,u_00000710,app_open,2026-05-15T00:22:07Z
e_000002da,u_000006fb,app_open,2026-05-15T00:28:42Z
e_0000022c,u_0000064a,app_open,2026-05-15T01:59:23Z
e_000002b6,u_000006dc,app_open,2026-05-15T02:41:33Z
e_0000017f,u_00000593,app_open,2026-05-15T03:07:12Z
e_0000033d,u_00000758,app_open,2026-05-15T03:57:18Z
e_00000293,u_000006b1,app_open,2026-05-15T04:12:38Z
e_00000206,u_0000061b,app_open,2026-05-15T04:17:01Z
e_00000327,u_00000743,app_open,2026-05-15T04:37:40Z
e_00000342,u_0000075c,app_open,2026-05-15T04:52:51Z
e_000001dc,u_000005ed,app_open,2026-05-15T05:24:08Z
e_0000031e,u_00000738,app_open,2026-05-15T07:09:35Z
e_00000345,u_0000075f,app_open,2026-05-15T07:18:17Z
e_0000032c,u_0000074a,app_open,2026-05-15T07:19:40Z
e_000001bb,u_000005c4,app_open,2026-05-15T07:41:42Z
e_0000032d,u_0000074d,app_open,2026-05-15T07:45:54Z
e_00000318,u_00000734,app_open,2026-05-15T07:50:11Z
e_00000324,u_00000742,app_open,2026-05-15T09:54:48Z
e_00000328,u_00000744,app_open,2026-05-15T09:54:50Z
e_00000319,u_00000737,app_open,2026-05-15T10:18:50Z
e_0000033a,u_00000754,app_open,2026-05-15T10:39:15Z
e_000002fa,u_00000719,app_open,2026-05-15T10:46:52Z
e_0000010d,u_00000522,app_open,2026-05-15T11:09:43Z
e_0000019c,u_000005ab,app_open,2026-05-15T11:25:42Z
e_00000321,u_0000073d,app_open,2026-05-15T11:46:26Z
e_0000021a,u_00000634,app_open,2026-05-15T12:02:30Z
e_00000236,u_00000654,app_open,2026-05-15T12:44:20Z
e_00000320,u_0000073b,app_open,2026-05-15T12:59:56Z
e_00000317,u_00000731,app_open,2026-05-15T13:30:33Z
e_0000028d,u_000006a8,app_open,2026-05-15T13:41:31Z
e_0000029e,u_000006b7,app_open,2026-05-15T13:53:48Z
e_00000283,u_0000069a,app_open,2026-05-15T13:56:28Z
e_00000311,u_0000072e,app_open,2026-05-15T14:15:10Z
e_00000184,u_00000597,app_open,2026-05-15T14:29:46Z
e_00000179,u_0000058d,app_open,2026-05-15T14:38:02Z
e_000002be,u_000006e2,app_open,2026-05-15T14:52:23Z
e_0000033e,u_0000075b,app_open,2026-05-15T15:05:52Z
e_0000032b,u_00000748,app_open,2026-05-15T15:51:49Z
e_0000024b,u_00000665,app_open,2026-05-15T16:39:15Z
e_0000033b,u_00000757,app_open,2026-05-15T17:09:36Z
e_0000030d,u_0000072d,app_open,2026-05-15T18:12:43Z
e_00000297,u_000006b2,app_open,2026-05-15T18:34:12Z
e_0000023a,u_00000655,app_open,2026-05-15T19:14:21Z
e_000001c8,u_000005d4,app_open,2026-05-15T19:23:38Z
e_00000336,u_00000751,app_open,2026-05-15T19:38:12Z
e_00000323,u_00000740,app_open,2026-05-15T20:01:05Z
e_00000331,u_0000074e,app_open,2026-05-15T20:26:33Z
e_0000031f,u_00000739,app_open,2026-05-15T20:32:01Z
e_0000032a,u_00000746,app_open,2026-05-15T21:00:49Z
e_00000344,u_0000075d,app_open,2026-05-15T21:43:14Z
e_000001bf,u_000005c9,app_open,2026-05-15T23:38:25Z
e_00000308,u_0000072b,app_open,2026-05-15T23:48:08Z
e_0000025f,u_00000676,app_open,2026-05-16T01:03:43Z
e_00000295,u_000006b1,app_open,2026-05-16T01:19:47Z
e_00000371,u_0000078f,app_open,2026-05-16T01:29:39Z
e_000002ef,u_0000070d,app_open,2026-05-16T01:31:14Z
e_000001cd,u_000005dd,app_open,2026-05-16T02:01:00Z
e_000002ac,u_000006d1,app_open,2026-05-16T02:31:34Z
e_0000026f,u_00000681,app_open,2026-05-16T03:35:42Z
e_00000381,u_0000079f,app_open,2026-05-16T03:44:43Z
e_0000034a,u_00000765,app_open,2026-05-16T04:12:31Z
e_00000351,u_00000772,app_open,2026-05-16T04:12:58Z
e_00000369,u_00000786,app_open,2026-05-16T04:30:21Z
e_00000366,u_00000781,app_open,2026-05-16T05:45:33Z
e_0000037b,u_00000796,app_open,2026-05-16T06:32:06Z
e_00000365,u_00000780,app_open,2026-05-16T06:39:53Z
e_00000220,u_0000063e,app_open,2026-05-16T07:18:33Z
e_0000032e,u_0000074d,app_open,2026-05-16T07:20:30Z
e_000001f9,u_0000060c,app_open,2026-05-16T07:36:02Z
e_00000350,u_00000770,app_open,2026-05-16T07:53:19Z
e_0000034b,u_00000766,app_open,2026-05-16T09:19:12Z
e_0000035e,u_0000077b,app_open,2026-05-16T09:39:14Z
e_00000363,u_0000077c,app_open,2026-05-16T09:50:20Z
e_000002b5,u_000006dc,app_open,2026-05-16T09:59:58Z
e_00000358,u_00000777,app_open,2026-05-16T10:40:55Z
e_00000205,u_0000061b,app_open,2026-05-16T11:38:07Z
e_0000024d,u_00000665,app_open,2026-05-16T12:05:45Z
e_000002b4,u_000006dc,app_open,2026-05-16T12:08:26Z
e_00000221,u_0000063e,app_open,2026-05-16T12:14:17Z
e_0000037e,u_0000079c,app_open,2026-05-16T12:31:12Z
e_00000379,u_00000795,app_open,2026-05-16T13:09:08Z
e_00000271,u_00000684,app_open,2026-05-16T13:27:55Z
e_00000364,u_0000077d,app_open,2026-05-16T13:29:44Z
e_00000372,u_00000792,app_open,2026-05-16T13:33:07Z
e_0000036a,u_00000788,app_open,2026-05-16T13:39:19Z
e_0000008a,u_0000047a,app_open,2026-05-16T13:51:55Z
e_0000034e,u_0000076d,app_open,2026-05-16T14:21:38Z
e_00000370,u_0000078c,app_open,2026-05-16T14:31:07Z
e_00000385,u_000007a1,app_open,2026-05-16T14:58:56Z
e_00000268,u_0000067c,app_open,2026-05-16T15:30:31Z
e_00000377,u_00000793,app_open,2026-05-16T16:00:17Z
e_0000034d,u_0000076a,app_open,2026-05-16T16:19:15Z
e_00000238,u_00000655,app_open,2026-05-16T16:22:45Z
e_0000034c,u_00000767,app_open,2026-05-16T16:46:09Z
e_00000230,u_0000064c,app_open,2026-05-16T17:08:00Z
e_00000347,u_00000762,app_open,2026-05-16T18:10:31Z
e_00000357,u_00000775,app_open,2026-05-16T18:36:30Z
e_0000037c,u_00000798,app_open,2026-05-16T18:43:02Z
e_0000026e,u_00000681,app_open,2026-05-16T18:55:38Z
e_0000034f,u_0000076f,app_open,2026-05-16T19:13:53Z
e_0000036b,u_0000078a,app_open,2026-05-16T19:36:07Z
e_0000035d,u_0000077a,app_open,2026-05-16T19:51:51Z
e_00000348,u_00000763,app_open,2026-05-16T20:09:56Z
e_00000346,u_00000761,app_open,2026-05-16T20:12:58Z
e_0000030f,u_0000072d,app_open,2026-05-16T20:41:38Z
e_00000312,u_0000072e,app_open,2026-05-16T20:58:36Z
e_0000025c,u_00000674,app_open,2026-05-16T21:56:41Z
e_0000037d,u_00000799,app_open,2026-05-16T22:04:44Z
e_00000367,u_00000783,app_open,2026-05-16T22:49:54Z
e_00000380,u_0000079d,app_open,2026-05-16T23:29:57Z
e_0000031b,u_00000737,app_open,2026-05-16T23:39:56Z
e_0000036f,u_0000078b,app_open,2026-05-17T00:00:04Z
e_00000390,u_000007ae,app_open,2026-05-17T00:19:20Z
e_000002f0,u_0000070d,app_open,2026-05-17T00:24:31Z
e_000003af,u_000007da,app_open,2026-05-17T01:37:18Z
e_000003ae,u_000007d7,app_open,2026-05-17T02:21:05Z
e_0000025e,u_00000676,app_open,2026-05-17T02:21:59Z
e_0000038a,u_000007a6,app_open,2026-05-17T02:22:33Z
e_00000325,u_00000742,app_open,2026-05-17T02:42:21Z
e_0000027f,u_00000696,app_open,2026-05-17T03:18:56Z
e_00000388,u_000007a4,app_open,2026-05-17T03:22:33Z
e_0000039c,u_000007c2,app_open,2026-05-17T03:39:19Z
e_000003a5,u_000007cd,app_open,2026-05-17T04:09:43Z
e_0000029c,u_000006b7,app_open,2026-05-17T04:17:23Z
e_0000006c,u_00000456,app_open,2026-05-17T04:27:17Z
e_000003b6,u_000007e0,app_open,2026-05-17T04:46:13Z
e_000003ba,u_000007e2,app_open,2026-05-17T04:56:53Z
e_00000201,u_00000616,app_open,2026-05-17T05:05:27Z
e_0000027e,u_00000696,app_open,2026-05-17T05:47:00Z
e_00000335,u_0000074e,app_open,2026-05-17T05:48:53Z
e_00000332,u_0000074e,app_open,2026-05-17T05:54:30Z
e_0000023e,u_0000065a,app_open,2026-05-17T05:58:45Z
e_000003ab,u_000007d4,app_open,2026-05-17T06:00:51Z
e_00000216,u_00000630,app_open,2026-05-17T06:15:55Z
e_00000389,u_000007a5,app_open,2026-05-17T06:24:53Z
e_000003a1,u_000007c9,app_open,2026-05-17T06:27:16Z
e_000003a3,u_000007cb,app_open,2026-05-17T06:53:29Z
e_000002d1,u_000006f1,app_open,2026-05-17T07:01:30Z
e_000003bc,u_000007e4,app_open,2026-05-17T07:41:38Z
e_0000039b,u_000007c0,app_open,2026-05-17T08:12:41Z
e_00000399,u_000007bd,app_open,2026-05-17T08:15:45Z
e_000002fc,u_00000719,app_open,2026-05-17T08:23:09Z
e_00000386,u_000007a3,app_open,2026-05-17T08:39:41Z
e_00000315,u_0000072e,app_open,2026-05-17T09:44:18Z
e_00000246,u_0000065f,app_open,2026-05-17T10:16:02Z
e_000000b6,u_000004bc,app_open,2026-05-17T10:29:38Z
e_00000291,u_000006af,app_open,2026-05-17T11:15:41Z
e_0000030c,u_0000072b,app_open,2026-05-17T11:22:57Z
e_000001f6,u_00000607,app_open,2026-05-17T11:57:32Z
e_000003a7,u_000007d0,app_open,2026-05-17T13:29:39Z
e_0000039e,u_000007c5,app_open,2026-05-17T14:24:07Z
e_000002df,u_000006fe,app_open,2026-05-17T14:28:34Z
e_0000039f,u_000007c6,app_open,2026-05-17T14:50:50Z
e_00000393,u_000007b1,app_open,2026-05-17T14:54:30Z
e_000002e8,u_0000070b,app_open,2026-05-17T15:55:33Z
e_000002ee,u_0000070d,app_open,2026-05-17T16:09:19Z
e_000003a6,u_000007ce,app_open,2026-05-17T17:22:07Z
e_000002ed,u_0000070d,app_open,2026-05-17T17:50:11Z
e_000003ac,u_000007d6,app_open,2026-05-17T18:20:41Z
e_0000031d,u_00000737,app_open,2026-05-17T18:21:50Z
e_00000395,u_000007b3,app_open,2026-05-17T18:26:28Z
e_00000396,u_000007b5,app_open,2026-05-17T19:02:29Z
e_00000397,u_000007b7,app_open,2026-05-17T19:12:03Z
e_000002d7,u_000006f7,app_open,2026-05-17T19:25:51Z
e_0000029a,u_000006b5,app_open,2026-05-17T19:27:52Z
e_000000be,u_000004c3,app_open,2026-05-17T19:29:52Z
e_00000394,u_000007b2,app_open,2026-05-17T20:15:30Z
e_00000398,u_000007ba,app_open,2026-05-17T20:26:20Z
e_00000341,u_0000075b,app_open,2026-05-17T20:37:18Z
e_0000038f,u_000007ad,app_open,2026-05-17T20:42:42Z
e_000003b2,u_000007dd,app_open,2026-05-17T20:48:36Z
e_0000038e,u_000007ab,app_open,2026-05-17T21:03:11Z
e_00000264,u_0000067b,app_open,2026-05-17T21:04:43Z
e_0000039d,u_000007c3,app_open,2026-05-17T21:11:52Z
e_000003bb,u_000007e3,app_open,2026-05-17T21:38:21Z
e_000003a8,u_000007d1,app_open,2026-05-17T21:39:58Z
e_0000038d,u_000007a8,app_open,2026-05-17T22:03:42Z
e_00000334,u_0000074e,app_open,2026-05-17T22:37:38Z
e_0000010f,u_00000524,app_open,2026-05-17T23:01:13Z
e_0000011f,u_0000052b,app_open,2026-05-17T23:10:26Z
e_00000266,u_0000067c,app_open,2026-05-17T23:46:53Z
e_000002b9,u_000006de,app_open,2026-05-18T00:08:27Z
e_0000039a,u_000007be,app_open,2026-05-18T00:23:19Z
e_00000375,u_00000792,app_open,2026-05-18T00:53:04Z
e_000003dc,u_0000080f,app_open,2026-05-18T01:32:23Z
e_00000326,u_00000742,app_open,2026-05-18T01:58:14Z
e_0000027d,u_00000696,app_open,2026-05-18T02:03:10Z
e_000003c5,u_000007f1,app_open,2026-05-18T02:08:52Z
e_000003fc,u_0000082c,app_open,2026-05-18T03:13:36Z
e_00000274,u_00000689,app_open,2026-05-18T03:17:57Z
e_000003cd,u_000007fd,app_open,2026-05-18T03:24:24Z
e_000003d4,u_00000807,app_open,2026-05-18T04:22:31Z
e_000003f0,u_00000824,app_open,2026-05-18T04:40:29Z
e_000003e6,u_00000816,app_open,2026-05-18T04:40:49Z
e_000003ff,u_0000082f,app_open,2026-05-18T04:58:22Z
e_00000309,u_0000072b,app_open,2026-05-18T05:01:58Z
e_000003ef,u_00000822,app_open,2026-05-18T05:08:01Z
e_000002c7,u_000006e9,app_open,2026-05-18T05:36:36Z
e_000002eb,u_0000070b,app_open,2026-05-18T06:12:02Z
e_0000030e,u_0000072d,app_open,2026-05-18T06:15:32Z
e_000003da,u_0000080d,app_open,2026-05-18T06:21:34Z
e_000000ec,u_000004f8,app_open,2026-05-18T06:36:47Z
e_000003bd,u_000007e6,app_open,2026-05-18T06:54:39Z
e_000003cc,u_000007fb,app_open,2026-05-18T07:48:39Z
e_000003c1,u_000007ec,app_open,2026-05-18T08:38:00Z
e_000001ab,u_000005b7,app_open,2026-05-18T08:55:40Z
e_000003d2,u_00000801,app_open,2026-05-18T10:19:52Z
e_00000226,u_00000643,app_open,2026-05-18T10:28:13Z
e_00000177,u_0000058a,app_open,2026-05-18T11:24:07Z
e_000003f5,u_00000827,app_open,2026-05-18T11:48:38Z
e_000003f9,u_00000829,app_open,2026-05-18T11:50:39Z
e_0000024c,u_00000665,app_open,2026-05-18T11:59:44Z
e_000003d3,u_00000804,app_open,2026-05-18T12:14:25Z
e_000003e2,u_00000813,app_open,2026-05-18T12:15:30Z
e_00000267,u_0000067c,app_open,2026-05-18T13:43:59Z
e_0000011a,u_0000052a,app_open,2026-05-18T13:46:08Z
e_000003c6,u_000007f2,app_open,2026-05-18T15:03:24Z
e_00000392,u_000007ae,app_open,2026-05-18T15:24:20Z
e_000003d5,u_0000080a,app_open,2026-05-18T15:46:55Z
e_0000035f,u_0000077b,app_open,2026-05-18T15:52:51Z
e_000000d6,u_000004e3,app_open,2026-05-18T16:22:19Z
e_000003ee,u_0000081f,app_open,2026-05-18T16:38:23Z
e_000003c9,u_000007f6,app_open,2026-05-18T16:43:47Z
e_000002f5,u_00000716,app_open,2026-05-18T17:17:09Z
e_000003d1,u_00000800,app_open,2026-05-18T17:47:19Z
e_000002d2,u_000006f1,app_open,2026-05-18T17:48:23Z
e_000003ca,u_000007f8,app_open,2026-05-18T17:52:30Z
e_000003fd,u_0000082d,app_open,2026-05-18T17:54:35Z
e_000003eb,u_00000819,app_open,2026-05-18T18:25:25Z
e_000003be,u_000007e8,app_open,2026-05-18T18:29:41Z
e_000003dd,u_00000810,app_open,2026-05-18T18:47:49Z
e_00000343,u_0000075c,app_open,2026-05-18T18:49:51Z
e_000003db,u_0000080e,app_open,2026-05-18T19:00:37Z
e_000002fb,u_00000719,app_open,2026-05-18T19:21:26Z
e_000003c3,u_000007ef,app_open,2026-05-18T19:33:01Z
e_000003c2,u_000007ed,app_open,2026-05-18T20:02:15Z
e_00000193,u_000005a5,app_open,2026-05-18T20:04:45Z
e_00000352,u_00000772,app_open,2026-05-18T20:10:56Z
e_00000294,u_000006b1,app_open,2026-05-18T21:40:00Z
e_000002d0,u_000006f1,app_open,2026-05-18T21:42:14Z
e_000003ec,u_0000081c,app_open,2026-05-18T22:34:39Z
e_000003c8,u_000007f3,app_open,2026-05-18T22:51:04Z
e_0000031a,u_00000737,app_open,2026-05-19T00:10:43Z
e_000003bf,u_000007ea,app_open,2026-05-19T00:16:49Z
e_00000349,u_00000763,app_open,2026-05-19T00:36:58Z
e_000003b0,u_000007da,app_open,2026-05-19T01:43:45Z
e_00000299,u_000006b5,app_open,2026-05-19T01:45:08Z
e_000002dc,u_000006fc,app_open,2026-05-19T02:00:11Z
e_0000027a,u_00000693,app_open,2026-05-19T02:03:02Z
e_000003b4,u_000007dd,app_open,2026-05-19T02:50:16Z
e_00000419,u_0000084f,app_open,2026-05-19T03:06:46Z
e_000000e8,u_000004f3,app_open,2026-05-19T03:15:17Z
e_0000042f,u_00000867,app_open,2026-05-19T05:16:27Z
e_0000042b,u_00000861,app_open,2026-05-19T06:07:32Z
e_00000314,u_0000072e,app_open,2026-05-19T06:31:39Z
e_00000413,u_00000844,app_open,2026-05-19T06:33:39Z
e_0000026d,u_00000681,app_open,2026-05-19T06:41:25Z
e_0000030a,u_0000072b,app_open,2026-05-19T06:52:03Z
e_00000426,u_0000085e,app_open,2026-05-19T06:53:11Z
e_00000431,u_0000086c,app_open,2026-05-19T07:20:26Z
e_0000042e,u_00000864,app_open,2026-05-19T07:38:35Z
e_00000418,u_0000084c,app_open,2026-05-19T08:42:45Z
e_0000041a,u_00000852,app_open,2026-05-19T11:17:46Z
e_0000022e,u_0000064a,app_open,2026-05-19T12:11:23Z
e_00000414,u_00000847,app_open,2026-05-19T12:13:29Z
e_00000411,u_00000842,app_open,2026-05-19T13:02:51Z
e_000003cf,u_000007fd,app_open,2026-05-19T13:06:05Z
e_00000403,u_00000835,app_open,2026-05-19T14:02:47Z
e_0000042c,u_00000863,app_open,2026-05-19T14:26:30Z
e_00000430,u_00000869,app_open,2026-05-19T14:29:51Z
e_00000420,u_0000085a,app_open,2026-05-19T14:36:19Z
e_00000409,u_0000083e,app_open,2026-05-19T14:47:40Z
e_000001d8,u_000005e7,app_open,2026-05-19T14:50:47Z
e_00000401,u_00000832,app_open,2026-05-19T14:51:38Z
e_00000417,u_0000084b,app_open,2026-05-19T15:29:38Z
e_00000376,u_00000792,app_open,2026-05-19T16:26:58Z
e_000003a4,u_000007cb,app_open,2026-05-19T16:54:56Z
e_00000405,u_00000837,app_open,2026-05-19T17:17:17Z
e_0000040b,u_0000083f,app_open,2026-05-19T17:27:33Z
e_00000415,u_00000848,app_open,2026-05-19T17:29:11Z
e_00000400,u_00000830,app_open,2026-05-19T18:24:41Z
e_000002bd,u_000006e2,app_open,2026-05-19T18:48:16Z
e_00000406,u_00000839,app_open,2026-05-19T19:37:03Z
e_000002d8,u_000006f7,app_open,2026-05-19T20:12:57Z
e_00000378,u_00000793,app_open,2026-05-19T20:22:05Z
e_0000041b,u_00000855,app_open,2026-05-19T20:55:58Z
e_0000013b,u_00000547,app_open,2026-05-19T21:33:48Z
e_00000407,u_0000083b,app_open,2026-05-19T21:39:26Z
e_00000310,u_0000072d,app_open,2026-05-19T21:48:50Z
e_0000035c,u_00000777,app_open,2026-05-19T22:18:23Z
e_00000421,u_0000085d,app_open,2026-05-19T23:07:12Z
e_0000041f,u_00000857,app_open,2026-05-19T23:12:17Z
e_000003f2,u_00000824,app_open,2026-05-19T23:51:57Z
e_000002f9,u_00000719,app_open,2026-05-20T00:01:02Z
e_000002b3,u_000006dc,app_open,2026-05-20T00:06:55Z
e_00000459,u_0000089b,app_open,2026-05-20T00:31:04Z
e_0000024e,u_00000665,app_open,2026-05-20T00:46:03Z
e_0000036e,u_0000078a,app_open,2026-05-20T01:09:32Z
e_0000046d,u_000008ae,app_open,2026-05-20T01:26:06Z
e_0000043f,u_00000876,app_open,2026-05-20T01:33:34Z
e_00000457,u_00000895,app_open,2026-05-20T01:44:20Z
e_000003f6,u_00000827,app_open,2026-05-20T01:49:56Z
e_00000469,u_000008ad,app_open,2026-05-20T01:53:09Z
e_000002cd,u_000006ef,app_open,2026-05-20T02:00:43Z
e_00000445,u_00000883,app_open,2026-05-20T02:22:04Z
e_000003fb,u_00000829,app_open,2026-05-20T02:30:06Z
e_00000437,u_00000870,app_open,2026-05-20T02:45:28Z
e_000003fe,u_0000082d,app_open,2026-05-20T02:54:29Z
e_00000436,u_0000086e,app_open,2026-05-20T03:27:18Z
e_00000197,u_000005a9,app_open,2026-05-20T03:36:29Z
e_000003a9,u_000007d1,app_open,2026-05-20T03:37:24Z
e_0000044f,u_00000890,app_open,2026-05-20T04:03:11Z
e_00000458,u_00000898,app_open,2026-05-20T04:11:24Z
e_000002a5,u_000006c4,app_open,2026-05-20T04:13:31Z
e_000002e9,u_0000070b,app_open,2026-05-20T04:59:03Z
e_00000440,u_00000877,app_open,2026-05-20T05:16:17Z
e_000003e8,u_00000816,app_open,2026-05-20T06:45:44Z
e_0000043d,u_00000875,app_open,2026-05-20T08:25:28Z
e_0000044e,u_0000088d,app_open,2026-05-20T08:30:58Z
e_0000043c,u_00000873,app_open,2026-05-20T08:34:43Z
e_00000447,u_00000888,app_open,2026-05-20T09:17:35Z
e_00000330,u_0000074d,app_open,2026-05-20T11:03:41Z
e_00000463,u_000008a9,app_open,2026-05-20T11:05:16Z
e_00000443,u_0000087e,app_open,2026-05-20T11:20:46Z
e_00000384,u_0000079f,app_open,2026-05-20T12:43:43Z
e_0000015b,u_00000569,app_open,2026-05-20T12:54:52Z
e_00000442,u_0000087b,app_open,2026-05-20T13:20:39Z
e_0000045a,u_0000089c,app_open,2026-05-20T13:24:27Z
e_00000460,u_000008a2,app_open,2026-05-20T13:40:35Z
e_000002c6,u_000006e9,app_open,2026-05-20T14:17:14Z
e_0000044c,u_0000088a,app_open,2026-05-20T14:55:53Z
e_000003b3,u_000007dd,app_open,2026-05-20T15:03:12Z
e_00000468,u_000008ab,app_open,2026-05-20T17:39:38Z
e_00000451,u_00000891,app_open,2026-05-20T17:40:15Z
e_00000240,u_0000065a,app_open,2026-05-20T17:45:14Z
e_000002e0,u_000006fe,app_open,2026-05-20T18:00:09Z
e_00000340,u_0000075b,app_open,2026-05-20T18:04:26Z
e_000003d0,u_000007fd,app_open,2026-05-20T19:02:55Z
e_00000452,u_00000892,app_open,2026-05-20T19:13:22Z
e_0000045b,u_0000089f,app_open,2026-05-20T20:16:26Z
e_000002ea,u_0000070b,app_open,2026-05-20T20:18:33Z
e_00000360,u_0000077b,app_open,2026-05-20T20:27:57Z
e_000003b1,u_000007da,app_open,2026-05-20T21:15:01Z
e_000003df,u_00000810,app_open,2026-05-20T21:23:31Z
e_00000462,u_000008a7,app_open,2026-05-20T21:26:37Z
e_00000446,u_00000886,app_open,2026-05-20T21:58:34Z
e_0000046e,u_000008af,app_open,2026-05-20T22:25:01Z
e_00000461,u_000008a5,app_open,2026-05-20T23:14:47Z
e_00000444,u_00000880,app_open,2026-05-20T23:16:07Z
e_00000313,u_0000072e,app_open,2026-05-21T00:08:14Z
e_00000441,u_00000879,app_open,2026-05-21T00:28:26Z
e_0000048c,u_000008d3,app_open,2026-05-21T00:29:54Z
e_00000470,u_000008b2,app_open,2026-05-21T01:41:30Z
e_00000152,u_00000562,app_open,2026-05-21T01:44:44Z
e_000003e0,u_00000810,app_open,2026-05-21T02:26:32Z
e_0000041d,u_00000855,app_open,2026-05-21T02:39:30Z
e_0000047f,u_000008c4,app_open,2026-05-21T03:15:18Z
e_0000049c,u_000008df,app_open,2026-05-21T03:37:44Z
e_000003b5,u_000007dd,app_open,2026-05-21T03:51:48Z
e_000002de,u_000006fe,app_open,2026-05-21T03:54:28Z
e_0000049f,u_000008e4,app_open,2026-05-21T04:03:24Z
e_00000362,u_0000077b,app_open,2026-05-21T04:17:50Z
e_0000047a,u_000008bd,app_open,2026-05-21T04:48:40Z
e_000003ce,u_000007fd,app_open,2026-05-21T05:00:21Z
e_000004a9,u_000008f0,app_open,2026-05-21T05:17:24Z
e_0000049e,u_000008e1,app_open,2026-05-21T05:58:28Z
e_00000478,u_000008ba,app_open,2026-05-21T06:01:31Z
e_00000488,u_000008cf,app_open,2026-05-21T06:32:57Z
e_0000030b,u_0000072b,app_open,2026-05-21T06:43:56Z
e_00000495,u_000008d8,app_open,2026-05-21T06:58:43Z
e_00000423,u_0000085d,app_open,2026-05-21T06:59:17Z
e_000003d6,u_0000080a,app_open,2026-05-21T07:21:13Z
e_0000046f,u_000008b1,app_open,2026-05-21T07:27:16Z
e_00000482,u_000008cc,app_open,2026-05-21T07:56:24Z
e_000003e7,u_00000816,app_open,2026-05-21T08:11:21Z
e_00000497,u_000008d9,app_open,2026-05-21T08:33:04Z
e_000001a9,u_000005b6,app_open,2026-05-21T09:03:53Z
e_00000387,u_000007a3,app_open,2026-05-21T09:10:56Z
e_000003f1,u_00000824,app_open,2026-05-21T09:23:44Z
e_000004a8,u_000008ee,app_open,2026-05-21T09:57:29Z
e_000004a5,u_000008e8,app_open,2026-05-21T10:08:04Z
e_0000031c,u_00000737,app_open,2026-05-21T10:33:20Z
e_0000049a,u_000008dd,app_open,2026-05-21T10:51:06Z
e_0000049d,u_000008e0,app_open,2026-05-21T10:58:32Z
e_00000355,u_00000772,app_open,2026-05-21T11:10:39Z
e_00000471,u_000008b4,app_open,2026-05-21T11:10:50Z
e_0000047e,u_000008c1,app_open,2026-05-21T11:39:56Z
e_00000427,u_0000085e,app_open,2026-05-21T12:05:05Z
e_000004a1,u_000008e6,app_open,2026-05-21T13:35:07Z
e_00000373,u_00000792,app_open,2026-05-21T13:43:05Z
e_00000337,u_00000751,app_open,2026-05-21T13:43:50Z
e_000004a7,u_000008eb,app_open,2026-05-21T13:44:47Z
e_00000476,u_000008b9,app_open,2026-05-21T13:53:57Z
e_000003b8,u_000007e0,app_open,2026-05-21T13:54:40Z
e_000004aa,u_000008f3,app_open,2026-05-21T14:22:58Z
e_00000359,u_00000777,app_open,2026-05-21T15:04:18Z
e_00000354,u_00000772,app_open,2026-05-21T15:10:39Z
e_00000333,u_0000074e,app_open,2026-05-21T15:37:52Z
e_00000382,u_0000079f,app_open,2026-05-21T16:03:23Z
e_0000047c,u_000008c0,app_open,2026-05-21T16:22:13Z
e_0000035b,u_00000777,app_open,2026-05-21T16:35:16Z
e_00000353,u_00000772,app_open,2026-05-21T17:19:40Z
e_0000020c,u_00000624,app_open,2026-05-21T17:25:35Z
e_0000043a,u_00000870,app_open,2026-05-21T17:30:47Z
e_00000361,u_0000077b,app_open,2026-05-21T17:42:00Z
e_00000491,u_000008d5,app_open,2026-05-21T18:11:10Z
e_00000480,u_000008c7,app_open,2026-05-21T18:51:06Z
e_00000489,u_000008d0,app_open,2026-05-21T19:09:37Z
e_0000033f,u_0000075b,app_open,2026-05-21T19:29:01Z
e_00000481,u_000008c9,app_open,2026-05-21T20:05:07Z
e_000004a0,u_000008e5,app_open,2026-05-21T21:08:58Z
e_0000047b,u_000008be,app_open,2026-05-21T21:16:10Z
e_000003cb,u_000007f8,app_open,2026-05-21T21:23:32Z
e_0000018b,u_0000059e,app_open,2026-05-21T21:33:23Z
e_0000040c,u_0000083f,app_open,2026-05-21T22:47:01Z
e_00000499,u_000008dc,app_open,2026-05-21T22:48:00Z
e_00000475,u_000008b6,app_open,2026-05-22T00:00:56Z
e_00000498,u_000008db,app_open,2026-05-22T00:11:08Z
e_00000483,u_000008ce,app_open,2026-05-22T00:17:57Z
e_0000032f,u_0000074d,app_open,2026-05-22T00:21:00Z
e_0000045f,u_0000089f,app_open,2026-05-22T00:40:30Z
e_000004ac,u_000008f7,app_open,2026-05-22T00:41:55Z
e_00000453,u_00000892,app_open,2026-05-22T00:55:51Z
e_000003f7,u_00000827,app_open,2026-05-22T01:03:47Z
e_000004b3,u_00000902,app_open,2026-05-22T02:06:18Z
e_000004c7,u_00000911,app_open,2026-05-22T02:50:40Z
e_000004b2,u_00000901,app_open,2026-05-22T02:58:58Z
e_0000036d,u_0000078a,app_open,2026-05-22T03:06:11Z
e_000004c6,u_0000090f,app_open,2026-05-22T03:11:22Z
e_00000391,u_000007ae,app_open,2026-05-22T03:38:31Z
e_000004b1,u_000008fe,app_open,2026-05-22T04:12:33Z
e_000004b8,u_00000907,app_open,2026-05-22T05:02:01Z
e_000004bb,u_0000090a,app_open,2026-05-22T05:44:14Z
e_00000454,u_00000892,app_open,2026-05-22T06:57:32Z
e_00000412,u_00000842,app_open,2026-05-22T07:26:34Z
e_000004cb,u_00000915,app_open,2026-05-22T08:26:07Z
e_000003d9,u_0000080a,app_open,2026-05-22T08:29:42Z
e_000004cc,u_00000918,app_open,2026-05-22T08:34:33Z
e_000003b7,u_000007e0,app_open,2026-05-22T08:53:22Z
e_000004b6,u_00000904,app_open,2026-05-22T08:59:30Z
e_000002bf,u_000006e2,app_open,2026-05-22T10:56:44Z
e_00000338,u_00000751,app_open,2026-05-22T11:09:40Z
e_000004ad,u_000008f9,app_open,2026-05-22T11:19:20Z
e_000004ab,u_000008f6,app_open,2026-05-22T11:49:06Z
e_00000383,u_0000079f,app_open,2026-05-22T12:20:40Z
e_000004ba,u_00000909,app_open,2026-05-22T12:22:47Z
e_0000041e,u_00000855,app_open,2026-05-22T12:40:16Z
e_0000048e,u_000008d3,app_open,2026-05-22T12:41:33Z
e_000004b7,u_00000905,app_open,2026-05-22T13:04:23Z
e_000004c1,u_0000090e,app_open,2026-05-22T13:50:26Z
e_000004d1,u_0000091b,app_open,2026-05-22T14:30:12Z
e_00000473,u_000008b4,app_open,2026-05-22T15:04:57Z
e_00000422,u_0000085d,app_open,2026-05-22T15:28:56Z
e_000004d6,u_00000921,app_open,2026-05-22T15:51:05Z
e_0000035a,u_00000777,app_open,2026-05-22T15:51:46Z
e_000003a0,u_000007c6,app_open,2026-05-22T16:50:58Z
e_000004d5,u_0000091e,app_open,2026-05-22T17:05:14Z
e_000003d7,u_0000080a,app_open,2026-05-22T17:17:25Z
e_000004bc,u_0000090b,app_open,2026-05-22T17:29:40Z
e_000004ae,u_000008fb,app_open,2026-05-22T17:34:58Z
e_000004d4,u_0000091d,app_open,2026-05-22T19:20:51Z
e_0000040a,u_0000083e,app_open,2026-05-22T20:25:06Z
e_0000048a,u_000008d0,app_open,2026-05-22T20:26:21Z
e_000003e9,u_00000816,app_open,2026-05-22T20:44:01Z
e_0000046a,u_000008ad,app_open,2026-05-22T20:58:34Z
e_000003fa,u_00000829,app_open,2026-05-22T21:46:18Z
e_000004d2,u_0000091c,app_open,2026-05-22T21:51:30Z
e_000003f3,u_00000824,app_open,2026-05-22T22:24:05Z
e_000004c9,u_00000912,app_open,2026-05-22T22:24:40Z
e_00000465,u_000008a9,app_open,2026-05-22T22:53:46Z
e_000004d7,u_00000923,app_open,2026-05-22T22:56:32Z
e_00000368,u_00000783,app_open,2026-05-23T00:08:14Z
e_00000474,u_000008b4,app_open,2026-05-23T00:13:47Z
e_0000045c,u_0000089f,app_open,2026-05-23T00:55:55Z
e_000004e9,u_00000936,app_open,2026-05-23T01:09:30Z
e_000003aa,u_000007d1,app_open,2026-05-23T01:17:17Z
e_000004df,u_0000092c,app_open,2026-05-23T01:32:15Z
e_00000509,u_00000957,app_open,2026-05-23T01:34:49Z
e_0000040f,u_0000083f,app_open,2026-05-23T01:35:14Z
e_00000252,u_00000669,app_open,2026-05-23T01:38:26Z
e_000003e4,u_00000813,app_open,2026-05-23T01:49:48Z
e_00000404,u_00000835,app_open,2026-05-23T02:52:17Z
e_0000050f,u_00000960,app_open,2026-05-23T02:55:32Z
e_00000269,u_0000067c,app_open,2026-05-23T03:18:00Z
e_000003c4,u_000007ef,app_open,2026-05-23T03:19:38Z
e_000004d8,u_00000924,app_open,2026-05-23T03:32:56Z
e_000004f7,u_0000093e,app_open,2026-05-23T03:35:23Z
e_00000374,u_00000792,app_open,2026-05-23T04:04:52Z
e_000004ed,u_00000939,app_open,2026-05-23T04:33:34Z
e_000004e8,u_00000933,app_open,2026-05-23T04:39:34Z
e_00000424,u_0000085d,app_open,2026-05-23T05:21:41Z
e_0000046b,u_000008ad,app_open,2026-05-23T05:32:37Z
e_0000038b,u_000007a6,app_open,2026-05-23T05:51:21Z
e_0000050a,u_0000095a,app_open,2026-05-23T07:21:07Z
e_000004f8,u_00000941,app_open,2026-05-23T08:56:45Z
e_000004f9,u_00000944,app_open,2026-05-23T10:14:57Z
e_000004db,u_00000928,app_open,2026-05-23T10:46:30Z
e_00000450,u_00000890,app_open,2026-05-23T11:01:22Z
e_0000036c,u_0000078a,app_open,2026-05-23T11:29:56Z
e_0000038c,u_000007a6,app_open,2026-05-23T11:33:03Z
e_000003d8,u_0000080a,app_open,2026-05-23T11:38:17Z
e_000004da,u_00000925,app_open,2026-05-23T11:39:17Z
e_000004e3,u_0000092e,app_open,2026-05-23T13:20:46Z
e_000004dc,u_0000092a,app_open,2026-05-23T13:27:27Z
e_000004b5,u_00000902,app_open,2026-05-23T13:58:45Z
e_000004ff,u_00000952,app_open,2026-05-23T15:31:58Z
e_00000508,u_00000954,app_open,2026-05-23T16:11:41Z
e_0000051a,u_0000096b,app_open,2026-05-23T16:19:21Z
e_00000515,u_00000964,app_open,2026-05-23T16:28:59Z
e_000004f2,u_0000093d,app_open,2026-05-23T16:34:18Z
e_000004fc,u_00000949,app_open,2026-05-23T16:39:58Z
e_000003e5,u_00000813,app_open,2026-05-23T17:14:21Z
e_000004e5,u_00000932,app_open,2026-05-23T18:42:18Z
e_00000228,u_00000645,app_open,2026-05-23T18:56:44Z
e_0000044b,u_00000888,app_open,2026-05-23T19:13:10Z
e_00000516,u_00000966,app_open,2026-05-23T19:25:25Z
e_000004e4,u_0000092f,app_open,2026-05-23T20:09:22Z
e_000003b9,u_000007e0,app_open,2026-05-23T20:15:51Z
e_000004fe,u_0000094f,app_open,2026-05-23T20:22:55Z
e_00000434,u_0000086c,app_open,2026-05-23T21:21:42Z
e_000004fd,u_0000094c,app_open,2026-05-23T22:16:25Z
e_00000519,u_00000968,app_open,2026-05-23T22:24:35Z
e_00000510,u_00000961,app_open,2026-05-23T22:44:23Z
e_000004fa,u_00000946,app_open,2026-05-23T22:57:12Z
e_000004f1,u_0000093c,app_open,2026-05-23T23:26:54Z
e_000004b9,u_00000907,app_open,2026-05-23T23:37:50Z
e_00000504,u_00000953,app_open,2026-05-23T23:39:48Z
e_0000050e,u_0000095d,app_open,2026-05-23T23:50:32Z
e_00000464,u_000008a9,app_open,2026-05-24T00:26:10Z
e_00000433,u_0000086c,app_open,2026-05-24T00:54:36Z
e_00000477,u_000008b9,app_open,2026-05-24T01:28:05Z
e_00000527,u_00000979,app_open,2026-05-24T02:04:11Z
e_000004af,u_000008fb,app_open,2026-05-24T02:50:51Z
e_0000052d,u_00000980,app_open,2026-05-24T03:12:08Z
e_0000053c,u_0000099a,app_open,2026-05-24T03:13:32Z
e_00000438,u_00000870,app_open,2026-05-24T03:20:02Z
e_00000248,u_00000662,app_open,2026-05-24T03:44:33Z
e_00000522,u_00000974,app_open,2026-05-24T04:03:51Z
e_0000052f,u_00000983,app_open,2026-05-24T05:00:32Z
e_000004a2,u_000008e6,app_open,2026-05-24T05:47:28Z
e_000004c4,u_0000090e,app_open,2026-05-24T06:00:14Z
e_0000048b,u_000008d0,app_open,2026-05-24T06:21:11Z
e_00000530,u_00000986,app_open,2026-05-24T06:25:51Z
e_00000538,u_0000098f,app_open,2026-05-24T06:42:53Z
e_0000054f,u_000009ab,app_open,2026-05-24T07:13:06Z
e_0000053e,u_0000099d,app_open,2026-05-24T07:21:05Z
e_0000054d,u_000009a9,app_open,2026-05-24T07:38:17Z
e_00000546,u_000009a1,app_open,2026-05-24T08:23:37Z
e_0000053d,u_0000099b,app_open,2026-05-24T09:36:46Z
e_000004ec,u_00000936,app_open,2026-05-24T09:56:52Z
e_00000432,u_0000086c,app_open,2026-05-24T10:15:18Z
e_00000425,u_0000085d,app_open,2026-05-24T10:16:46Z
e_000004e0,u_0000092c,app_open,2026-05-24T10:32:08Z
e_00000544,u_000009a0,app_open,2026-05-24T10:36:59Z
e_0000051f,u_0000096e,app_open,2026-05-24T10:41:43Z
e_000002ba,u_000006de,app_open,2026-05-24T10:43:53Z
e_00000547,u_000009a3,app_open,2026-05-24T10:48:59Z
e_0000040d,u_0000083f,app_open,2026-05-24T10:52:26Z
e_0000053a,u_00000994,app_open,2026-05-24T11:30:14Z
e_000002ae,u_000006d3,app_open,2026-05-24T11:32:14Z
e_0000052b,u_0000097d,app_open,2026-05-24T11:36:39Z
e_0000054e,u_000009aa,app_open,2026-05-24T11:39:44Z
e_00000521,u_00000971,app_open,2026-05-24T12:51:18Z
e_000002cb,u_000006ed,app_open,2026-05-24T13:27:00Z
e_000004dd,u_0000092a,app_open,2026-05-24T13:50:08Z
e_00000531,u_00000988,app_open,2026-05-24T14:59:28Z
e_00000537,u_0000098d,app_open,2026-05-24T15:42:56Z
e_00000428,u_0000085e,app_open,2026-05-24T16:14:25Z
e_00000548,u_000009a6,app_open,2026-05-24T16:50:28Z
e_00000435,u_0000086c,app_open,2026-05-24T17:51:20Z
e_00000523,u_00000977,app_open,2026-05-24T17:54:04Z
e_000004b4,u_00000902,app_open,2026-05-24T17:57:21Z
e_0000052c,u_0000097e,app_open,2026-05-24T18:20:52Z
e_00000553,u_000009ae,app_open,2026-05-24T18:41:42Z
e_0000053b,u_00000997,app_open,2026-05-24T18:42:10Z
e_00000535,u_0000098a,app_open,2026-05-24T19:04:27Z
e_000004a3,u_000008e6,app_open,2026-05-24T19:23:32Z
e_00000449,u_00000888,app_open,2026-05-24T20:34:32Z
e_000003e3,u_00000813,app_open,2026-05-24T20:46:08Z
e_00000467,u_000008a9,app_open,2026-05-24T21:32:53Z
e_00000224,u_00000640,app_open,2026-05-24T21:38:40Z
e_000004d0,u_00000918,app_open,2026-05-24T21:38:51Z
e_00000466,u_000008a9,app_open,2026-05-24T22:02:29Z
e_00000543,u_0000099f,app_open,2026-05-24T22:04:56Z
e_000004c2,u_0000090e,app_open,2026-05-24T22:47:37Z
e_00000550,u_000009ac,app_open,2026-05-24T23:22:09Z
e_0000052a,u_0000097b,app_open,2026-05-24T23:36:03Z
e_00000507,u_00000953,app_open,2026-05-24T23:36:29Z
e_0000042d,u_00000863,app_open,2026-05-24T23:39:12Z
e_0000040e,u_0000083f,app_open,2026-05-24T23:40:57Z
e_00000429,u_0000085e,app_open,2026-05-25T00:03:12Z
e_00000486,u_000008ce,app_open,2026-05-25T00:16:21Z
e_000002f7,u_00000717,app_open,2026-05-25T00:36:39Z
e_00000539,u_00000992,app_open,2026-05-25T00:45:08Z
e_000004d3,u_0000091c,app_open,2026-05-25T00:49:46Z
e_00000566,u_000009bf,app_open,2026-05-25T01:51:11Z
e_00000329,u_00000744,app_open,2026-05-25T02:30:27Z
e_00000281,u_00000698,app_open,2026-05-25T02:39:39Z
e_0000056a,u_000009c7,app_open,2026-05-25T02:48:12Z
e_00000439,u_00000870,app_open,2026-05-25T02:52:12Z
e_0000056c,u_000009ca,app_open,2026-05-25T02:59:50Z
e_00000588,u_000009da,app_open,2026-05-25T03:00:14Z
e_00000595,u_000009e5,app_open,2026-05-25T03:31:26Z
e_00000589,u_000009db,app_open,2026-05-25T04:13:26Z
e_00000584,u_000009d9,app_open,2026-05-25T04:36:21Z
e_00000569,u_000009c4,app_open,2026-05-25T04:53:23Z
e_0000051d,u_0000096b,app_open,2026-05-25T05:37:31Z
e_00000554,u_000009b0,app_open,2026-05-25T05:48:35Z
e_00000484,u_000008ce,app_open,2026-05-25T06:07:31Z
e_00000576,u_000009d3,app_open,2026-05-25T06:14:50Z
e_00000559,u_000009b6,app_open,2026-05-25T06:18:15Z
e_000003de,u_00000810,app_open,2026-05-25T06:44:15Z
e_0000055f,u_000009bb,app_open,2026-05-25T07:17:20Z
e_0000056d,u_000009cb,app_open,2026-05-25T07:22:07Z
e_000004ea,u_00000936,app_open,2026-05-25T07:46:58Z
e_00000565,u_000009be,app_open,2026-05-25T08:01:44Z
e_00000574,u_000009cf,app_open,2026-05-25T08:49:38Z
e_00000455,u_00000892,app_open,2026-05-25T09:14:19Z
e_00000487,u_000008ce,app_open,2026-05-25T10:15:49Z
e_00000456,u_00000892,app_open,2026-05-25T11:34:02Z
e_0000046c,u_000008ad,app_open,2026-05-25T11:56:57Z
e_0000045d,u_0000089f,app_open,2026-05-25T11:58:28Z
e_0000057f,u_000009d7,app_open,2026-05-25T12:55:12Z
e_0000043b,u_00000870,app_open,2026-05-25T13:26:42Z
e_0000042a,u_0000085e,app_open,2026-05-25T14:02:54Z
e_0000055a,u_000009b9,app_open,2026-05-25T14:14:32Z
e_00000599,u_000009e6,app_open,2026-05-25T14:21:59Z
e_00000575,u_000009d0,app_open,2026-05-25T14:31:42Z
e_0000033c,u_00000757,app_open,2026-05-25T14:33:50Z
e_0000058e,u_000009df,app_open,2026-05-25T14:35:39Z
e_0000059a,u_000009e9,app_open,2026-05-25T15:32:37Z
e_00000594,u_000009e2,app_open,2026-05-25T16:05:24Z
e_00000568,u_000009c2,app_open,2026-05-25T16:22:53Z
e_00000485,u_000008ce,app_open,2026-05-25T16:59:21Z
e_00000502,u_00000952,app_open,2026-05-25T18:11:03Z
e_0000057a,u_000009d6,app_open,2026-05-25T18:17:20Z
e_0000055c,u_000009ba,app_open,2026-05-25T18:39:58Z
e_00000555,u_000009b3,app_open,2026-05-25T19:11:26Z
e_0000051c,u_0000096b,app_open,2026-05-25T19:17:48Z
e_00000573,u_000009cd,app_open,2026-05-25T20:52:19Z
e_00000541,u_0000099d,app_open,2026-05-25T21:35:06Z
e_0000058c,u_000009dd,app_open,2026-05-25T22:40:09Z
e_00000261,u_00000678,app_open,2026-05-25T22:43:07Z
e_0000058f,u_000009e1,app_open,2026-05-25T23:09:17Z
e_00000518,u_00000966,app_open,2026-05-25T23:58:01Z
e_000005a3,u_000009f4,app_open,2026-05-26T00:20:00Z
e_00000512,u_00000961,app_open,2026-05-26T00:26:42Z
e_000005ba,u_00000a02,app_open,2026-05-26T01:07:32Z
e_000005c2,u_00000a0b,app_open,2026-05-26T01:26:18Z
e_0000041c,u_00000855,app_open,2026-05-26T01:56:41Z
e_000005c9,u_00000a13,app_open,2026-05-26T02:38:30Z
e_00000492,u_000008d5,app_open,2026-05-26T03:04:06Z
e_000004ce,u_00000918,app_open,2026-05-26T03:20:06Z
e_0000059e,u_000009ed,app_open,2026-05-26T03:25:42Z
e_0000037f,u_0000079c,app_open,2026-05-26T03:30:14Z
e_000005bc,u_00000a06,app_open,2026-05-26T04:04:19Z
e_00000552,u_000009ac,app_open,2026-05-26T04:31:47Z
e_00000524,u_00000977,app_open,2026-05-26T05:19:58Z
e_000005c4,u_00000a0d,app_open,2026-05-26T05:54:30Z
e_000005d1,u_00000a1a,app_open,2026-05-26T06:23:50Z
e_0000047d,u_000008c0,app_open,2026-05-26T07:15:37Z
e_00000339,u_00000751,app_open,2026-05-26T07:19:28Z
e_00000571,u_000009cb,app_open,2026-05-26T09:42:45Z
e_00000561,u_000009bb,app_open,2026-05-26T09:45:31Z
e_000005c3,u_00000a0c,app_open,2026-05-26T09:50:35Z
e_00000540,u_0000099d,app_open,2026-05-26T10:00:44Z
e_00000511,u_00000961,app_open,2026-05-26T11:50:51Z
e_000005bd,u_00000a08,app_open,2026-05-26T11:51:17Z
e_000005ae,u_000009fb,app_open,2026-05-26T12:21:35Z
e_00000316,u_0000072e,app_open,2026-05-26T12:41:10Z
e_00000448,u_00000888,app_open,2026-05-26T12:46:02Z
e_000005a0,u_000009f1,app_open,2026-05-26T12:56:31Z
e_000005c8,u_00000a11,app_open,2026-05-26T14:05:33Z
e_0000059f,u_000009ef,app_open,2026-05-26T14:36:47Z
e_000005c7,u_00000a10,app_open,2026-05-26T14:57:14Z
e_00000284,u_0000069a,app_open,2026-05-26T15:02:55Z
e_000004c8,u_00000911,app_open,2026-05-26T16:22:40Z
e_00000513,u_00000961,app_open,2026-05-26T16:45:16Z
e_000005b4,u_000009fd,app_open,2026-05-26T17:46:30Z
e_00000496,u_000008d8,app_open,2026-05-26T17:55:22Z
e_00000577,u_000009d3,app_open,2026-05-26T18:00:31Z
e_00000494,u_000008d5,app_open,2026-05-26T18:13:11Z
e_000004bd,u_0000090b,app_open,2026-05-26T18:29:14Z
e_00000587,u_000009d9,app_open,2026-05-26T19:12:04Z
e_0000059b,u_000009eb,app_open,2026-05-26T19:53:58Z
e_000004a4,u_000008e6,app_open,2026-05-26T20:17:02Z
e_0000055d,u_000009ba,app_open,2026-05-26T20:33:24Z
e_000005a8,u_000009f5,app_open,2026-05-26T20:38:17Z
e_000005ab,u_000009f9,app_open,2026-05-26T21:49:15Z
e_0000044a,u_00000888,app_open,2026-05-26T22:16:09Z
e_000005bb,u_00000a05,app_open,2026-05-26T22:30:21Z
e_000005ac,u_000009fa,app_open,2026-05-26T23:08:30Z
e_000005cb,u_00000a18,app_open,2026-05-26T23:21:56Z
e_000005ca,u_00000a15,app_open,2026-05-26T23:33:18Z
e_00000472,u_000008b4,app_open,2026-05-26T23:37:47Z
e_000005a9,u_000009f7,app_open,2026-05-26T23:48:57Z
e_00000525,u_00000977,app_open,2026-05-26T23:57:52Z
e_000005b9,u_000009ff,app_open,2026-05-27T00:07:05Z
e_0000045e,u_0000089f,app_open,2026-05-27T00:25:21Z
e_000005f5,u_00000a38,app_open,2026-05-27T00:54:38Z
e_00000493,u_000008d5,app_open,2026-05-27T01:41:23Z
e_00000557,u_000009b3,app_open,2026-05-27T01:59:52Z
e_0000048d,u_000008d3,app_open,2026-05-27T02:05:04Z
e_000005ec,u_00000a32,app_open,2026-05-27T02:10:31Z
e_00000608,u_00000a49,app_open,2026-05-27T03:39:22Z
e_000005d8,u_00000a1f,app_open,2026-05-27T04:51:15Z
e_000005e3,u_00000a29,app_open,2026-05-27T05:18:28Z
e_00000609,u_00000a4c,app_open,2026-05-27T05:35:49Z
e_000004b0,u_000008fb,app_open,2026-05-27T06:05:31Z
e_00000542,u_0000099d,app_open,2026-05-27T06:32:49Z
e_00000556,u_000009b3,app_open,2026-05-27T06:55:07Z
e_00000607,u_00000a48,app_open,2026-05-27T07:07:32Z
e_00000500,u_00000952,app_open,2026-05-27T07:08:00Z
e_00000563,u_000009bb,app_open,2026-05-27T07:20:09Z
e_00000603,u_00000a45,app_open,2026-05-27T07:34:44Z
e_0000060e,u_00000a4f,app_open,2026-05-27T07:38:47Z
e_000005e6,u_00000a2d,app_open,2026-05-27T08:23:38Z
e_000003f4,u_00000824,app_open,2026-05-27T09:02:23Z
e_000005d7,u_00000a1e,app_open,2026-05-27T09:06:49Z
e_00000503,u_00000952,app_open,2026-05-27T09:10:11Z
e_000005fc,u_00000a3e,app_open,2026-05-27T09:34:18Z
e_00000567,u_000009bf,app_open,2026-05-27T09:47:31Z
e_0000037a,u_00000795,app_open,2026-05-27T10:06:33Z
e_00000593,u_000009e1,app_open,2026-05-27T10:19:30Z
e_00000610,u_00000a55,app_open,2026-05-27T11:05:03Z
e_000004e6,u_00000932,app_open,2026-05-27T11:31:48Z
e_000005d9,u_00000a21,app_open,2026-05-27T11:34:54Z
e_0000056f,u_000009cb,app_open,2026-05-27T12:09:26Z
e_000004f5,u_0000093d,app_open,2026-05-27T12:14:11Z
e_00000517,u_00000966,app_open,2026-05-27T12:27:52Z
e_00000579,u_000009d3,app_open,2026-05-27T12:48:31Z
e_00000560,u_000009bb,app_open,2026-05-27T13:02:10Z
e_0000060f,u_00000a52,app_open,2026-05-27T13:18:52Z
e_000005ef,u_00000a33,app_open,2026-05-27T13:30:28Z
e_00000583,u_000009d7,app_open,2026-05-27T13:43:42Z
e_000004cd,u_00000918,app_open,2026-05-27T13:50:56Z
e_000005f4,u_00000a36,app_open,2026-05-27T14:15:05Z
e_000005dd,u_00000a24,app_open,2026-05-27T14:27:33Z
e_000005d2,u_00000a1c,app_open,2026-05-27T15:03:19Z
e_000005e4,u_00000a2c,app_open,2026-05-27T15:09:46Z
e_000005e8,u_00000a30,app_open,2026-05-27T15:11:54Z
e_000004c5,u_0000090e,app_open,2026-05-27T15:23:13Z
e_00000611,u_00000a58,app_open,2026-05-27T15:31:27Z
e_000004c3,u_0000090e,app_open,2026-05-27T15:38:04Z
e_000005f8,u_00000a3a,app_open,2026-05-27T15:42:07Z
e_000005fb,u_00000a3c,app_open,2026-05-27T16:31:08Z
e_000005a7,u_000009f4,app_open,2026-05-27T16:31:39Z
e_00000514,u_00000961,app_open,2026-05-27T17:29:08Z
e_0000051e,u_0000096b,app_open,2026-05-27T17:40:10Z
e_000005f6,u_00000a39,app_open,2026-05-27T18:48:03Z
e_0000048f,u_000008d3,app_open,2026-05-27T18:50:10Z
e_000005c6,u_00000a0d,app_open,2026-05-27T19:38:54Z
e_000004cf,u_00000918,app_open,2026-05-27T19:43:09Z
e_00000580,u_000009d7,app_open,2026-05-27T19:46:22Z
e_000004de,u_0000092a,app_open,2026-05-27T19:47:17Z
e_00000536,u_0000098a,app_open,2026-05-27T19:59:06Z
e_000005e2,u_00000a27,app_open,2026-05-27T20:13:15Z
e_0000054a,u_000009a6,app_open,2026-05-27T21:03:08Z
e_0000060b,u_00000a4d,app_open,2026-05-27T21:37:40Z
e_00000600,u_00000a3f,app_open,2026-05-27T22:27:34Z
e_000005a2,u_000009f1,app_open,2026-05-27T22:36:54Z
e_000004f3,u_0000093d,app_open,2026-05-27T23:57:47Z
e_00000602,u_00000a42,app_open,2026-05-28T00:20:31Z
e_00000601,u_00000a40,app_open,2026-05-28T00:24:50Z
e_00000558,u_000009b3,app_open,2026-05-28T00:48:21Z
e_0000063c,u_00000a84,app_open,2026-05-28T01:27:51Z
e_00000628,u_00000a72,app_open,2026-05-28T02:02:18Z
e_00000631,u_00000a7b,app_open,2026-05-28T02:08:35Z
e_00000616,u_00000a60,app_open,2026-05-28T03:41:56Z
e_000003c7,u_000007f2,app_open,2026-05-28T03:51:47Z
e_00000612,u_00000a59,app_open,2026-05-28T03:53:10Z
e_000005b7,u_000009fd,app_open,2026-05-28T04:04:02Z
e_00000506,u_00000953,app_open,2026-05-28T04:38:06Z
e_00000617,u_00000a61,app_open,2026-05-28T04:44:53Z
e_0000057c,u_000009d6,app_open,2026-05-28T04:54:39Z
e_000004c0,u_0000090b,app_open,2026-05-28T05:15:35Z
e_000002c3,u_000006e6,app_open,2026-05-28T05:18:41Z
e_00000501,u_00000952,app_open,2026-05-28T05:30:53Z
e_00000643,u_00000a88,app_open,2026-05-28T06:06:07Z
e_00000623,u_00000a6c,app_open,2026-05-28T06:30:07Z
e_00000622,u_00000a6b,app_open,2026-05-28T06:42:13Z
e_000004ee,u_00000939,app_open,2026-05-28T07:02:35Z
e_0000061d,u_00000a66,app_open,2026-05-28T07:23:25Z
e_000004eb,u_00000936,app_open,2026-05-28T07:39:37Z
e_000005cf,u_00000a18,app_open,2026-05-28T07:50:21Z
e_000004be,u_0000090b,app_open,2026-05-28T08:09:01Z
e_00000645,u_00000a8c,app_open,2026-05-28T08:40:36Z
e_0000058a,u_000009db,app_open,2026-05-28T08:43:36Z
e_00000635,u_00000a7d,app_open,2026-05-28T08:45:05Z
e_00000322,u_0000073d,app_open,2026-05-28T09:13:42Z
e_000004ef,u_00000939,app_open,2026-05-28T09:42:35Z
e_00000624,u_00000a6f,app_open,2026-05-28T09:56:37Z
e_00000629,u_00000a74,app_open,2026-05-28T10:03:25Z
e_000005b8,u_000009fd,app_open,2026-05-28T10:15:26Z
e_0000063d,u_00000a85,app_open,2026-05-28T10:39:59Z
e_000005c5,u_00000a0d,app_open,2026-05-28T10:55:27Z
e_0000051b,u_0000096b,app_open,2026-05-28T11:02:32Z
e_00000551,u_000009ac,app_open,2026-05-28T11:35:47Z
e_00000549,u_000009a6,app_open,2026-05-28T11:40:54Z
e_000004f6,u_0000093d,app_open,2026-05-28T11:42:43Z
e_00000615,u_00000a5e,app_open,2026-05-28T12:08:20Z
e_0000062d,u_00000a79,app_open,2026-05-28T12:44:40Z
e_00000644,u_00000a89,app_open,2026-05-28T15:56:51Z
e_00000505,u_00000953,app_open,2026-05-28T15:58:08Z
e_00000613,u_00000a5b,app_open,2026-05-28T16:01:27Z
e_0000063a,u_00000a81,app_open,2026-05-28T17:07:26Z
e_0000061e,u_00000a68,app_open,2026-05-28T17:11:47Z
e_0000063f,u_00000a86,app_open,2026-05-28T18:00:20Z
e_0000061b,u_00000a63,app_open,2026-05-28T18:25:57Z
e_0000062c,u_00000a77,app_open,2026-05-28T18:30:28Z
e_000004e1,u_0000092c,app_open,2026-05-28T19:03:17Z
e_00000596,u_000009e5,app_open,2026-05-28T19:08:46Z
e_0000059d,u_000009eb,app_open,2026-05-28T19:20:06Z
e_00000627,u_00000a71,app_open,2026-05-28T19:31:03Z
e_00000562,u_000009bb,app_open,2026-05-28T21:00:41Z
e_0000050c,u_0000095a,app_open,2026-05-28T21:16:09Z
e_00000639,u_00000a7e,app_open,2026-05-28T22:17:21Z
e_00000303,u_00000722,app_open,2026-05-28T22:54:59Z
e_000004bf,u_0000090b,app_open,2026-05-28T23:53:14Z
e_0000050b,u_0000095a,app_open,2026-05-29T00:48:59Z
e_000005a1,u_000009f1,app_open,2026-05-29T00:59:42Z
e_00000661,u_00000aab,app_open,2026-05-29T01:10:14Z
e_000003ad,u_000007d6,app_open,2026-05-29T01:15:41Z
e_0000066a,u_00000ab9,app_open,2026-05-29T02:54:35Z
e_00000597,u_000009e5,app_open,2026-05-29T02:56:56Z
e_00000666,u_00000aae,app_open,2026-05-29T03:10:22Z
e_0000064a,u_00000a94,app_open,2026-05-29T03:46:08Z
e_0000056b,u_000009c7,app_open,2026-05-29T04:13:34Z
e_00000669,u_00000ab6,app_open,2026-05-29T04:39:22Z
e_00000673,u_00000ac1,app_open,2026-05-29T04:41:04Z
e_00000652,u_00000a9d,app_open,2026-05-29T05:03:26Z
e_000005b1,u_000009fb,app_open,2026-05-29T05:39:10Z
e_00000650,u_00000a9a,app_open,2026-05-29T05:54:03Z
e_000003c0,u_000007ea,app_open,2026-05-29T05:58:24Z
e_0000066e,u_00000aba,app_open,2026-05-29T06:20:01Z
e_0000065e,u_00000aa6,app_open,2026-05-29T07:41:06Z
e_00000646,u_00000a8f,app_open,2026-05-29T07:43:54Z
e_000005f0,u_00000a33,app_open,2026-05-29T08:26:02Z
e_0000050d,u_0000095a,app_open,2026-05-29T08:28:58Z
e_000003ed,u_0000081c,app_open,2026-05-29T08:29:08Z
e_000002e2,u_000006ff,app_open,2026-05-29T08:49:23Z
e_00000668,u_00000ab3,app_open,2026-05-29T08:52:26Z
e_00000649,u_00000a93,app_open,2026-05-29T09:00:50Z
e_0000058b,u_000009db,app_open,2026-05-29T09:47:51Z
e_00000659,u_00000aa2,app_open,2026-05-29T12:09:23Z
e_00000578,u_000009d3,app_open,2026-05-29T12:40:50Z
e_0000064f,u_00000a97,app_open,2026-05-29T14:28:23Z
e_0000065d,u_00000aa3,app_open,2026-05-29T15:23:52Z
e_0000066f,u_00000abc,app_open,2026-05-29T15:49:51Z
e_00000676,u_00000ac3,app_open,2026-05-29T16:04:49Z
e_00000655,u_00000aa0,app_open,2026-05-29T16:05:21Z
e_000005ff,u_00000a3e,app_open,2026-05-29T17:00:09Z
e_000003f8,u_00000827,app_open,2026-05-29T17:17:06Z
e_0000064b,u_00000a96,app_open,2026-05-29T17:26:47Z
e_00000667,u_00000ab1,app_open,2026-05-29T17:51:50Z
e_0000054c,u_000009a6,app_open,2026-05-29T18:02:27Z
e_000004f0,u_00000939,app_open,2026-05-29T18:43:01Z
e_00000528,u_00000979,app_open,2026-05-29T18:48:40Z
e_000005f2,u_00000a33,app_open,2026-05-29T19:00:19Z
e_000005df,u_00000a24,app_open,2026-05-29T19:48:22Z
e_00000648,u_00000a92,app_open,2026-05-29T19:54:13Z
e_000005eb,u_00000a30,app_open,2026-05-29T20:13:39Z
e_00000533,u_00000988,app_open,2026-05-29T20:14:46Z
e_000005fe,u_00000a3e,app_open,2026-05-29T20:30:36Z
e_00000672,u_00000abe,app_open,2026-05-29T20:42:57Z
e_00000679,u_00000ac6,app_open,2026-05-29T20:46:33Z
e_00000490,u_000008d3,app_open,2026-05-29T21:30:24Z
e_00000660,u_00000aa8,app_open,2026-05-29T21:39:32Z
e_000005e9,u_00000a30,app_open,2026-05-29T21:52:52Z
e_0000067e,u_00000ac7,app_open,2026-05-29T21:56:32Z
e_0000057d,u_000009d6,app_open,2026-05-29T22:02:52Z
e_00000677,u_00000ac5,app_open,2026-05-29T22:27:32Z
e_000005ce,u_00000a18,app_open,2026-05-29T23:26:05Z
e_000005dc,u_00000a21,app_open,2026-05-30T00:10:53Z
e_0000069f,u_00000ae4,app_open,2026-05-30T00:38:32Z
e_000006b4,u_00000aff,app_open,2026-05-30T00:40:02Z
e_000006a5,u_00000af0,app_open,2026-05-30T00:56:30Z
e_000005ee,u_00000a32,app_open,2026-05-30T01:29:58Z
e_00000680,u_00000ac8,app_open,2026-05-30T01:39:23Z
e_0000068b,u_00000acf,app_open,2026-05-30T02:21:06Z
e_00000684,u_00000acc,app_open,2026-05-30T02:35:52Z
e_0000062f,u_00000a79,app_open,2026-05-30T02:40:04Z
e_000006aa,u_00000af3,app_open,2026-05-30T03:30:18Z
e_00000592,u_000009e1,app_open,2026-05-30T03:41:31Z
e_000005a4,u_000009f4,app_open,2026-05-30T03:42:18Z
e_0000068c,u_00000ad2,app_open,2026-05-30T04:19:40Z
e_000006a3,u_00000aea,app_open,2026-05-30T04:47:38Z
e_0000057e,u_000009d6,app_open,2026-05-30T05:25:11Z
e_00000585,u_000009d9,app_open,2026-05-30T05:25:56Z
e_00000532,u_00000988,app_open,2026-05-30T05:38:51Z
e_000006a4,u_00000aed,app_open,2026-05-30T06:02:32Z
e_000005cd,u_00000a18,app_open,2026-05-30T07:01:44Z
e_00000698,u_00000adb,app_open,2026-05-30T07:03:00Z
e_000004f4,u_0000093d,app_open,2026-05-30T07:04:21Z
e_000005a5,u_000009f4,app_open,2026-05-30T07:18:17Z
e_0000056e,u_000009cb,app_open,2026-05-30T07:36:30Z
e_000006ae,u_00000afb,app_open,2026-05-30T07:50:11Z
e_00000591,u_000009e1,app_open,2026-05-30T08:21:57Z
e_00000604,u_00000a45,app_open,2026-05-30T08:28:58Z
e_000004e7,u_00000932,app_open,2026-05-30T08:29:02Z
e_00000683,u_00000acb,app_open,2026-05-30T08:40:50Z
e_000006ab,u_00000af6,app_open,2026-05-30T08:44:58Z
e_0000044d,u_0000088a,app_open,2026-05-30T08:51:44Z
e_0000062b,u_00000a74,app_open,2026-05-30T09:44:45Z
e_0000068e,u_00000ad4,app_open,2026-05-30T10:02:18Z
e_0000055e,u_000009ba,app_open,2026-05-30T10:25:03Z
e_000005da,u_00000a21,app_open,2026-05-30T11:32:55Z
e_0000069a,u_00000ae0,app_open,2026-05-30T11:34:19Z
e_000005aa,u_000009f7,app_open,2026-05-30T13:49:57Z
e_00000682,u_00000aca,app_open,2026-05-30T13:53:45Z
e_00000662,u_00000aab,app_open,2026-05-30T14:08:01Z
e_000004fb,u_00000946,app_open,2026-05-30T14:14:00Z
e_0000053f,u_0000099d,app_open,2026-05-30T14:50:50Z
e_0000065a,u_00000aa2,app_open,2026-05-30T14:55:01Z
e_00000697,u_00000ad8,app_open,2026-05-30T15:17:34Z
e_00000681,u_00000ac9,app_open,2026-05-30T15:48:03Z
e_00000529,u_00000979,app_open,2026-05-30T15:57:20Z
e_0000060d,u_00000a4d,app_open,2026-05-30T16:32:22Z
e_00000632,u_00000a7b,app_open,2026-05-30T16:35:08Z
e_00000545,u_000009a0,app_open,2026-05-30T16:39:58Z
e_00000570,u_000009cb,app_open,2026-05-30T16:43:06Z
e_00000689,u_00000acd,app_open,2026-05-30T17:06:46Z
e_000006b5,u_00000b00,app_open,2026-05-30T17:29:06Z
e_000006a0,u_00000ae7,app_open,2026-05-30T17:59:55Z
e_000006a9,u_00000af2,app_open,2026-05-30T20:55:21Z
e_00000356,u_00000772,app_open,2026-05-30T21:19:03Z
e_000006ad,u_00000af8,app_open,2026-05-30T22:04:25Z
e_0000069e,u_00000ae1,app_open,2026-05-30T22:22:35Z
e_00000699,u_00000ade,app_open,2026-05-30T22:27:26Z
e_0000068a,u_00000ace,app_open,2026-05-30T23:08:02Z
e_000006b1,u_00000afd,app_open,2026-05-30T23:31:35Z
e_00000693,u_00000ad5,app_open,2026-05-31T00:23:10Z
e_000005c0,u_00000a08,app_open,2026-05-31T00:28:48Z
e_000006e3,u_00000b28,app_open,2026-05-31T01:47:54Z
e_000006bf,u_00000b0d,app_open,2026-05-31T01:50:28Z
e_000006eb,u_00000b30,app_open,2026-05-31T01:53:52Z
e_000006c1,u_00000b0f,app_open,2026-05-31T01:55:56Z
e_000006e7,u_00000b2a,app_open,2026-05-31T02:02:31Z
e_000005d6,u_00000a1c,app_open,2026-05-31T02:41:00Z
e_0000060c,u_00000a4d,app_open,2026-05-31T02:44:21Z
e_00000621,u_00000a68,app_open,2026-05-31T03:27:03Z
e_000005e1,u_00000a24,app_open,2026-05-31T03:45:05Z
e_00000598,u_000009e5,app_open,2026-05-31T03:47:43Z
e_00000638,u_00000a7d,app_open,2026-05-31T03:50:48Z
e_00000590,u_000009e1,app_open,2026-05-31T04:02:56Z
e_000005ed,u_00000a32,app_open,2026-05-31T04:10:44Z
e_000006b7,u_00000b04,app_open,2026-05-31T04:14:09Z
e_0000057b,u_000009d6,app_open,2026-05-31T04:23:15Z
e_000006cb,u_00000b13,app_open,2026-05-31T04:58:43Z
e_000006c4,u_00000b11,app_open,2026-05-31T06:52:40Z
e_000006cf,u_00000b19,app_open,2026-05-31T07:01:16Z
e_0000054b,u_000009a6,app_open,2026-05-31T07:10:03Z
e_000005f9,u_00000a3a,app_open,2026-05-31T07:16:15Z
e_00000586,u_000009d9,app_open,2026-05-31T07:32:21Z
e_000006c6,u_00000b12,app_open,2026-05-31T07:41:09Z
e_000006df,u_00000b25,app_open,2026-05-31T08:06:54Z
e_0000061a,u_00000a61,app_open,2026-05-31T09:20:08Z
e_000006dd,u_00000b22,app_open,2026-05-31T09:36:01Z
e_000006d7,u_00000b1d,app_open,2026-05-31T09:53:53Z
e_00000479,u_000008ba,app_open,2026-05-31T10:09:43Z
e_00000416,u_00000848,app_open,2026-05-31T10:12:51Z
e_0000064e,u_00000a96,app_open,2026-05-31T10:24:24Z
e_0000043e,u_00000875,app_open,2026-05-31T11:24:16Z
e_0000069c,u_00000ae0,app_open,2026-05-31T11:56:11Z
e_000006d2,u_00000b1a,app_open,2026-05-31T12:32:49Z
e_000006d9,u_00000b20,app_open,2026-05-31T12:50:11Z
e_000006bd,u_00000b09,app_open,2026-05-31T13:59:31Z
e_000006cc,u_00000b16,app_open,2026-05-31T14:48:17Z
e_000006ed,u_00000b33,app_open,2026-05-31T16:10:14Z
e_000005e7,u_00000a2d,app_open,2026-05-31T16:10:21Z
e_000006a6,u_00000af0,app_open,2026-05-31T16:45:06Z
e_000005d3,u_00000a1c,app_open,2026-05-31T17:00:54Z
e_00000634,u_00000a7b,app_open,2026-05-31T17:03:01Z
e_000006ec,u_00000b31,app_open,2026-05-31T19:15:20Z
e_00000582,u_000009d7,app_open,2026-05-31T19:53:23Z
e_000006de,u_00000b24,app_open,2026-05-31T20:04:53Z
e_000006b8,u_00000b06,app_open,2026-05-31T20:49:55Z
e_000006c0,u_00000b0e,app_open,2026-05-31T21:39:29Z
e_000006b6,u_00000b02,app_open,2026-05-31T21:43:46Z
e_000006ea,u_00000b2f,app_open,2026-05-31T22:11:56Z
e_00000670,u_00000abc,app_open,2026-05-31T22:39:56Z
e_000006e8,u_00000b2c,app_open,2026-05-31T23:23:31Z
e_000006e9,u_00000b2d,app_open,2026-05-31T23:34:04Z
e_00000618,u_00000a61,app_open,2026-05-31T23:44:38Z
e_000006af,u_00000afb,app_open,2026-05-31T23:57:05Z
e_000006be,u_00000b0c,app_open,2026-05-31T23:59:42Z
e_00000636,u_00000a7d,app_open,2026-06-01T00:28:18Z
e_000006a2,u_00000ae7,app_open,2026-06-01T00:43:29Z
e_000003a2,u_000007c9,app_open,2026-06-01T01:11:35Z
e_0000070a,u_00000b50,app_open,2026-06-01T01:19:35Z
e_00000620,u_00000a68,app_open,2026-06-01T01:42:08Z
e_000006fb,u_00000b42,app_open,2026-06-01T02:11:55Z
e_000006f0,u_00000b39,app_open,2026-06-01T02:16:14Z
e_000003ea,u_00000816,app_open,2026-06-01T03:19:58Z
e_000006ee,u_00000b35,app_open,2026-06-01T03:32:50Z
e_00000581,u_000009d7,app_open,2026-06-01T03:38:41Z
e_00000709,u_00000b4d,app_open,2026-06-01T03:41:30Z
e_000006f9,u_00000b40,app_open,2026-06-01T03:52:05Z
e_0000067c,u_00000ac6,app_open,2026-06-01T03:57:20Z
e_00000713,u_00000b5e,app_open,2026-06-01T04:18:16Z
e_000004e2,u_0000092c,app_open,2026-06-01T04:25:20Z
e_00000720,u_00000b6d,app_open,2026-06-01T04:32:36Z
e_00000707,u_00000b4b,app_open,2026-06-01T04:57:29Z
e_0000066c,u_00000ab9,app_open,2026-06-01T05:06:02Z
e_000005b0,u_000009fb,app_open,2026-06-01T05:19:15Z
e_00000711,u_00000b5a,app_open,2026-06-01T05:23:05Z
e_00000727,u_00000b74,app_open,2026-06-01T06:02:06Z
e_00000712,u_00000b5c,app_open,2026-06-01T06:06:07Z
e_0000064c,u_00000a96,app_open,2026-06-01T06:32:07Z
e_00000725,u_00000b70,app_open,2026-06-01T07:58:34Z
e_000006a8,u_00000af0,app_open,2026-06-01T08:27:42Z
e_00000726,u_00000b71,app_open,2026-06-01T08:51:00Z
e_0000052e,u_00000980,app_open,2026-06-01T09:06:04Z
e_000005db,u_00000a21,app_open,2026-06-01T10:50:51Z
e_00000656,u_00000aa0,app_open,2026-06-01T10:52:32Z
e_00000700,u_00000b46,app_open,2026-06-01T10:56:59Z
e_000006ef,u_00000b36,app_open,2026-06-01T11:20:03Z
e_000006f8,u_00000b3e,app_open,2026-06-01T11:59:22Z
e_00000729,u_00000b78,app_open,2026-06-01T12:48:01Z
e_000006fa,u_00000b41,app_open,2026-06-01T12:59:15Z
e_0000071d,u_00000b66,app_open,2026-06-01T13:29:10Z
e_000005cc,u_00000a18,app_open,2026-06-01T13:43:16Z
e_000006d1,u_00000b19,app_open,2026-06-01T14:03:26Z
e_000005a6,u_000009f4,app_open,2026-06-01T14:05:24Z
e_0000071e,u_00000b68,app_open,2026-06-01T14:08:17Z
e_00000653,u_00000a9d,app_open,2026-06-01T15:59:09Z
e_0000070d,u_00000b54,app_open,2026-06-01T16:33:25Z
e_000005af,u_000009fb,app_open,2026-06-01T17:05:18Z
e_00000687,u_00000acc,app_open,2026-06-01T17:24:22Z
e_000005c1,u_00000a08,app_open,2026-06-01T17:48:39Z
e_000006f3,u_00000b3b,app_open,2026-06-01T17:59:59Z
e_00000728,u_00000b76,app_open,2026-06-01T18:03:23Z
e_00000637,u_00000a7d,app_open,2026-06-01T18:42:04Z
e_00000710,u_00000b57,app_open,2026-06-01T18:44:00Z
e_0000070c,u_00000b51,app_open,2026-06-01T18:45:09Z
e_00000717,u_00000b60,app_open,2026-06-01T19:14:02Z
e_00000703,u_00000b49,app_open,2026-06-01T19:18:20Z
e_000005b5,u_000009fd,app_open,2026-06-01T19:20:59Z
e_000006e6,u_00000b28,app_open,2026-06-01T19:27:20Z
e_000006cd,u_00000b16,app_open,2026-06-01T20:01:56Z
e_0000071f,u_00000b6b,app_open,2026-06-01T20:16:45Z
e_0000061f,u_00000a68,app_open,2026-06-01T20:33:55Z
e_00000657,u_00000aa0,app_open,2026-06-01T21:08:54Z
e_0000065f,u_00000aa6,app_open,2026-06-01T22:13:51Z
e_000005ad,u_000009fa,app_open,2026-06-01T22:28:13Z
e_00000718,u_00000b63,app_open,2026-06-01T22:57:44Z
e_000005b6,u_000009fd,app_open,2026-06-01T22:58:56Z
e_0000059c,u_000009eb,app_open,2026-06-01T23:37:21Z
e_000006ff,u_00000b44,app_open,2026-06-02T00:11:54Z
e_000005ea,u_00000a30,app_open,2026-06-02T00:37:59Z
e_0000075a,u_00000b9e,app_open,2026-06-02T01:15:29Z
e_00000771,u_00000bb4,app_open,2026-06-02T02:16:47Z
e_000005bf,u_00000a08,app_open,2026-06-02T02:31:49Z
e_000005b2,u_000009fb,app_open,2026-06-02T02:37:39Z
e_00000773,u_00000bb7,app_open,2026-06-02T02:47:26Z
e_00000733,u_00000b82,app_open,2026-06-02T03:50:10Z
e_000005d4,u_00000a1c,app_open,2026-06-02T03:59:15Z
e_0000076c,u_00000bad,app_open,2026-06-02T04:03:06Z
e_00000630,u_00000a79,app_open,2026-06-02T04:04:38Z
e_0000073f,u_00000b8a,app_open,2026-06-02T04:11:52Z
e_00000678,u_00000ac5,app_open,2026-06-02T04:13:12Z
e_00000755,u_00000b9a,app_open,2026-06-02T04:27:46Z
e_00000767,u_00000baa,app_open,2026-06-02T04:40:54Z
e_0000073a,u_00000b86,app_open,2026-06-02T04:42:39Z
e_000006fe,u_00000b42,app_open,2026-06-02T05:04:30Z
e_00000741,u_00000b8b,app_open,2026-06-02T05:10:07Z
e_000006c3,u_00000b0f,app_open,2026-06-02T05:11:40Z
e_0000072b,u_00000b79,app_open,2026-06-02T05:46:47Z
e_0000076f,u_00000bb0,app_open,2026-06-02T05:48:26Z
e_000006fd,u_00000b42,app_open,2026-06-02T05:53:45Z
e_00000714,u_00000b5e,app_open,2026-06-02T05:57:43Z
e_00000715,u_00000b5e,app_open,2026-06-02T06:03:59Z
e_000005be,u_00000a08,app_open,2026-06-02T06:35:27Z
e_00000778,u_00000bbc,app_open,2026-06-02T06:54:16Z
e_000003e1,u_00000810,app_open,2026-06-02T08:51:59Z
e_00000751,u_00000b96,app_open,2026-06-02T09:09:17Z
e_000006f1,u_00000b39,app_open,2026-06-02T09:26:38Z
e_000006bc,u_00000b06,app_open,2026-06-02T09:54:07Z
e_00000696,u_00000ad5,app_open,2026-06-02T10:35:49Z
e_00000702,u_00000b46,app_open,2026-06-02T11:26:20Z
e_0000072d,u_00000b7c,app_open,2026-06-02T11:41:50Z
e_00000770,u_00000bb3,app_open,2026-06-02T11:44:09Z
e_0000072e,u_00000b7f,app_open,2026-06-02T11:56:51Z
e_00000640,u_00000a86,app_open,2026-06-02T13:00:14Z
e_000006bb,u_00000b06,app_open,2026-06-02T13:25:17Z
e_00000734,u_00000b83,app_open,2026-06-02T13:41:19Z
e_00000739,u_00000b85,app_open,2026-06-02T14:26:17Z
e_00000626,u_00000a6f,app_open,2026-06-02T14:56:10Z
e_00000774,u_00000bba,app_open,2026-06-02T15:01:56Z
e_00000410,u_0000083f,app_open,2026-06-02T15:14:01Z
e_00000742,u_00000b8e,app_open,2026-06-02T15:22:17Z
e_000006dc,u_00000b20,app_open,2026-06-02T16:22:27Z
e_0000074a,u_00000b92,app_open,2026-06-02T17:23:00Z
e_0000076d,u_00000baf,app_open,2026-06-02T17:38:17Z
e_0000075f,u_00000b9f,app_open,2026-06-02T18:04:43Z
e_00000674,u_00000ac1,app_open,2026-06-02T19:12:40Z
e_00000752,u_00000b97,app_open,2026-06-02T19:26:47Z
e_00000763,u_00000ba1,app_open,2026-06-02T19:48:32Z
e_0000073e,u_00000b88,app_open,2026-06-02T19:49:18Z
e_00000402,u_00000832,app_open,2026-06-02T20:49:27Z
e_00000766,u_00000ba7,app_open,2026-06-02T21:05:15Z
e_00000605,u_00000a45,app_open,2026-06-02T21:17:26Z
e_000005fd,u_00000a3e,app_open,2026-06-02T21:46:19Z
e_0000074f,u_00000b93,app_open,2026-06-02T21:50:02Z
e_00000753,u_00000b99,app_open,2026-06-02T21:59:48Z
e_00000746,u_00000b90,app_open,2026-06-02T22:31:06Z
e_0000065b,u_00000aa2,app_open,2026-06-02T22:59:03Z
e_00000765,u_00000ba4,app_open,2026-06-02T23:09:47Z
e_00000619,u_00000a61,app_open,2026-06-02T23:31:47Z
e_000006db,u_00000b20,app_open,2026-06-02T23:56:19Z
e_00000759,u_00000b9c,app_open,2026-06-03T00:29:16Z
e_00000792,u_00000bdd,app_open,2026-06-03T00:50:40Z
e_00000789,u_00000bd0,app_open,2026-06-03T00:54:08Z
e_000006c7,u_00000b12,app_open,2026-06-03T01:16:09Z
e_000006ce,u_00000b16,app_open,2026-06-03T01:29:51Z
e_000005de,u_00000a24,app_open,2026-06-03T01:40:40Z
e_00000664,u_00000aab,app_open,2026-06-03T01:57:36Z
e_00000782,u_00000bcb,app_open,2026-06-03T02:01:03Z
e_00000794,u_00000bde,app_open,2026-06-03T02:01:28Z
e_0000077f,u_00000bc5,app_open,2026-06-03T02:15:06Z
e_000006da,u_00000b20,app_open,2026-06-03T02:22:54Z
e_000005f1,u_00000a33,app_open,2026-06-03T02:29:45Z
e_0000079f,u_00000bed,app_open,2026-06-03T03:11:28Z
e_00000663,u_00000aab,app_open,2026-06-03T03:32:34Z
e_000005fa,u_00000a3a,app_open,2026-06-03T03:44:15Z
e_00000701,u_00000b46,app_open,2026-06-03T03:48:22Z
e_00000779,u_00000bbe,app_open,2026-06-03T03:59:53Z
e_000005f3,u_00000a33,app_open,2026-06-03T04:03:57Z
e_0000049b,u_000008dd,app_open,2026-06-03T04:42:07Z
e_0000077c,u_00000bc2,app_open,2026-06-03T04:49:52Z
e_00000690,u_00000ad4,app_open,2026-06-03T05:00:00Z
e_00000722,u_00000b6d,app_open,2026-06-03T05:22:19Z
e_0000079c,u_00000be8,app_open,2026-06-03T05:23:34Z
e_00000651,u_00000a9a,app_open,2026-06-03T05:46:37Z
e_000006a7,u_00000af0,app_open,2026-06-03T06:38:47Z
e_0000078f,u_00000bd8,app_open,2026-06-03T07:14:49Z
e_0000078b,u_00000bd4,app_open,2026-06-03T07:20:08Z
e_00000686,u_00000acc,app_open,2026-06-03T07:25:14Z
e_000007a4,u_00000bf4,app_open,2026-06-03T07:39:17Z
e_0000078e,u_00000bd7,app_open,2026-06-03T07:53:52Z
e_0000078c,u_00000bd6,app_open,2026-06-03T08:09:42Z
e_00000790,u_00000bdb,app_open,2026-06-03T08:14:40Z
e_00000688,u_00000acc,app_open,2026-06-03T08:20:53Z
e_000007a1,u_00000bf0,app_open,2026-06-03T08:26:04Z
e_000005e0,u_00000a24,app_open,2026-06-03T08:35:16Z
e_00000675,u_00000ac1,app_open,2026-06-03T08:44:22Z
e_000005d5,u_00000a1c,app_open,2026-06-03T08:51:49Z
e_00000795,u_00000bdf,app_open,2026-06-03T09:17:42Z
e_00000799,u_00000be6,app_open,2026-06-03T09:37:44Z
e_000006a1,u_00000ae7,app_open,2026-06-03T09:39:11Z
e_0000078a,u_00000bd1,app_open,2026-06-03T10:12:05Z
e_00000796,u_00000be1,app_open,2026-06-03T10:16:20Z
e_000007a0,u_00000bee,app_open,2026-06-03T10:45:12Z
e_00000780,u_00000bc7,app_open,2026-06-03T11:00:27Z
e_00000633,u_00000a7b,app_open,2026-06-03T11:37:25Z
e_00000740,u_00000b8a,app_open,2026-06-03T12:31:05Z
e_0000077b,u_00000bc0,app_open,2026-06-03T13:14:55Z
e_00000408,u_0000083b,app_open,2026-06-03T13:23:35Z
e_00000797,u_00000be3,app_open,2026-06-03T13:26:18Z
e_000007a3,u_00000bf3,app_open,2026-06-03T13:32:38Z
e_00000695,u_00000ad5,app_open,2026-06-03T13:40:31Z
e_000007a6,u_00000bf7,app_open,2026-06-03T13:46:38Z
e_00000694,u_00000ad5,app_open,2026-06-03T13:52:55Z
e_00000735,u_00000b83,app_open,2026-06-03T14:27:44Z
e_000007a8,u_00000bf8,app_open,2026-06-03T14:35:13Z
e_0000071c,u_00000b63,app_open,2026-06-03T15:00:32Z
e_00000791,u_00000bdc,app_open,2026-06-03T15:53:02Z
e_000006b2,u_00000afd,app_open,2026-06-03T16:07:44Z
e_00000625,u_00000a6f,app_open,2026-06-03T16:45:03Z
e_000007a5,u_00000bf6,app_open,2026-06-03T19:10:59Z
e_0000062e,u_00000a79,app_open,2026-06-03T19:49:07Z
e_0000068f,u_00000ad4,app_open,2026-06-03T19:53:48Z
e_00000781,u_00000bca,app_open,2026-06-03T20:07:17Z
e_0000079e,u_00000bea,app_open,2026-06-03T20:53:51Z
e_00000785,u_00000bce,app_open,2026-06-03T21:08:53Z
e_0000066d,u_00000ab9,app_open,2026-06-03T21:51:44Z
e_000007a9,u_00000bfb,app_open,2026-06-03T23:01:17Z
e_0000062a,u_00000a74,app_open,2026-06-04T00:34:16Z
e_0000055b,u_000009b9,app_open,2026-06-04T00:36:23Z
e_000007cd,u_00000c20,app_open,2026-06-04T02:16:23Z
e_000007bc,u_00000c0c,app_open,2026-06-04T02:47:25Z
e_0000064d,u_00000a96,app_open,2026-06-04T02:50:24Z
e_0000066b,u_00000ab9,app_open,2026-06-04T03:02:42Z
e_00000705,u_00000b49,app_open,2026-06-04T03:11:07Z
e_00000564,u_000009bb,app_open,2026-06-04T03:51:34Z
e_00000750,u_00000b93,app_open,2026-06-04T04:01:19Z
e_00000671,u_00000abc,app_open,2026-06-04T04:11:23Z
e_000007ca,u_00000c17,app_open,2026-06-04T04:24:26Z
e_00000685,u_00000acc,app_open,2026-06-04T04:33:18Z
e_000007be,u_00000c0e,app_open,2026-06-04T04:45:31Z
e_000007d3,u_00000c29,app_open,2026-06-04T04:50:40Z
e_00000641,u_00000a86,app_open,2026-06-04T06:29:51Z
e_00000775,u_00000bba,app_open,2026-06-04T06:32:13Z
e_00000658,u_00000aa0,app_open,2026-06-04T07:42:02Z
e_000007d8,u_00000c2b,app_open,2026-06-04T08:14:04Z
e_00000743,u_00000b8e,app_open,2026-06-04T08:44:39Z
e_00000761,u_00000b9f,app_open,2026-06-04T09:09:03Z
e_000007ad,u_00000bfe,app_open,2026-06-04T09:14:58Z
e_000007d1,u_00000c25,app_open,2026-06-04T10:03:13Z
e_0000076a,u_00000baa,app_open,2026-06-04T10:07:08Z
e_000007c2,u_00000c10,app_open,2026-06-04T10:32:56Z
e_000007b5,u_00000c04,app_open,2026-06-04T10:45:40Z
e_000004a6,u_000008e8,app_open,2026-06-04T11:10:06Z
e_000007d2,u_00000c28,app_open,2026-06-04T11:55:28Z
e_0000079d,u_00000be8,app_open,2026-06-04T12:29:05Z
e_000006c2,u_00000b0f,app_open,2026-06-04T13:05:17Z
e_000007af,u_00000c02,app_open,2026-06-04T13:16:36Z
e_00000534,u_00000988,app_open,2026-06-04T13:29:00Z
e_000006b3,u_00000afd,app_open,2026-06-04T13:29:58Z
e_00000654,u_00000a9d,app_open,2026-06-04T13:59:11Z
e_000007cf,u_00000c21,app_open,2026-06-04T14:08:30Z
e_0000071b,u_00000b63,app_open,2026-06-04T14:23:44Z
e_000006d5,u_00000b1a,app_open,2026-06-04T14:23:53Z
e_000007c0,u_00000c0f,app_open,2026-06-04T14:28:40Z
e_0000067d,u_00000ac6,app_open,2026-06-04T14:51:24Z
e_000006d6,u_00000b1a,app_open,2026-06-04T14:53:51Z
e_00000665,u_00000aab,app_open,2026-06-04T15:19:21Z
e_00000784,u_00000bcb,app_open,2026-06-04T15:25:25Z
e_000007c8,u_00000c14,app_open,2026-06-04T15:41:25Z
e_000007c3,u_00000c12,app_open,2026-06-04T15:48:44Z
e_0000067a,u_00000ac6,app_open,2026-06-04T16:19:52Z
e_000007d0,u_00000c24,app_open,2026-06-04T16:50:35Z
e_000007bb,u_00000c09,app_open,2026-06-04T16:52:01Z
e_000007cb,u_00000c1a,app_open,2026-06-04T17:07:16Z
e_0000072c,u_00000b79,app_open,2026-06-04T17:35:02Z
e_000007cc,u_00000c1d,app_open,2026-06-04T17:52:21Z
e_000007b7,u_00000c06,app_open,2026-06-04T18:32:34Z
e_000007c9,u_00000c16,app_open,2026-06-04T19:19:42Z
e_0000075b,u_00000b9e,app_open,2026-06-04T19:31:15Z
e_000006ca,u_00000b12,app_open,2026-06-04T19:40:44Z
e_000007ae,u_00000c01,app_open,2026-06-04T19:45:50Z
e_000007d4,u_00000c2a,app_open,2026-06-04T20:54:45Z
e_000006e1,u_00000b25,app_open,2026-06-04T21:57:11Z
e_0000067b,u_00000ac6,app_open,2026-06-04T22:59:12Z
e_000007b6,u_00000c05,app_open,2026-06-04T23:02:12Z
e_0000058d,u_000009dd,app_open,2026-06-04T23:23:45Z
e_00000762,u_00000b9f,app_open,2026-06-05T00:42:53Z
e_000007e4,u_00000c34,app_open,2026-06-05T00:47:52Z
e_000005b3,u_000009fb,app_open,2026-06-05T00:56:04Z
e_00000692,u_00000ad4,app_open,2026-06-05T00:58:48Z
e_000007da,u_00000c2f,app_open,2026-06-05T01:17:54Z
e_000006f6,u_00000b3b,app_open,2026-06-05T01:22:57Z
e_00000800,u_00000c54,app_open,2026-06-05T01:33:42Z
e_000006f2,u_00000b39,app_open,2026-06-05T02:12:37Z
e_000006f7,u_00000b3b,app_open,2026-06-05T02:22:05Z
e_000006e5,u_00000b28,app_open,2026-06-05T02:31:58Z
e_000006d3,u_00000b1a,app_open,2026-06-05T02:34:25Z
e_000007ab,u_00000bfb,app_open,2026-06-05T03:45:54Z
e_000006ba,u_00000b06,app_open,2026-06-05T03:52:33Z
e_000004d9,u_00000924,app_open,2026-06-05T04:04:24Z
e_000006fc,u_00000b42,app_open,2026-06-05T04:35:44Z
e_000006f4,u_00000b3b,app_open,2026-06-05T04:43:43Z
e_000007f5,u_00000c49,app_open,2026-06-05T04:50:05Z
e_000007ff,u_00000c51,app_open,2026-06-05T04:51:55Z
e_000007e8,u_00000c36,app_open,2026-06-05T05:04:06Z
e_00000744,u_00000b8e,app_open,2026-06-05T06:08:48Z
e_000007e3,u_00000c33,app_open,2026-06-05T06:16:03Z
e_00000811,u_00000c5f,app_open,2026-06-05T06:24:57Z
e_000007f1,u_00000c41,app_open,2026-06-05T06:26:42Z
e_000007f7,u_00000c4a,app_open,2026-06-05T09:14:16Z
e_00000810,u_00000c5e,app_open,2026-06-05T09:45:25Z
e_000007d9,u_00000c2e,app_open,2026-06-05T10:48:22Z
e_0000070f,u_00000b54,app_open,2026-06-05T10:50:23Z
e_000007f0,u_00000c3f,app_open,2026-06-05T11:39:26Z
e_000007f4,u_00000c48,app_open,2026-06-05T12:09:11Z
e_000006c8,u_00000b12,app_open,2026-06-05T12:41:12Z
e_0000073d,u_00000b86,app_open,2026-06-05T12:50:32Z
e_000007f9,u_00000c4b,app_open,2026-06-05T13:40:42Z
e_0000077e,u_00000bc2,app_open,2026-06-05T13:49:57Z
e_00000808,u_00000c5b,app_open,2026-06-05T14:08:49Z
e_000007b0,u_00000c02,app_open,2026-06-05T14:40:52Z
e_000007ed,u_00000c3c,app_open,2026-06-05T14:44:57Z
e_000007b3,u_00000c02,app_open,2026-06-05T15:00:28Z
e_000007f2,u_00000c44,app_open,2026-06-05T15:04:01Z
e_00000691,u_00000ad4,app_open,2026-06-05T15:32:50Z
e_0000069b,u_00000ae0,app_open,2026-06-05T16:08:13Z
e_00000813,u_00000c60,app_open,2026-06-05T16:29:07Z
e_000007fe,u_00000c4f,app_open,2026-06-05T17:23:23Z
e_000007ea,u_00000c3b,app_open,2026-06-05T17:37:15Z
e_00000737,u_00000b83,app_open,2026-06-05T17:40:09Z
e_00000807,u_00000c59,app_open,2026-06-05T17:43:59Z
e_00000738,u_00000b83,app_open,2026-06-05T17:50:14Z
e_0000073c,u_00000b86,app_open,2026-06-05T18:36:51Z
e_00000614,u_00000a5b,app_open,2026-06-05T18:46:11Z
e_000004ca,u_00000912,app_open,2026-06-05T20:24:20Z
e_0000080b,u_00000c5d,app_open,2026-06-05T20:58:52Z
e_0000073b,u_00000b86,app_open,2026-06-05T21:02:14Z
e_000007fa,u_00000c4c,app_open,2026-06-05T21:12:58Z
e_000007df,u_00000c31,app_open,2026-06-05T21:18:20Z
e_00000520,u_0000096e,app_open,2026-06-05T21:24:07Z
e_00000787,u_00000bce,app_open,2026-06-05T21:39:58Z
e_00000802,u_00000c57,app_open,2026-06-05T21:41:08Z
e_000007c5,u_00000c12,app_open,2026-06-05T23:04:37Z
e_000007e9,u_00000c39,app_open,2026-06-05T23:29:31Z
e_000007f3,u_00000c46,app_open,2026-06-05T23:33:24Z
e_000006e2,u_00000b25,app_open,2026-06-05T23:39:34Z
e_00000745,u_00000b8e,app_open,2026-06-06T00:54:06Z
e_0000081a,u_00000c69,app_open,2026-06-06T01:06:08Z
e_000005f7,u_00000a39,app_open,2026-06-06T01:13:30Z
e_0000084b,u_00000ca1,app_open,2026-06-06T01:23:56Z
e_0000069d,u_00000ae0,app_open,2026-06-06T01:48:27Z
e_0000083b,u_00000c91,app_open,2026-06-06T02:04:13Z
e_00000829,u_00000c7d,app_open,2026-06-06T02:19:22Z
e_000005d0,u_00000a18,app_open,2026-06-06T02:51:01Z
e_0000074b,u_00000b92,app_open,2026-06-06T02:55:25Z
e_00000818,u_00000c67,app_open,2026-06-06T03:47:34Z
e_0000082d,u_00000c7f,app_open,2026-06-06T04:03:38Z
e_00000817,u_00000c66,app_open,2026-06-06T04:43:47Z
e_00000851,u_00000ca8,app_open,2026-06-06T04:45:58Z
e_00000758,u_00000b9a,app_open,2026-06-06T05:18:53Z
e_00000719,u_00000b63,app_open,2026-06-06T05:24:10Z
e_000006d0,u_00000b19,app_open,2026-06-06T06:27:55Z
e_00000831,u_00000c85,app_open,2026-06-06T06:41:42Z
e_0000081d,u_00000c6d,app_open,2026-06-06T06:45:39Z
e_000006e0,u_00000b25,app_open,2026-06-06T07:17:25Z
e_0000071a,u_00000b63,app_open,2026-06-06T08:36:49Z
e_00000850,u_00000ca6,app_open,2026-06-06T08:41:59Z
e_000006e4,u_00000b28,app_open,2026-06-06T11:26:48Z
e_00000816,u_00000c64,app_open,2026-06-06T11:39:26Z
e_0000083e,u_00000c92,app_open,2026-06-06T12:15:50Z
e_00000716,u_00000b5e,app_open,2026-06-06T12:34:04Z
e_00000721,u_00000b6d,app_open,2026-06-06T12:45:34Z
e_00000838,u_00000c89,app_open,2026-06-06T13:21:15Z
e_0000072f,u_00000b7f,app_open,2026-06-06T13:42:46Z
e_0000084e,u_00000ca4,app_open,2026-06-06T14:29:29Z
e_000007d7,u_00000c2a,app_open,2026-06-06T14:49:40Z
e_00000708,u_00000b4b,app_open,2026-06-06T14:54:22Z
e_000006c9,u_00000b12,app_open,2026-06-06T14:57:40Z
e_0000083a,u_00000c8e,app_open,2026-06-06T15:08:53Z
e_0000061c,u_00000a63,app_open,2026-06-06T15:15:46Z
e_00000647,u_00000a8f,app_open,2026-06-06T15:19:57Z
e_0000084a,u_00000c9f,app_open,2026-06-06T16:10:11Z
e_00000843,u_00000c97,app_open,2026-06-06T16:27:10Z
e_00000776,u_00000bba,app_open,2026-06-06T16:55:40Z
e_00000777,u_00000bba,app_open,2026-06-06T17:50:20Z
e_00000837,u_00000c88,app_open,2026-06-06T17:54:40Z
e_00000842,u_00000c94,app_open,2026-06-06T18:26:43Z
e_000006c5,u_00000b11,app_open,2026-06-06T18:29:20Z
e_000007dd,u_00000c2f,app_open,2026-06-06T18:47:59Z
e_00000839,u_00000c8b,app_open,2026-06-06T19:03:02Z
e_00000827,u_00000c79,app_open,2026-06-06T19:42:45Z
e_00000836,u_00000c87,app_open,2026-06-06T19:43:31Z
e_0000081c,u_00000c6b,app_open,2026-06-06T19:43:31Z
e_0000081f,u_00000c71,app_open,2026-06-06T20:19:48Z
e_0000084f,u_00000ca5,app_open,2026-06-06T20:25:59Z
e_00000815,u_00000c61,app_open,2026-06-06T20:29:59Z
e_00000848,u_00000c9a,app_open,2026-06-06T21:18:49Z
e_00000820,u_00000c74,app_open,2026-06-06T21:33:44Z
e_00000819,u_00000c68,app_open,2026-06-06T21:34:52Z
e_0000079b,u_00000be6,app_open,2026-06-06T21:51:08Z
e_00000768,u_00000baa,app_open,2026-06-06T21:53:06Z
e_000007b9,u_00000c06,app_open,2026-06-06T22:18:10Z
e_00000830,u_00000c82,app_open,2026-06-06T22:29:01Z
e_00000826,u_00000c78,app_open,2026-06-06T22:31:51Z
e_00000821,u_00000c76,app_open,2026-06-06T22:42:37Z
e_00000849,u_00000c9c,app_open,2026-06-06T22:46:54Z
e_00000828,u_00000c7c,app_open,2026-06-06T23:20:52Z
e_0000081e,u_00000c6f,app_open,2026-06-06T23:57:04Z
e_00000732,u_00000b7f,app_open,2026-06-07T00:25:04Z
e_00000875,u_00000cc2,app_open,2026-06-07T00:35:55Z
e_00000882,u_00000cd0,app_open,2026-06-07T00:42:34Z
e_000006d4,u_00000b1a,app_open,2026-06-07T01:27:29Z
e_00000783,u_00000bcb,app_open,2026-06-07T01:29:47Z
e_00000895,u_00000ce5,app_open,2026-06-07T01:53:21Z
e_0000088d,u_00000cd9,app_open,2026-06-07T01:54:06Z
e_0000081b,u_00000c69,app_open,2026-06-07T02:15:46Z
e_000006f5,u_00000b3b,app_open,2026-06-07T03:02:09Z
e_00000860,u_00000cb5,app_open,2026-06-07T03:14:27Z
e_000007c4,u_00000c12,app_open,2026-06-07T03:43:00Z
e_0000086a,u_00000cb9,app_open,2026-06-07T04:41:38Z
e_00000723,u_00000b6d,app_open,2026-06-07T04:44:31Z
e_000006b9,u_00000b06,app_open,2026-06-07T04:55:47Z
e_00000803,u_00000c57,app_open,2026-06-07T04:58:09Z
e_00000865,u_00000cb7,app_open,2026-06-07T05:09:30Z
e_00000877,u_00000cc6,app_open,2026-06-07T05:21:06Z
e_00000704,u_00000b49,app_open,2026-06-07T05:36:16Z
e_00000859,u_00000cad,app_open,2026-06-07T05:49:10Z
e_00000572,u_000009cb,app_open,2026-06-07T06:23:01Z
e_00000756,u_00000b9a,app_open,2026-06-07T08:03:17Z
e_0000077d,u_00000bc2,app_open,2026-06-07T08:14:44Z
e_00000876,u_00000cc3,app_open,2026-06-07T08:41:51Z
e_0000085a,u_00000cae,app_open,2026-06-07T08:55:28Z
e_00000894,u_00000ce3,app_open,2026-06-07T09:37:37Z
e_000007ac,u_00000bfb,app_open,2026-06-07T09:44:53Z
e_0000076b,u_00000baa,app_open,2026-06-07T10:16:58Z
e_00000870,u_00000cbc,app_open,2026-06-07T10:24:21Z
e_000007eb,u_00000c3b,app_open,2026-06-07T10:41:01Z
e_0000074c,u_00000b92,app_open,2026-06-07T11:22:09Z
e_0000087d,u_00000cca,app_open,2026-06-07T11:40:03Z
e_000007fb,u_00000c4c,app_open,2026-06-07T13:44:30Z
e_00000853,u_00000ca9,app_open,2026-06-07T14:01:14Z
e_0000087b,u_00000cc8,app_open,2026-06-07T14:05:09Z
e_00000642,u_00000a86,app_open,2026-06-07T14:31:21Z
e_00000861,u_00000cb6,app_open,2026-06-07T14:55:05Z
e_0000085b,u_00000cb1,app_open,2026-06-07T15:04:58Z
e_00000606,u_00000a45,app_open,2026-06-07T15:10:11Z
e_0000087f,u_00000ccd,app_open,2026-06-07T15:33:04Z
e_0000075d,u_00000b9e,app_open,2026-06-07T15:46:31Z
e_0000088e,u_00000cdc,app_open,2026-06-07T17:43:33Z
e_0000087e,u_00000ccc,app_open,2026-06-07T18:10:47Z
e_00000892,u_00000ce1,app_open,2026-06-07T18:33:16Z
e_00000888,u_00000cd4,app_open,2026-06-07T18:45:09Z
e_0000080a,u_00000c5b,app_open,2026-06-07T19:07:40Z
e_0000075e,u_00000b9e,app_open,2026-06-07T19:42:10Z
e_0000088c,u_00000cd7,app_open,2026-06-07T20:21:56Z
e_00000858,u_00000caa,app_open,2026-06-07T20:31:11Z
e_00000871,u_00000cbf,app_open,2026-06-07T20:46:16Z
e_00000893,u_00000ce2,app_open,2026-06-07T21:00:26Z
e_00000881,u_00000ccf,app_open,2026-06-07T21:27:46Z
e_0000085c,u_00000cb4,app_open,2026-06-07T22:41:01Z
e_00000824,u_00000c76,app_open,2026-06-07T23:18:44Z
e_00000886,u_00000cd3,app_open,2026-06-07T23:50:55Z
e_00000891,u_00000cdf,app_open,2026-06-08T00:04:10Z
e_0000068d,u_00000ad2,app_open,2026-06-08T00:49:44Z
e_000008c0,u_00000d02,app_open,2026-06-08T00:57:48Z
e_00000788,u_00000bce,app_open,2026-06-08T01:05:25Z
e_000008c8,u_00000d0a,app_open,2026-06-08T01:13:32Z
e_000007ee,u_00000c3c,app_open,2026-06-08T01:20:20Z
e_000008cd,u_00000d0f,app_open,2026-06-08T01:35:24Z
e_000008cc,u_00000d0c,app_open,2026-06-08T02:01:49Z
e_000008b5,u_00000cfa,app_open,2026-06-08T02:37:21Z
e_000008bc,u_00000d01,app_open,2026-06-08T03:17:06Z
e_00000846,u_00000c97,app_open,2026-06-08T04:20:53Z
e_000007c6,u_00000c12,app_open,2026-06-08T04:30:13Z
e_00000786,u_00000bce,app_open,2026-06-08T04:35:40Z
e_0000074e,u_00000b92,app_open,2026-06-08T04:48:37Z
e_000008a4,u_00000ce9,app_open,2026-06-08T05:51:43Z
e_000008ae,u_00000cf0,app_open,2026-06-08T06:06:39Z
e_000007b1,u_00000c02,app_open,2026-06-08T06:21:09Z
e_000007fd,u_00000c4c,app_open,2026-06-08T06:24:20Z
e_0000089a,u_00000ce6,app_open,2026-06-08T06:32:46Z
e_0000065c,u_00000aa2,app_open,2026-06-08T06:42:55Z
e_000008d2,u_00000d15,app_open,2026-06-08T07:39:15Z
e_0000070e,u_00000b54,app_open,2026-06-08T08:12:22Z
e_00000896,u_00000ce5,app_open,2026-06-08T10:32:56Z
e_000007aa,u_00000bfb,app_open,2026-06-08T10:49:46Z
e_0000089f,u_00000ce8,app_open,2026-06-08T11:34:32Z
e_000007d6,u_00000c2a,app_open,2026-06-08T11:44:35Z
e_000006ac,u_00000af6,app_open,2026-06-08T11:48:10Z
e_000008c3,u_00000d05,app_open,2026-06-08T11:48:12Z
e_00000806,u_00000c57,app_open,2026-06-08T11:59:15Z
e_00000769,u_00000baa,app_open,2026-06-08T12:01:06Z
e_000008c6,u_00000d08,app_open,2026-06-08T12:08:50Z
e_000008d0,u_00000d12,app_open,2026-06-08T12:14:01Z
e_0000075c,u_00000b9e,app_open,2026-06-08T12:53:45Z
e_0000082b,u_00000c7d,app_open,2026-06-08T13:08:26Z
e_000008a5,u_00000ceb,app_open,2026-06-08T13:15:00Z
e_00000706,u_00000b49,app_open,2026-06-08T13:23:48Z
e_00000854,u_00000ca9,app_open,2026-06-08T13:29:08Z
e_000007e6,u_00000c34,app_open,2026-06-08T14:12:36Z
e_0000087a,u_00000cc6,app_open,2026-06-08T14:20:44Z
e_000008ad,u_00000cee,app_open,2026-06-08T15:35:47Z
e_000008aa,u_00000ced,app_open,2026-06-08T16:00:05Z
e_00000526,u_00000977,app_open,2026-06-08T16:28:20Z
e_000008b4,u_00000cf7,app_open,2026-06-08T16:41:54Z
e_00000754,u_00000b99,app_open,2026-06-08T17:23:38Z
e_00000757,u_00000b9a,app_open,2026-06-08T17:30:36Z
e_000008b2,u_00000cf2,app_open,2026-06-08T18:17:30Z
e_000008d3,u_00000d17,app_open,2026-06-08T18:24:20Z
e_000008c2,u_00000d04,app_open,2026-06-08T18:48:56Z
e_000008bb,u_00000cfe,app_open,2026-06-08T19:13:01Z
e_000008b3,u_00000cf4,app_open,2026-06-08T19:23:16Z
e_0000087c,u_00000cc8,app_open,2026-06-08T20:15:20Z
e_000008a6,u_00000cec,app_open,2026-06-08T20:39:30Z
e_000008c1,u_00000d03,app_open,2026-06-08T20:46:51Z
e_00000760,u_00000b9f,app_open,2026-06-08T21:05:40Z
e_00000804,u_00000c57,app_open,2026-06-08T21:08:34Z
e_000008ba,u_00000cfd,app_open,2026-06-08T21:46:09Z
e_0000083f,u_00000c92,app_open,2026-06-08T21:49:18Z
e_000008da,u_00000d19,app_open,2026-06-08T21:50:39Z
e_00000736,u_00000b83,app_open,2026-06-08T23:05:22Z
e_000008d6,u_00000d18,app_open,2026-06-09T00:23:40Z
e_00000889,u_00000cd4,app_open,2026-06-09T01:02:15Z
e_00000805,u_00000c57,app_open,2026-06-09T01:38:52Z
e_0000063e,u_00000a85,app_open,2026-06-09T01:50:30Z
e_000008fd,u_00000d3b,app_open,2026-06-09T02:03:56Z
e_000008eb,u_00000d28,app_open,2026-06-09T02:26:05Z
e_00000730,u_00000b7f,app_open,2026-06-09T02:28:05Z
e_000007b8,u_00000c06,app_open,2026-06-09T02:53:09Z
e_0000074d,u_00000b92,app_open,2026-06-09T03:23:02Z
e_00000899,u_00000ce5,app_open,2026-06-09T03:25:38Z
e_000008dc,u_00000d1d,app_open,2026-06-09T03:31:06Z
e_00000901,u_00000d44,app_open,2026-06-09T03:35:08Z
e_0000084c,u_00000ca1,app_open,2026-06-09T03:39:38Z
e_000008fe,u_00000d3e,app_open,2026-06-09T03:46:15Z
e_000008ff,u_00000d40,app_open,2026-06-09T04:17:43Z
e_0000067f,u_00000ac7,app_open,2026-06-09T05:56:39Z
e_00000905,u_00000d47,app_open,2026-06-09T06:15:08Z
e_00000897,u_00000ce5,app_open,2026-06-09T06:20:08Z
e_0000080e,u_00000c5d,app_open,2026-06-09T06:42:00Z
e_00000731,u_00000b7f,app_open,2026-06-09T06:57:43Z
e_000008e5,u_00000d25,app_open,2026-06-09T06:58:33Z
e_000008b1,u_00000cf0,app_open,2026-06-09T07:32:23Z
e_000008bd,u_00000d01,app_open,2026-06-09T08:10:28Z
e_00000747,u_00000b90,app_open,2026-06-09T08:15:18Z
e_000008b9,u_00000cfa,app_open,2026-06-09T08:44:17Z
e_000008f1,u_00000d2f,app_open,2026-06-09T08:57:46Z
e_00000825,u_00000c76,app_open,2026-06-09T09:10:29Z
e_000008e1,u_00000d20,app_open,2026-06-09T09:37:41Z
e_000008cf,u_00000d0f,app_open,2026-06-09T09:57:36Z
e_000008e2,u_00000d22,app_open,2026-06-09T10:03:31Z
e_00000748,u_00000b90,app_open,2026-06-09T10:33:19Z
e_000007de,u_00000c2f,app_open,2026-06-09T10:58:42Z
e_00000904,u_00000d46,app_open,2026-06-09T10:58:49Z
e_00000872,u_00000cbf,app_open,2026-06-09T11:04:35Z
e_0000079a,u_00000be6,app_open,2026-06-09T12:06:38Z
e_000008d1,u_00000d12,app_open,2026-06-09T12:28:39Z
e_00000900,u_00000d43,app_open,2026-06-09T12:50:45Z
e_0000086c,u_00000cb9,app_open,2026-06-09T12:53:49Z
e_000008ee,u_00000d2a,app_open,2026-06-09T13:07:08Z
e_000008fa,u_00000d37,app_open,2026-06-09T13:16:10Z
e_0000090f,u_00000d52,app_open,2026-06-09T13:21:46Z
e_000008b7,u_00000cfa,app_open,2026-06-09T13:43:14Z
e_00000902,u_00000d45,app_open,2026-06-09T14:15:09Z
e_00000749,u_00000b90,app_open,2026-06-09T14:15:16Z
e_0000082e,u_00000c7f,app_open,2026-06-09T14:51:04Z
e_00000907,u_00000d4b,app_open,2026-06-09T15:16:50Z
e_00000914,u_00000d59,app_open,2026-06-09T15:18:11Z
e_000008ef,u_00000d2d,app_open,2026-06-09T17:13:34Z
e_000007ef,u_00000c3c,app_open,2026-06-09T17:33:32Z
e_00000910,u_00000d55,app_open,2026-06-09T17:45:58Z
e_000008f4,u_00000d32,app_open,2026-06-09T18:05:59Z
e_00000911,u_00000d58,app_open,2026-06-09T19:02:53Z
e_0000089b,u_00000ce6,app_open,2026-06-09T19:25:56Z
e_000007ba,u_00000c06,app_open,2026-06-09T19:29:31Z
e_0000060a,u_00000a4c,app_open,2026-06-09T19:37:29Z
e_000008a0,u_00000ce8,app_open,2026-06-09T20:01:48Z
e_000008f9,u_00000d34,app_open,2026-06-09T20:42:38Z
e_000008fb,u_00000d38,app_open,2026-06-09T20:45:08Z
e_000007c1,u_00000c0f,app_open,2026-06-09T20:49:40Z
e_0000090c,u_00000d4d,app_open,2026-06-09T21:43:28Z
e_00000906,u_00000d48,app_open,2026-06-09T21:48:01Z
e_000008db,u_00000d1a,app_open,2026-06-09T22:11:35Z
e_0000088a,u_00000cd4,app_open,2026-06-09T22:16:22Z
e_0000090e,u_00000d4f,app_open,2026-06-09T22:29:30Z
e_00000823,u_00000c76,app_open,2026-06-09T22:54:19Z
e_000008ea,u_00000d27,app_open,2026-06-09T23:12:28Z
e_00000856,u_00000ca9,app_open,2026-06-10T00:01:00Z
e_0000089c,u_00000ce6,app_open,2026-06-10T00:35:05Z
e_00000724,u_00000b6d,app_open,2026-06-10T01:01:27Z
e_00000920,u_00000d64,app_open,2026-06-10T01:44:30Z
e_000007b2,u_00000c02,app_open,2026-06-10T02:31:47Z
e_00000937,u_00000d85,app_open,2026-06-10T02:54:55Z
e_00000939,u_00000d8a,app_open,2026-06-10T03:23:45Z
e_000008de,u_00000d1d,app_open,2026-06-10T03:58:33Z
e_00000885,u_00000cd0,app_open,2026-06-10T04:06:00Z
e_000008a1,u_00000ce8,app_open,2026-06-10T05:30:10Z
e_0000091e,u_00000d62,app_open,2026-06-10T05:57:30Z
e_00000931,u_00000d7f,app_open,2026-06-10T06:11:55Z
e_000007e5,u_00000c34,app_open,2026-06-10T06:31:47Z
e_0000092f,u_00000d7b,app_open,2026-06-10T06:40:22Z
e_0000089e,u_00000ce6,app_open,2026-06-10T07:42:36Z
e_0000093d,u_00000d8d,app_open,2026-06-10T08:17:20Z
e_0000092a,u_00000d74,app_open,2026-06-10T09:57:26Z
e_00000930,u_00000d7e,app_open,2026-06-10T10:52:38Z
e_00000845,u_00000c97,app_open,2026-06-10T11:29:24Z
e_00000878,u_00000cc6,app_open,2026-06-10T11:31:36Z
e_00000917,u_00000d5e,app_open,2026-06-10T11:34:05Z
e_00000915,u_00000d5c,app_open,2026-06-10T11:46:56Z
e_00000927,u_00000d6e,app_open,2026-06-10T12:15:29Z
e_000007e1,u_00000c31,app_open,2026-06-10T12:28:34Z
e_00000935,u_00000d83,app_open,2026-06-10T12:36:18Z
e_0000093b,u_00000d8b,app_open,2026-06-10T13:12:30Z
e_00000923,u_00000d68,app_open,2026-06-10T14:34:43Z
e_0000092b,u_00000d77,app_open,2026-06-10T14:36:48Z
e_0000089d,u_00000ce6,app_open,2026-06-10T14:37:19Z
e_000007e7,u_00000c34,app_open,2026-06-10T15:07:28Z
e_00000925,u_00000d6c,app_open,2026-06-10T16:33:55Z
e_00000932,u_00000d80,app_open,2026-06-10T16:58:24Z
e_000008d7,u_00000d18,app_open,2026-06-10T17:52:35Z
e_00000847,u_00000c97,app_open,2026-06-10T18:03:45Z
e_00000918,u_00000d5f,app_open,2026-06-10T18:43:12Z
e_0000092c,u_00000d78,app_open,2026-06-10T18:53:57Z
e_000008b0,u_00000cf0,app_open,2026-06-10T18:56:45Z
e_000008ca,u_00000d0a,app_open,2026-06-10T18:59:03Z
e_0000091f,u_00000d63,app_open,2026-06-10T19:34:38Z
e_00000938,u_00000d87,app_open,2026-06-10T19:35:23Z
e_00000832,u_00000c85,app_open,2026-06-10T20:13:25Z
e_00000924,u_00000d6a,app_open,2026-06-10T20:20:54Z
e_0000080c,u_00000c5d,app_open,2026-06-10T20:53:21Z
e_00000916,u_00000d5d,app_open,2026-06-10T21:04:27Z
e_0000093c,u_00000d8c,app_open,2026-06-10T21:08:03Z
e_000007c7,u_00000c12,app_open,2026-06-10T21:31:08Z
e_00000866,u_00000cb7,app_open,2026-06-10T22:17:40Z
e_00000922,u_00000d65,app_open,2026-06-10T22:21:23Z
e_00000903,u_00000d45,app_open,2026-06-10T23:05:20Z
e_0000080f,u_00000c5d,app_open,2026-06-10T23:36:07Z
e_00000929,u_00000d71,app_open,2026-06-10T23:56:43Z
e_0000092e,u_00000d79,app_open,2026-06-11T00:05:15Z
e_000008ab,u_00000ced,app_open,2026-06-11T00:53:26Z
e_0000095f,u_00000dac,app_open,2026-06-11T01:18:28Z
e_0000094c,u_00000d9c,app_open,2026-06-11T01:19:11Z
e_0000083d,u_00000c91,app_open,2026-06-11T01:43:59Z
e_00000969,u_00000dbb,app_open,2026-06-11T02:15:51Z
e_00000855,u_00000ca9,app_open,2026-06-11T03:18:14Z
e_000007db,u_00000c2f,app_open,2026-06-11T03:55:24Z
e_0000095e,u_00000dab,app_open,2026-06-11T04:09:31Z
e_00000966,u_00000db8,app_open,2026-06-11T04:34:05Z
e_000007d5,u_00000c2a,app_open,2026-06-11T05:14:04Z
e_00000959,u_00000da8,app_open,2026-06-11T05:42:38Z
e_00000970,u_00000dc5,app_open,2026-06-11T05:46:03Z
e_0000094a,u_00000d9a,app_open,2026-06-11T06:25:57Z
e_00000835,u_00000c85,app_open,2026-06-11T06:48:42Z
e_000005e5,u_00000a2c,app_open,2026-06-11T06:56:09Z
e_000008ac,u_00000ced,app_open,2026-06-11T07:12:42Z
e_0000094d,u_00000d9d,app_open,2026-06-11T07:15:44Z
e_00000946,u_00000d95,app_open,2026-06-11T07:28:36Z
e_00000950,u_00000d9f,app_open,2026-06-11T07:29:59Z
e_00000949,u_00000d97,app_open,2026-06-11T07:51:02Z
e_00000955,u_00000da2,app_open,2026-06-11T08:05:52Z
e_00000883,u_00000cd0,app_open,2026-06-11T08:13:25Z
e_00000974,u_00000dcb,app_open,2026-06-11T08:55:32Z
e_00000965,u_00000db6,app_open,2026-06-11T09:00:24Z
e_00000947,u_00000d96,app_open,2026-06-11T09:38:15Z
e_00000945,u_00000d92,app_open,2026-06-11T11:35:30Z
e_0000094e,u_00000d9e,app_open,2026-06-11T11:45:32Z
e_00000976,u_00000dcf,app_open,2026-06-11T13:02:22Z
e_000007e0,u_00000c31,app_open,2026-06-11T13:29:44Z
e_000007fc,u_00000c4c,app_open,2026-06-11T13:35:06Z
e_0000085e,u_00000cb4,app_open,2026-06-11T13:41:59Z
e_000007dc,u_00000c2f,app_open,2026-06-11T13:46:49Z
e_00000954,u_00000da0,app_open,2026-06-11T15:36:02Z
e_00000975,u_00000dcc,app_open,2026-06-11T15:44:45Z
e_00000962,u_00000db3,app_open,2026-06-11T15:46:34Z
e_00000834,u_00000c85,app_open,2026-06-11T16:52:55Z
e_00000942,u_00000d90,app_open,2026-06-11T16:53:13Z
e_0000083c,u_00000c91,app_open,2026-06-11T16:57:38Z
e_00000961,u_00000db1,app_open,2026-06-11T17:38:33Z
e_00000943,u_00000d91,app_open,2026-06-11T17:46:55Z
e_00000960,u_00000dae,app_open,2026-06-11T18:22:03Z
e_000008e4,u_00000d22,app_open,2026-06-11T18:39:29Z
e_0000082c,u_00000c7d,app_open,2026-06-11T18:51:28Z
e_000006d8,u_00000b1d,app_open,2026-06-11T19:10:16Z
e_000008e7,u_00000d25,app_open,2026-06-11T20:08:01Z
e_00000956,u_00000da5,app_open,2026-06-11T20:28:34Z
e_00000958,u_00000da7,app_open,2026-06-11T20:45:57Z
e_0000082a,u_00000c7d,app_open,2026-06-11T21:24:52Z
e_0000086e,u_00000cb9,app_open,2026-06-11T21:36:27Z
e_0000096f,u_00000dc3,app_open,2026-06-11T21:38:54Z
e_0000096a,u_00000dbe,app_open,2026-06-11T21:52:13Z
e_0000085f,u_00000cb4,app_open,2026-06-11T22:36:15Z
e_0000096e,u_00000dc0,app_open,2026-06-11T22:36:15Z
e_00000973,u_00000dc9,app_open,2026-06-11T23:14:14Z
e_0000094b,u_00000d9b,app_open,2026-06-11T23:52:20Z
e_00000890,u_00000cdc,app_open,2026-06-12T00:07:09Z
e_00000971,u_00000dc6,app_open,2026-06-12T00:46:39Z
e_00000992,u_00000df4,app_open,2026-06-12T01:17:52Z
e_00000840,u_00000c92,app_open,2026-06-12T01:21:44Z
e_0000084d,u_00000ca1,app_open,2026-06-12T01:30:42Z
e_0000098f,u_00000dec,app_open,2026-06-12T01:54:38Z
e_000009a2,u_00000e04,app_open,2026-06-12T02:14:50Z
e_00000991,u_00000df1,app_open,2026-06-12T02:40:08Z
e_0000090b,u_00000d4b,app_open,2026-06-12T03:00:44Z
e_000009ad,u_00000e09,app_open,2026-06-12T03:28:19Z
e_0000063b,u_00000a81,app_open,2026-06-12T03:44:29Z
e_00000809,u_00000c5b,app_open,2026-06-12T04:19:33Z
e_00000873,u_00000cbf,app_open,2026-06-12T04:39:17Z
e_00000919,u_00000d5f,app_open,2026-06-12T04:51:26Z
e_0000098b,u_00000de2,app_open,2026-06-12T05:11:01Z
e_000009af,u_00000e0b,app_open,2026-06-12T05:26:34Z
e_000008c9,u_00000d0a,app_open,2026-06-12T05:42:11Z
e_0000076e,u_00000baf,app_open,2026-06-12T06:03:18Z
e_0000086d,u_00000cb9,app_open,2026-06-12T06:16:23Z
e_0000082f,u_00000c7f,app_open,2026-06-12T06:26:05Z
e_0000098c,u_00000de5,app_open,2026-06-12T06:43:48Z
e_0000095a,u_00000da8,app_open,2026-06-12T06:48:17Z
e_00000841,u_00000c92,app_open,2026-06-12T06:55:21Z
e_000009a0,u_00000dff,app_open,2026-06-12T07:15:13Z
e_00000984,u_00000dde,app_open,2026-06-12T07:15:52Z
e_0000098e,u_00000de9,app_open,2026-06-12T07:22:59Z
e_00000990,u_00000def,app_open,2026-06-12T07:44:20Z
e_000006b0,u_00000afb,app_open,2026-06-12T07:45:31Z
e_00000833,u_00000c85,app_open,2026-06-12T07:57:05Z
e_0000099a,u_00000dfa,app_open,2026-06-12T08:01:18Z
e_0000085d,u_00000cb4,app_open,2026-06-12T08:02:55Z
e_00000968,u_00000db8,app_open,2026-06-12T08:08:01Z
e_0000097a,u_00000dd6,app_open,2026-06-12T08:12:42Z
e_000008f3,u_00000d2f,app_open,2026-06-12T08:24:01Z
e_00000977,u_00000dd1,app_open,2026-06-12T08:34:45Z
e_00000879,u_00000cc6,app_open,2026-06-12T08:50:12Z
e_0000097b,u_00000dd7,app_open,2026-06-12T09:30:55Z
e_0000099f,u_00000dfe,app_open,2026-06-12T09:47:04Z
e_00000999,u_00000df9,app_open,2026-06-12T10:05:34Z
e_00000884,u_00000cd0,app_open,2026-06-12T10:20:31Z
e_0000098a,u_00000de0,app_open,2026-06-12T10:31:05Z
e_00000979,u_00000dd3,app_open,2026-06-12T10:32:42Z
e_000007ec,u_00000c3b,app_open,2026-06-12T10:33:59Z
e_0000080d,u_00000c5d,app_open,2026-06-12T10:44:25Z
e_000008d4,u_00000d17,app_open,2026-06-12T11:23:09Z
e_00000940,u_00000d8d,app_open,2026-06-12T12:45:22Z
e_000009a1,u_00000e02,app_open,2026-06-12T14:15:12Z
e_00000868,u_00000cb7,app_open,2026-06-12T14:54:16Z
e_00000764,u_00000ba1,app_open,2026-06-12T15:02:58Z
e_00000909,u_00000d4b,app_open,2026-06-12T15:06:34Z
e_000008ed,u_00000d28,app_open,2026-06-12T15:36:41Z
e_00000995,u_00000df7,app_open,2026-06-12T15:43:43Z
e_000008be,u_00000d01,app_open,2026-06-12T16:06:47Z
e_0000070b,u_00000b50,app_open,2026-06-12T16:29:38Z
e_0000098d,u_00000de7,app_open,2026-06-12T16:33:36Z
e_00000844,u_00000c97,app_open,2026-06-12T16:34:31Z
e_0000072a,u_00000b78,app_open,2026-06-12T16:53:47Z
e_000008cb,u_00000d0a,app_open,2026-06-12T17:13:31Z
e_00000989,u_00000ddf,app_open,2026-06-12T17:49:48Z
e_0000097e,u_00000dd9,app_open,2026-06-12T18:16:37Z
e_00000983,u_00000ddc,app_open,2026-06-12T19:01:01Z
e_000008df,u_00000d1d,app_open,2026-06-12T21:16:10Z
e_000009a3,u_00000e07,app_open,2026-06-12T21:16:17Z
e_000009a9,u_00000e08,app_open,2026-06-12T21:39:54Z
e_0000099c,u_00000dfb,app_open,2026-06-12T21:54:13Z
e_0000093e,u_00000d8d,app_open,2026-06-12T21:59:28Z
e_00000798,u_00000be3,app_open,2026-06-12T23:27:20Z
e_00000994,u_00000df6,app_open,2026-06-12T23:32:43Z
e_0000099d,u_00000dfc,app_open,2026-06-13T00:12:51Z
e_0000099e,u_00000dfd,app_open,2026-06-13T00:16:30Z
e_000009d9,u_00000e37,app_open,2026-06-13T00:36:14Z
e_0000088b,u_00000cd4,app_open,2026-06-13T00:45:38Z
e_00000933,u_00000d80,app_open,2026-06-13T01:30:04Z
e_000009c7,u_00000e1d,app_open,2026-06-13T01:47:38Z
e_000009db,u_00000e3d,app_open,2026-06-13T01:49:16Z
e_000009c8,u_00000e1f,app_open,2026-06-13T02:22:50Z
e_0000091c,u_00000d5f,app_open,2026-06-13T03:38:37Z
e_0000091a,u_00000d5f,app_open,2026-06-13T03:44:46Z
e_000009d0,u_00000e27,app_open,2026-06-13T04:48:51Z
e_000009b1,u_00000e10,app_open,2026-06-13T05:01:13Z
e_000009c2,u_00000e1c,app_open,2026-06-13T05:19:58Z
e_00000862,u_00000cb6,app_open,2026-06-13T05:28:40Z
e_000009dd,u_00000e41,app_open,2026-06-13T05:34:20Z
e_000009bc,u_00000e19,app_open,2026-06-13T05:35:16Z
e_00000822,u_00000c76,app_open,2026-06-13T05:49:21Z
e_00000867,u_00000cb7,app_open,2026-06-13T06:00:05Z
e_000009d4,u_00000e2f,app_open,2026-06-13T06:37:29Z
e_000009d7,u_00000e32,app_open,2026-06-13T06:59:00Z
e_000008d8,u_00000d18,app_open,2026-06-13T07:15:52Z
e_000009da,u_00000e3a,app_open,2026-06-13T07:27:57Z
e_00000863,u_00000cb6,app_open,2026-06-13T08:10:25Z
e_0000086b,u_00000cb9,app_open,2026-06-13T08:47:24Z
e_000009d2,u_00000e2a,app_open,2026-06-13T08:56:34Z
e_0000090a,u_00000d4b,app_open,2026-06-13T09:51:19Z
e_000008f7,u_00000d32,app_open,2026-06-13T10:12:55Z
e_000009bb,u_00000e18,app_open,2026-06-13T10:34:28Z
e_00000869,u_00000cb7,app_open,2026-06-13T10:39:38Z
e_000008f6,u_00000d32,app_open,2026-06-13T11:11:24Z
e_00000926,u_00000d6c,app_open,2026-06-13T11:16:11Z
e_0000096c,u_00000dbe,app_open,2026-06-13T11:17:35Z
e_0000078d,u_00000bd6,app_open,2026-06-13T11:34:04Z
e_000009de,u_00000e43,app_open,2026-06-13T11:36:00Z
e_0000091b,u_00000d5f,app_open,2026-06-13T12:09:39Z
e_0000095d,u_00000da8,app_open,2026-06-13T13:21:12Z
e_00000898,u_00000ce5,app_open,2026-06-13T14:07:03Z
e_000009c1,u_00000e1a,app_open,2026-06-13T14:18:25Z
e_000009d5,u_00000e31,app_open,2026-06-13T14:19:53Z
e_00000913,u_00000d58,app_open,2026-06-13T14:39:32Z
e_000008b6,u_00000cfa,app_open,2026-06-13T15:23:41Z
e_000009c9,u_00000e20,app_open,2026-06-13T15:51:00Z
e_000008af,u_00000cf0,app_open,2026-06-13T16:02:12Z
e_000009b8,u_00000e15,app_open,2026-06-13T16:46:40Z
e_000009b0,u_00000e0d,app_open,2026-06-13T16:56:02Z
e_000009dc,u_00000e40,app_open,2026-06-13T16:57:07Z
e_000009d8,u_00000e34,app_open,2026-06-13T17:06:02Z
e_000009cd,u_00000e21,app_open,2026-06-13T17:49:22Z
e_000009b6,u_00000e13,app_open,2026-06-13T18:23:44Z
e_00000793,u_00000bdd,app_open,2026-06-13T19:03:04Z
e_000007bd,u_00000c0c,app_open,2026-06-13T19:57:53Z
e_000009b5,u_00000e12,app_open,2026-06-13T20:09:33Z
e_000008c5,u_00000d05,app_open,2026-06-13T20:16:46Z
e_000009d3,u_00000e2d,app_open,2026-06-13T21:22:12Z
e_000008e8,u_00000d25,app_open,2026-06-13T21:43:23Z
e_0000088f,u_00000cdc,app_open,2026-06-13T21:51:04Z
e_000009ce,u_00000e23,app_open,2026-06-13T22:04:29Z
e_0000093f,u_00000d8d,app_open,2026-06-13T22:06:06Z
e_000009e3,u_00000e45,app_open,2026-06-13T22:26:57Z
e_0000095b,u_00000da8,app_open,2026-06-13T22:44:02Z
e_000009cf,u_00000e26,app_open,2026-06-13T23:47:56Z
e_00000985,u_00000dde,app_open,2026-06-14T00:36:42Z
e_00000a04,u_00000e62,app_open,2026-06-14T00:46:42Z
e_000008ce,u_00000d0f,app_open,2026-06-14T03:05:48Z
e_0000097f,u_00000dd9,app_open,2026-06-14T03:08:21Z
e_00000772,u_00000bb4,app_open,2026-06-14T03:29:13Z
e_00000874,u_00000cbf,app_open,2026-06-14T04:22:11Z
e_00000a07,u_00000e65,app_open,2026-06-14T04:40:53Z
e_000009ef,u_00000e4d,app_open,2026-06-14T05:27:05Z
e_00000a0e,u_00000e6d,app_open,2026-06-14T05:28:43Z
e_00000864,u_00000cb6,app_open,2026-06-14T07:52:52Z
e_00000951,u_00000d9f,app_open,2026-06-14T08:23:46Z
e_000009fb,u_00000e56,app_open,2026-06-14T08:32:32Z
e_000009e8,u_00000e49,app_open,2026-06-14T08:50:05Z
e_00000a0d,u_00000e6b,app_open,2026-06-14T09:57:36Z
e_00000a15,u_00000e72,app_open,2026-06-14T10:05:42Z
e_000008a9,u_00000cec,app_open,2026-06-14T10:16:46Z
e_000009fd,u_00000e59,app_open,2026-06-14T10:53:06Z
e_000009e4,u_00000e47,app_open,2026-06-14T11:48:55Z
e_000009f1,u_00000e51,app_open,2026-06-14T12:17:45Z
e_00000a06,u_00000e64,app_open,2026-06-14T12:47:58Z
e_00000988,u_00000dde,app_open,2026-06-14T13:31:24Z
e_00000a16,u_00000e73,app_open,2026-06-14T13:34:02Z
e_00000978,u_00000dd1,app_open,2026-06-14T13:37:14Z
e_00000a13,u_00000e6f,app_open,2026-06-14T13:43:52Z
e_00000a14,u_00000e70,app_open,2026-06-14T13:45:52Z
e_000009f7,u_00000e55,app_open,2026-06-14T14:28:17Z
e_000008e3,u_00000d22,app_open,2026-06-14T14:34:54Z
e_000009f6,u_00000e54,app_open,2026-06-14T14:37:01Z
e_000009e7,u_00000e48,app_open,2026-06-14T14:55:48Z
e_00000a01,u_00000e5d,app_open,2026-06-14T14:59:31Z
e_000009ed,u_00000e4c,app_open,2026-06-14T15:19:37Z
e_00000a0b,u_00000e68,app_open,2026-06-14T15:25:58Z
e_000008b8,u_00000cfa,app_open,2026-06-14T15:33:16Z
e_000009fc,u_00000e58,app_open,2026-06-14T15:35:03Z
e_000008e9,u_00000d25,app_open,2026-06-14T16:02:38Z
e_00000a0a,u_00000e66,app_open,2026-06-14T16:14:24Z
e_000008c4,u_00000d05,app_open,2026-06-14T16:55:37Z
e_000008f2,u_00000d2f,app_open,2026-06-14T17:19:15Z
e_000009b9,u_00000e15,app_open,2026-06-14T17:57:53Z
e_000007a7,u_00000bf7,app_open,2026-06-14T18:01:35Z
e_000008bf,u_00000d01,app_open,2026-06-14T18:27:06Z
e_00000a00,u_00000e5b,app_open,2026-06-14T20:02:26Z
e_00000a02,u_00000e60,app_open,2026-06-14T23:52:12Z
e_000008a2,u_00000ce8,app_open,2026-06-14T23:59:54Z
e_000009f0,u_00000e50,app_open,2026-06-15T00:54:42Z
e_00000a22,u_00000e86,app_open,2026-06-15T01:01:26Z
e_00000a3b,u_00000e9e,app_open,2026-06-15T01:38:02Z
e_00000a40,u_00000ea1,app_open,2026-06-15T02:03:04Z
e_000009a7,u_00000e07,app_open,2026-06-15T02:05:21Z
e_00000981,u_00000dd9,app_open,2026-06-15T02:34:14Z
e_000009ba,u_00000e15,app_open,2026-06-15T03:26:01Z
e_000009e0,u_00000e43,app_open,2026-06-15T04:49:05Z
e_00000a39,u_00000e98,app_open,2026-06-15T05:07:26Z
e_00000a21,u_00000e84,app_open,2026-06-15T05:34:25Z
e_00000a3a,u_00000e9b,app_open,2026-06-15T05:46:07Z
e_00000912,u_00000d58,app_open,2026-06-15T06:36:55Z
e_000008a8,u_00000cec,app_open,2026-06-15T07:05:06Z
e_000008dd,u_00000d1d,app_open,2026-06-15T07:15:44Z
e_00000a20,u_00000e82,app_open,2026-06-15T08:32:57Z
e_00000a1a,u_00000e7a,app_open,2026-06-15T08:48:22Z
e_00000a45,u_00000ea3,app_open,2026-06-15T09:21:21Z
e_000008e6,u_00000d25,app_open,2026-06-15T09:42:40Z
e_000007a2,u_00000bf0,app_open,2026-06-15T09:42:50Z
e_00000a4f,u_00000ea8,app_open,2026-06-15T09:44:31Z
e_00000a2e,u_00000e93,app_open,2026-06-15T10:07:54Z
e_00000a26,u_00000e89,app_open,2026-06-15T10:25:04Z
e_00000921,u_00000d64,app_open,2026-06-15T10:26:27Z
e_00000997,u_00000df7,app_open,2026-06-15T10:30:53Z
e_00000a08,u_00000e65,app_open,2026-06-15T11:07:19Z
e_00000a3d,u_00000e9f,app_open,2026-06-15T11:15:28Z
e_00000a11,u_00000e6d,app_open,2026-06-15T11:19:16Z
e_00000a1e,u_00000e7e,app_open,2026-06-15T11:27:59Z
e_00000944,u_00000d91,app_open,2026-06-15T12:03:19Z
e_000008a7,u_00000cec,app_open,2026-06-15T12:03:48Z
e_000008f5,u_00000d32,app_open,2026-06-15T12:09:15Z
e_00000a47,u_00000ea5,app_open,2026-06-15T12:40:30Z
e_00000801,u_00000c54,app_open,2026-06-15T13:10:55Z
e_00000a2c,u_00000e8d,app_open,2026-06-15T13:43:38Z
e_00000a18,u_00000e77,app_open,2026-06-15T13:44:45Z
e_00000a2d,u_00000e90,app_open,2026-06-15T14:47:26Z
e_000008ec,u_00000d28,app_open,2026-06-15T15:33:59Z
e_00000a51,u_00000eab,app_open,2026-06-15T15:37:18Z
e_00000a3f,u_00000ea0,app_open,2026-06-15T16:08:21Z
e_00000a1b,u_00000e7b,app_open,2026-06-15T17:17:56Z
e_00000986,u_00000dde,app_open,2026-06-15T17:18:27Z
e_00000a56,u_00000eac,app_open,2026-06-15T17:30:07Z
e_00000a34,u_00000e95,app_open,2026-06-15T17:38:45Z
e_000009bf,u_00000e19,app_open,2026-06-15T19:23:16Z
e_00000a23,u_00000e87,app_open,2026-06-15T19:30:48Z
e_00000a38,u_00000e97,app_open,2026-06-15T19:36:32Z
e_000009cc,u_00000e20,app_open,2026-06-15T20:02:19Z
e_00000a46,u_00000ea4,app_open,2026-06-15T20:16:54Z
e_00000a17,u_00000e76,app_open,2026-06-15T20:23:08Z
e_00000a1f,u_00000e7f,app_open,2026-06-15T20:57:12Z
e_00000a2b,u_00000e8b,app_open,2026-06-15T21:33:42Z
e_00000a4a,u_00000ea7,app_open,2026-06-15T22:23:15Z
e_00000980,u_00000dd9,app_open,2026-06-15T22:38:23Z
e_00000a25,u_00000e88,app_open,2026-06-15T23:01:33Z
e_000008e0,u_00000d1d,app_open,2026-06-15T23:04:22Z
e_00000a19,u_00000e78,app_open,2026-06-15T23:30:27Z
e_000009be,u_00000e19,app_open,2026-06-15T23:44:46Z
e_0000095c,u_00000da8,app_open,2026-06-16T00:46:00Z
e_00000a78,u_00000ed0,app_open,2026-06-16T01:39:41Z
e_00000a93,u_00000ef0,app_open,2026-06-16T02:13:06Z
e_0000096b,u_00000dbe,app_open,2026-06-16T02:25:48Z
e_00000908,u_00000d4b,app_open,2026-06-16T02:27:55Z
e_000009ca,u_00000e20,app_open,2026-06-16T02:46:56Z
e_00000a8d,u_00000eed,app_open,2026-06-16T03:22:38Z
e_00000a6a,u_00000ec4,app_open,2026-06-16T04:32:43Z
e_00000a77,u_00000ecf,app_open,2026-06-16T04:34:13Z
e_00000a69,u_00000ec3,app_open,2026-06-16T04:59:46Z
e_000007e2,u_00000c31,app_open,2026-06-16T05:44:51Z
e_00000a71,u_00000ecb,app_open,2026-06-16T05:46:19Z
e_00000a89,u_00000ee6,app_open,2026-06-16T05:56:09Z
e_00000a79,u_00000ed2,app_open,2026-06-16T05:57:24Z
e_00000a9a,u_00000ef3,app_open,2026-06-16T06:20:14Z
e_00000a80,u_00000edc,app_open,2026-06-16T06:29:01Z
e_000009b3,u_00000e10,app_open,2026-06-16T07:32:08Z
e_000007ce,u_00000c20,app_open,2026-06-16T08:01:41Z
e_00000a84,u_00000ee0,app_open,2026-06-16T08:42:44Z
e_00000934,u_00000d80,app_open,2026-06-16T08:49:43Z
e_00000a81,u_00000edd,app_open,2026-06-16T09:00:21Z
e_00000a6b,u_00000ec7,app_open,2026-06-16T09:00:49Z
e_000009aa,u_00000e08,app_open,2026-06-16T10:00:58Z
e_000009b7,u_00000e13,app_open,2026-06-16T10:37:15Z
e_00000a7c,u_00000ed6,app_open,2026-06-16T10:39:43Z
e_00000a61,u_00000ebc,app_open,2026-06-16T11:44:36Z
e_000008f8,u_00000d32,app_open,2026-06-16T12:05:09Z
e_00000a8e,u_00000eef,app_open,2026-06-16T12:22:07Z
e_00000a7e,u_00000ed7,app_open,2026-06-16T12:36:33Z
e_00000a60,u_00000eb9,app_open,2026-06-16T12:44:41Z
e_00000953,u_00000d9f,app_open,2026-06-16T12:56:08Z
e_000008a3,u_00000ce8,app_open,2026-06-16T13:30:24Z
e_00000a8b,u_00000ee9,app_open,2026-06-16T13:32:28Z
e_00000a62,u_00000ebf,app_open,2026-06-16T13:33:32Z
e_00000a5f,u_00000eb6,app_open,2026-06-16T13:49:54Z
e_000009ff,u_00000e59,app_open,2026-06-16T14:03:43Z
e_00000941,u_00000d8d,app_open,2026-06-16T14:07:49Z
e_00000a66,u_00000ec0,app_open,2026-06-16T16:03:30Z
e_00000a85,u_00000ee3,app_open,2026-06-16T16:22:44Z
e_00000a99,u_00000ef1,app_open,2026-06-16T17:27:21Z
e_00000a82,u_00000edf,app_open,2026-06-16T17:33:10Z
e_00000a9b,u_00000ef5,app_open,2026-06-16T18:01:36Z
e_00000a5c,u_00000eb0,app_open,2026-06-16T18:11:36Z
e_00000812,u_00000c5f,app_open,2026-06-16T18:25:57Z
e_00000996,u_00000df7,app_open,2026-06-16T18:45:50Z
e_00000a6f,u_00000ec8,app_open,2026-06-16T18:56:56Z
e_000009e5,u_00000e47,app_open,2026-06-16T19:24:47Z
e_0000077a,u_00000bbe,app_open,2026-06-16T19:27:52Z
e_00000a70,u_00000eca,app_open,2026-06-16T19:34:30Z
e_000009f4,u_00000e51,app_open,2026-06-16T19:36:11Z
e_000009fe,u_00000e59,app_open,2026-06-16T20:15:34Z
e_00000a5a,u_00000eac,app_open,2026-06-16T20:56:13Z
e_0000097c,u_00000dd7,app_open,2026-06-16T21:07:06Z
e_00000a8c,u_00000eec,app_open,2026-06-16T21:28:53Z
e_00000982,u_00000dd9,app_open,2026-06-16T22:20:11Z
e_00000a5d,u_00000eb3,app_open,2026-06-16T22:28:03Z
e_00000a5b,u_00000ead,app_open,2026-06-16T22:40:22Z
e_00000a7f,u_00000ed9,app_open,2026-06-16T23:42:16Z
e_00000952,u_00000d9f,app_open,2026-06-17T00:06:43Z
e_000009f9,u_00000e55,app_open,2026-06-17T00:08:44Z
e_00000a74,u_00000ecc,app_open,2026-06-17T00:21:22Z
e_00000ab0,u_00000f04,app_open,2026-06-17T00:33:40Z
e_00000a7b,u_00000ed4,app_open,2026-06-17T00:50:13Z
e_00000a50,u_00000ea8,app_open,2026-06-17T00:58:58Z
e_00000998,u_00000df7,app_open,2026-06-17T01:32:14Z
e_00000ac6,u_00000f24,app_open,2026-06-17T03:11:36Z
e_00000ac2,u_00000f1c,app_open,2026-06-17T04:00:56Z
e_00000aba,u_00000f12,app_open,2026-06-17T04:09:09Z
e_000009d1,u_00000e27,app_open,2026-06-17T04:18:25Z
e_00000ab8,u_00000f0e,app_open,2026-06-17T04:44:16Z
e_00000963,u_00000db3,app_open,2026-06-17T04:53:45Z
e_00000964,u_00000db3,app_open,2026-06-17T05:11:13Z
e_000009c4,u_00000e1c,app_open,2026-06-17T05:26:14Z
e_00000ac4,u_00000f1f,app_open,2026-06-17T05:33:30Z
e_000009a5,u_00000e07,app_open,2026-06-17T05:58:52Z
e_000009a6,u_00000e07,app_open,2026-06-17T06:22:12Z
e_00000aa6,u_00000eff,app_open,2026-06-17T06:29:42Z
e_00000a55,u_00000eab,app_open,2026-06-17T06:35:37Z
e_00000aa7,u_00000f01,app_open,2026-06-17T07:00:21Z
e_00000ac7,u_00000f25,app_open,2026-06-17T07:13:46Z
e_00000a9e,u_00000efa,app_open,2026-06-17T07:22:34Z
e_00000a9c,u_00000ef7,app_open,2026-06-17T08:13:38Z
e_000007f6,u_00000c49,app_open,2026-06-17T08:24:17Z
e_00000aab,u_00000f02,app_open,2026-06-17T09:30:01Z
e_0000097d,u_00000dd7,app_open,2026-06-17T10:09:58Z
e_00000948,u_00000d96,app_open,2026-06-17T10:21:10Z
e_00000ac9,u_00000f28,app_open,2026-06-17T10:41:32Z
e_00000ac5,u_00000f21,app_open,2026-06-17T10:45:40Z
e_00000a36,u_00000e95,app_open,2026-06-17T10:48:19Z
e_000009ac,u_00000e08,app_open,2026-06-17T11:40:34Z
e_00000ab5,u_00000f0b,app_open,2026-06-17T12:43:56Z
e_0000096d,u_00000dbe,app_open,2026-06-17T12:59:55Z
e_000009ab,u_00000e08,app_open,2026-06-17T13:11:20Z
e_000009b4,u_00000e10,app_open,2026-06-17T14:19:37Z
e_00000ab7,u_00000f0c,app_open,2026-06-17T14:36:36Z
e_00000ac8,u_00000f27,app_open,2026-06-17T15:39:44Z
e_00000a31,u_00000e93,app_open,2026-06-17T15:49:07Z
e_00000a91,u_00000eef,app_open,2026-06-17T16:00:33Z
e_00000ab3,u_00000f09,app_open,2026-06-17T17:23:21Z
e_00000a0f,u_00000e6d,app_open,2026-06-17T18:55:50Z
e_00000967,u_00000db8,app_open,2026-06-17T19:04:04Z
e_00000aa3,u_00000efd,app_open,2026-06-17T19:18:07Z
e_00000abf,u_00000f1a,app_open,2026-06-17T20:25:26Z
e_00000abc,u_00000f16,app_open,2026-06-17T20:47:01Z
e_000009b2,u_00000e10,app_open,2026-06-17T20:47:08Z
e_00000ab9,u_00000f0f,app_open,2026-06-17T20:57:45Z
e_00000a2a,u_00000e89,app_open,2026-06-17T21:34:03Z
e_000009fa,u_00000e55,app_open,2026-06-17T21:47:57Z
e_00000abd,u_00000f17,app_open,2026-06-17T21:53:52Z
e_00000987,u_00000dde,app_open,2026-06-17T22:17:15Z
e_00000abb,u_00000f13,app_open,2026-06-17T22:20:36Z
e_00000aac,u_00000f03,app_open,2026-06-17T22:58:41Z
e_00000ab2,u_00000f07,app_open,2026-06-17T23:32:49Z
e_000009c6,u_00000e1c,app_open,2026-06-17T23:43:34Z
e_00000ac3,u_00000f1d,app_open,2026-06-18T00:07:01Z
e_000009df,u_00000e43,app_open,2026-06-18T00:12:16Z
e_000009cb,u_00000e20,app_open,2026-06-18T00:42:28Z
e_00000afd,u_00000f62,app_open,2026-06-18T00:43:27Z
e_00000a4e,u_00000ea7,app_open,2026-06-18T01:09:58Z
e_00000ad9,u_00000f37,app_open,2026-06-18T01:48:15Z
e_00000ae7,u_00000f49,app_open,2026-06-18T02:09:21Z
e_00000ada,u_00000f3a,app_open,2026-06-18T02:25:47Z
e_00000aca,u_00000f2a,app_open,2026-06-18T03:02:50Z
e_000009eb,u_00000e49,app_open,2026-06-18T03:15:13Z
e_00000b00,u_00000f66,app_open,2026-06-18T03:44:02Z
e_00000ae2,u_00000f44,app_open,2026-06-18T03:48:09Z
e_00000adb,u_00000f3d,app_open,2026-06-18T03:55:43Z
e_00000ae9,u_00000f4b,app_open,2026-06-18T03:58:33Z
e_00000afe,u_00000f64,app_open,2026-06-18T03:58:51Z
e_00000814,u_00000c60,app_open,2026-06-18T04:10:37Z
e_00000a67,u_00000ec0,app_open,2026-06-18T04:16:27Z
e_00000a96,u_00000ef0,app_open,2026-06-18T04:37:55Z
e_00000ad3,u_00000f33,app_open,2026-06-18T05:05:46Z
e_00000af4,u_00000f5c,app_open,2026-06-18T05:52:45Z
e_00000ad2,u_00000f32,app_open,2026-06-18T05:53:07Z
e_000009c0,u_00000e19,app_open,2026-06-18T06:19:38Z
e_00000ad4,u_00000f36,app_open,2026-06-18T07:12:19Z
e_00000aeb,u_00000f51,app_open,2026-06-18T07:35:52Z
e_00000ab1,u_00000f04,app_open,2026-06-18T07:37:37Z
e_00000adf,u_00000f3e,app_open,2026-06-18T08:11:59Z
e_00000ae6,u_00000f48,app_open,2026-06-18T08:33:38Z
e_00000af1,u_00000f56,app_open,2026-06-18T08:46:22Z
e_000007f8,u_00000c4a,app_open,2026-06-18T09:48:36Z
e_00000af3,u_00000f5a,app_open,2026-06-18T09:59:12Z
e_00000a87,u_00000ee3,app_open,2026-06-18T10:09:55Z
e_00000a0c,u_00000e68,app_open,2026-06-18T10:26:11Z
e_00000aea,u_00000f4e,app_open,2026-06-18T10:32:30Z
e_00000ae1,u_00000f42,app_open,2026-06-18T10:43:56Z
e_00000972,u_00000dc6,app_open,2026-06-18T10:58:19Z
e_000009e1,u_00000e43,app_open,2026-06-18T11:23:26Z
e_00000afc,u_00000f60,app_open,2026-06-18T11:31:54Z
e_00000ae0,u_00000f40,app_open,2026-06-18T12:13:41Z
e_00000a7a,u_00000ed2,app_open,2026-06-18T12:37:29Z
e_00000af8,u_00000f5f,app_open,2026-06-18T13:04:18Z
e_000009a4,u_00000e07,app_open,2026-06-18T13:05:35Z
e_00000aff,u_00000f65,app_open,2026-06-18T13:18:20Z
e_000009f5,u_00000e51,app_open,2026-06-18T14:20:37Z
e_00000af0,u_00000f54,app_open,2026-06-18T14:37:35Z
e_00000b06,u_00000f6a,app_open,2026-06-18T14:40:03Z
e_00000b07,u_00000f6d,app_open,2026-06-18T15:28:09Z
e_00000a12,u_00000e6d,app_open,2026-06-18T15:30:41Z
e_00000ace,u_00000f30,app_open,2026-06-18T17:00:09Z
e_000007bf,u_00000c0e,app_open,2026-06-18T18:05:41Z
e_00000b01,u_00000f68,app_open,2026-06-18T18:38:35Z
e_00000a59,u_00000eac,app_open,2026-06-18T18:58:34Z
e_00000a48,u_00000ea5,app_open,2026-06-18T19:02:19Z
e_00000a86,u_00000ee3,app_open,2026-06-18T19:07:31Z
e_00000af2,u_00000f57,app_open,2026-06-18T20:11:31Z
e_00000aef,u_00000f52,app_open,2026-06-18T20:55:33Z
e_00000a10,u_00000e6d,app_open,2026-06-18T21:05:35Z
e_00000acb,u_00000f2d,app_open,2026-06-18T21:16:24Z
e_00000a35,u_00000e95,app_open,2026-06-18T21:17:12Z
e_00000aa2,u_00000efa,app_open,2026-06-18T21:49:39Z
e_0000099b,u_00000dfa,app_open,2026-06-18T22:13:06Z
e_00000ae5,u_00000f45,app_open,2026-06-18T22:22:11Z
e_000009e2,u_00000e43,app_open,2026-06-18T23:37:14Z
e_000007b4,u_00000c02,app_open,2026-06-19T01:09:34Z
e_00000b36,u_00000fb9,app_open,2026-06-19T01:43:45Z
e_00000b23,u_00000f93,app_open,2026-06-19T02:11:56Z
e_00000b12,u_00000f7b,app_open,2026-06-19T02:29:27Z
e_00000b22,u_00000f92,app_open,2026-06-19T02:47:32Z
e_00000880,u_00000ccd,app_open,2026-06-19T04:04:46Z
e_00000b0e,u_00000f78,app_open,2026-06-19T04:08:28Z
e_00000b14,u_00000f80,app_open,2026-06-19T04:22:03Z
e_00000b0c,u_00000f76,app_open,2026-06-19T05:04:34Z
e_00000b18,u_00000f85,app_open,2026-06-19T05:50:14Z
e_000008fc,u_00000d38,app_open,2026-06-19T06:17:38Z
e_0000086f,u_00000cb9,app_open,2026-06-19T06:46:07Z
e_00000b28,u_00000f9f,app_open,2026-06-19T07:11:57Z
e_00000b11,u_00000f7a,app_open,2026-06-19T07:37:24Z
e_00000b1a,u_00000f87,app_open,2026-06-19T08:32:36Z
e_00000abe,u_00000f17,app_open,2026-06-19T08:49:56Z
e_00000b33,u_00000fb3,app_open,2026-06-19T09:03:31Z
e_00000b1e,u_00000f8e,app_open,2026-06-19T09:20:17Z
e_000009c5,u_00000e1c,app_open,2026-06-19T09:21:05Z
e_00000b35,u_00000fb7,app_open,2026-06-19T10:04:21Z
e_000009c3,u_00000e1c,app_open,2026-06-19T10:22:06Z
e_00000b2c,u_00000fa6,app_open,2026-06-19T10:28:30Z
e_00000b30,u_00000fad,app_open,2026-06-19T10:30:53Z
e_00000b1c,u_00000f8b,app_open,2026-06-19T10:39:44Z
e_00000a4d,u_00000ea7,app_open,2026-06-19T11:06:15Z
e_00000b13,u_00000f7e,app_open,2026-06-19T11:25:04Z
e_00000b34,u_00000fb4,app_open,2026-06-19T11:39:47Z
e_000008d5,u_00000d17,app_open,2026-06-19T12:01:45Z
e_00000b26,u_00000f9b,app_open,2026-06-19T13:22:13Z
e_00000b09,u_00000f73,app_open,2026-06-19T13:35:09Z
e_00000b2b,u_00000fa4,app_open,2026-06-19T13:39:24Z
e_00000a4c,u_00000ea7,app_open,2026-06-19T14:07:45Z
e_00000b24,u_00000f95,app_open,2026-06-19T15:36:03Z
e_00000ac1,u_00000f1a,app_open,2026-06-19T16:04:22Z
e_00000b2e,u_00000fac,app_open,2026-06-19T16:13:59Z
e_000009f2,u_00000e51,app_open,2026-06-19T16:18:30Z
e_00000b20,u_00000f91,app_open,2026-06-19T16:29:29Z
e_00000b25,u_00000f98,app_open,2026-06-19T16:35:36Z
e_00000b27,u_00000f9d,app_open,2026-06-19T16:37:25Z
e_000009bd,u_00000e19,app_open,2026-06-19T17:15:14Z
e_00000b0a,u_00000f74,app_open,2026-06-19T17:26:09Z
e_00000acf,u_00000f30,app_open,2026-06-19T17:47:49Z
e_00000a88,u_00000ee3,app_open,2026-06-19T18:30:38Z
e_000009ea,u_00000e49,app_open,2026-06-19T18:36:17Z
e_00000b0d,u_00000f77,app_open,2026-06-19T18:58:52Z
e_00000a41,u_00000ea1,app_open,2026-06-19T19:55:09Z
e_00000b1b,u_00000f8a,app_open,2026-06-19T20:11:04Z
e_00000b31,u_00000fb0,app_open,2026-06-19T20:37:21Z
e_00000a27,u_00000e89,app_open,2026-06-19T20:38:45Z
e_00000acd,u_00000f2d,app_open,2026-06-19T20:58:22Z
e_000009e6,u_00000e47,app_open,2026-06-19T21:14:06Z
e_00000b29,u_00000fa2,app_open,2026-06-19T22:10:38Z
e_00000b08,u_00000f70,app_open,2026-06-19T22:51:13Z
e_00000b15,u_00000f82,app_open,2026-06-19T23:07:54Z
e_00000b2d,u_00000fa9,app_open,2026-06-19T23:16:12Z
e_00000a52,u_00000eab,app_open,2026-06-19T23:34:27Z
e_00000b56,u_00000fdd,app_open,2026-06-20T00:59:29Z
e_00000b4e,u_00000fd8,app_open,2026-06-20T01:03:19Z
e_00000887,u_00000cd3,app_open,2026-06-20T01:26:22Z
e_00000b66,u_00000fe7,app_open,2026-06-20T02:56:07Z
e_00000a5e,u_00000eb3,app_open,2026-06-20T03:34:19Z
e_00000a2f,u_00000e93,app_open,2026-06-20T04:02:51Z
e_00000a65,u_00000ebf,app_open,2026-06-20T04:36:43Z
e_00000b6d,u_00000fed,app_open,2026-06-20T05:02:31Z
e_00000957,u_00000da5,app_open,2026-06-20T05:38:10Z
e_00000b3a,u_00000fc4,app_open,2026-06-20T06:18:46Z
e_00000b5f,u_00000fe3,app_open,2026-06-20T06:57:02Z
e_00000b6b,u_00000feb,app_open,2026-06-20T07:44:28Z
e_00000b75,u_00000ff1,app_open,2026-06-20T07:55:56Z
e_00000a97,u_00000ef0,app_open,2026-06-20T08:05:06Z
e_00000a3c,u_00000e9e,app_open,2026-06-20T08:12:18Z
e_00000b38,u_00000fbf,app_open,2026-06-20T08:13:20Z
e_00000a37,u_00000e95,app_open,2026-06-20T08:22:53Z
e_000009e9,u_00000e49,app_open,2026-06-20T08:30:54Z
e_00000ad1,u_00000f30,app_open,2026-06-20T08:38:35Z
e_00000aa1,u_00000efa,app_open,2026-06-20T08:48:04Z
e_00000b79,u_00000ff4,app_open,2026-06-20T09:29:44Z
e_00000af7,u_00000f5c,app_open,2026-06-20T09:30:34Z
e_00000b71,u_00000fee,app_open,2026-06-20T10:17:47Z
e_00000b6a,u_00000fea,app_open,2026-06-20T10:27:00Z
e_00000b39,u_00000fc1,app_open,2026-06-20T10:37:40Z
e_00000b50,u_00000fdb,app_open,2026-06-20T10:51:35Z
e_00000a09,u_00000e65,app_open,2026-06-20T10:58:41Z
e_00000b44,u_00000fd0,app_open,2026-06-20T12:03:36Z
e_00000aa5,u_00000efd,app_open,2026-06-20T12:07:01Z
e_00000a44,u_00000ea1,app_open,2026-06-20T12:13:56Z
e_00000857,u_00000ca9,app_open,2026-06-20T12:40:58Z
e_00000b4d,u_00000fd7,app_open,2026-06-20T12:45:28Z
e_00000b04,u_00000f68,app_open,2026-06-20T12:51:15Z
e_00000b45,u_00000fd2,app_open,2026-06-20T13:10:32Z
e_00000a8f,u_00000eef,app_open,2026-06-20T13:38:39Z
e_00000a64,u_00000ebf,app_open,2026-06-20T13:46:19Z
e_00000b4a,u_00000fd6,app_open,2026-06-20T14:14:06Z
e_00000b46,u_00000fd5,app_open,2026-06-20T14:21:39Z
e_00000b51,u_00000fdc,app_open,2026-06-20T14:53:23Z
e_00000b68,u_00000fe9,app_open,2026-06-20T15:02:56Z
e_00000a8a,u_00000ee6,app_open,2026-06-20T15:46:48Z
e_00000a4b,u_00000ea7,app_open,2026-06-20T15:49:43Z
e_00000b5c,u_00000fde,app_open,2026-06-20T16:34:38Z
e_00000b7b,u_00000ff7,app_open,2026-06-20T16:53:29Z
e_00000a6c,u_00000ec7,app_open,2026-06-20T17:12:30Z
e_00000928,u_00000d6e,app_open,2026-06-20T17:12:46Z
e_000009f3,u_00000e51,app_open,2026-06-20T17:33:41Z
e_00000b62,u_00000fe4,app_open,2026-06-20T17:35:26Z
e_00000b37,u_00000fbc,app_open,2026-06-20T17:52:06Z
e_00000b10,u_00000f78,app_open,2026-06-20T18:01:15Z
e_00000a28,u_00000e89,app_open,2026-06-20T18:27:55Z
e_00000a95,u_00000ef0,app_open,2026-06-20T18:49:00Z
e_00000aec,u_00000f51,app_open,2026-06-20T19:32:11Z
e_00000b3d,u_00000fca,app_open,2026-06-20T20:55:17Z
e_00000a43,u_00000ea1,app_open,2026-06-20T21:01:56Z
e_00000b42,u_00000fcf,app_open,2026-06-20T21:30:04Z
e_00000b74,u_00000ff0,app_open,2026-06-20T21:30:16Z
e_00000a72,u_00000ecb,app_open,2026-06-20T21:37:44Z
e_00000a53,u_00000eab,app_open,2026-06-20T21:42:00Z
e_00000a1d,u_00000e7b,app_open,2026-06-20T22:26:28Z
e_00000852,u_00000ca8,app_open,2026-06-20T22:43:17Z
e_000009f8,u_00000e55,app_open,2026-06-20T23:23:26Z
e_00000b3b,u_00000fc7,app_open,2026-06-20T23:31:52Z
e_00000b3e,u_00000fcd,app_open,2026-06-20T23:38:19Z
e_00000b5d,u_00000fe0,app_open,2026-06-20T23:45:47Z
e_00000a54,u_00000eab,app_open,2026-06-20T23:50:06Z
e_00000b4f,u_00000fda,app_open,2026-06-21T00:27:32Z
e_00000936,u_00000d83,app_open,2026-06-21T00:46:44Z
e_000009ee,u_00000e4c,app_open,2026-06-21T00:46:46Z
e_00000ba1,u_00001025,app_open,2026-06-21T01:18:46Z
e_00000b9d,u_0000101f,app_open,2026-06-21T01:36:28Z
e_00000ad5,u_00000f36,app_open,2026-06-21T01:57:26Z
e_00000a32,u_00000e93,app_open,2026-06-21T02:24:51Z
e_00000b59,u_00000fdd,app_open,2026-06-21T02:41:02Z
e_00000a63,u_00000ebf,app_open,2026-06-21T03:15:53Z
e_00000b81,u_00000fff,app_open,2026-06-21T03:44:50Z
e_00000ba5,u_00001027,app_open,2026-06-21T04:02:43Z
e_00000b8f,u_00001008,app_open,2026-06-21T04:22:17Z
e_0000092d,u_00000d78,app_open,2026-06-21T04:31:06Z
e_00000ade,u_00000f3d,app_open,2026-06-21T04:48:40Z
e_0000090d,u_00000d4d,app_open,2026-06-21T05:00:46Z
e_00000ae3,u_00000f44,app_open,2026-06-21T05:49:37Z
e_00000b85,u_00001005,app_open,2026-06-21T06:18:56Z
e_00000a68,u_00000ec0,app_open,2026-06-21T06:33:50Z
e_00000b0b,u_00000f74,app_open,2026-06-21T06:42:55Z
e_00000a49,u_00000ea5,app_open,2026-06-21T07:25:46Z
e_00000ab4,u_00000f09,app_open,2026-06-21T08:42:51Z
e_00000a1c,u_00000e7b,app_open,2026-06-21T09:10:01Z
e_00000acc,u_00000f2d,app_open,2026-06-21T09:27:40Z
e_00000a30,u_00000e93,app_open,2026-06-21T09:53:43Z
e_00000b9b,u_0000101a,app_open,2026-06-21T09:57:08Z
e_00000ba6,u_00001029,app_open,2026-06-21T10:28:31Z
e_00000b9c,u_0000101d,app_open,2026-06-21T10:34:16Z
e_00000aaf,u_00000f03,app_open,2026-06-21T10:41:19Z
e_00000ba0,u_00001023,app_open,2026-06-21T11:33:03Z
e_00000b98,u_00001016,app_open,2026-06-21T11:48:49Z
e_00000b94,u_00001010,app_open,2026-06-21T13:04:52Z
e_00000a42,u_00000ea1,app_open,2026-06-21T14:01:56Z
e_000009a8,u_00000e07,app_open,2026-06-21T14:08:26Z
e_00000b91,u_0000100b,app_open,2026-06-21T14:22:42Z
e_00000b92,u_0000100c,app_open,2026-06-21T14:59:44Z
e_00000b97,u_00001014,app_open,2026-06-21T15:01:17Z
e_00000a29,u_00000e89,app_open,2026-06-21T15:52:35Z
e_00000a9f,u_00000efa,app_open,2026-06-21T16:03:10Z
e_00000b96,u_00001013,app_open,2026-06-21T16:24:54Z
e_00000b8b,u_00001007,app_open,2026-06-21T16:26:47Z
e_00000b7e,u_00000ffb,app_open,2026-06-21T16:43:45Z
e_00000b9f,u_00001022,app_open,2026-06-21T16:51:12Z
e_00000afb,u_00000f5f,app_open,2026-06-21T18:15:52Z
e_00000b7f,u_00000ffc,app_open,2026-06-21T18:17:54Z
e_00000b7c,u_00000ff8,app_open,2026-06-21T18:27:22Z
e_00000a94,u_00000ef0,app_open,2026-06-21T18:47:29Z
e_00000b65,u_00000fe4,app_open,2026-06-21T19:02:06Z
e_00000b19,u_00000f85,app_open,2026-06-21T19:27:07Z
e_00000b76,u_00000ff1,app_open,2026-06-21T19:30:48Z
e_00000b84,u_00001002,app_open,2026-06-21T19:55:14Z
e_00000aed,u_00000f51,app_open,2026-06-21T20:11:19Z
e_00000b99,u_00001018,app_open,2026-06-21T20:39:28Z
e_00000b80,u_00000ffd,app_open,2026-06-21T20:57:19Z
e_00000b93,u_0000100e,app_open,2026-06-21T21:56:50Z
e_000009d6,u_00000e31,app_open,2026-06-21T23:06:06Z
e_000008f0,u_00000d2d,app_open,2026-06-21T23:44:00Z
e_00000aa4,u_00000efd,app_open,2026-06-22T00:30:12Z
e_00000bc7,u_00001047,app_open,2026-06-22T00:44:34Z
e_00000bb2,u_00001035,app_open,2026-06-22T00:51:33Z
e_00000bdc,u_0000105b,app_open,2026-06-22T00:59:53Z
e_00000a6d,u_00000ec7,app_open,2026-06-22T01:12:38Z
e_00000bcd,u_0000104c,app_open,2026-06-22T01:42:58Z
e_00000bc2,u_0000103f,app_open,2026-06-22T02:18:15Z
e_00000bce,u_0000104e,app_open,2026-06-22T02:44:15Z
e_00000be4,u_00001063,app_open,2026-06-22T02:45:44Z
e_00000bd1,u_00001054,app_open,2026-06-22T03:07:23Z
e_00000b4b,u_00000fd6,app_open,2026-06-22T04:11:55Z
e_00000baf,u_00001030,app_open,2026-06-22T04:33:38Z
e_00000ac0,u_00000f1a,app_open,2026-06-22T04:52:10Z
e_00000bcf,u_00001051,app_open,2026-06-22T06:34:41Z
e_00000add,u_00000f3d,app_open,2026-06-22T06:38:20Z
e_00000b48,u_00000fd5,app_open,2026-06-22T06:45:25Z
e_00000a58,u_00000eac,app_open,2026-06-22T07:35:57Z
e_00000a83,u_00000edf,app_open,2026-06-22T07:59:28Z
e_00000b02,u_00000f68,app_open,2026-06-22T08:23:40Z
e_00000bcb,u_00001049,app_open,2026-06-22T08:42:55Z
e_00000be3,u_00001062,app_open,2026-06-22T09:43:23Z
e_00000b78,u_00000ff1,app_open,2026-06-22T09:50:42Z
e_00000a57,u_00000eac,app_open,2026-06-22T09:57:44Z
e_00000bea,u_00001067,app_open,2026-06-22T10:25:26Z
e_00000bd2,u_00001057,app_open,2026-06-22T10:31:43Z
e_00000ba8,u_0000102b,app_open,2026-06-22T10:33:02Z
e_00000bb1,u_00001032,app_open,2026-06-22T11:17:18Z
e_00000be5,u_00001065,app_open,2026-06-22T11:27:41Z
e_00000aad,u_00000f03,app_open,2026-06-22T11:47:52Z
e_00000bbe,u_0000103b,app_open,2026-06-22T12:48:55Z
e_00000bde,u_0000105d,app_open,2026-06-22T12:50:35Z
e_00000bb8,u_00001038,app_open,2026-06-22T14:39:26Z
e_00000bb6,u_00001036,app_open,2026-06-22T15:40:35Z
e_0000093a,u_00000d8a,app_open,2026-06-22T15:50:33Z
e_00000bdd,u_0000105c,app_open,2026-06-22T16:25:59Z
e_00000aae,u_00000f03,app_open,2026-06-22T17:03:11Z
e_00000bcc,u_0000104a,app_open,2026-06-22T18:40:44Z
e_00000bc6,u_00001045,app_open,2026-06-22T19:39:03Z
e_00000aa8,u_00000f01,app_open,2026-06-22T19:44:44Z
e_00000ba7,u_00001029,app_open,2026-06-22T20:18:08Z
e_00000a90,u_00000eef,app_open,2026-06-22T20:58:33Z
e_00000bc4,u_00001042,app_open,2026-06-22T21:03:03Z
e_00000be2,u_0000105f,app_open,2026-06-22T21:03:26Z
e_00000a73,u_00000ecb,app_open,2026-06-22T21:14:51Z
e_0000091d,u_00000d5f,app_open,2026-06-22T21:28:55Z
e_00000b63,u_00000fe4,app_open,2026-06-22T21:37:45Z
e_00000b21,u_00000f91,app_open,2026-06-22T21:51:02Z
e_00000bad,u_0000102d,app_open,2026-06-22T22:06:42Z
e_00000bd7,u_00001058,app_open,2026-06-22T23:26:43Z
e_00000bbf,u_0000103d,app_open,2026-06-22T23:43:58Z
e_00000b72,u_00000fee,app_open,2026-06-22T23:49:58Z
e_00000bbd,u_00001039,app_open,2026-06-22T23:51:14Z
e_00000bc3,u_00001040,app_open,2026-06-22T23:51:31Z
e_00000aa9,u_00000f01,app_open,2026-06-23T00:00:03Z
e_00000bf5,u_00001079,app_open,2026-06-23T01:01:38Z
e_00000c10,u_00001098,app_open,2026-06-23T01:28:02Z
e_00000a76,u_00000ecc,app_open,2026-06-23T01:32:00Z
e_00000c00,u_00001082,app_open,2026-06-23T01:36:39Z
e_00000bf0,u_00001070,app_open,2026-06-23T02:37:10Z
e_00000b47,u_00000fd5,app_open,2026-06-23T03:09:38Z
e_00000b57,u_00000fdd,app_open,2026-06-23T03:18:08Z
e_00000b49,u_00000fd5,app_open,2026-06-23T03:21:44Z
e_00000c08,u_0000108d,app_open,2026-06-23T03:35:50Z
e_00000ae8,u_00000f49,app_open,2026-06-23T04:10:16Z
e_00000b90,u_00001008,app_open,2026-06-23T04:10:30Z
e_00000c09,u_0000108f,app_open,2026-06-23T04:19:50Z
e_00000af5,u_00000f5c,app_open,2026-06-23T05:17:39Z
e_00000bee,u_0000106e,app_open,2026-06-23T06:25:52Z
e_00000b53,u_00000fdc,app_open,2026-06-23T08:19:02Z
e_00000b3f,u_00000fcd,app_open,2026-06-23T09:34:21Z
e_00000c0e,u_00001095,app_open,2026-06-23T09:52:20Z
e_00000bfd,u_0000107f,app_open,2026-06-23T10:07:02Z
e_00000c02,u_00001085,app_open,2026-06-23T10:50:35Z
e_000008d9,u_00000d18,app_open,2026-06-23T10:59:59Z
e_000008c7,u_00000d08,app_open,2026-06-23T11:15:45Z
e_00000bed,u_0000106c,app_open,2026-06-23T12:38:28Z
e_00000aa0,u_00000efa,app_open,2026-06-23T14:01:28Z
e_00000bfa,u_0000107b,app_open,2026-06-23T14:50:15Z
e_00000b70,u_00000fed,app_open,2026-06-23T14:56:21Z
e_00000c0a,u_00001092,app_open,2026-06-23T14:57:49Z
e_00000c06,u_00001088,app_open,2026-06-23T16:16:53Z
e_00000c07,u_0000108a,app_open,2026-06-23T16:18:36Z
e_00000bf1,u_00001073,app_open,2026-06-23T16:43:04Z
e_00000c03,u_00001086,app_open,2026-06-23T16:58:48Z
e_00000b9e,u_0000101f,app_open,2026-06-23T17:00:55Z
e_00000a05,u_00000e62,app_open,2026-06-23T17:11:46Z
e_00000be8,u_00001065,app_open,2026-06-23T17:15:52Z
e_00000c13,u_0000109c,app_open,2026-06-23T17:55:32Z
e_00000c11,u_00001099,app_open,2026-06-23T18:09:23Z
e_00000b52,u_00000fdc,app_open,2026-06-23T18:57:50Z
e_00000a75,u_00000ecc,app_open,2026-06-23T19:02:58Z
e_00000c12,u_0000109a,app_open,2026-06-23T19:47:12Z
e_00000bf3,u_00001075,app_open,2026-06-23T20:10:54Z
e_00000bfc,u_0000107e,app_open,2026-06-23T20:15:41Z
e_00000c04,u_00001087,app_open,2026-06-23T21:20:18Z
e_00000beb,u_0000106a,app_open,2026-06-23T22:09:40Z
e_00000c01,u_00001084,app_open,2026-06-23T22:59:15Z
e_00000af9,u_00000f5f,app_open,2026-06-23T23:50:46Z
e_00000bff,u_00001081,app_open,2026-06-24T00:05:57Z
e_00000bf4,u_00001076,app_open,2026-06-24T00:13:53Z
e_00000ad8,u_00000f36,app_open,2026-06-24T00:18:24Z
e_00000ad7,u_00000f36,app_open,2026-06-24T01:17:16Z
e_00000bbc,u_00001038,app_open,2026-06-24T01:56:13Z
e_00000c32,u_000010c0,app_open,2026-06-24T02:07:14Z
e_00000b03,u_00000f68,app_open,2026-06-24T02:09:08Z
e_00000bdb,u_00001058,app_open,2026-06-24T02:23:31Z
e_00000c3a,u_000010c7,app_open,2026-06-24T02:51:39Z
e_00000c17,u_000010a1,app_open,2026-06-24T03:38:51Z
e_00000c31,u_000010bf,app_open,2026-06-24T03:54:29Z
e_00000adc,u_00000f3d,app_open,2026-06-24T04:25:29Z
e_00000c39,u_000010c6,app_open,2026-06-24T05:04:04Z
e_00000afa,u_00000f5f,app_open,2026-06-24T05:16:56Z
e_00000c44,u_000010d6,app_open,2026-06-24T05:44:41Z
e_00000b41,u_00000fcd,app_open,2026-06-24T05:50:22Z
e_00000c2b,u_000010b9,app_open,2026-06-24T06:21:29Z
e_00000c1a,u_000010a8,app_open,2026-06-24T06:46:26Z
e_00000b86,u_00001005,app_open,2026-06-24T07:22:10Z
e_00000b16,u_00000f82,app_open,2026-06-24T07:42:39Z
e_00000ae4,u_00000f44,app_open,2026-06-24T07:55:15Z
e_00000bf9,u_00001079,app_open,2026-06-24T08:14:54Z
e_00000c33,u_000010c2,app_open,2026-06-24T09:04:44Z
e_00000c2a,u_000010b6,app_open,2026-06-24T09:09:00Z
e_00000c18,u_000010a4,app_open,2026-06-24T09:22:53Z
e_00000c19,u_000010a7,app_open,2026-06-24T09:35:04Z
e_00000c26,u_000010b1,app_open,2026-06-24T10:27:12Z
e_00000b82,u_00000fff,app_open,2026-06-24T10:36:03Z
e_00000c3b,u_000010ca,app_open,2026-06-24T11:53:33Z
e_00000c25,u_000010b0,app_open,2026-06-24T11:56:50Z
e_00000c30,u_000010bc,app_open,2026-06-24T12:31:24Z
e_00000bf7,u_00001079,app_open,2026-06-24T13:13:18Z
e_00000c1b,u_000010aa,app_open,2026-06-24T13:18:36Z
e_00000ad6,u_00000f36,app_open,2026-06-24T13:25:07Z
e_00000c4f,u_000010e0,app_open,2026-06-24T13:49:34Z
e_00000c40,u_000010cb,app_open,2026-06-24T14:43:38Z
e_00000bc1,u_0000103d,app_open,2026-06-24T14:49:57Z
e_00000c4e,u_000010de,app_open,2026-06-24T14:58:27Z
e_00000af6,u_00000f5c,app_open,2026-06-24T15:14:17Z
e_00000c35,u_000010c3,app_open,2026-06-24T15:23:43Z
e_00000bf8,u_00001079,app_open,2026-06-24T15:32:33Z
e_00000c4a,u_000010db,app_open,2026-06-24T17:08:01Z
e_00000c43,u_000010d4,app_open,2026-06-24T17:30:34Z
e_00000a92,u_00000eef,app_open,2026-06-24T17:41:36Z
e_00000b61,u_00000fe3,app_open,2026-06-24T19:32:15Z
e_00000be6,u_00001065,app_open,2026-06-24T20:02:05Z
e_00000b32,u_00000fb0,app_open,2026-06-24T20:08:10Z
e_00000c50,u_000010e1,app_open,2026-06-24T20:21:15Z
e_00000c20,u_000010ad,app_open,2026-06-24T20:31:57Z
e_00000b0f,u_00000f78,app_open,2026-06-24T20:37:35Z
e_00000c0b,u_00001092,app_open,2026-06-24T21:56:54Z
e_00000bd5,u_00001057,app_open,2026-06-24T22:21:08Z
e_00000c29,u_000010b3,app_open,2026-06-24T22:35:58Z
e_00000c14,u_0000109f,app_open,2026-06-24T23:05:08Z
e_00000c41,u_000010ce,app_open,2026-06-24T23:16:47Z
e_00000c56,u_000010e4,app_open,2026-06-24T23:38:42Z
e_00000c42,u_000010d1,app_open,2026-06-24T23:59:45Z
e_00000c45,u_000010d9,app_open,2026-06-25T00:03:59Z
e_00000c24,u_000010af,app_open,2026-06-25T00:22:46Z
e_00000c8c,u_00001115,app_open,2026-06-25T00:33:39Z
e_00000aee,u_00000f51,app_open,2026-06-25T00:47:25Z
e_00000c77,u_000010fd,app_open,2026-06-25T02:25:50Z
e_00000bc9,u_00001047,app_open,2026-06-25T03:32:13Z
e_00000c83,u_0000110c,app_open,2026-06-25T03:50:35Z
e_00000a6e,u_00000ec7,app_open,2026-06-25T04:22:21Z
e_00000c78,u_00001100,app_open,2026-06-25T04:28:16Z
e_00000b6e,u_00000fed,app_open,2026-06-25T04:29:01Z
e_00000c6d,u_000010f9,app_open,2026-06-25T04:38:45Z
e_00000b55,u_00000fdc,app_open,2026-06-25T04:55:40Z
e_00000c86,u_0000110e,app_open,2026-06-25T04:55:50Z
e_00000a7d,u_00000ed6,app_open,2026-06-25T04:56:23Z
e_00000c90,u_0000111b,app_open,2026-06-25T06:31:44Z
e_00000c05,u_00001087,app_open,2026-06-25T06:40:34Z
e_00000aaa,u_00000f01,app_open,2026-06-25T07:23:18Z
e_00000ad0,u_00000f30,app_open,2026-06-25T07:58:06Z
e_00000b9a,u_00001018,app_open,2026-06-25T08:05:47Z
e_00000c85,u_0000110d,app_open,2026-06-25T08:57:58Z
e_00000c82,u_0000110a,app_open,2026-06-25T09:52:45Z
e_00000c7a,u_00001105,app_open,2026-06-25T10:19:07Z
e_00000c79,u_00001102,app_open,2026-06-25T10:20:38Z
e_00000c27,u_000010b1,app_open,2026-06-25T11:21:28Z
e_000009ae,u_00000e09,app_open,2026-06-25T11:23:27Z
e_00000c7c,u_00001106,app_open,2026-06-25T11:42:03Z
e_00000c81,u_00001107,app_open,2026-06-25T12:44:09Z
e_00000c6c,u_000010f7,app_open,2026-06-25T13:07:45Z
e_00000c6a,u_000010f4,app_open,2026-06-25T13:14:53Z
e_00000c95,u_0000111f,app_open,2026-06-25T13:19:18Z
e_00000c99,u_00001122,app_open,2026-06-25T13:58:10Z
e_00000b73,u_00000fee,app_open,2026-06-25T14:27:10Z
e_00000c92,u_0000111c,app_open,2026-06-25T14:47:06Z
e_00000c64,u_000010f0,app_open,2026-06-25T15:09:52Z
e_00000ab6,u_00000f0b,app_open,2026-06-25T15:47:52Z
e_00000b8c,u_00001007,app_open,2026-06-25T16:54:08Z
e_00000c57,u_000010e6,app_open,2026-06-25T17:02:06Z
e_00000c2e,u_000010b9,app_open,2026-06-25T17:18:45Z
e_00000c8b,u_00001112,app_open,2026-06-25T17:38:28Z
e_00000c97,u_00001121,app_open,2026-06-25T17:42:17Z
e_00000b87,u_00001005,app_open,2026-06-25T17:44:48Z
e_00000c67,u_000010f1,app_open,2026-06-25T17:46:53Z
e_00000c9b,u_00001125,app_open,2026-06-25T18:36:55Z
e_00000993,u_00000df4,app_open,2026-06-25T18:54:26Z
e_00000c8a,u_00001111,app_open,2026-06-25T19:30:07Z
e_00000b6f,u_00000fed,app_open,2026-06-25T19:55:25Z
e_00000c28,u_000010b1,app_open,2026-06-25T20:10:18Z
e_00000bba,u_00001038,app_open,2026-06-25T20:13:44Z
e_00000c63,u_000010ed,app_open,2026-06-25T20:23:19Z
e_00000c5a,u_000010ea,app_open,2026-06-25T20:37:47Z
e_00000c72,u_000010fc,app_open,2026-06-25T21:25:05Z
e_00000b77,u_00000ff1,app_open,2026-06-25T21:40:12Z
e_00000c8d,u_00001118,app_open,2026-06-25T21:40:44Z
e_00000a24,u_00000e87,app_open,2026-06-25T22:02:23Z
e_00000c59,u_000010e7,app_open,2026-06-25T22:37:36Z
e_00000c8f,u_00001119,app_open,2026-06-25T23:47:14Z
e_00000c5e,u_000010ec,app_open,2026-06-25T23:58:05Z
e_00000c1f,u_000010aa,app_open,2026-06-26T00:26:48Z
e_00000b1f,u_00000f8e,app_open,2026-06-26T00:34:44Z
e_00000b2f,u_00000fac,app_open,2026-06-26T00:40:16Z
e_00000cc9,u_00001162,app_open,2026-06-26T00:49:33Z
e_00000cbd,u_00001151,app_open,2026-06-26T01:15:52Z
e_00000cb2,u_00001147,app_open,2026-06-26T02:23:42Z
e_0000094f,u_00000d9e,app_open,2026-06-26T02:26:00Z
e_00000bb5,u_00001035,app_open,2026-06-26T02:41:33Z
e_00000b64,u_00000fe4,app_open,2026-06-26T03:57:35Z
e_00000c4d,u_000010db,app_open,2026-06-26T03:59:46Z
e_00000cd8,u_00001170,app_open,2026-06-26T04:25:26Z
e_00000cc8,u_00001160,app_open,2026-06-26T05:12:59Z
e_00000cc4,u_00001158,app_open,2026-06-26T05:36:10Z
e_00000c3e,u_000010ca,app_open,2026-06-26T06:21:52Z
e_00000ca5,u_00001136,app_open,2026-06-26T06:24:20Z
e_00000c36,u_000010c3,app_open,2026-06-26T06:30:21Z
e_00000ccf,u_00001169,app_open,2026-06-26T06:34:03Z
e_00000b8d,u_00001007,app_open,2026-06-26T06:45:12Z
e_00000c9d,u_00001128,app_open,2026-06-26T07:06:57Z
e_00000cc2,u_00001153,app_open,2026-06-26T07:08:31Z
e_00000bb3,u_00001035,app_open,2026-06-26T07:13:31Z
e_00000ccd,u_00001166,app_open,2026-06-26T07:59:49Z
e_00000c9f,u_00001129,app_open,2026-06-26T08:17:12Z
e_00000b58,u_00000fdd,app_open,2026-06-26T08:22:23Z
e_00000ca4,u_00001133,app_open,2026-06-26T09:23:53Z
e_00000ba2,u_00001025,app_open,2026-06-26T09:55:34Z
e_00000cad,u_0000113f,app_open,2026-06-26T10:13:11Z
e_00000cb7,u_0000114b,app_open,2026-06-26T10:19:25Z
e_00000cc6,u_0000115a,app_open,2026-06-26T10:55:58Z
e_00000b89,u_00001005,app_open,2026-06-26T11:09:54Z
e_00000cb1,u_00001145,app_open,2026-06-26T11:22:24Z
e_00000cd6,u_0000116b,app_open,2026-06-26T12:40:39Z
e_00000c2d,u_000010b9,app_open,2026-06-26T13:19:39Z
e_00000caa,u_00001137,app_open,2026-06-26T13:21:32Z
e_00000b5a,u_00000fdd,app_open,2026-06-26T13:33:43Z
e_00000ccc,u_00001164,app_open,2026-06-26T13:56:44Z
e_00000cb8,u_0000114e,app_open,2026-06-26T14:05:08Z
e_00000ca0,u_0000112c,app_open,2026-06-26T14:17:04Z
e_00000cc5,u_00001159,app_open,2026-06-26T14:17:05Z
e_00000bdf,u_0000105d,app_open,2026-06-26T15:17:21Z
e_00000c84,u_0000110c,app_open,2026-06-26T15:18:29Z
e_00000cb6,u_00001148,app_open,2026-06-26T15:34:04Z
e_00000b60,u_00000fe3,app_open,2026-06-26T15:37:37Z
e_00000caf,u_00001142,app_open,2026-06-26T15:53:03Z
e_00000b17,u_00000f82,app_open,2026-06-26T16:16:53Z
e_00000b40,u_00000fcd,app_open,2026-06-26T16:18:58Z
e_00000cce,u_00001167,app_open,2026-06-26T16:29:08Z
e_00000cac,u_0000113d,app_open,2026-06-26T17:55:41Z
e_00000b69,u_00000fe9,app_open,2026-06-26T18:12:49Z
e_00000bb0,u_00001030,app_open,2026-06-26T18:24:12Z
e_00000c69,u_000010f1,app_open,2026-06-26T18:28:12Z
e_00000cab,u_0000113a,app_open,2026-06-26T19:39:48Z
e_00000cc3,u_00001156,app_open,2026-06-26T19:41:15Z
e_00000ca2,u_00001130,app_open,2026-06-26T19:53:17Z
e_00000cbc,u_00001150,app_open,2026-06-26T20:03:42Z
e_00000cc7,u_0000115d,app_open,2026-06-26T21:26:52Z
e_000009ec,u_00000e49,app_open,2026-06-26T21:36:03Z
e_00000cd7,u_0000116e,app_open,2026-06-26T22:34:21Z
e_00000cd3,u_0000116a,app_open,2026-06-26T22:49:48Z
e_00000c1e,u_000010aa,app_open,2026-06-26T23:14:22Z
e_00000c2f,u_000010b9,app_open,2026-06-26T23:19:26Z
e_00000cc1,u_00001152,app_open,2026-06-26T23:26:27Z
e_00000c1c,u_000010aa,app_open,2026-06-26T23:46:30Z
e_00000ca1,u_0000112f,app_open,2026-06-26T23:57:45Z
e_00000c9c,u_00001126,app_open,2026-06-27T00:03:03Z
e_00000ce1,u_0000117b,app_open,2026-06-27T00:37:20Z
e_00000cfd,u_00001197,app_open,2026-06-27T00:55:37Z
e_00000cf3,u_00001190,app_open,2026-06-27T01:02:27Z
e_00000cee,u_00001186,app_open,2026-06-27T01:07:54Z
e_00000d04,u_0000119f,app_open,2026-06-27T01:11:24Z
e_00000b54,u_00000fdc,app_open,2026-06-27T01:24:08Z
e_00000c37,u_000010c3,app_open,2026-06-27T01:31:09Z
e_00000cfe,u_0000119a,app_open,2026-06-27T01:31:44Z
e_00000cdd,u_00001177,app_open,2026-06-27T02:16:26Z
e_00000ba3,u_00001025,app_open,2026-06-27T02:21:27Z
e_00000c93,u_0000111c,app_open,2026-06-27T03:42:46Z
e_00000bac,u_0000102b,app_open,2026-06-27T03:48:18Z
e_00000d0e,u_000011ae,app_open,2026-06-27T04:39:39Z
e_00000d0d,u_000011ac,app_open,2026-06-27T04:40:39Z
e_00000ce9,u_00001184,app_open,2026-06-27T06:40:55Z
e_00000d14,u_000011b3,app_open,2026-06-27T06:44:56Z
e_00000d16,u_000011b8,app_open,2026-06-27T06:58:02Z
e_00000cde,u_00001178,app_open,2026-06-27T07:11:54Z
e_00000bb4,u_00001035,app_open,2026-06-27T08:12:13Z
e_00000bd8,u_00001058,app_open,2026-06-27T08:34:20Z
e_00000d15,u_000011b5,app_open,2026-06-27T08:41:56Z
e_00000c89,u_0000110e,app_open,2026-06-27T09:31:03Z
e_00000cfc,u_00001196,app_open,2026-06-27T09:59:57Z
e_00000b88,u_00001005,app_open,2026-06-27T10:19:26Z
e_00000c5b,u_000010ea,app_open,2026-06-27T10:24:24Z
e_00000bae,u_0000102d,app_open,2026-06-27T10:56:26Z
e_00000bef,u_0000106e,app_open,2026-06-27T11:29:08Z
e_00000bc8,u_00001047,app_open,2026-06-27T12:35:22Z
e_00000ce8,u_00001181,app_open,2026-06-27T13:27:48Z
e_00000d03,u_0000119c,app_open,2026-06-27T13:34:58Z
e_00000d13,u_000011b1,app_open,2026-06-27T13:41:20Z
e_00000ce6,u_0000117d,app_open,2026-06-27T13:49:57Z
e_00000cbe,u_00001151,app_open,2026-06-27T14:23:25Z
e_00000cd9,u_00001173,app_open,2026-06-27T14:31:11Z
e_00000ce0,u_0000117a,app_open,2026-06-27T14:33:46Z
e_00000c61,u_000010ec,app_open,2026-06-27T14:35:44Z
e_00000c60,u_000010ec,app_open,2026-06-27T14:43:48Z
e_00000cdc,u_00001174,app_open,2026-06-27T14:46:25Z
e_00000d0a,u_000011a9,app_open,2026-06-27T14:55:31Z
e_00000bbb,u_00001038,app_open,2026-06-27T14:57:00Z
e_00000cf0,u_00001189,app_open,2026-06-27T15:23:01Z
e_00000ca8,u_00001136,app_open,2026-06-27T15:33:22Z
e_00000c3d,u_000010ca,app_open,2026-06-27T15:53:16Z
e_00000d12,u_000011b0,app_open,2026-06-27T15:54:59Z
e_00000a33,u_00000e93,app_open,2026-06-27T15:55:08Z
e_00000c80,u_00001106,app_open,2026-06-27T15:58:35Z
e_00000cf2,u_0000118d,app_open,2026-06-27T16:11:24Z
e_00000c46,u_000010d9,app_open,2026-06-27T16:20:41Z
e_00000cf4,u_00001191,app_open,2026-06-27T16:37:01Z
e_00000bab,u_0000102b,app_open,2026-06-27T17:34:58Z
e_00000d05,u_000011a0,app_open,2026-06-27T17:40:52Z
e_00000c4c,u_000010db,app_open,2026-06-27T18:14:30Z
e_00000d07,u_000011a6,app_open,2026-06-27T18:49:57Z
e_00000d00,u_0000119b,app_open,2026-06-27T19:26:28Z
e_00000cf7,u_00001193,app_open,2026-06-27T19:54:58Z
e_00000cf1,u_0000118a,app_open,2026-06-27T20:08:48Z
e_00000c0c,u_00001092,app_open,2026-06-27T20:53:43Z
e_00000ce7,u_00001180,app_open,2026-06-27T21:43:44Z
e_00000cb9,u_0000114e,app_open,2026-06-27T22:10:25Z
e_00000cbb,u_0000114e,app_open,2026-06-27T22:25:17Z
e_00000c51,u_000010e1,app_open,2026-06-27T23:22:18Z
e_00000bd3,u_00001057,app_open,2026-06-27T23:41:15Z
e_00000a9d,u_00000ef7,app_open,2026-06-28T00:13:01Z
e_00000c38,u_000010c3,app_open,2026-06-28T00:22:09Z
e_00000b8e,u_00001007,app_open,2026-06-28T00:34:32Z
e_00000d5b,u_000011fd,app_open,2026-06-28T00:36:38Z
e_00000d06,u_000011a3,app_open,2026-06-28T00:47:40Z
e_00000d3e,u_000011e2,app_open,2026-06-28T00:50:21Z
e_00000d5e,u_00001200,app_open,2026-06-28T01:09:35Z
e_00000c23,u_000010ad,app_open,2026-06-28T01:37:48Z
e_00000cca,u_00001162,app_open,2026-06-28T01:50:25Z
e_00000d42,u_000011e5,app_open,2026-06-28T02:05:40Z
e_00000baa,u_0000102b,app_open,2026-06-28T02:49:10Z
e_00000d29,u_000011cf,app_open,2026-06-28T03:51:33Z
e_00000d3a,u_000011df,app_open,2026-06-28T04:17:12Z
e_00000bd6,u_00001057,app_open,2026-06-28T04:18:26Z
e_00000d1b,u_000011c0,app_open,2026-06-28T04:50:39Z
e_00000d43,u_000011e6,app_open,2026-06-28T06:06:04Z
e_00000b7d,u_00000ff8,app_open,2026-06-28T06:16:50Z
e_00000d2e,u_000011d6,app_open,2026-06-28T06:18:28Z
e_00000d55,u_000011f7,app_open,2026-06-28T06:19:25Z
e_00000d17,u_000011ba,app_open,2026-06-28T06:40:06Z
e_00000d18,u_000011bc,app_open,2026-06-28T07:13:36Z
e_00000d5a,u_000011fa,app_open,2026-06-28T07:34:22Z
e_00000b1d,u_00000f8b,app_open,2026-06-28T08:16:51Z
e_00000cd0,u_00001169,app_open,2026-06-28T08:39:32Z
e_00000a03,u_00000e60,app_open,2026-06-28T09:15:46Z
e_00000bb9,u_00001038,app_open,2026-06-28T09:55:24Z
e_00000d38,u_000011de,app_open,2026-06-28T09:55:37Z
e_00000cec,u_00001184,app_open,2026-06-28T10:42:00Z
e_00000d1d,u_000011c5,app_open,2026-06-28T10:49:01Z
e_00000bd4,u_00001057,app_open,2026-06-28T11:08:49Z
e_00000d4c,u_000011eb,app_open,2026-06-28T11:39:03Z
e_00000d3d,u_000011e1,app_open,2026-06-28T11:59:00Z
e_00000d61,u_00001202,app_open,2026-06-28T12:00:02Z
e_00000d2a,u_000011d0,app_open,2026-06-28T12:54:05Z
e_00000d32,u_000011d7,app_open,2026-06-28T13:29:33Z
e_00000bd0,u_00001051,app_open,2026-06-28T14:34:21Z
e_00000d2d,u_000011d4,app_open,2026-06-28T14:35:42Z
e_00000d1a,u_000011bd,app_open,2026-06-28T14:44:29Z
e_00000c21,u_000010ad,app_open,2026-06-28T14:48:06Z
e_00000c53,u_000010e1,app_open,2026-06-28T14:59:35Z
e_00000d48,u_000011e8,app_open,2026-06-28T15:14:55Z
e_00000cbf,u_00001151,app_open,2026-06-28T15:23:46Z
e_00000d27,u_000011cd,app_open,2026-06-28T15:46:18Z
e_00000c6e,u_000010f9,app_open,2026-06-28T17:05:27Z
e_00000d2b,u_000011d1,app_open,2026-06-28T17:08:44Z
e_00000d3c,u_000011e0,app_open,2026-06-28T17:26:42Z
e_00000d0f,u_000011ae,app_open,2026-06-28T17:43:16Z
e_00000d53,u_000011f4,app_open,2026-06-28T18:07:18Z
e_00000d26,u_000011cb,app_open,2026-06-28T18:07:47Z
e_00000d1c,u_000011c3,app_open,2026-06-28T18:34:31Z
e_00000be7,u_00001065,app_open,2026-06-28T18:48:29Z
e_00000d37,u_000011db,app_open,2026-06-28T18:52:21Z
e_00000be9,u_00001065,app_open,2026-06-28T18:53:14Z
e_00000c0d,u_00001092,app_open,2026-06-28T18:58:12Z
e_00000d21,u_000011c6,app_open,2026-06-28T19:14:09Z
e_00000ce4,u_0000117b,app_open,2026-06-28T19:47:17Z
e_00000cf9,u_00001193,app_open,2026-06-28T21:22:10Z
e_00000d2c,u_000011d2,app_open,2026-06-28T22:01:23Z
e_00000d51,u_000011ef,app_open,2026-06-28T22:24:41Z
e_00000d25,u_000011c9,app_open,2026-06-28T23:13:02Z
e_00000d33,u_000011da,app_open,2026-06-28T23:19:33Z
e_00000d52,u_000011f1,app_open,2026-06-28T23:32:07Z
e_00000cf5,u_00001191,app_open,2026-06-28T23:41:58Z
e_00000bc5,u_00001042,app_open,2026-06-28T23:42:25Z
e_00000d4d,u_000011ec,app_open,2026-06-29T00:34:14Z
e_00000ced,u_00001184,app_open,2026-06-29T01:19:31Z
e_00000ca3,u_00001130,app_open,2026-06-29T01:28:28Z
e_00000d63,u_00001206,app_open,2026-06-29T01:38:40Z
e_00000c49,u_000010d9,app_open,2026-06-29T01:54:20Z
e_00000d70,u_00001211,app_open,2026-06-29T02:03:10Z
e_00000ce5,u_0000117b,app_open,2026-06-29T02:16:44Z
e_00000cb0,u_00001142,app_open,2026-06-29T02:19:05Z
e_00000d79,u_0000121b,app_open,2026-06-29T02:47:14Z
e_00000d62,u_00001204,app_open,2026-06-29T03:22:34Z
e_00000d7b,u_0000121d,app_open,2026-06-29T03:34:32Z
e_00000c7e,u_00001106,app_open,2026-06-29T03:47:15Z
e_00000bda,u_00001058,app_open,2026-06-29T04:20:17Z
e_00000be0,u_0000105d,app_open,2026-06-29T04:28:46Z
e_00000c47,u_000010d9,app_open,2026-06-29T04:31:20Z
e_00000d89,u_0000122d,app_open,2026-06-29T05:07:46Z
e_00000cb4,u_00001147,app_open,2026-06-29T05:18:59Z
e_00000ba9,u_0000102b,app_open,2026-06-29T05:49:21Z
e_00000d87,u_0000122b,app_open,2026-06-29T05:53:16Z
e_00000d46,u_000011e6,app_open,2026-06-29T07:25:33Z
e_00000d6e,u_0000120f,app_open,2026-06-29T08:41:35Z
e_00000cea,u_00001184,app_open,2026-06-29T08:45:42Z
e_00000d69,u_0000120a,app_open,2026-06-29T09:04:58Z
e_00000cd1,u_00001169,app_open,2026-06-29T09:23:10Z
e_00000d74,u_00001214,app_open,2026-06-29T09:25:19Z
e_00000d78,u_00001218,app_open,2026-06-29T09:25:24Z
e_00000b4c,u_00000fd6,app_open,2026-06-29T10:44:15Z
e_00000d6d,u_0000120c,app_open,2026-06-29T11:15:45Z
e_00000c2c,u_000010b9,app_open,2026-06-29T11:32:24Z
e_00000c6f,u_000010f9,app_open,2026-06-29T12:31:56Z
e_00000d5c,u_000011fd,app_open,2026-06-29T12:42:56Z
e_00000d77,u_00001217,app_open,2026-06-29T12:56:40Z
e_00000d45,u_000011e6,app_open,2026-06-29T13:25:49Z
e_00000d7d,u_0000121f,app_open,2026-06-29T13:32:32Z
e_00000d01,u_0000119b,app_open,2026-06-29T13:32:52Z
e_00000cd2,u_00001169,app_open,2026-06-29T13:33:20Z
e_00000bd9,u_00001058,app_open,2026-06-29T13:50:34Z
e_00000c1d,u_000010aa,app_open,2026-06-29T14:02:26Z
e_00000b5e,u_00000fe0,app_open,2026-06-29T14:53:53Z
e_00000d88,u_0000122c,app_open,2026-06-29T15:05:17Z
e_00000d83,u_00001225,app_open,2026-06-29T15:08:10Z
e_00000cd5,u_0000116a,app_open,2026-06-29T15:56:57Z
e_00000d66,u_00001208,app_open,2026-06-29T16:29:28Z
e_00000d7e,u_00001221,app_open,2026-06-29T17:19:25Z
e_00000c4b,u_000010db,app_open,2026-06-29T17:29:28Z
e_00000bc0,u_0000103d,app_open,2026-06-29T17:32:19Z
e_00000d76,u_00001216,app_open,2026-06-29T18:26:31Z
e_00000d85,u_00001228,app_open,2026-06-29T18:28:19Z
e_00000bf6,u_00001079,app_open,2026-06-29T18:42:23Z
e_00000d08,u_000011a6,app_open,2026-06-29T18:53:05Z
e_00000d84,u_00001227,app_open,2026-06-29T19:12:00Z
e_00000d80,u_00001224,app_open,2026-06-29T19:32:35Z
e_00000cb5,u_00001147,app_open,2026-06-29T20:21:45Z
e_00000d7a,u_0000121c,app_open,2026-06-29T20:42:32Z
e_00000b3c,u_00000fc7,app_open,2026-06-29T20:44:07Z
e_00000c8e,u_00001118,app_open,2026-06-29T20:53:07Z
e_00000d7f,u_00001223,app_open,2026-06-29T21:00:21Z
e_00000ba4,u_00001025,app_open,2026-06-29T22:04:11Z
e_00000c65,u_000010f0,app_open,2026-06-29T22:37:28Z
e_00000dc1,u_0000125c,app_open,2026-06-30T00:33:52Z
e_00000d8c,u_0000122f,app_open,2026-06-30T01:38:56Z
e_00000a98,u_00000ef0,app_open,2026-06-30T01:47:17Z
e_00000d98,u_0000123a,app_open,2026-06-30T02:41:32Z
e_00000c16,u_0000109f,app_open,2026-06-30T02:46:35Z
e_00000db4,u_00001253,app_open,2026-06-30T02:57:17Z
e_00000dc7,u_00001261,app_open,2026-06-30T04:04:27Z
e_00000da3,u_00001245,app_open,2026-06-30T05:05:20Z
e_00000dbc,u_0000125a,app_open,2026-06-30T05:43:38Z
e_00000da6,u_00001247,app_open,2026-06-30T05:43:44Z
e_00000d73,u_00001211,app_open,2026-06-30T05:44:41Z
e_00000da4,u_00001246,app_open,2026-06-30T07:34:27Z
e_00000cf8,u_00001193,app_open,2026-06-30T07:43:02Z
e_00000a3e,u_00000e9f,app_open,2026-06-30T07:44:55Z
e_00000db1,u_0000124d,app_open,2026-06-30T08:20:27Z
e_00000c68,u_000010f1,app_open,2026-06-30T08:22:20Z
e_00000d91,u_00001232,app_open,2026-06-30T08:23:44Z
e_00000c22,u_000010ad,app_open,2026-06-30T08:26:38Z
e_00000d49,u_000011e8,app_open,2026-06-30T08:40:02Z
e_00000d95,u_00001235,app_open,2026-06-30T08:56:28Z
e_00000db8,u_00001256,app_open,2026-06-30T09:18:13Z
e_00000ca9,u_00001136,app_open,2026-06-30T09:38:19Z
e_00000b8a,u_00001005,app_open,2026-06-30T09:39:51Z
e_00000d10,u_000011ae,app_open,2026-06-30T09:49:39Z
e_00000c52,u_000010e1,app_open,2026-06-30T10:03:26Z
e_00000db0,u_0000124b,app_open,2026-06-30T11:30:11Z
e_00000d58,u_000011f7,app_open,2026-06-30T11:45:31Z
e_00000dc3,u_0000125e,app_open,2026-06-30T11:57:32Z
e_00000b67,u_00000fe7,app_open,2026-06-30T13:04:00Z
e_00000d9a,u_00001240,app_open,2026-06-30T13:04:55Z
e_00000d59,u_000011f7,app_open,2026-06-30T13:12:20Z
e_00000d9e,u_00001241,app_open,2026-06-30T13:21:24Z
e_00000da0,u_00001242,app_open,2026-06-30T13:32:00Z
e_00000d6a,u_0000120a,app_open,2026-06-30T13:35:47Z
e_00000d34,u_000011da,app_open,2026-06-30T13:45:26Z
e_00000d99,u_0000123d,app_open,2026-06-30T13:54:18Z
e_00000c70,u_000010f9,app_open,2026-06-30T14:50:42Z
e_00000dba,u_00001257,app_open,2026-06-30T14:52:54Z
e_00000c71,u_000010f9,app_open,2026-06-30T14:58:41Z
e_00000dab,u_00001249,app_open,2026-06-30T15:19:35Z
e_00000d1f,u_000011c5,app_open,2026-06-30T15:34:09Z
e_00000c48,u_000010d9,app_open,2026-06-30T16:56:54Z
e_00000da1,u_00001243,app_open,2026-06-30T17:10:00Z
e_00000c87,u_0000110e,app_open,2026-06-30T17:13:53Z
e_00000d92,u_00001234,app_open,2026-06-30T17:22:27Z
e_00000c7f,u_00001106,app_open,2026-06-30T17:46:33Z
e_00000d97,u_00001238,app_open,2026-06-30T17:54:35Z
e_00000d23,u_000011c6,app_open,2026-06-30T18:25:05Z
e_00000db2,u_00001250,app_open,2026-06-30T18:47:50Z
e_00000d90,u_00001230,app_open,2026-06-30T18:51:40Z
e_00000d96,u_00001236,app_open,2026-06-30T18:58:08Z
e_00000c7d,u_00001106,app_open,2026-06-30T19:29:35Z
e_00000daf,u_0000124a,app_open,2026-06-30T22:42:01Z
e_00000db3,u_00001252,app_open,2026-06-30T23:51:08Z
e_00000dd8,u_0000127a,app_open,2026-07-01T03:00:43Z
e_00000dd2,u_00001270,app_open,2026-07-01T03:15:57Z
e_00000c3c,u_000010ca,app_open,2026-07-01T03:44:49Z
e_00000db5,u_00001253,app_open,2026-07-01T04:48:48Z
e_00000b7a,u_00000ff4,app_open,2026-07-01T05:02:20Z
e_00000e03,u_000012a5,app_open,2026-07-01T05:12:07Z
e_00000dff,u_000012a1,app_open,2026-07-01T05:20:20Z
e_00000d40,u_000011e2,app_open,2026-07-01T05:34:06Z
e_00000dc9,u_00001263,app_open,2026-07-01T05:34:50Z
e_00000df2,u_00001293,app_open,2026-07-01T05:55:37Z
e_00000c3f,u_000010ca,app_open,2026-07-01T06:00:38Z
e_00000de4,u_00001288,app_open,2026-07-01T06:24:27Z
e_00000ce3,u_0000117b,app_open,2026-07-01T06:26:26Z
e_00000d56,u_000011f7,app_open,2026-07-01T07:39:56Z
e_00000dcd,u_00001269,app_open,2026-07-01T07:59:03Z
e_00000c76,u_000010fc,app_open,2026-07-01T08:04:15Z
e_00000cba,u_0000114e,app_open,2026-07-01T09:26:24Z
e_00000c73,u_000010fc,app_open,2026-07-01T09:48:00Z
e_00000d82,u_00001224,app_open,2026-07-01T10:25:37Z
e_00000dfc,u_0000129f,app_open,2026-07-01T10:34:29Z
e_00000dca,u_00001266,app_open,2026-07-01T10:57:48Z
e_00000dd6,u_00001278,app_open,2026-07-01T11:04:23Z
e_00000db7,u_00001253,app_open,2026-07-01T11:11:51Z
e_00000df9,u_00001298,app_open,2026-07-01T11:25:49Z
e_00000dec,u_00001290,app_open,2026-07-01T11:42:34Z
e_00000dcb,u_00001267,app_open,2026-07-01T12:06:07Z
e_00000d6b,u_0000120a,app_open,2026-07-01T12:16:27Z
e_00000b6c,u_00000feb,app_open,2026-07-01T12:26:00Z
e_00000dce,u_0000126a,app_open,2026-07-01T13:32:27Z
e_00000ddd,u_0000127e,app_open,2026-07-01T14:13:29Z
e_00000dc8,u_00001262,app_open,2026-07-01T14:14:50Z
e_00000c54,u_000010e1,app_open,2026-07-01T14:20:11Z
e_00000dd5,u_00001276,app_open,2026-07-01T14:22:53Z
e_00000c15,u_0000109f,app_open,2026-07-01T14:27:22Z
e_00000dd4,u_00001275,app_open,2026-07-01T15:00:28Z
e_00000dd3,u_00001272,app_open,2026-07-01T15:06:00Z
e_00000df1,u_00001291,app_open,2026-07-01T15:35:06Z
e_00000df7,u_00001294,app_open,2026-07-01T16:23:04Z
e_00000de3,u_00001285,app_open,2026-07-01T17:49:54Z
e_00000dfa,u_0000129a,app_open,2026-07-01T18:24:11Z
e_00000dfb,u_0000129d,app_open,2026-07-01T18:37:37Z
e_00000c88,u_0000110e,app_open,2026-07-01T18:57:32Z
e_00000de1,u_00001282,app_open,2026-07-01T19:35:10Z
e_00000d2f,u_000011d6,app_open,2026-07-01T19:43:07Z
e_00000df8,u_00001297,app_open,2026-07-01T20:55:07Z
e_00000dea,u_0000128e,app_open,2026-07-01T21:02:10Z
e_00000d4b,u_000011e8,app_open,2026-07-01T21:02:18Z
e_00000de9,u_0000128b,app_open,2026-07-01T21:58:15Z
e_00000de0,u_0000127f,app_open,2026-07-01T22:18:18Z
e_00000dd7,u_00001279,app_open,2026-07-01T22:54:47Z
e_00000da8,u_00001247,app_open,2026-07-01T22:59:40Z
e_00000c75,u_000010fc,app_open,2026-07-01T23:00:28Z
e_00000d02,u_0000119b,app_open,2026-07-01T23:07:55Z
e_00000c94,u_0000111c,app_open,2026-07-01T23:11:40Z
e_00000dd1,u_0000126d,app_open,2026-07-01T23:19:50Z
e_00000e07,u_000012a8,app_open,2026-07-01T23:35:41Z
e_00000dd9,u_0000127c,app_open,2026-07-01T23:38:14Z
e_00000e00,u_000012a4,app_open,2026-07-01T23:42:01Z
e_00000e2a,u_000012d5,app_open,2026-07-02T01:17:13Z
e_00000dbd,u_0000125a,app_open,2026-07-02T01:21:58Z
e_00000ceb,u_00001184,app_open,2026-07-02T01:33:56Z
e_00000d30,u_000011d6,app_open,2026-07-02T02:14:42Z
e_00000e0f,u_000012ae,app_open,2026-07-02T02:34:53Z
e_00000e1b,u_000012c4,app_open,2026-07-02T03:26:49Z
e_00000d6c,u_0000120a,app_open,2026-07-02T03:58:11Z
e_00000d8d,u_0000122f,app_open,2026-07-02T04:32:40Z
e_00000c5f,u_000010ec,app_open,2026-07-02T04:44:34Z
e_00000d41,u_000011e2,app_open,2026-07-02T04:58:14Z
e_00000cb3,u_00001147,app_open,2026-07-02T05:20:33Z
e_00000d64,u_00001206,app_open,2026-07-02T05:52:03Z
e_00000e16,u_000012bb,app_open,2026-07-02T06:19:11Z
e_00000df6,u_00001293,app_open,2026-07-02T06:35:54Z
e_00000d35,u_000011da,app_open,2026-07-02T06:50:54Z
e_00000df5,u_00001293,app_open,2026-07-02T06:52:15Z
e_00000e24,u_000012cf,app_open,2026-07-02T07:04:26Z
e_00000d9b,u_00001240,app_open,2026-07-02T08:01:04Z
e_00000e18,u_000012be,app_open,2026-07-02T08:05:08Z
e_00000cd4,u_0000116a,app_open,2026-07-02T09:16:24Z
e_00000c66,u_000010f0,app_open,2026-07-02T09:18:10Z
e_00000ca6,u_00001136,app_open,2026-07-02T09:20:26Z
e_00000e26,u_000012d2,app_open,2026-07-02T09:53:41Z
e_00000e2c,u_000012d8,app_open,2026-07-02T09:54:17Z
e_00000e13,u_000012b6,app_open,2026-07-02T10:10:09Z
e_00000e15,u_000012b8,app_open,2026-07-02T10:15:09Z
e_00000c5c,u_000010ea,app_open,2026-07-02T10:48:22Z
e_00000ccb,u_00001162,app_open,2026-07-02T11:13:05Z
e_00000e27,u_000012d3,app_open,2026-07-02T11:22:03Z
e_00000d9c,u_00001240,app_open,2026-07-02T12:47:10Z
e_00000d3f,u_000011e2,app_open,2026-07-02T12:57:24Z
e_00000c74,u_000010fc,app_open,2026-07-02T13:02:39Z
e_00000d65,u_00001206,app_open,2026-07-02T13:04:22Z
e_00000df3,u_00001293,app_open,2026-07-02T13:58:20Z
e_00000b5b,u_00000fdd,app_open,2026-07-02T13:59:52Z
e_00000e12,u_000012b4,app_open,2026-07-02T14:15:00Z
e_00000ca7,u_00001136,app_open,2026-07-02T14:20:00Z
e_00000e25,u_000012d0,app_open,2026-07-02T14:20:38Z
e_00000e0a,u_000012aa,app_open,2026-07-02T14:41:36Z
e_00000e23,u_000012cd,app_open,2026-07-02T14:42:50Z
e_00000cc0,u_00001151,app_open,2026-07-02T14:53:10Z
e_00000b2a,u_00000fa2,app_open,2026-07-02T15:12:14Z
e_00000e0e,u_000012ac,app_open,2026-07-02T15:15:53Z
e_00000c0f,u_00001095,app_open,2026-07-02T15:16:26Z
e_00000cda,u_00001173,app_open,2026-07-02T15:28:01Z
e_00000dbf,u_0000125a,app_open,2026-07-02T15:36:36Z
e_00000e19,u_000012c1,app_open,2026-07-02T15:37:24Z
e_00000e1c,u_000012c7,app_open,2026-07-02T16:50:17Z
e_00000d0b,u_000011a9,app_open,2026-07-02T16:55:36Z
e_00000d20,u_000011c5,app_open,2026-07-02T17:21:28Z
e_00000e1f,u_000012cc,app_open,2026-07-02T17:51:25Z
e_00000b43,u_00000fcf,app_open,2026-07-02T18:09:19Z
e_00000e11,u_000012b1,app_open,2026-07-02T18:15:13Z
e_00000e2d,u_000012d9,app_open,2026-07-02T18:51:32Z
e_00000d5f,u_00001200,app_open,2026-07-02T18:56:27Z
e_00000d31,u_000011d6,app_open,2026-07-02T19:00:08Z
e_00000e17,u_000012bc,app_open,2026-07-02T19:39:17Z
e_00000e1e,u_000012c9,app_open,2026-07-02T20:20:26Z
e_00000dfe,u_0000129f,app_open,2026-07-02T21:28:59Z
e_00000d7c,u_0000121d,app_open,2026-07-02T22:19:14Z
e_00000cae,u_0000113f,app_open,2026-07-02T23:24:11Z
e_00000e2e,u_000012dc,app_open,2026-07-02T23:59:58Z
e_00000e7b,u_00001318,app_open,2026-07-03T00:58:53Z
e_00000ce2,u_0000117b,app_open,2026-07-03T01:41:15Z
e_00000e4a,u_000012f3,app_open,2026-07-03T01:41:27Z
e_00000d72,u_00001211,app_open,2026-07-03T02:15:07Z
e_00000e5c,u_00001301,app_open,2026-07-03T02:17:07Z
e_00000d8f,u_0000122f,app_open,2026-07-03T02:55:49Z
e_00000e4b,u_000012f4,app_open,2026-07-03T03:32:39Z
e_00000e4f,u_000012fc,app_open,2026-07-03T04:28:13Z
e_00000e70,u_0000130e,app_open,2026-07-03T05:08:54Z
e_00000e75,u_00001314,app_open,2026-07-03T05:36:56Z
e_00000e4e,u_000012f9,app_open,2026-07-03T06:11:15Z
e_00000d71,u_00001211,app_open,2026-07-03T06:17:36Z
e_00000e3f,u_000012eb,app_open,2026-07-03T06:45:49Z
e_00000dae,u_00001249,app_open,2026-07-03T07:11:14Z
e_00000e44,u_000012ef,app_open,2026-07-03T07:51:43Z
e_00000e6f,u_0000130c,app_open,2026-07-03T08:23:18Z
e_00000e33,u_000012e6,app_open,2026-07-03T08:36:52Z
e_00000dde,u_0000127e,app_open,2026-07-03T08:51:40Z
e_00000d24,u_000011c6,app_open,2026-07-03T09:07:54Z
e_00000e49,u_000012f1,app_open,2026-07-03T09:33:30Z
e_00000bca,u_00001047,app_open,2026-07-03T09:45:01Z
e_00000b05,u_00000f68,app_open,2026-07-03T10:13:39Z
e_00000cf6,u_00001191,app_open,2026-07-03T10:17:54Z
e_00000cfa,u_00001193,app_open,2026-07-03T10:42:08Z
e_00000e39,u_000012e8,app_open,2026-07-03T10:48:14Z
e_00000e63,u_00001305,app_open,2026-07-03T10:59:38Z
e_00000ddb,u_0000127c,app_open,2026-07-03T11:11:55Z
e_00000e79,u_00001316,app_open,2026-07-03T11:30:33Z
e_00000e32,u_000012e3,app_open,2026-07-03T11:34:29Z
e_00000e38,u_000012e7,app_open,2026-07-03T11:35:26Z
e_00000e58,u_00001300,app_open,2026-07-03T11:47:36Z
e_00000db9,u_00001256,app_open,2026-07-03T12:16:11Z
e_00000e4d,u_000012f7,app_open,2026-07-03T12:54:03Z
e_00000e3a,u_000012e9,app_open,2026-07-03T13:17:51Z
e_00000e60,u_00001302,app_open,2026-07-03T13:26:34Z
e_00000e82,u_0000131e,app_open,2026-07-03T13:42:35Z
e_00000e14,u_000012b6,app_open,2026-07-03T14:01:09Z
e_00000e86,u_00001321,app_open,2026-07-03T14:11:29Z
e_00000e87,u_00001323,app_open,2026-07-03T14:33:07Z
e_00000e6d,u_0000130b,app_open,2026-07-03T15:13:45Z
e_00000e30,u_000012e2,app_open,2026-07-03T16:16:58Z
e_00000e6b,u_0000130a,app_open,2026-07-03T16:20:20Z
e_00000e72,u_00001313,app_open,2026-07-03T16:27:53Z
e_00000de5,u_00001288,app_open,2026-07-03T18:18:22Z
e_00000e68,u_00001307,app_open,2026-07-03T18:18:49Z
e_00000e53,u_000012ff,app_open,2026-07-03T19:03:10Z
e_00000def,u_00001290,app_open,2026-07-03T20:13:29Z
e_00000d4a,u_000011e8,app_open,2026-07-03T20:30:11Z
e_00000dbe,u_0000125a,app_open,2026-07-03T20:49:00Z
e_00000d11,u_000011ae,app_open,2026-07-03T21:00:48Z
e_00000e4c,u_000012f5,app_open,2026-07-03T21:07:19Z
e_00000e40,u_000012ec,app_open,2026-07-03T22:04:46Z
e_00000e41,u_000012ee,app_open,2026-07-03T22:32:12Z
e_00000e2f,u_000012df,app_open,2026-07-03T22:57:33Z
e_00000e7d,u_0000131b,app_open,2026-07-03T22:59:53Z
e_00000daa,u_00001247,app_open,2026-07-03T23:03:32Z
e_00000cfb,u_00001193,app_open,2026-07-03T23:29:07Z
e_00000e71,u_00001311,app_open,2026-07-04T00:08:03Z
e_00000e8d,u_00001329,app_open,2026-07-04T00:49:12Z
e_00000d60,u_00001200,app_open,2026-07-04T01:22:47Z
e_00000ea6,u_00001342,app_open,2026-07-04T01:40:05Z
e_00000dda,u_0000127c,app_open,2026-07-04T03:03:31Z
e_00000ea7,u_00001344,app_open,2026-07-04T03:07:00Z
e_00000e8f,u_0000132d,app_open,2026-07-04T03:14:43Z
e_00000eaa,u_00001346,app_open,2026-07-04T03:35:41Z
e_00000dad,u_00001249,app_open,2026-07-04T03:43:05Z
e_00000eb5,u_00001352,app_open,2026-07-04T04:33:53Z
e_00000c9a,u_00001122,app_open,2026-07-04T04:39:48Z
e_00000eba,u_00001358,app_open,2026-07-04T05:07:24Z
e_00000eae,u_0000134d,app_open,2026-07-04T05:44:27Z
e_00000bf2,u_00001073,app_open,2026-07-04T05:48:29Z
e_00000ea5,u_0000133f,app_open,2026-07-04T05:58:29Z
e_00000c5d,u_000010ea,app_open,2026-07-04T06:10:04Z
e_00000d44,u_000011e6,app_open,2026-07-04T06:19:08Z
e_00000dc2,u_0000125c,app_open,2026-07-04T06:37:32Z
e_00000bb7,u_00001036,app_open,2026-07-04T07:37:44Z
e_00000ebc,u_0000135b,app_open,2026-07-04T08:02:15Z
e_00000ea2,u_00001338,app_open,2026-07-04T08:34:42Z
e_00000ea4,u_0000133e,app_open,2026-07-04T08:35:41Z
e_00000eaf,u_0000134e,app_open,2026-07-04T08:36:41Z
e_00000e89,u_00001326,app_open,2026-07-04T08:42:35Z
e_00000d36,u_000011da,app_open,2026-07-04T09:49:40Z
e_00000d4f,u_000011ec,app_open,2026-07-04T10:23:16Z
e_00000d1e,u_000011c5,app_open,2026-07-04T10:28:39Z
e_00000d47,u_000011e6,app_open,2026-07-04T10:37:27Z
e_00000eb9,u_00001356,app_open,2026-07-04T11:06:10Z
e_00000eb6,u_00001354,app_open,2026-07-04T11:18:11Z
e_00000d09,u_000011a6,app_open,2026-07-04T11:30:49Z
e_00000bec,u_0000106a,app_open,2026-07-04T11:42:37Z
e_00000e04,u_000012a5,app_open,2026-07-04T11:58:20Z
e_00000e95,u_0000132f,app_open,2026-07-04T14:56:07Z
e_00000eb0,u_00001350,app_open,2026-07-04T15:25:55Z
e_00000c98,u_00001121,app_open,2026-07-04T15:28:33Z
e_00000e51,u_000012fc,app_open,2026-07-04T15:39:05Z
e_00000e9a,u_00001331,app_open,2026-07-04T15:39:13Z
e_00000b95,u_00001010,app_open,2026-07-04T15:50:54Z
e_00000eac,u_0000134a,app_open,2026-07-04T16:28:01Z
e_00000ea0,u_00001336,app_open,2026-07-04T16:50:43Z
e_00000e8e,u_0000132a,app_open,2026-07-04T17:43:08Z
e_00000d5d,u_000011fd,app_open,2026-07-04T19:04:44Z
e_00000ea3,u_0000133b,app_open,2026-07-04T19:30:24Z
e_00000e78,u_00001314,app_open,2026-07-04T19:44:56Z
e_00000e9c,u_00001334,app_open,2026-07-04T19:55:44Z
e_00000d57,u_000011f7,app_open,2026-07-04T20:41:33Z
e_00000dfd,u_0000129f,app_open,2026-07-04T20:49:52Z
e_00000ea9,u_00001345,app_open,2026-07-04T21:44:17Z
e_00000de6,u_00001288,app_open,2026-07-04T22:01:15Z
e_00000e62,u_00001302,app_open,2026-07-04T22:31:31Z
e_00000d8a,u_0000122d,app_open,2026-07-04T22:48:12Z
e_00000e9f,u_00001335,app_open,2026-07-04T23:05:25Z
e_00000eb4,u_00001351,app_open,2026-07-04T23:19:56Z
e_00000be1,u_0000105d,app_open,2026-07-04T23:43:39Z
e_00000eab,u_00001348,app_open,2026-07-05T00:05:14Z
e_00000ee4,u_00001380,app_open,2026-07-05T00:33:19Z
e_00000ee7,u_00001383,app_open,2026-07-05T01:54:23Z
e_00000d68,u_00001208,app_open,2026-07-05T02:29:54Z
e_00000dc5,u_0000125e,app_open,2026-07-05T02:40:12Z
e_00000ef6,u_00001392,app_open,2026-07-05T02:46:56Z
e_00000d4e,u_000011ec,app_open,2026-07-05T03:33:07Z
e_00000ec6,u_00001363,app_open,2026-07-05T03:35:47Z
e_00000eda,u_00001373,app_open,2026-07-05T04:11:17Z
e_00000ed2,u_0000136a,app_open,2026-07-05T04:51:22Z
e_00000ee1,u_00001379,app_open,2026-07-05T05:12:08Z
e_00000db6,u_00001253,app_open,2026-07-05T06:45:40Z
e_00000ef3,u_0000138e,app_open,2026-07-05T07:03:27Z
e_00000dc4,u_0000125e,app_open,2026-07-05T07:12:22Z
e_00000d22,u_000011c6,app_open,2026-07-05T07:37:07Z
e_00000ed1,u_00001368,app_open,2026-07-05T08:25:33Z
e_00000ec1,u_00001360,app_open,2026-07-05T09:06:49Z
e_00000e0d,u_000012aa,app_open,2026-07-05T09:14:41Z
e_00000eef,u_0000138a,app_open,2026-07-05T09:24:33Z
e_00000d28,u_000011cd,app_open,2026-07-05T09:37:31Z
e_00000ef7,u_00001394,app_open,2026-07-05T11:22:39Z
e_00000d54,u_000011f4,app_open,2026-07-05T11:30:30Z
e_00000ec0,u_0000135e,app_open,2026-07-05T11:57:48Z
e_00000dcc,u_00001267,app_open,2026-07-05T12:07:04Z
e_00000edd,u_00001374,app_open,2026-07-05T13:12:58Z
e_00000dc6,u_0000125e,app_open,2026-07-05T13:35:06Z
e_00000e05,u_000012a5,app_open,2026-07-05T13:49:21Z
e_00000b83,u_00000fff,app_open,2026-07-05T14:03:17Z
e_00000ec4,u_00001362,app_open,2026-07-05T14:17:17Z
e_00000d50,u_000011ec,app_open,2026-07-05T14:17:36Z
e_00000e7e,u_0000131b,app_open,2026-07-05T14:29:27Z
e_00000e37,u_000012e6,app_open,2026-07-05T14:49:29Z
e_00000ef5,u_0000138f,app_open,2026-07-05T15:10:16Z
e_00000eea,u_00001385,app_open,2026-07-05T15:43:03Z
e_00000ee0,u_00001377,app_open,2026-07-05T16:14:57Z
e_00000e7f,u_0000131b,app_open,2026-07-05T16:22:52Z
e_00000ef2,u_0000138d,app_open,2026-07-05T16:28:22Z
e_00000ed9,u_00001370,app_open,2026-07-05T16:51:16Z
e_00000e96,u_0000132f,app_open,2026-07-05T16:52:07Z
e_00000ed4,u_0000136f,app_open,2026-07-05T16:55:49Z
e_00000eee,u_00001387,app_open,2026-07-05T17:33:26Z
e_00000ede,u_00001376,app_open,2026-07-05T18:21:10Z
e_00000ee2,u_0000137a,app_open,2026-07-05T18:45:13Z
e_00000e77,u_00001314,app_open,2026-07-05T18:54:16Z
e_00000d67,u_00001208,app_open,2026-07-05T19:15:13Z
e_00000ebb,u_00001358,app_open,2026-07-05T19:22:31Z
e_00000ed3,u_0000136d,app_open,2026-07-05T19:42:12Z
e_00000ecc,u_00001366,app_open,2026-07-05T20:08:27Z
e_00000ec7,u_00001365,app_open,2026-07-05T20:15:50Z
e_00000de7,u_00001288,app_open,2026-07-05T20:22:43Z
e_00000ef0,u_0000138c,app_open,2026-07-05T21:49:51Z
e_00000ee3,u_0000137d,app_open,2026-07-05T21:54:45Z
e_00000dee,u_00001290,app_open,2026-07-05T22:15:55Z
e_00000de2,u_00001282,app_open,2026-07-05T22:25:24Z
e_00000d81,u_00001224,app_open,2026-07-05T22:52:54Z
e_00000ee6,u_00001382,app_open,2026-07-05T23:33:45Z
e_00000de8,u_00001288,app_open,2026-07-05T23:41:13Z
e_00000c91,u_0000111b,app_open,2026-07-06T00:00:00Z
e_00000e81,u_0000131b,app_open,2026-07-06T00:15:24Z
e_00000f10,u_000013ae,app_open,2026-07-06T00:15:39Z
e_00000df4,u_00001293,app_open,2026-07-06T00:36:00Z
e_00000d9d,u_00001240,app_open,2026-07-06T00:43:34Z
e_00000e80,u_0000131b,app_open,2026-07-06T01:02:22Z
e_00000ef9,u_00001399,app_open,2026-07-06T01:11:15Z
e_00000e8c,u_00001326,app_open,2026-07-06T01:11:31Z
e_00000da9,u_00001247,app_open,2026-07-06T01:26:49Z
e_00000d94,u_00001234,app_open,2026-07-06T01:38:16Z
e_00000e64,u_00001305,app_open,2026-07-06T02:33:00Z
e_00000f07,u_000013a6,app_open,2026-07-06T02:44:01Z
e_00000e01,u_000012a4,app_open,2026-07-06T02:45:48Z
e_00000f22,u_000013c1,app_open,2026-07-06T03:37:49Z
e_00000e29,u_000012d3,app_open,2026-07-06T04:37:36Z
e_00000e59,u_00001300,app_open,2026-07-06T04:45:21Z
e_00000f09,u_000013a9,app_open,2026-07-06T05:02:38Z
e_00000e3d,u_000012e9,app_open,2026-07-06T05:44:16Z
e_00000e20,u_000012cc,app_open,2026-07-06T05:50:50Z
e_00000bfe,u_0000107f,app_open,2026-07-06T05:56:01Z
e_00000d8e,u_0000122f,app_open,2026-07-06T06:01:24Z
e_00000dc0,u_0000125a,app_open,2026-07-06T06:04:45Z
e_00000f01,u_0000139e,app_open,2026-07-06T06:24:08Z
e_00000e73,u_00001313,app_open,2026-07-06T07:53:18Z
e_00000da7,u_00001247,app_open,2026-07-06T08:14:35Z
e_00000f08,u_000013a7,app_open,2026-07-06T09:06:20Z
e_00000f1c,u_000013ba,app_open,2026-07-06T09:07:08Z
e_00000f25,u_000013c5,app_open,2026-07-06T10:36:05Z
e_00000c34,u_000010c2,app_open,2026-07-06T10:51:27Z
e_00000efa,u_0000139c,app_open,2026-07-06T11:01:32Z
e_00000efb,u_0000139d,app_open,2026-07-06T11:24:10Z
e_00000f12,u_000013b1,app_open,2026-07-06T11:54:17Z
e_00000e55,u_000012ff,app_open,2026-07-06T11:54:50Z
e_00000f13,u_000013b4,app_open,2026-07-06T12:22:29Z
e_00000f1b,u_000013b7,app_open,2026-07-06T12:56:47Z
e_00000ee8,u_00001383,app_open,2026-07-06T14:49:17Z
e_00000cff,u_0000119a,app_open,2026-07-06T15:09:38Z
e_00000f24,u_000013c2,app_open,2026-07-06T15:21:57Z
e_00000d3b,u_000011df,app_open,2026-07-06T15:27:02Z
e_00000e02,u_000012a4,app_open,2026-07-06T15:57:39Z
e_00000e99,u_0000132f,app_open,2026-07-06T16:09:23Z
e_00000f21,u_000013be,app_open,2026-07-06T16:34:54Z
e_00000f18,u_000013b6,app_open,2026-07-06T17:07:32Z
e_00000f0f,u_000013ac,app_open,2026-07-06T17:21:23Z
e_00000e76,u_00001314,app_open,2026-07-06T17:37:00Z
e_00000f04,u_000013a4,app_open,2026-07-06T18:01:13Z
e_00000e5e,u_00001301,app_open,2026-07-06T18:28:47Z
e_00000dac,u_00001249,app_open,2026-07-06T19:15:20Z
e_00000e28,u_000012d3,app_open,2026-07-06T19:23:24Z
e_00000f1e,u_000013bd,app_open,2026-07-06T19:32:30Z
e_00000e5b,u_00001300,app_open,2026-07-06T20:03:27Z
e_00000e57,u_000012ff,app_open,2026-07-06T20:31:09Z
e_00000f02,u_000013a1,app_open,2026-07-06T20:35:41Z
e_00000ef8,u_00001396,app_open,2026-07-06T20:38:42Z
e_00000f0e,u_000013ab,app_open,2026-07-06T20:47:50Z
e_00000c9e,u_00001128,app_open,2026-07-06T21:03:29Z
e_00000f03,u_000013a3,app_open,2026-07-06T23:24:45Z
e_00000ebf,u_0000135b,app_open,2026-07-07T00:09:22Z
e_00000f47,u_000013e3,app_open,2026-07-07T00:35:17Z
e_00000f67,u_00001401,app_open,2026-07-07T01:38:05Z
e_00000ece,u_00001366,app_open,2026-07-07T02:13:15Z
e_00000f3f,u_000013dc,app_open,2026-07-07T02:41:14Z
e_00000e93,u_0000132d,app_open,2026-07-07T03:14:06Z
e_00000deb,u_0000128e,app_open,2026-07-07T04:00:32Z
e_00000eb1,u_00001350,app_open,2026-07-07T04:11:57Z
e_00000f6c,u_00001409,app_open,2026-07-07T04:12:13Z
e_00000d93,u_00001234,app_open,2026-07-07T04:14:18Z
e_00000eeb,u_00001385,app_open,2026-07-07T04:14:55Z
e_00000f62,u_000013fe,app_open,2026-07-07T04:36:21Z
e_00000f48,u_000013e5,app_open,2026-07-07T06:42:27Z
e_00000f5c,u_000013f5,app_open,2026-07-07T07:05:56Z
e_00000f4f,u_000013ea,app_open,2026-07-07T07:24:20Z
e_00000c62,u_000010ec,app_open,2026-07-07T07:32:35Z
e_00000bfb,u_0000107b,app_open,2026-07-07T08:36:04Z
e_00000f50,u_000013ed,app_open,2026-07-07T08:37:07Z
e_00000e84,u_0000131e,app_open,2026-07-07T08:39:29Z
e_00000f6d,u_0000140b,app_open,2026-07-07T09:13:22Z
e_00000f53,u_000013f0,app_open,2026-07-07T10:03:23Z
e_00000f2b,u_000013ca,app_open,2026-07-07T10:37:59Z
e_00000cef,u_00001186,app_open,2026-07-07T11:25:00Z
e_00000f57,u_000013f4,app_open,2026-07-07T11:52:05Z
e_00000ebe,u_0000135b,app_open,2026-07-07T12:10:38Z
e_00000c96,u_0000111f,app_open,2026-07-07T13:13:49Z
e_00000e90,u_0000132d,app_open,2026-07-07T13:42:20Z
e_00000dcf,u_0000126a,app_open,2026-07-07T13:42:35Z
e_00000f3d,u_000013d8,app_open,2026-07-07T13:56:35Z
e_00000f38,u_000013d7,app_open,2026-07-07T14:06:21Z
e_00000c58,u_000010e6,app_open,2026-07-07T14:06:53Z
e_00000eb7,u_00001354,app_open,2026-07-07T14:31:42Z
e_00000d6f,u_0000120f,app_open,2026-07-07T14:32:37Z
e_00000e45,u_000012ef,app_open,2026-07-07T14:52:01Z
e_00000f41,u_000013df,app_open,2026-07-07T15:13:13Z
e_00000d39,u_000011de,app_open,2026-07-07T15:30:59Z
e_00000f36,u_000013d4,app_open,2026-07-07T15:41:39Z
e_00000efc,u_0000139d,app_open,2026-07-07T16:08:45Z
e_00000df0,u_00001290,app_open,2026-07-07T16:40:33Z
e_00000f30,u_000013ce,app_open,2026-07-07T16:58:32Z
e_00000ded,u_00001290,app_open,2026-07-07T17:08:40Z
e_00000e34,u_000012e6,app_open,2026-07-07T17:25:05Z
e_00000f45,u_000013e0,app_open,2026-07-07T17:29:36Z
e_00000f52,u_000013ef,app_open,2026-07-07T17:38:52Z
e_00000f34,u_000013d1,app_open,2026-07-07T17:45:22Z
e_00000e2b,u_000012d5,app_open,2026-07-07T17:53:17Z
e_00000e1a,u_000012c1,app_open,2026-07-07T17:57:38Z
e_00000f5f,u_000013fa,app_open,2026-07-07T18:05:45Z
e_00000f69,u_00001403,app_open,2026-07-07T18:11:21Z
e_00000e3e,u_000012e9,app_open,2026-07-07T18:15:44Z
e_00000f26,u_000013c7,app_open,2026-07-07T18:41:37Z
e_00000f6a,u_00001406,app_open,2026-07-07T18:57:20Z
e_00000f3e,u_000013da,app_open,2026-07-07T19:01:58Z
e_00000ed5,u_0000136f,app_open,2026-07-07T20:28:57Z
e_00000f0d,u_000013a9,app_open,2026-07-07T20:39:29Z
e_00000f60,u_000013fd,app_open,2026-07-07T20:44:04Z
e_00000e3b,u_000012e9,app_open,2026-07-07T20:50:45Z
e_00000e0b,u_000012aa,app_open,2026-07-07T20:53:47Z
e_00000f5e,u_000013f8,app_open,2026-07-07T21:16:53Z
e_00000f68,u_00001402,app_open,2026-07-07T21:25:12Z
e_00000f40,u_000013de,app_open,2026-07-07T22:02:27Z
e_00000e21,u_000012cc,app_open,2026-07-07T22:20:34Z
e_00000f56,u_000013f2,app_open,2026-07-07T22:54:10Z
e_00000f49,u_000013e7,app_open,2026-07-07T23:19:01Z
e_00000dd0,u_0000126a,app_open,2026-07-07T23:23:07Z
e_00000f2c,u_000013cb,app_open,2026-07-07T23:59:29Z
e_00000f1a,u_000013b6,app_open,2026-07-07T23:59:53Z
e_00000f90,u_0000142b,app_open,2026-07-08T00:14:54Z
e_00000ed0,u_00001366,app_open,2026-07-08T00:23:06Z
e_00000fa8,u_0000143e,app_open,2026-07-08T00:37:27Z
e_00000f73,u_00001411,app_open,2026-07-08T01:18:14Z
e_00000ec8,u_00001365,app_open,2026-07-08T01:27:26Z
e_00000f72,u_0000140f,app_open,2026-07-08T01:34:29Z
e_00000eb3,u_00001350,app_open,2026-07-08T01:53:02Z
e_00000fa0,u_00001439,app_open,2026-07-08T02:00:11Z
e_00000ddf,u_0000127e,app_open,2026-07-08T02:08:38Z
e_00000f75,u_00001416,app_open,2026-07-08T02:35:46Z
e_00000faa,u_00001441,app_open,2026-07-08T02:37:23Z
e_00000e47,u_000012ef,app_open,2026-07-08T03:21:43Z
e_00000d75,u_00001214,app_open,2026-07-08T03:28:51Z
e_00000f7c,u_00001420,app_open,2026-07-08T03:56:40Z
e_00000f74,u_00001413,app_open,2026-07-08T04:51:00Z
e_00000f1f,u_000013bd,app_open,2026-07-08T04:56:45Z
e_00000e0c,u_000012aa,app_open,2026-07-08T05:01:56Z
e_00000f7d,u_00001421,app_open,2026-07-08T05:16:51Z
e_00000e08,u_000012a8,app_open,2026-07-08T05:52:18Z
e_00000f9f,u_00001437,app_open,2026-07-08T05:55:57Z
e_00000f0b,u_000013a9,app_open,2026-07-08T06:16:43Z
e_00000e9d,u_00001334,app_open,2026-07-08T07:03:32Z
e_00000e5d,u_00001301,app_open,2026-07-08T07:23:28Z
e_00000e6a,u_00001307,app_open,2026-07-08T08:17:53Z
e_00000f77,u_0000141a,app_open,2026-07-08T08:28:25Z
e_00000f97,u_00001431,app_open,2026-07-08T10:01:03Z
e_00000e46,u_000012ef,app_open,2026-07-08T10:36:16Z
e_00000e42,u_000012ee,app_open,2026-07-08T10:37:17Z
e_00000ddc,u_0000127c,app_open,2026-07-08T10:48:13Z
e_00000f98,u_00001433,app_open,2026-07-08T11:14:19Z
e_00000fa2,u_0000143c,app_open,2026-07-08T11:51:42Z
e_00000f8b,u_0000142a,app_open,2026-07-08T12:34:57Z
e_00000c55,u_000010e1,app_open,2026-07-08T13:15:03Z
e_00000f83,u_00001424,app_open,2026-07-08T13:31:31Z
e_00000f76,u_00001417,app_open,2026-07-08T13:44:26Z
e_00000e7c,u_00001318,app_open,2026-07-08T13:56:51Z
e_00000f95,u_0000142f,app_open,2026-07-08T14:22:46Z
e_00000f0a,u_000013a9,app_open,2026-07-08T14:53:32Z
e_00000f94,u_0000142d,app_open,2026-07-08T14:59:37Z
e_00000f0c,u_000013a9,app_open,2026-07-08T15:12:20Z
e_00000f43,u_000013df,app_open,2026-07-08T15:12:45Z
e_00000f5a,u_000013f4,app_open,2026-07-08T15:38:30Z
e_00000e85,u_0000131e,app_open,2026-07-08T15:59:22Z
e_00000f9d,u_00001434,app_open,2026-07-08T16:01:16Z
e_00000f71,u_0000140d,app_open,2026-07-08T16:25:18Z
e_00000f7b,u_0000141d,app_open,2026-07-08T16:29:35Z
e_00000efd,u_0000139d,app_open,2026-07-08T16:30:00Z
e_00000e91,u_0000132d,app_open,2026-07-08T16:32:27Z
e_00000e65,u_00001305,app_open,2026-07-08T17:07:16Z
e_00000e8a,u_00001326,app_open,2026-07-08T20:42:05Z
e_00000f85,u_00001426,app_open,2026-07-08T20:45:20Z
e_00000e69,u_00001307,app_open,2026-07-08T21:10:53Z
e_00000eca,u_00001365,app_open,2026-07-08T21:12:44Z
e_00000e48,u_000012ef,app_open,2026-07-08T21:22:24Z
e_00000d0c,u_000011a9,app_open,2026-07-08T22:06:41Z
e_00000f96,u_00001430,app_open,2026-07-08T22:33:30Z
e_00000f8a,u_00001428,app_open,2026-07-08T22:35:11Z
e_00000f1d,u_000013ba,app_open,2026-07-08T22:35:56Z
e_00000c7b,u_00001105,app_open,2026-07-08T23:01:52Z
e_00000edf,u_00001376,app_open,2026-07-08T23:08:40Z
e_00000f84,u_00001425,app_open,2026-07-08T23:19:08Z
e_00000e66,u_00001305,app_open,2026-07-09T00:20:24Z
e_00000fcb,u_00001466,app_open,2026-07-09T00:52:04Z
e_00000fc1,u_0000145a,app_open,2026-07-09T01:18:40Z
e_00000e36,u_000012e6,app_open,2026-07-09T01:29:01Z
e_00000eff,u_0000139d,app_open,2026-07-09T01:48:49Z
e_00000fc3,u_0000145e,app_open,2026-07-09T02:34:48Z
e_00000ef1,u_0000138c,app_open,2026-07-09T02:43:08Z
e_00000fd7,u_00001476,app_open,2026-07-09T03:17:52Z
e_00000e50,u_000012fc,app_open,2026-07-09T04:59:17Z
e_00000ecb,u_00001365,app_open,2026-07-09T05:01:24Z
e_00000fd0,u_0000146f,app_open,2026-07-09T05:11:35Z
e_00000e54,u_000012ff,app_open,2026-07-09T05:24:09Z
e_00000f2a,u_000013c7,app_open,2026-07-09T06:33:14Z
e_00000c6b,u_000010f4,app_open,2026-07-09T06:46:48Z
e_00000e97,u_0000132f,app_open,2026-07-09T07:11:15Z
e_00000fc2,u_0000145d,app_open,2026-07-09T09:46:46Z
e_00000fc4,u_00001460,app_open,2026-07-09T10:14:53Z
e_00000e5f,u_00001301,app_open,2026-07-09T10:21:57Z
e_00000fba,u_00001452,app_open,2026-07-09T10:35:31Z
e_00000fcf,u_0000146c,app_open,2026-07-09T12:27:55Z
e_00000e92,u_0000132d,app_open,2026-07-09T12:51:54Z
e_00000f2d,u_000013cb,app_open,2026-07-09T12:53:56Z
e_00000fdc,u_0000147b,app_open,2026-07-09T13:35:45Z
e_00000fdb,u_00001479,app_open,2026-07-09T13:45:02Z
e_00000e83,u_0000131e,app_open,2026-07-09T14:02:15Z
e_00000efe,u_0000139d,app_open,2026-07-09T15:12:15Z
e_00000e35,u_000012e6,app_open,2026-07-09T15:18:51Z
e_00000fc5,u_00001462,app_open,2026-07-09T16:53:32Z
e_00000fb2,u_00001448,app_open,2026-07-09T17:24:03Z
e_00000e5a,u_00001300,app_open,2026-07-09T17:41:53Z
e_00000fc6,u_00001463,app_open,2026-07-09T17:54:37Z
e_00000fd2,u_00001471,app_open,2026-07-09T18:14:10Z
e_00000fae,u_00001441,app_open,2026-07-09T18:45:43Z
e_00000fb9,u_0000144f,app_open,2026-07-09T18:52:14Z
e_00000fda,u_00001478,app_open,2026-07-09T19:29:12Z
e_00000fbf,u_00001454,app_open,2026-07-09T19:44:59Z
e_00000fb3,u_00001449,app_open,2026-07-09T19:52:42Z
e_00000eec,u_00001385,app_open,2026-07-09T19:54:06Z
e_00000e61,u_00001302,app_open,2026-07-09T20:06:08Z
e_00000e52,u_000012fc,app_open,2026-07-09T20:07:17Z
e_00000fcd,u_00001468,app_open,2026-07-09T20:07:30Z
e_00000fb0,u_00001447,app_open,2026-07-09T21:24:10Z
e_00000faf,u_00001444,app_open,2026-07-09T21:31:52Z
e_00000fc0,u_00001457,app_open,2026-07-09T23:16:36Z
e_00000fb8,u_0000144c,app_open,2026-07-09T23:30:23Z
e_00000fce,u_0000146b,app_open,2026-07-09T23:35:56Z
e_00000f92,u_0000142b,app_open,2026-07-10T00:06:30Z
e_00000fd6,u_00001474,app_open,2026-07-10T00:12:18Z
e_00000e88,u_00001323,app_open,2026-07-10T00:51:56Z
e_00000fa1,u_00001439,app_open,2026-07-10T01:35:51Z
e_00000e74,u_00001313,app_open,2026-07-10T02:07:48Z
e_00000fe3,u_00001487,app_open,2026-07-10T02:19:59Z
e_00000fe1,u_00001483,app_open,2026-07-10T02:33:51Z
e_00000f5b,u_000013f4,app_open,2026-07-10T02:36:04Z
e_00000fac,u_00001441,app_open,2026-07-10T02:46:25Z
e_00000f4a,u_000013e7,app_open,2026-07-10T03:01:49Z
e_00000ffb,u_000014a7,app_open,2026-07-10T03:08:32Z
e_00000ff6,u_0000149f,app_open,2026-07-10T03:13:21Z
e_00000eb8,u_00001354,app_open,2026-07-10T03:13:33Z
e_00000e8b,u_00001326,app_open,2026-07-10T03:42:23Z
e_0000100c,u_000014bb,app_open,2026-07-10T03:58:19Z
e_00000f19,u_000013b6,app_open,2026-07-10T03:58:40Z
e_00000f87,u_00001426,app_open,2026-07-10T04:35:55Z
e_00000ecf,u_00001366,app_open,2026-07-10T04:38:26Z
e_00000fe9,u_0000148d,app_open,2026-07-10T04:46:18Z
e_00000d8b,u_0000122d,app_open,2026-07-10T04:57:03Z
e_00000f4c,u_000013e7,app_open,2026-07-10T05:24:42Z
e_00000fe0,u_00001482,app_open,2026-07-10T05:35:23Z
e_00001004,u_000014b2,app_open,2026-07-10T06:08:36Z
e_00000e56,u_000012ff,app_open,2026-07-10T06:18:07Z
e_00000ff1,u_00001498,app_open,2026-07-10T06:23:57Z
e_00000ee9,u_00001383,app_open,2026-07-10T06:30:26Z
e_00000e3c,u_000012e9,app_open,2026-07-10T06:39:06Z
e_00000ff9,u_000014a6,app_open,2026-07-10T06:44:03Z
e_00000feb,u_00001491,app_open,2026-07-10T06:53:35Z
e_00000e09,u_000012a8,app_open,2026-07-10T09:39:36Z
e_00000f88,u_00001426,app_open,2026-07-10T11:04:54Z
e_00000cdb,u_00001173,app_open,2026-07-10T11:14:26Z
e_00000edc,u_00001373,app_open,2026-07-10T11:14:32Z
e_00000ff4,u_0000149c,app_open,2026-07-10T11:23:32Z
e_00000fff,u_000014a9,app_open,2026-07-10T12:10:49Z
e_00000f15,u_000013b4,app_open,2026-07-10T12:54:20Z
e_00000ff2,u_0000149b,app_open,2026-07-10T14:09:07Z
e_00001006,u_000014b5,app_open,2026-07-10T14:29:21Z
e_00000ec2,u_00001360,app_open,2026-07-10T14:30:30Z
e_00000fed,u_00001497,app_open,2026-07-10T15:28:49Z
e_00000f3a,u_000013d7,app_open,2026-07-10T15:32:18Z
e_00000fd9,u_00001476,app_open,2026-07-10T15:44:18Z
e_00000fe4,u_00001489,app_open,2026-07-10T15:58:50Z
e_00000fe2,u_00001485,app_open,2026-07-10T16:11:37Z
e_00000e43,u_000012ee,app_open,2026-07-10T16:26:52Z
e_00000f91,u_0000142b,app_open,2026-07-10T16:27:43Z
e_00001000,u_000014ac,app_open,2026-07-10T16:28:17Z
e_00000fdf,u_00001481,app_open,2026-07-10T17:00:45Z
e_00000e98,u_0000132f,app_open,2026-07-10T17:17:58Z
e_00000ea1,u_00001336,app_open,2026-07-10T17:34:42Z
e_0000100b,u_000014b8,app_open,2026-07-10T17:50:16Z
e_00000fe8,u_0000148b,app_open,2026-07-10T18:35:21Z
e_00000fdd,u_0000147e,app_open,2026-07-10T18:46:54Z
e_00000f63,u_000013fe,app_open,2026-07-10T19:04:57Z
e_00001002,u_000014b0,app_open,2026-07-10T19:42:10Z
e_00000ff8,u_000014a3,app_open,2026-07-10T19:55:22Z
e_00000f9b,u_00001433,app_open,2026-07-10T19:59:28Z
e_00000fec,u_00001494,app_open,2026-07-10T20:13:14Z
e_00000ff7,u_000014a0,app_open,2026-07-10T20:34:09Z
e_00000fea,u_0000148f,app_open,2026-07-10T21:59:02Z
e_00000ecd,u_00001366,app_open,2026-07-10T22:16:16Z
e_00000fb5,u_00001449,app_open,2026-07-10T22:21:10Z
e_00000ebd,u_0000135b,app_open,2026-07-10T22:25:39Z
e_00001001,u_000014af,app_open,2026-07-10T22:57:58Z
e_00000ed6,u_0000136f,app_open,2026-07-10T23:36:40Z
e_00000eed,u_00001385,app_open,2026-07-10T23:40:37Z
e_00000f6f,u_0000140b,app_open,2026-07-11T00:18:53Z
e_00000eb2,u_00001350,app_open,2026-07-11T00:36:16Z
e_00001039,u_000014f3,app_open,2026-07-11T00:51:43Z
e_00001026,u_000014d4,app_open,2026-07-11T01:06:17Z
e_00000f9a,u_00001433,app_open,2026-07-11T01:22:55Z
e_00000cdf,u_00001178,app_open,2026-07-11T02:02:36Z
e_0000102a,u_000014d5,app_open,2026-07-11T02:23:20Z
e_00000f14,u_000013b4,app_open,2026-07-11T02:28:20Z
e_00000fd3,u_00001471,app_open,2026-07-11T04:06:33Z
e_00001023,u_000014ce,app_open,2026-07-11T04:10:11Z
e_00001031,u_000014e4,app_open,2026-07-11T04:18:20Z
e_00000f17,u_000013b4,app_open,2026-07-11T04:31:18Z
e_0000102b,u_000014d6,app_open,2026-07-11T04:35:13Z
e_00001030,u_000014e2,app_open,2026-07-11T05:01:17Z
e_00000e9e,u_00001334,app_open,2026-07-11T05:02:04Z
e_00001025,u_000014d3,app_open,2026-07-11T05:33:25Z
e_00000f31,u_000013ce,app_open,2026-07-11T05:36:20Z
e_0000103f,u_000014fb,app_open,2026-07-11T06:24:14Z
e_00001035,u_000014ec,app_open,2026-07-11T06:39:06Z
e_0000103e,u_000014fa,app_open,2026-07-11T06:44:42Z
e_00001036,u_000014ed,app_open,2026-07-11T07:01:29Z
e_0000103a,u_000014f6,app_open,2026-07-11T07:14:45Z
e_00000f81,u_00001421,app_open,2026-07-11T08:29:36Z
e_00001043,u_000014fd,app_open,2026-07-11T08:38:28Z
e_00001044,u_00001500,app_open,2026-07-11T08:46:18Z
e_00000dbb,u_00001257,app_open,2026-07-11T08:48:32Z
e_00000e06,u_000012a5,app_open,2026-07-11T09:03:51Z
e_00000da2,u_00001243,app_open,2026-07-11T09:08:58Z
e_00000f29,u_000013c7,app_open,2026-07-11T09:39:20Z
e_00000ee5,u_00001380,app_open,2026-07-11T09:49:26Z
e_00001017,u_000014c8,app_open,2026-07-11T09:52:36Z
e_00001010,u_000014c0,app_open,2026-07-11T10:40:12Z
e_00000f64,u_000013fe,app_open,2026-07-11T11:06:03Z
e_00001038,u_000014f0,app_open,2026-07-11T11:22:34Z
e_0000101e,u_000014cc,app_open,2026-07-11T11:53:57Z
e_0000103c,u_000014f9,app_open,2026-07-11T12:26:07Z
e_00001011,u_000014c3,app_open,2026-07-11T12:28:09Z
e_00000da5,u_00001246,app_open,2026-07-11T13:12:18Z
e_00001024,u_000014d1,app_open,2026-07-11T13:40:19Z
e_0000100d,u_000014bd,app_open,2026-07-11T13:45:00Z
e_0000102d,u_000014dc,app_open,2026-07-11T14:20:43Z
e_00001034,u_000014e9,app_open,2026-07-11T14:24:19Z
e_00000ec9,u_00001365,app_open,2026-07-11T15:06:58Z
e_00001033,u_000014e7,app_open,2026-07-11T15:21:11Z
e_00001018,u_000014c9,app_open,2026-07-11T15:22:11Z
e_00000fab,u_00001441,app_open,2026-07-11T16:20:06Z
e_0000102f,u_000014e0,app_open,2026-07-11T16:21:55Z
e_00000f2e,u_000013cb,app_open,2026-07-11T16:35:33Z
e_00001016,u_000014c5,app_open,2026-07-11T17:05:20Z
e_00001032,u_000014e5,app_open,2026-07-11T17:14:24Z
e_00001037,u_000014ef,app_open,2026-07-11T17:45:31Z
e_0000103b,u_000014f8,app_open,2026-07-11T18:54:45Z
e_0000102e,u_000014de,app_open,2026-07-11T19:02:01Z
e_00000edb,u_00001373,app_open,2026-07-11T19:03:35Z
e_00000f7f,u_00001421,app_open,2026-07-11T21:03:48Z
e_00000f42,u_000013df,app_open,2026-07-11T22:24:51Z
e_00000fa6,u_0000143c,app_open,2026-07-11T22:37:38Z
e_00000f8e,u_0000142a,app_open,2026-07-11T23:37:43Z
e_00000fbd,u_00001452,app_open,2026-07-11T23:53:53Z
e_0000102c,u_000014d9,app_open,2026-07-11T23:55:59Z
e_00000f8f,u_0000142a,app_open,2026-07-12T00:22:26Z
e_00001022,u_000014cd,app_open,2026-07-12T00:31:34Z
e_00000ed7,u_0000136f,app_open,2026-07-12T00:45:47Z
e_00000e7a,u_00001316,app_open,2026-07-12T01:14:42Z
e_00001046,u_00001501,app_open,2026-07-12T01:23:04Z
e_00000f39,u_000013d7,app_open,2026-07-12T02:18:08Z
e_00000f8c,u_0000142a,app_open,2026-07-12T02:26:29Z
e_00000fc7,u_00001463,app_open,2026-07-12T02:48:21Z
e_00000ec3,u_00001360,app_open,2026-07-12T03:13:03Z
e_00001065,u_0000152a,app_open,2026-07-12T03:27:27Z
e_00000f4b,u_000013e7,app_open,2026-07-12T03:47:13Z
e_0000104d,u_0000150b,app_open,2026-07-12T04:44:50Z
e_00001062,u_00001524,app_open,2026-07-12T05:02:38Z
e_0000105f,u_0000151f,app_open,2026-07-12T05:48:04Z
e_00000fad,u_00001441,app_open,2026-07-12T06:53:03Z
e_00000f65,u_000013fe,app_open,2026-07-12T09:40:59Z
e_00000f6e,u_0000140b,app_open,2026-07-12T10:25:32Z
e_0000106d,u_00001535,app_open,2026-07-12T10:47:57Z
e_00000e22,u_000012cc,app_open,2026-07-12T11:03:29Z
e_00000f54,u_000013f0,app_open,2026-07-12T11:10:26Z
e_00000f2f,u_000013cb,app_open,2026-07-12T11:30:23Z
e_00000f89,u_00001426,app_open,2026-07-12T11:40:41Z
e_00001064,u_00001527,app_open,2026-07-12T12:06:37Z
e_00000f55,u_000013f0,app_open,2026-07-12T12:33:51Z
e_00001027,u_000014d4,app_open,2026-07-12T12:34:56Z
e_0000104c,u_00001509,app_open,2026-07-12T12:47:33Z
e_00000f05,u_000013a4,app_open,2026-07-12T12:48:13Z
e_0000105d,u_0000151b,app_open,2026-07-12T13:11:17Z
e_00001070,u_00001537,app_open,2026-07-12T13:23:16Z
e_0000104b,u_00001508,app_open,2026-07-12T13:27:44Z
e_0000104a,u_00001506,app_open,2026-07-12T14:17:01Z
e_0000106c,u_00001532,app_open,2026-07-12T14:28:16Z
e_0000104f,u_0000150c,app_open,2026-07-12T14:51:06Z
e_00001042,u_000014fb,app_open,2026-07-12T14:53:38Z
e_00001055,u_00001517,app_open,2026-07-12T15:12:43Z
e_00000f44,u_000013df,app_open,2026-07-12T16:26:36Z
e_00001068,u_0000152d,app_open,2026-07-12T16:30:47Z
e_00001069,u_0000152f,app_open,2026-07-12T16:36:37Z
e_00000ead,u_0000134a,app_open,2026-07-12T17:03:57Z
e_00000ff0,u_00001497,app_open,2026-07-12T17:40:04Z
e_00000f16,u_000013b4,app_open,2026-07-12T17:44:38Z
e_00001066,u_0000152b,app_open,2026-07-12T17:57:29Z
e_00000d19,u_000011bc,app_open,2026-07-12T17:57:54Z
e_00001051,u_0000150f,app_open,2026-07-12T18:19:47Z
e_00000f93,u_0000142b,app_open,2026-07-12T19:28:12Z
e_00001048,u_00001504,app_open,2026-07-12T20:23:24Z
e_00001061,u_00001523,app_open,2026-07-12T20:26:20Z
e_0000105e,u_0000151d,app_open,2026-07-12T20:38:31Z
e_00000fa3,u_0000143c,app_open,2026-07-12T20:48:13Z
e_00001060,u_00001521,app_open,2026-07-12T21:24:53Z
e_00000fa5,u_0000143c,app_open,2026-07-12T21:42:56Z
e_00001053,u_00001513,app_open,2026-07-12T21:59:23Z
e_00000f9c,u_00001433,app_open,2026-07-12T22:27:25Z
e_00001052,u_00001511,app_open,2026-07-12T22:32:55Z
e_00001054,u_00001514,app_open,2026-07-12T22:41:39Z
e_00000f27,u_000013c7,app_open,2026-07-12T22:44:44Z
e_00001059,u_0000151a,app_open,2026-07-12T22:52:44Z
e_00001063,u_00001526,app_open,2026-07-12T23:19:39Z
e_00001076,u_0000153e,app_open,2026-07-13T02:06:38Z
e_00001079,u_00001543,app_open,2026-07-13T02:58:01Z
e_00001099,u_0000156a,app_open,2026-07-13T03:08:19Z
e_00001086,u_00001550,app_open,2026-07-13T03:19:02Z
e_00001014,u_000014c3,app_open,2026-07-13T03:59:00Z
e_0000100e,u_000014bd,app_open,2026-07-13T04:48:36Z
e_0000108e,u_00001559,app_open,2026-07-13T04:48:37Z
e_00001084,u_0000154e,app_open,2026-07-13T04:54:13Z
e_00000f06,u_000013a4,app_open,2026-07-13T05:13:37Z
e_00000fe5,u_00001489,app_open,2026-07-13T05:25:42Z
e_0000108b,u_00001557,app_open,2026-07-13T06:14:53Z
e_00000f66,u_000013fe,app_open,2026-07-13T06:15:35Z
e_00000f58,u_000013f4,app_open,2026-07-13T06:36:20Z
e_00001078,u_00001540,app_open,2026-07-13T06:38:31Z
e_00001015,u_000014c3,app_open,2026-07-13T06:56:32Z
e_00001075,u_0000153c,app_open,2026-07-13T07:10:46Z
e_00000f3c,u_000013d7,app_open,2026-07-13T07:56:03Z
e_0000108a,u_00001554,app_open,2026-07-13T07:58:41Z
e_00000f86,u_00001426,app_open,2026-07-13T08:12:33Z
e_00000f3b,u_000013d7,app_open,2026-07-13T08:14:10Z
e_00001077,u_0000153f,app_open,2026-07-13T08:52:33Z
e_0000107c,u_00001548,app_open,2026-07-13T10:22:52Z
e_00000f70,u_0000140b,app_open,2026-07-13T10:26:00Z
e_00000fe6,u_00001489,app_open,2026-07-13T10:38:55Z
e_0000107d,u_0000154a,app_open,2026-07-13T12:39:43Z
e_00000f59,u_000013f4,app_open,2026-07-13T13:51:45Z
e_0000108f,u_0000155c,app_open,2026-07-13T15:23:53Z
e_00000ffc,u_000014a7,app_open,2026-07-13T16:23:31Z
e_00001073,u_00001539,app_open,2026-07-13T16:38:57Z
e_00000f8d,u_0000142a,app_open,2026-07-13T16:42:50Z
e_00000f7a,u_0000141a,app_open,2026-07-13T16:54:26Z
e_00000fee,u_00001497,app_open,2026-07-13T17:38:34Z
e_00001098,u_00001569,app_open,2026-07-13T18:15:54Z
e_00001094,u_00001563,app_open,2026-07-13T18:21:19Z
e_00001082,u_0000154d,app_open,2026-07-13T18:27:32Z
e_00000d9f,u_00001241,app_open,2026-07-13T18:51:07Z
e_00001089,u_00001553,app_open,2026-07-13T18:58:12Z
e_00000fd8,u_00001476,app_open,2026-07-13T19:21:27Z
e_00000f28,u_000013c7,app_open,2026-07-13T21:23:32Z
e_00001072,u_00001538,app_open,2026-07-13T21:46:06Z
e_00001092,u_00001561,app_open,2026-07-13T22:10:44Z
e_00000e1d,u_000012c7,app_open,2026-07-13T22:11:24Z
e_0000107b,u_00001546,app_open,2026-07-13T22:26:07Z
e_00000d86,u_00001228,app_open,2026-07-13T23:00:10Z
e_00001097,u_00001566,app_open,2026-07-13T23:11:00Z
e_00000ef4,u_0000138e,app_open,2026-07-13T23:11:39Z
e_00001090,u_0000155f,app_open,2026-07-13T23:57:27Z
e_00000fbe,u_00001452,app_open,2026-07-14T00:28:44Z
e_00001040,u_000014fb,app_open,2026-07-14T00:35:54Z
e_00000ea8,u_00001344,app_open,2026-07-14T01:12:32Z
e_00000fa4,u_0000143c,app_open,2026-07-14T01:40:51Z
e_000010c5,u_0000159c,app_open,2026-07-14T01:42:02Z
e_00000fa9,u_0000143e,app_open,2026-07-14T02:07:36Z
e_00000f32,u_000013ce,app_open,2026-07-14T03:03:31Z
e_000010bd,u_00001593,app_open,2026-07-14T03:09:54Z
e_000010b4,u_00001586,app_open,2026-07-14T03:10:09Z
e_000010c1,u_00001595,app_open,2026-07-14T03:17:05Z
e_0000109e,u_0000156f,app_open,2026-07-14T03:58:35Z
e_000010cc,u_000015a1,app_open,2026-07-14T04:01:21Z
e_000010ac,u_0000157e,app_open,2026-07-14T04:25:44Z
e_00001012,u_000014c3,app_open,2026-07-14T05:10:26Z
e_000010b3,u_00001585,app_open,2026-07-14T05:48:12Z
e_000010a5,u_00001574,app_open,2026-07-14T05:52:46Z
e_00000f4d,u_000013e7,app_open,2026-07-14T05:55:25Z
e_0000109a,u_0000156b,app_open,2026-07-14T06:07:53Z
e_00000fcc,u_00001466,app_open,2026-07-14T07:16:38Z
e_000010b6,u_0000158a,app_open,2026-07-14T07:23:48Z
e_000010cf,u_000015a6,app_open,2026-07-14T07:26:30Z
e_0000109f,u_00001570,app_open,2026-07-14T07:48:58Z
e_000010bc,u_00001590,app_open,2026-07-14T08:53:30Z
e_0000101c,u_000014c9,app_open,2026-07-14T09:28:32Z
e_000010a0,u_00001571,app_open,2026-07-14T09:52:21Z
e_000010c4,u_00001599,app_open,2026-07-14T10:22:12Z
e_00000ffd,u_000014a7,app_open,2026-07-14T10:27:47Z
e_000010d2,u_000015ac,app_open,2026-07-14T10:40:00Z
e_000010ca,u_000015a0,app_open,2026-07-14T10:58:03Z
e_000010c3,u_00001598,app_open,2026-07-14T11:28:51Z
e_000010b5,u_00001589,app_open,2026-07-14T12:13:00Z
e_00000e10,u_000012ae,app_open,2026-07-14T12:40:04Z
e_000010a1,u_00001572,app_open,2026-07-14T13:27:32Z
e_000010c9,u_0000159f,app_open,2026-07-14T13:36:55Z
e_000010d0,u_000015a9,app_open,2026-07-14T14:22:30Z
e_0000109b,u_0000156d,app_open,2026-07-14T15:24:55Z
e_000010aa,u_0000157a,app_open,2026-07-14T15:36:34Z
e_000010d3,u_000015ad,app_open,2026-07-14T16:22:10Z
e_000010ad,u_00001581,app_open,2026-07-14T17:20:42Z
e_000010ab,u_0000157d,app_open,2026-07-14T17:29:59Z
e_00000fbb,u_00001452,app_open,2026-07-14T17:51:44Z
e_00000f9e,u_00001434,app_open,2026-07-14T18:13:06Z
e_000010a2,u_00001573,app_open,2026-07-14T18:21:36Z
e_00000f80,u_00001421,app_open,2026-07-14T18:30:00Z
e_00000fc8,u_00001463,app_open,2026-07-14T19:37:46Z
e_00001020,u_000014cc,app_open,2026-07-14T19:50:44Z
e_000010d1,u_000015aa,app_open,2026-07-14T20:48:19Z
e_000010b0,u_00001584,app_open,2026-07-14T20:57:02Z
e_0000101a,u_000014c9,app_open,2026-07-14T21:18:00Z
e_000010a8,u_00001577,app_open,2026-07-14T21:37:48Z
e_000010ba,u_0000158d,app_open,2026-07-14T21:47:38Z
e_00000f79,u_0000141a,app_open,2026-07-14T22:31:06Z
e_00000f7e,u_00001421,app_open,2026-07-14T23:48:08Z
e_000010cd,u_000015a3,app_open,2026-07-14T23:49:11Z
e_00000f78,u_0000141a,app_open,2026-07-15T00:06:26Z
e_00001058,u_00001517,app_open,2026-07-15T01:35:02Z
e_0000100a,u_000014b5,app_open,2026-07-15T02:08:59Z
e_000010ee,u_000015c8,app_open,2026-07-15T02:26:01Z
e_000010f2,u_000015ce,app_open,2026-07-15T02:27:04Z
e_000010eb,u_000015c2,app_open,2026-07-15T03:24:32Z
e_00000f99,u_00001433,app_open,2026-07-15T03:44:13Z
e_00001103,u_000015df,app_open,2026-07-15T04:40:18Z
e_00001109,u_000015ea,app_open,2026-07-15T04:53:07Z
e_000010ff,u_000015dc,app_open,2026-07-15T05:01:21Z
e_00000fb4,u_00001449,app_open,2026-07-15T05:29:31Z
e_000010e3,u_000015b9,app_open,2026-07-15T06:02:04Z
e_00000fb6,u_00001449,app_open,2026-07-15T06:10:29Z
e_00001106,u_000015e6,app_open,2026-07-15T06:18:55Z
e_00000fc9,u_00001463,app_open,2026-07-15T06:24:19Z
e_000010d4,u_000015ae,app_open,2026-07-15T06:31:51Z
e_0000108d,u_00001557,app_open,2026-07-15T06:38:22Z
e_000010c7,u_0000159c,app_open,2026-07-15T06:55:37Z
e_00001108,u_000015e8,app_open,2026-07-15T07:12:37Z
e_000010e5,u_000015bd,app_open,2026-07-15T07:22:37Z
e_000010ef,u_000015c9,app_open,2026-07-15T07:29:29Z
e_000010ea,u_000015c1,app_open,2026-07-15T08:13:00Z
e_0000110e,u_000015eb,app_open,2026-07-15T08:14:51Z
e_00001116,u_000015f2,app_open,2026-07-15T09:29:48Z
e_00001008,u_000014b5,app_open,2026-07-15T09:51:39Z
e_00000fca,u_00001463,app_open,2026-07-15T09:51:51Z
e_000010fc,u_000015d8,app_open,2026-07-15T10:19:33Z
e_000010ed,u_000015c6,app_open,2026-07-15T10:44:23Z
e_00001114,u_000015ef,app_open,2026-07-15T10:45:00Z
e_00000fd5,u_00001471,app_open,2026-07-15T10:45:39Z
e_00001115,u_000015f1,app_open,2026-07-15T10:46:37Z
e_000010fa,u_000015d5,app_open,2026-07-15T11:35:38Z
e_000010f4,u_000015cf,app_open,2026-07-15T11:47:24Z
e_000010d7,u_000015b1,app_open,2026-07-15T11:50:49Z
e_00001085,u_0000154e,app_open,2026-07-15T11:56:04Z
e_00000e94,u_0000132d,app_open,2026-07-15T12:06:59Z
e_000010f9,u_000015d2,app_open,2026-07-15T12:27:46Z
e_000010e4,u_000015bc,app_open,2026-07-15T13:19:13Z
e_00001105,u_000015e4,app_open,2026-07-15T13:32:23Z
e_00001021,u_000014cc,app_open,2026-07-15T14:22:46Z
e_000010dc,u_000015b4,app_open,2026-07-15T14:32:10Z
e_000010e6,u_000015bf,app_open,2026-07-15T15:14:24Z
e_000010d8,u_000015b2,app_open,2026-07-15T15:20:12Z
e_00000ff3,u_0000149b,app_open,2026-07-15T15:29:33Z
e_0000110f,u_000015ed,app_open,2026-07-15T15:49:15Z
e_00000e6c,u_0000130a,app_open,2026-07-15T16:08:43Z
e_0000101b,u_000014c9,app_open,2026-07-15T16:58:35Z
e_000010fb,u_000015d6,app_open,2026-07-15T18:31:30Z
e_000010e0,u_000015b6,app_open,2026-07-15T18:57:49Z
e_00000fbc,u_00001452,app_open,2026-07-15T19:09:07Z
e_00001104,u_000015e1,app_open,2026-07-15T19:32:45Z
e_000010d6,u_000015b0,app_open,2026-07-15T20:10:09Z
e_000010f1,u_000015cc,app_open,2026-07-15T20:24:26Z
e_00001007,u_000014b5,app_open,2026-07-15T21:17:58Z
e_00000ffe,u_000014a7,app_open,2026-07-15T22:21:33Z
e_00001013,u_000014c3,app_open,2026-07-15T22:35:26Z
e_000010ec,u_000015c3,app_open,2026-07-15T23:01:46Z
e_000010fd,u_000015d9,app_open,2026-07-15T23:14:11Z
e_0000112a,u_00001605,app_open,2026-07-16T00:20:06Z
e_0000111c,u_000015f5,app_open,2026-07-16T00:47:29Z
e_0000112b,u_00001608,app_open,2026-07-16T00:48:35Z
e_00000fd4,u_00001471,app_open,2026-07-16T01:07:16Z
e_000010b2,u_00001584,app_open,2026-07-16T01:35:28Z
e_00001151,u_0000162f,app_open,2026-07-16T02:36:18Z
e_00001145,u_00001619,app_open,2026-07-16T02:46:40Z
e_00001139,u_00001611,app_open,2026-07-16T03:25:35Z
e_0000109d,u_0000156d,app_open,2026-07-16T04:14:43Z
e_0000112d,u_0000160b,app_open,2026-07-16T04:14:56Z
e_00001125,u_000015ff,app_open,2026-07-16T04:33:06Z
e_0000114e,u_0000162c,app_open,2026-07-16T04:40:59Z
e_0000112c,u_0000160a,app_open,2026-07-16T05:03:40Z
e_00001146,u_0000161b,app_open,2026-07-16T05:04:49Z
e_00000fe7,u_00001489,app_open,2026-07-16T06:26:09Z
e_000010d5,u_000015ae,app_open,2026-07-16T07:17:44Z
e_00001028,u_000014d4,app_open,2026-07-16T08:17:37Z
e_0000114f,u_0000162d,app_open,2026-07-16T08:36:31Z
e_0000113f,u_00001615,app_open,2026-07-16T09:01:55Z
e_00000fb7,u_00001449,app_open,2026-07-16T09:03:37Z
e_00001140,u_00001617,app_open,2026-07-16T09:11:08Z
e_0000110b,u_000015ea,app_open,2026-07-16T09:35:33Z
e_00001133,u_0000160e,app_open,2026-07-16T09:37:03Z
e_00000e67,u_00001305,app_open,2026-07-16T09:43:33Z
e_00001118,u_000015f3,app_open,2026-07-16T09:45:28Z
e_00001127,u_00001603,app_open,2026-07-16T10:57:27Z
e_00001107,u_000015e6,app_open,2026-07-16T11:20:55Z
e_00001049,u_00001504,app_open,2026-07-16T11:36:54Z
e_00001147,u_0000161e,app_open,2026-07-16T11:47:51Z
e_000010b1,u_00001584,app_open,2026-07-16T13:16:23Z
e_00001087,u_00001550,app_open,2026-07-16T13:46:10Z
e_000010bf,u_00001593,app_open,2026-07-16T14:09:04Z
e_0000114b,u_00001626,app_open,2026-07-16T14:13:24Z
e_00001155,u_00001631,app_open,2026-07-16T14:17:51Z
e_00001122,u_000015fb,app_open,2026-07-16T14:57:34Z
e_0000111e,u_000015fa,app_open,2026-07-16T16:15:48Z
e_00001126,u_00001602,app_open,2026-07-16T16:46:42Z
e_00001148,u_00001620,app_open,2026-07-16T17:32:57Z
e_00001041,u_000014fb,app_open,2026-07-16T18:22:22Z
e_00001157,u_00001635,app_open,2026-07-16T19:01:17Z
e_00000fde,u_0000147e,app_open,2026-07-16T19:22:24Z
e_00001119,u_000015f4,app_open,2026-07-16T19:48:48Z
e_0000113a,u_00001613,app_open,2026-07-16T19:54:19Z
e_00001156,u_00001633,app_open,2026-07-16T20:09:55Z
e_00001149,u_00001623,app_open,2026-07-16T20:20:43Z
e_00000f33,u_000013ce,app_open,2026-07-16T20:56:10Z
e_000010af,u_00001581,app_open,2026-07-16T21:00:40Z
e_0000114a,u_00001625,app_open,2026-07-16T21:42:24Z
e_0000112e,u_0000160d,app_open,2026-07-16T21:48:24Z
e_00001093,u_00001561,app_open,2026-07-16T21:51:19Z
e_0000114d,u_00001629,app_open,2026-07-16T21:54:38Z
e_0000101f,u_000014cc,app_open,2026-07-16T22:46:13Z
e_0000111d,u_000015f7,app_open,2026-07-16T23:13:52Z
e_00001124,u_000015fd,app_open,2026-07-16T23:31:29Z
e_00000f00,u_0000139d,app_open,2026-07-17T00:35:21Z
e_0000116e,u_00001659,app_open,2026-07-17T00:44:49Z
e_000010b7,u_0000158a,app_open,2026-07-17T00:59:49Z
e_0000115f,u_00001648,app_open,2026-07-17T01:12:53Z
e_00000fef,u_00001497,app_open,2026-07-17T01:37:18Z
e_00000e31,u_000012e2,app_open,2026-07-17T02:05:13Z
e_000010b9,u_0000158a,app_open,2026-07-17T02:28:40Z
e_00001161,u_0000164b,app_open,2026-07-17T02:43:31Z
e_00001167,u_00001650,app_open,2026-07-17T02:53:28Z
e_000010e7,u_000015bf,app_open,2026-07-17T03:34:14Z
e_00001160,u_0000164a,app_open,2026-07-17T05:48:07Z
e_0000106a,u_0000152f,app_open,2026-07-17T06:06:03Z
e_00001163,u_0000164e,app_open,2026-07-17T06:23:20Z
e_000010e8,u_000015bf,app_open,2026-07-17T08:31:49Z
e_000010be,u_00001593,app_open,2026-07-17T08:33:56Z
e_00001009,u_000014b5,app_open,2026-07-17T08:42:09Z
e_00001173,u_0000165c,app_open,2026-07-17T09:08:19Z
e_00001142,u_00001617,app_open,2026-07-17T09:10:45Z
e_0000115a,u_0000163c,app_open,2026-07-17T09:24:06Z
e_00001176,u_0000165d,app_open,2026-07-17T09:29:34Z
e_0000116a,u_00001655,app_open,2026-07-17T09:38:19Z
e_0000115d,u_00001644,app_open,2026-07-17T10:08:36Z
e_0000115c,u_00001641,app_open,2026-07-17T10:21:35Z
e_00001168,u_00001652,app_open,2026-07-17T10:42:24Z
e_0000117f,u_00001663,app_open,2026-07-17T12:11:50Z
e_00000f46,u_000013e0,app_open,2026-07-17T12:14:48Z
e_000010f8,u_000015cf,app_open,2026-07-17T13:23:31Z
e_0000106f,u_00001535,app_open,2026-07-17T13:59:50Z
e_00001100,u_000015dc,app_open,2026-07-17T14:05:34Z
e_00001166,u_0000164f,app_open,2026-07-17T14:35:33Z
e_00000e6e,u_0000130b,app_open,2026-07-17T15:07:38Z
e_00001159,u_00001639,app_open,2026-07-17T15:09:22Z
e_00001162,u_0000164d,app_open,2026-07-17T15:21:23Z
e_00001045,u_00001500,app_open,2026-07-17T15:41:23Z
e_0000104e,u_0000150b,app_open,2026-07-17T15:42:32Z
e_0000116d,u_00001658,app_open,2026-07-17T15:52:54Z
e_00001180,u_00001664,app_open,2026-07-17T16:08:41Z
e_0000115e,u_00001647,app_open,2026-07-17T16:32:38Z
e_0000110c,u_000015ea,app_open,2026-07-17T17:38:11Z
e_0000117b,u_00001661,app_open,2026-07-17T18:08:59Z
e_00001158,u_00001637,app_open,2026-07-17T18:09:37Z
e_00001169,u_00001653,app_open,2026-07-17T18:53:09Z
e_00001029,u_000014d4,app_open,2026-07-17T18:58:12Z
e_000010f3,u_000015ce,app_open,2026-07-17T19:11:17Z
e_00001185,u_00001665,app_open,2026-07-17T20:41:14Z
e_00000f61,u_000013fd,app_open,2026-07-17T21:13:35Z
e_000010de,u_000015b4,app_open,2026-07-17T21:33:48Z
e_00000f82,u_00001421,app_open,2026-07-17T21:59:13Z
e_00001141,u_00001617,app_open,2026-07-17T22:27:43Z
e_00000f5d,u_000013f5,app_open,2026-07-17T22:34:20Z
e_0000115b,u_0000163e,app_open,2026-07-17T22:55:05Z
e_0000117a,u_0000165e,app_open,2026-07-17T23:32:23Z
e_00001117,u_000015f2,app_open,2026-07-18T00:32:22Z
e_000011b9,u_000016ab,app_open,2026-07-18T00:34:41Z
e_00001197,u_0000167f,app_open,2026-07-18T01:12:19Z
e_00001199,u_00001685,app_open,2026-07-18T01:21:04Z
e_00001111,u_000015ed,app_open,2026-07-18T02:25:50Z
e_00001130,u_0000160d,app_open,2026-07-18T03:04:37Z
e_00001198,u_00001682,app_open,2026-07-18T03:14:14Z
e_000011b0,u_000016a2,app_open,2026-07-18T03:16:51Z
e_000011c2,u_000016af,app_open,2026-07-18T03:28:07Z
e_00001187,u_00001666,app_open,2026-07-18T03:34:21Z
e_000010c6,u_0000159c,app_open,2026-07-18T03:56:26Z
e_00001153,u_0000162f,app_open,2026-07-18T04:04:01Z
e_00000f4e,u_000013e7,app_open,2026-07-18T04:15:09Z
e_00001189,u_0000166c,app_open,2026-07-18T04:19:05Z
e_00001019,u_000014c9,app_open,2026-07-18T04:40:36Z
e_00000ec5,u_00001362,app_open,2026-07-18T06:04:46Z
e_0000119e,u_0000168b,app_open,2026-07-18T06:08:43Z
e_00001188,u_00001669,app_open,2026-07-18T06:22:18Z
e_00000f23,u_000013c1,app_open,2026-07-18T06:24:12Z
e_00000f6b,u_00001406,app_open,2026-07-18T06:29:09Z
e_00001190,u_00001676,app_open,2026-07-18T07:03:53Z
e_000011c0,u_000016ae,app_open,2026-07-18T07:04:02Z
e_00001120,u_000015fa,app_open,2026-07-18T07:10:41Z
e_000011c3,u_000016b2,app_open,2026-07-18T07:39:59Z
e_000011b8,u_000016a8,app_open,2026-07-18T08:01:01Z
e_00001081,u_0000154a,app_open,2026-07-18T08:08:03Z
e_00001057,u_00001517,app_open,2026-07-18T08:36:53Z
e_0000118c,u_0000166f,app_open,2026-07-18T08:39:11Z
e_000011ac,u_0000169f,app_open,2026-07-18T09:16:35Z
e_00001121,u_000015fa,app_open,2026-07-18T09:27:09Z
e_00001088,u_00001550,app_open,2026-07-18T09:40:37Z
e_0000118f,u_00001674,app_open,2026-07-18T09:43:09Z
e_00001134,u_0000160e,app_open,2026-07-18T09:57:52Z
e_0000119a,u_00001686,app_open,2026-07-18T10:04:35Z
e_000011ab,u_0000169c,app_open,2026-07-18T12:52:49Z
e_00001191,u_00001678,app_open,2026-07-18T13:18:05Z
e_0000119d,u_00001688,app_open,2026-07-18T13:23:46Z
e_000010a4,u_00001573,app_open,2026-07-18T13:41:47Z
e_000011c6,u_000016b5,app_open,2026-07-18T14:51:01Z
e_00001192,u_0000167a,app_open,2026-07-18T15:55:22Z
e_00001102,u_000015dc,app_open,2026-07-18T16:04:36Z
e_000011a6,u_00001690,app_open,2026-07-18T16:37:51Z
e_00001128,u_00001603,app_open,2026-07-18T16:57:47Z
e_0000105c,u_0000151a,app_open,2026-07-18T16:59:52Z
e_000011a3,u_0000168e,app_open,2026-07-18T17:13:43Z
e_0000116b,u_00001655,app_open,2026-07-18T17:20:59Z
e_000011b3,u_000016a6,app_open,2026-07-18T17:45:44Z
e_000010a7,u_00001574,app_open,2026-07-18T17:53:07Z
e_000010df,u_000015b4,app_open,2026-07-18T18:28:36Z
e_000011a7,u_00001693,app_open,2026-07-18T18:42:30Z
e_00001135,u_0000160e,app_open,2026-07-18T19:39:07Z
e_000010b8,u_0000158a,app_open,2026-07-18T19:46:25Z
e_000011aa,u_00001699,app_open,2026-07-18T20:32:02Z
e_00001096,u_00001563,app_open,2026-07-18T22:33:40Z
e_000011a8,u_00001696,app_open,2026-07-18T22:34:51Z
e_00001193,u_0000167c,app_open,2026-07-18T22:41:04Z
e_0000118e,u_00001672,app_open,2026-07-18T22:57:22Z
e_0000119c,u_00001687,app_open,2026-07-18T23:04:29Z
e_000011a5,u_0000168f,app_open,2026-07-18T23:15:15Z
e_000011bc,u_000016ad,app_open,2026-07-18T23:34:11Z
e_000011b2,u_000016a3,app_open,2026-07-19T00:17:31Z
e_000011f3,u_000016e1,app_open,2026-07-19T01:15:52Z
e_000011f8,u_000016e8,app_open,2026-07-19T01:19:58Z
e_000010e9,u_000015bf,app_open,2026-07-19T01:33:19Z
e_000010db,u_000015b2,app_open,2026-07-19T01:37:47Z
e_000011ec,u_000016d7,app_open,2026-07-19T01:53:19Z
e_0000107f,u_0000154a,app_open,2026-07-19T01:58:51Z
e_000011dd,u_000016cc,app_open,2026-07-19T02:29:23Z
e_00001179,u_0000165d,app_open,2026-07-19T02:58:20Z
e_000011ef,u_000016db,app_open,2026-07-19T03:26:37Z
e_00001056,u_00001517,app_open,2026-07-19T03:38:35Z
e_000011df,u_000016cd,app_open,2026-07-19T04:02:58Z
e_0000106b,u_0000152f,app_open,2026-07-19T04:10:06Z
e_000011dc,u_000016ca,app_open,2026-07-19T04:41:30Z
e_00001113,u_000015ed,app_open,2026-07-19T04:54:14Z
e_00001095,u_00001563,app_open,2026-07-19T04:54:47Z
e_000011f2,u_000016de,app_open,2026-07-19T05:42:53Z
e_0000106e,u_00001535,app_open,2026-07-19T05:44:27Z
e_000011d8,u_000016c7,app_open,2026-07-19T05:51:20Z
e_000011f6,u_000016e6,app_open,2026-07-19T06:46:51Z
e_0000109c,u_0000156d,app_open,2026-07-19T07:04:32Z
e_000011e0,u_000016ce,app_open,2026-07-19T07:10:50Z
e_00001110,u_000015ed,app_open,2026-07-19T07:25:51Z
e_000011d4,u_000016c1,app_open,2026-07-19T07:33:40Z
e_0000105a,u_0000151a,app_open,2026-07-19T07:47:48Z
e_00001171,u_00001659,app_open,2026-07-19T08:01:09Z
e_000010e1,u_000015b6,app_open,2026-07-19T08:24:32Z
e_00000fa7,u_0000143c,app_open,2026-07-19T08:26:19Z
e_00001050,u_0000150c,app_open,2026-07-19T08:27:59Z
e_000011e8,u_000016d6,app_open,2026-07-19T08:28:46Z
e_000011f4,u_000016e3,app_open,2026-07-19T09:17:20Z
e_00000f37,u_000013d4,app_open,2026-07-19T09:26:05Z
e_00001131,u_0000160d,app_open,2026-07-19T10:04:09Z
e_0000118d,u_0000166f,app_open,2026-07-19T10:11:04Z
e_000011d5,u_000016c2,app_open,2026-07-19T10:35:47Z
e_000011e4,u_000016d3,app_open,2026-07-19T10:41:08Z
e_0000105b,u_0000151a,app_open,2026-07-19T10:44:36Z
e_000011c9,u_000016b8,app_open,2026-07-19T11:06:39Z
e_000011ce,u_000016bc,app_open,2026-07-19T11:38:47Z
e_000011d6,u_000016c4,app_open,2026-07-19T11:49:12Z
e_000011f7,u_000016e7,app_open,2026-07-19T12:25:35Z
e_00000e9b,u_00001331,app_open,2026-07-19T12:43:50Z
e_000011ee,u_000016d9,app_open,2026-07-19T12:54:17Z
e_00001154,u_0000162f,app_open,2026-07-19T14:53:45Z
e_000011fa,u_000016ed,app_open,2026-07-19T15:10:31Z
e_000011f9,u_000016ea,app_open,2026-07-19T15:38:04Z
e_00000f20,u_000013bd,app_open,2026-07-19T15:51:40Z
e_000011f5,u_000016e5,app_open,2026-07-19T15:56:20Z
e_000011d2,u_000016bf,app_open,2026-07-19T17:16:12Z
e_00000f11,u_000013ae,app_open,2026-07-19T17:20:47Z
e_0000111f,u_000015fa,app_open,2026-07-19T17:59:59Z
e_000011a0,u_0000168b,app_open,2026-07-19T18:04:43Z
e_000011c4,u_000016b2,app_open,2026-07-19T18:07:49Z
e_000011d7,u_000016c6,app_open,2026-07-19T19:07:28Z
e_000011e3,u_000016d1,app_open,2026-07-19T19:17:21Z
e_000011d9,u_000016c8,app_open,2026-07-19T20:15:21Z
e_000011f1,u_000016dc,app_open,2026-07-19T21:24:33Z
e_000010a6,u_00001574,app_open,2026-07-19T21:27:22Z
e_000011b5,u_000016a6,app_open,2026-07-19T22:14:22Z
e_0000113b,u_00001613,app_open,2026-07-19T23:00:20Z
e_000011ed,u_000016d8,app_open,2026-07-19T23:05:41Z
e_000011ca,u_000016b9,app_open,2026-07-19T23:30:28Z
e_000011cd,u_000016bb,app_open,2026-07-19T23:48:27Z
e_0000107e,u_0000154a,app_open,2026-07-19T23:55:20Z
e_00001205,u_000016f8,app_open,2026-07-20T00:10:28Z
e_000011be,u_000016ad,app_open,2026-07-20T00:25:55Z
e_0000122c,u_00001724,app_open,2026-07-20T01:01:29Z
e_0000108c,u_00001557,app_open,2026-07-20T01:29:59Z
e_00001221,u_00001718,app_open,2026-07-20T01:41:47Z
e_00001178,u_0000165d,app_open,2026-07-20T01:48:58Z
e_00001218,u_0000170b,app_open,2026-07-20T02:00:14Z
e_00001047,u_00001501,app_open,2026-07-20T03:07:43Z
e_0000123d,u_00001736,app_open,2026-07-20T03:11:40Z
e_00001228,u_00001720,app_open,2026-07-20T03:33:45Z
e_0000123b,u_00001733,app_open,2026-07-20T03:53:00Z
e_00000ed8,u_0000136f,app_open,2026-07-20T04:20:48Z
e_0000111a,u_000015f4,app_open,2026-07-20T04:22:00Z
e_00001226,u_0000171b,app_open,2026-07-20T04:23:23Z
e_00001202,u_000016f5,app_open,2026-07-20T04:32:04Z
e_00001207,u_000016fb,app_open,2026-07-20T05:06:00Z
e_00001241,u_0000173b,app_open,2026-07-20T05:12:04Z
e_0000121a,u_0000170f,app_open,2026-07-20T05:19:23Z
e_000010c8,u_0000159c,app_open,2026-07-20T05:31:34Z
e_00001080,u_0000154a,app_open,2026-07-20T05:33:13Z
e_00001219,u_0000170c,app_open,2026-07-20T06:14:15Z
e_00001237,u_0000172d,app_open,2026-07-20T06:36:27Z
e_00001181,u_00001664,app_open,2026-07-20T07:22:04Z
e_0000123e,u_00001738,app_open,2026-07-20T08:16:24Z
e_00001232,u_00001728,app_open,2026-07-20T09:16:10Z
e_000011bf,u_000016ad,app_open,2026-07-20T09:39:21Z
e_000010c0,u_00001593,app_open,2026-07-20T10:25:31Z
e_0000110a,u_000015ea,app_open,2026-07-20T10:41:53Z
e_00001143,u_00001617,app_open,2026-07-20T11:27:03Z
e_00001240,u_00001739,app_open,2026-07-20T11:50:26Z
e_00001211,u_00001708,app_open,2026-07-20T12:06:06Z
e_00001222,u_0000171a,app_open,2026-07-20T12:47:32Z
e_0000120b,u_000016fe,app_open,2026-07-20T13:00:40Z
e_000011b7,u_000016a6,app_open,2026-07-20T13:05:26Z
e_00001231,u_00001725,app_open,2026-07-20T13:15:54Z
e_00001238,u_0000172f,app_open,2026-07-20T13:19:29Z
e_00001201,u_000016f3,app_open,2026-07-20T13:28:29Z
e_0000120e,u_00001704,app_open,2026-07-20T13:41:21Z
e_0000122b,u_00001723,app_open,2026-07-20T14:13:29Z
e_0000121d,u_00001716,app_open,2026-07-20T14:13:33Z
e_00001129,u_00001603,app_open,2026-07-20T15:18:38Z
e_0000120f,u_00001705,app_open,2026-07-20T15:31:37Z
e_00001210,u_00001706,app_open,2026-07-20T16:03:27Z
e_00001216,u_0000170a,app_open,2026-07-20T16:28:40Z
e_00001152,u_0000162f,app_open,2026-07-20T16:58:10Z
e_00001112,u_000015ed,app_open,2026-07-20T17:35:45Z
e_00001091,u_0000155f,app_open,2026-07-20T19:12:32Z
e_0000123a,u_00001731,app_open,2026-07-20T19:30:31Z
e_0000120c,u_00001701,app_open,2026-07-20T19:31:29Z
e_00001165,u_0000164e,app_open,2026-07-20T19:37:41Z
e_0000121c,u_00001715,app_open,2026-07-20T20:38:17Z
e_000010c2,u_00001595,app_open,2026-07-20T20:42:23Z
e_000011fb,u_000016f0,app_open,2026-07-20T21:04:59Z
e_000010a3,u_00001573,app_open,2026-07-20T22:10:34Z
e_00001233,u_0000172b,app_open,2026-07-20T22:39:33Z
e_00001227,u_0000171e,app_open,2026-07-20T22:40:52Z
e_000010ae,u_00001581,app_open,2026-07-20T23:29:12Z
e_000011fd,u_000016f1,app_open,2026-07-20T23:39:45Z
e_000010dd,u_000015b4,app_open,2026-07-20T23:58:15Z
e_0000121b,u_00001712,app_open,2026-07-21T00:00:50Z
e_000010f6,u_000015cf,app_open,2026-07-21T01:29:21Z
e_000010e2,u_000015b6,app_open,2026-07-21T01:37:26Z
e_000010f7,u_000015cf,app_open,2026-07-21T02:18:55Z
e_00001288,u_00001774,app_open,2026-07-21T03:26:21Z
e_0000128b,u_00001777,app_open,2026-07-21T04:08:24Z
e_00001251,u_00001747,app_open,2026-07-21T04:17:39Z
e_0000111b,u_000015f4,app_open,2026-07-21T04:22:06Z
e_00001182,u_00001664,app_open,2026-07-21T04:29:12Z
e_0000127c,u_0000176e,app_open,2026-07-21T04:47:36Z
e_00001274,u_00001767,app_open,2026-07-21T05:52:05Z
e_00001266,u_0000175d,app_open,2026-07-21T05:56:57Z
e_0000125d,u_00001750,app_open,2026-07-21T07:09:44Z
e_00001170,u_00001659,app_open,2026-07-21T07:33:31Z
e_00001262,u_00001752,app_open,2026-07-21T09:34:46Z
e_00001272,u_00001764,app_open,2026-07-21T10:00:19Z
e_00001267,u_0000175e,app_open,2026-07-21T11:12:12Z
e_00001248,u_00001743,app_open,2026-07-21T11:15:06Z
e_0000113d,u_00001613,app_open,2026-07-21T11:27:55Z
e_00001136,u_0000160e,app_open,2026-07-21T12:06:22Z
e_00001244,u_00001740,app_open,2026-07-21T12:24:27Z
e_00000fb1,u_00001447,app_open,2026-07-21T12:43:53Z
e_0000124f,u_00001745,app_open,2026-07-21T12:47:04Z
e_00001132,u_0000160d,app_open,2026-07-21T12:47:32Z
e_00000f51,u_000013ed,app_open,2026-07-21T12:47:37Z
e_00001242,u_0000173d,app_open,2026-07-21T12:48:40Z
e_0000117e,u_00001661,app_open,2026-07-21T13:08:13Z
e_00001164,u_0000164e,app_open,2026-07-21T13:14:17Z
e_000011d1,u_000016bc,app_open,2026-07-21T13:23:27Z
e_00000f35,u_000013d1,app_open,2026-07-21T14:40:43Z
e_00001137,u_0000160e,app_open,2026-07-21T15:20:42Z
e_00001277,u_0000176b,app_open,2026-07-21T15:21:06Z
e_00001003,u_000014b0,app_open,2026-07-21T15:31:27Z
e_0000124e,u_00001744,app_open,2026-07-21T16:12:24Z
e_0000126e,u_00001762,app_open,2026-07-21T16:29:51Z
e_0000119f,u_0000168b,app_open,2026-07-21T17:09:35Z
e_00001259,u_0000174e,app_open,2026-07-21T18:08:57Z
e_00001258,u_0000174c,app_open,2026-07-21T18:17:22Z
e_000010da,u_000015b2,app_open,2026-07-21T18:39:33Z
e_00001252,u_0000174a,app_open,2026-07-21T18:45:59Z
e_00001243,u_0000173e,app_open,2026-07-21T18:49:44Z
e_00001265,u_0000175b,app_open,2026-07-21T19:24:56Z
e_00001273,u_00001765,app_open,2026-07-21T19:59:10Z
e_0000126b,u_00001761,app_open,2026-07-21T20:00:03Z
e_0000118b,u_0000166c,app_open,2026-07-21T20:42:38Z
e_00001071,u_00001537,app_open,2026-07-21T21:26:06Z
e_00001284,u_00001772,app_open,2026-07-21T21:39:30Z
e_00001285,u_00001773,app_open,2026-07-21T21:45:51Z
e_0000100f,u_000014bd,app_open,2026-07-21T21:50:28Z
e_00001177,u_0000165d,app_open,2026-07-21T22:07:27Z
e_00001264,u_00001758,app_open,2026-07-21T22:17:20Z
e_00001101,u_000015dc,app_open,2026-07-21T22:27:38Z
e_0000110d,u_000015ea,app_open,2026-07-21T22:32:53Z
e_00001271,u_00001763,app_open,2026-07-21T22:48:19Z
e_00001224,u_0000171a,app_open,2026-07-21T23:08:48Z
e_00001275,u_00001768,app_open,2026-07-21T23:19:46Z
e_00001281,u_00001771,app_open,2026-07-21T23:39:53Z
e_000010f5,u_000015cf,app_open,2026-07-22T00:14:32Z
e_000010d9,u_000015b2,app_open,2026-07-22T00:18:34Z
e_00001263,u_00001755,app_open,2026-07-22T00:34:25Z
e_000012b4,u_000017a3,app_open,2026-07-22T00:35:48Z
e_0000129e,u_00001791,app_open,2026-07-22T00:57:32Z
e_00001175,u_0000165c,app_open,2026-07-22T01:18:58Z
e_0000129a,u_0000178c,app_open,2026-07-22T01:26:19Z
e_000012a7,u_00001797,app_open,2026-07-22T01:35:53Z
e_0000113c,u_00001613,app_open,2026-07-22T01:51:42Z
e_00001150,u_0000162d,app_open,2026-07-22T02:29:43Z
e_000012ab,u_00001798,app_open,2026-07-22T02:31:19Z
e_000012ac,u_0000179a,app_open,2026-07-22T03:47:49Z
e_000012b3,u_000017a1,app_open,2026-07-22T03:47:52Z
e_00001067,u_0000152b,app_open,2026-07-22T03:55:06Z
e_000011c8,u_000016b5,app_open,2026-07-22T05:41:31Z
e_000012b2,u_0000179e,app_open,2026-07-22T05:50:00Z
e_0000129c,u_0000178e,app_open,2026-07-22T05:50:39Z
e_00001293,u_00001785,app_open,2026-07-22T05:56:20Z
e_0000116f,u_00001659,app_open,2026-07-22T06:03:52Z
e_00001290,u_0000177e,app_open,2026-07-22T07:00:49Z
e_000012b1,u_0000179d,app_open,2026-07-22T07:30:28Z
e_0000123c,u_00001733,app_open,2026-07-22T08:08:17Z
e_00001074,u_00001539,app_open,2026-07-22T08:51:59Z
e_0000129d,u_0000178f,app_open,2026-07-22T08:59:09Z
e_0000117c,u_00001661,app_open,2026-07-22T09:20:23Z
e_00001292,u_00001782,app_open,2026-07-22T10:03:17Z
e_0000113e,u_00001613,app_open,2026-07-22T10:03:57Z
e_00001196,u_0000167c,app_open,2026-07-22T10:23:44Z
e_000012a6,u_00001796,app_open,2026-07-22T10:27:44Z
e_00001184,u_00001664,app_open,2026-07-22T11:08:14Z
e_0000122d,u_00001724,app_open,2026-07-22T12:58:15Z
e_000011ba,u_000016ab,app_open,2026-07-22T13:12:57Z
e_000011cf,u_000016bc,app_open,2026-07-22T13:14:23Z
e_0000128c,u_0000177a,app_open,2026-07-22T13:28:23Z
e_00001005,u_000014b2,app_open,2026-07-22T13:55:29Z
e_000012a2,u_00001795,app_open,2026-07-22T14:08:49Z
e_00001291,u_0000177f,app_open,2026-07-22T15:50:54Z
e_00001220,u_00001716,app_open,2026-07-22T16:50:55Z
e_00001299,u_00001789,app_open,2026-07-22T17:23:16Z
e_000011ae,u_0000169f,app_open,2026-07-22T17:34:17Z
e_00000ff5,u_0000149c,app_open,2026-07-22T17:36:28Z
e_0000124b,u_00001743,app_open,2026-07-22T17:56:19Z
e_0000114c,u_00001626,app_open,2026-07-22T18:33:15Z
e_000012a1,u_00001792,app_open,2026-07-22T18:52:10Z
e_0000128d,u_0000177b,app_open,2026-07-22T19:57:22Z
e_00001298,u_00001788,app_open,2026-07-22T19:59:19Z
e_00001186,u_00001665,app_open,2026-07-22T21:40:28Z
e_0000128e,u_0000177c,app_open,2026-07-22T22:57:12Z
e_00001282,u_00001771,app_open,2026-07-23T00:02:42Z
e_0000128f,u_0000177d,app_open,2026-07-23T00:42:16Z
e_000011cb,u_000016b9,app_open,2026-07-23T01:20:21Z
e_000012d8,u_000017d5,app_open,2026-07-23T01:24:00Z
e_0000112f,u_0000160d,app_open,2026-07-23T02:18:20Z
e_0000127b,u_0000176b,app_open,2026-07-23T02:53:36Z
e_00001174,u_0000165c,app_open,2026-07-23T03:10:41Z
e_000012c9,u_000017b9,app_open,2026-07-23T03:40:12Z
e_00001249,u_00001743,app_open,2026-07-23T03:55:59Z
e_000012ca,u_000017bc,app_open,2026-07-23T03:57:42Z
e_00001225,u_0000171a,app_open,2026-07-23T04:04:57Z
e_000012cc,u_000017c2,app_open,2026-07-23T04:07:06Z
e_000012be,u_000017af,app_open,2026-07-23T04:20:28Z
e_000012a0,u_00001791,app_open,2026-07-23T04:53:40Z
e_000012de,u_000017da,app_open,2026-07-23T04:55:39Z
e_000012d2,u_000017ca,app_open,2026-07-23T05:01:17Z
e_000012d5,u_000017ce,app_open,2026-07-23T05:46:12Z
e_000011b1,u_000016a2,app_open,2026-07-23T05:50:01Z
e_000012d0,u_000017c7,app_open,2026-07-23T06:10:48Z
e_000012cb,u_000017bf,app_open,2026-07-23T07:05:26Z
e_00001280,u_0000176e,app_open,2026-07-23T07:05:51Z
e_0000107a,u_00001543,app_open,2026-07-23T07:35:09Z
e_000012d6,u_000017d1,app_open,2026-07-23T08:02:06Z
e_000011eb,u_000016d6,app_open,2026-07-23T08:18:27Z
e_000012cf,u_000017c6,app_open,2026-07-23T08:20:07Z
e_00000fd1,u_0000146f,app_open,2026-07-23T08:37:41Z
e_000012c6,u_000017b7,app_open,2026-07-23T09:19:09Z
e_0000117d,u_00001661,app_open,2026-07-23T09:23:36Z
e_000012d9,u_000017d8,app_open,2026-07-23T09:36:59Z
e_000011b4,u_000016a6,app_open,2026-07-23T11:08:36Z
e_0000125a,u_0000174e,app_open,2026-07-23T13:20:58Z
e_000012b9,u_000017a6,app_open,2026-07-23T13:42:03Z
e_00001295,u_00001785,app_open,2026-07-23T14:43:31Z
e_000011e7,u_000016d3,app_open,2026-07-23T15:06:24Z
e_000012a9,u_00001797,app_open,2026-07-23T15:22:45Z
e_000011de,u_000016cc,app_open,2026-07-23T15:27:17Z
e_000011a1,u_0000168b,app_open,2026-07-23T15:40:47Z
e_000012d7,u_000017d4,app_open,2026-07-23T15:59:45Z
e_000010ce,u_000015a3,app_open,2026-07-23T18:06:41Z
e_000011bd,u_000016ad,app_open,2026-07-23T18:10:35Z
e_000011a2,u_0000168b,app_open,2026-07-23T18:16:36Z
e_000012bc,u_000017a9,app_open,2026-07-23T18:29:44Z
e_000012c8,u_000017b8,app_open,2026-07-23T18:32:32Z
e_000012c5,u_000017b6,app_open,2026-07-23T18:32:35Z
e_000012c1,u_000017b2,app_open,2026-07-23T18:40:45Z
e_0000103d,u_000014f9,app_open,2026-07-23T19:26:26Z
e_000012cd,u_000017c4,app_open,2026-07-23T19:58:38Z
e_000012c0,u_000017b1,app_open,2026-07-23T20:26:40Z
e_000012ae,u_0000179a,app_open,2026-07-23T20:42:36Z
e_000011e9,u_000016d6,app_open,2026-07-23T20:58:44Z
e_000012bd,u_000017ac,app_open,2026-07-23T21:52:38Z
e_000012df,u_000017dc,app_open,2026-07-23T22:54:37Z
e_000012c4,u_000017b3,app_open,2026-07-23T23:09:10Z
e_0000127e,u_0000176e,app_open,2026-07-23T23:50:20Z
e_000012d4,u_000017cd,app_open,2026-07-24T00:13:04Z
e_000012b8,u_000017a4,app_open,2026-07-24T00:20:04Z
e_00001297,u_00001785,app_open,2026-07-24T00:54:22Z
e_00001183,u_00001664,app_open,2026-07-24T01:07:52Z
e_0000129f,u_00001791,app_open,2026-07-24T01:57:30Z
e_000012e2,u_000017df,app_open,2026-07-24T02:03:05Z
e_00001194,u_0000167c,app_open,2026-07-24T02:28:26Z
e_00001305,u_00001800,app_open,2026-07-24T02:44:35Z
e_0000116c,u_00001655,app_open,2026-07-24T03:14:05Z
e_000012fe,u_000017fb,app_open,2026-07-24T03:57:32Z
e_00001287,u_00001773,app_open,2026-07-24T04:07:48Z
e_0000130d,u_00001807,app_open,2026-07-24T04:18:55Z
e_000012ed,u_000017e9,app_open,2026-07-24T04:26:52Z
e_00001326,u_00001815,app_open,2026-07-24T04:43:38Z
e_00001195,u_0000167c,app_open,2026-07-24T04:49:17Z
e_000012fb,u_000017f8,app_open,2026-07-24T05:03:14Z
e_000012b6,u_000017a3,app_open,2026-07-24T05:58:16Z
e_0000101d,u_000014c9,app_open,2026-07-24T06:07:52Z
e_00001327,u_00001816,app_open,2026-07-24T06:16:39Z
e_000011c7,u_000016b5,app_open,2026-07-24T06:33:32Z
e_0000127a,u_0000176b,app_open,2026-07-24T07:08:53Z
e_000012ef,u_000017eb,app_open,2026-07-24T07:37:01Z
e_00001325,u_00001813,app_open,2026-07-24T08:10:10Z
e_00001300,u_000017fe,app_open,2026-07-24T08:12:35Z
e_0000122e,u_00001724,app_open,2026-07-24T08:26:27Z
e_00001313,u_0000180a,app_open,2026-07-24T08:35:03Z
e_000012f0,u_000017ed,app_open,2026-07-24T08:41:44Z
e_000011b6,u_000016a6,app_open,2026-07-24T09:16:25Z
e_000012aa,u_00001797,app_open,2026-07-24T09:17:46Z
e_000012dc,u_000017d8,app_open,2026-07-24T09:51:19Z
e_000012ff,u_000017fc,app_open,2026-07-24T10:33:05Z
e_000012e3,u_000017e1,app_open,2026-07-24T10:55:05Z
e_0000127f,u_0000176e,app_open,2026-07-24T11:40:45Z
e_00001245,u_00001740,app_open,2026-07-24T12:53:54Z
e_000011da,u_000016c8,app_open,2026-07-24T13:11:36Z
e_00001203,u_000016f5,app_open,2026-07-24T13:20:10Z
e_00001317,u_0000180c,app_open,2026-07-24T13:58:16Z
e_000012fa,u_000017f5,app_open,2026-07-24T14:03:07Z
e_0000131a,u_0000180e,app_open,2026-07-24T14:03:44Z
e_000012f4,u_000017f1,app_open,2026-07-24T14:03:55Z
e_000011ad,u_0000169f,app_open,2026-07-24T14:08:23Z
e_00001247,u_00001740,app_open,2026-07-24T14:11:07Z
e_000012ee,u_000017ea,app_open,2026-07-24T14:33:07Z
e_00001323,u_00001812,app_open,2026-07-24T14:53:01Z
e_000012fc,u_000017f9,app_open,2026-07-24T15:36:08Z
e_00001307,u_00001803,app_open,2026-07-24T15:40:45Z
e_0000118a,u_0000166c,app_open,2026-07-24T16:12:58Z
e_000012ec,u_000017e7,app_open,2026-07-24T16:47:31Z
e_00001312,u_00001809,app_open,2026-07-24T17:19:39Z
e_00001270,u_00001762,app_open,2026-07-24T17:52:08Z
e_0000130c,u_00001804,app_open,2026-07-24T17:56:39Z
e_000011c5,u_000016b2,app_open,2026-07-24T18:15:50Z
e_0000120a,u_000016fb,app_open,2026-07-24T18:36:06Z
e_000012f3,u_000017f0,app_open,2026-07-24T18:52:55Z
e_000012e7,u_000017e6,app_open,2026-07-24T19:28:30Z
e_0000131e,u_0000180f,app_open,2026-07-24T19:49:03Z
e_0000125b,u_0000174e,app_open,2026-07-24T19:52:55Z
e_00000ffa,u_000014a6,app_open,2026-07-24T19:57:27Z
e_0000125f,u_00001750,app_open,2026-07-24T20:08:08Z
e_0000130e,u_00001808,app_open,2026-07-24T20:44:10Z
e_0000132c,u_00001817,app_open,2026-07-24T20:48:08Z
e_00001278,u_0000176b,app_open,2026-07-24T21:25:45Z
e_000011e6,u_000016d3,app_open,2026-07-24T22:06:11Z
e_000012f5,u_000017f4,app_open,2026-07-24T22:37:10Z
e_00001269,u_0000175e,app_open,2026-07-24T23:09:23Z
e_00001253,u_0000174a,app_open,2026-07-24T23:37:20Z
e_00001223,u_0000171a,app_open,2026-07-24T23:40:18Z
e_00001208,u_000016fb,app_open,2026-07-25T00:10:21Z
e_000012e6,u_000017e4,app_open,2026-07-25T00:17:56Z
e_00001268,u_0000175e,app_open,2026-07-25T00:24:33Z
e_0000124c,u_00001743,app_open,2026-07-25T00:50:34Z
e_00001337,u_0000181d,app_open,2026-07-25T01:04:31Z
e_0000135c,u_00001847,app_open,2026-07-25T01:20:43Z
e_000011e1,u_000016ce,app_open,2026-07-25T02:09:49Z
e_0000134c,u_0000182f,app_open,2026-07-25T02:22:39Z
e_00001361,u_0000184d,app_open,2026-07-25T03:16:39Z
e_0000134b,u_0000182e,app_open,2026-07-25T03:47:01Z
e_0000135e,u_00001848,app_open,2026-07-25T05:07:32Z
e_00001352,u_0000183b,app_open,2026-07-25T05:41:00Z
e_0000133b,u_00001824,app_open,2026-07-25T05:48:17Z
e_0000126d,u_00001761,app_open,2026-07-25T05:53:14Z
e_0000121e,u_00001716,app_open,2026-07-25T05:57:44Z
e_00001354,u_0000183d,app_open,2026-07-25T06:24:49Z
e_000011e2,u_000016ce,app_open,2026-07-25T06:47:32Z
e_00001331,u_0000181a,app_open,2026-07-25T07:40:30Z
e_00001236,u_0000172b,app_open,2026-07-25T07:51:35Z
e_0000133e,u_00001825,app_open,2026-07-25T08:29:15Z
e_000011db,u_000016c8,app_open,2026-07-25T09:09:13Z
e_00001343,u_0000182a,app_open,2026-07-25T09:59:16Z
e_00001286,u_00001773,app_open,2026-07-25T10:29:36Z
e_00001350,u_00001836,app_open,2026-07-25T10:44:07Z
e_0000126f,u_00001762,app_open,2026-07-25T10:55:58Z
e_00001279,u_0000176b,app_open,2026-07-25T10:57:51Z
e_000011e5,u_000016d3,app_open,2026-07-25T11:31:18Z
e_00001256,u_0000174a,app_open,2026-07-25T11:37:12Z
e_00001351,u_00001839,app_open,2026-07-25T11:44:02Z
e_0000135a,u_00001843,app_open,2026-07-25T11:46:36Z
e_00001359,u_00001840,app_open,2026-07-25T11:53:02Z
e_00001360,u_0000184c,app_open,2026-07-25T11:56:26Z
e_000011a4,u_0000168e,app_open,2026-07-25T12:24:36Z
e_0000133a,u_00001822,app_open,2026-07-25T12:33:53Z
e_00001365,u_0000184e,app_open,2026-07-25T12:34:24Z
e_00001353,u_0000183c,app_open,2026-07-25T13:14:57Z
e_000012ad,u_0000179a,app_open,2026-07-25T14:02:47Z
e_00001338,u_00001820,app_open,2026-07-25T14:04:39Z
e_00001213,u_00001708,app_open,2026-07-25T14:06:24Z
e_00001356,u_0000183f,app_open,2026-07-25T14:20:42Z
e_00001341,u_00001828,app_open,2026-07-25T15:39:04Z
e_00001318,u_0000180c,app_open,2026-07-25T16:21:01Z
e_0000134f,u_00001834,app_open,2026-07-25T16:45:02Z
e_0000125c,u_0000174e,app_open,2026-07-25T17:21:34Z
e_000011a9,u_00001696,app_open,2026-07-25T17:23:41Z
e_00001347,u_0000182c,app_open,2026-07-25T17:31:46Z
e_00001332,u_0000181c,app_open,2026-07-25T18:17:43Z
e_00001319,u_0000180c,app_open,2026-07-25T19:14:19Z
e_0000134e,u_00001833,app_open,2026-07-25T19:21:30Z
e_0000135f,u_00001849,app_open,2026-07-25T20:26:49Z
e_0000135b,u_00001844,app_open,2026-07-25T20:29:44Z
e_000011ea,u_000016d6,app_open,2026-07-25T21:31:21Z
e_00001315,u_0000180a,app_open,2026-07-25T21:44:29Z
e_00001254,u_0000174a,app_open,2026-07-25T22:47:40Z
e_0000134d,u_00001831,app_open,2026-07-25T23:28:07Z
e_0000130a,u_00001803,app_open,2026-07-25T23:35:35Z
e_000012f7,u_000017f4,app_open,2026-07-26T00:57:58Z
e_000011d0,u_000016bc,app_open,2026-07-26T00:59:56Z
e_0000136b,u_00001856,app_open,2026-07-26T01:10:51Z
e_0000136e,u_0000185c,app_open,2026-07-26T02:48:38Z
e_000012a5,u_00001795,app_open,2026-07-26T03:54:39Z
e_00001320,u_0000180f,app_open,2026-07-26T03:54:43Z
e_00001384,u_00001878,app_open,2026-07-26T04:08:48Z
e_000011d3,u_000016bf,app_open,2026-07-26T04:41:37Z
e_00001083,u_0000154d,app_open,2026-07-26T05:14:51Z
e_0000126a,u_0000175e,app_open,2026-07-26T05:24:17Z
e_00001229,u_00001720,app_open,2026-07-26T05:46:40Z
e_00001366,u_0000184f,app_open,2026-07-26T05:49:36Z
e_00001370,u_00001862,app_open,2026-07-26T06:08:01Z
e_00001328,u_00001816,app_open,2026-07-26T06:13:47Z
e_00001138,u_0000160e,app_open,2026-07-26T06:20:37Z
e_0000136f,u_0000185f,app_open,2026-07-26T06:36:18Z
e_0000137e,u_00001870,app_open,2026-07-26T06:45:05Z
e_00001379,u_0000186f,app_open,2026-07-26T07:11:54Z
e_0000122f,u_00001724,app_open,2026-07-26T07:45:57Z
e_000012af,u_0000179a,app_open,2026-07-26T07:50:02Z
e_00001369,u_00001854,app_open,2026-07-26T08:06:31Z
e_00001204,u_000016f5,app_open,2026-07-26T08:23:36Z
e_000011ff,u_000016f1,app_open,2026-07-26T08:47:00Z
e_000010bb,u_0000158d,app_open,2026-07-26T08:57:48Z
e_0000138c,u_0000187c,app_open,2026-07-26T09:48:31Z
e_00001373,u_00001867,app_open,2026-07-26T10:03:12Z
e_00001329,u_00001816,app_open,2026-07-26T10:04:15Z
e_0000126c,u_00001761,app_open,2026-07-26T10:27:29Z
e_00001383,u_00001877,app_open,2026-07-26T10:30:50Z
e_0000136a,u_00001855,app_open,2026-07-26T10:54:19Z
e_000012e8,u_000017e6,app_open,2026-07-26T11:01:56Z
e_00001378,u_0000186e,app_open,2026-07-26T11:20:45Z
e_00001212,u_00001708,app_open,2026-07-26T11:38:50Z
e_0000138d,u_0000187d,app_open,2026-07-26T13:05:23Z
e_00001368,u_00001852,app_open,2026-07-26T13:13:52Z
e_0000123f,u_00001738,app_open,2026-07-26T13:53:00Z
e_0000138f,u_00001882,app_open,2026-07-26T14:50:48Z
e_00001386,u_0000187a,app_open,2026-07-26T15:46:54Z
e_000012e1,u_000017dc,app_open,2026-07-26T16:00:49Z
e_00001381,u_00001875,app_open,2026-07-26T16:29:13Z
e_0000138e,u_0000187f,app_open,2026-07-26T16:33:18Z
e_0000133f,u_00001825,app_open,2026-07-26T16:59:20Z
e_0000121f,u_00001716,app_open,2026-07-26T17:05:03Z
e_00001374,u_00001868,app_open,2026-07-26T17:23:19Z
e_00001390,u_00001885,app_open,2026-07-26T18:00:40Z
e_0000136c,u_00001858,app_open,2026-07-26T18:10:01Z
e_00001372,u_00001864,app_open,2026-07-26T19:21:26Z
e_00001367,u_00001850,app_open,2026-07-26T19:30:11Z
e_000012da,u_000017d8,app_open,2026-07-26T20:17:15Z
e_00001209,u_000016fb,app_open,2026-07-26T20:18:14Z
e_00001380,u_00001872,app_open,2026-07-26T21:28:34Z
e_00001375,u_00001869,app_open,2026-07-26T21:35:24Z
e_00001376,u_0000186b,app_open,2026-07-26T22:10:30Z
e_0000136d,u_00001859,app_open,2026-07-26T23:37:26Z
e_0000138b,u_0000187b,app_open,2026-07-26T23:52:28Z
e_00001382,u_00001876,app_open,2026-07-27T00:11:10Z
e_000013a9,u_0000189f,app_open,2026-07-27T00:28:28Z
e_000013a1,u_00001893,app_open,2026-07-27T01:24:39Z
e_000013a8,u_0000189d,app_open,2026-07-27T02:12:35Z
e_00001398,u_0000188d,app_open,2026-07-27T02:42:30Z
e_00001399,u_0000188e,app_open,2026-07-27T03:00:18Z
e_000013a7,u_0000189c,app_open,2026-07-27T03:13:49Z
e_00001214,u_00001708,app_open,2026-07-27T03:16:30Z
e_00001289,u_00001774,app_open,2026-07-27T03:34:03Z
e_0000139b,u_00001890,app_open,2026-07-27T03:35:43Z
e_0000132e,u_00001817,app_open,2026-07-27T03:36:26Z
e_0000130b,u_00001803,app_open,2026-07-27T05:45:00Z
e_000011fe,u_000016f1,app_open,2026-07-27T06:15:13Z
e_00001215,u_00001708,app_open,2026-07-27T06:37:54Z
e_00001235,u_0000172b,app_open,2026-07-27T06:54:16Z
e_000010a9,u_00001577,app_open,2026-07-27T07:33:42Z
e_00001302,u_000017fe,app_open,2026-07-27T07:49:43Z
e_000013bd,u_000018b3,app_open,2026-07-27T09:05:44Z
e_000013a6,u_0000189a,app_open,2026-07-27T10:22:43Z
e_00001344,u_0000182a,app_open,2026-07-27T10:25:44Z
e_000013bb,u_000018b1,app_open,2026-07-27T11:11:00Z
e_0000127d,u_0000176e,app_open,2026-07-27T11:13:36Z
e_00001330,u_00001817,app_open,2026-07-27T11:20:20Z
e_000013be,u_000018b4,app_open,2026-07-27T11:27:45Z
e_00001296,u_00001785,app_open,2026-07-27T12:13:03Z
e_00001397,u_0000188b,app_open,2026-07-27T12:16:46Z
e_00001396,u_00001888,app_open,2026-07-27T12:38:48Z
e_000012a8,u_00001797,app_open,2026-07-27T12:38:50Z
e_00001234,u_0000172b,app_open,2026-07-27T13:36:12Z
e_0000125e,u_00001750,app_open,2026-07-27T13:37:07Z
e_000013ab,u_000018a3,app_open,2026-07-27T13:39:02Z
e_0000124a,u_00001743,app_open,2026-07-27T13:40:58Z
e_0000137d,u_0000186f,app_open,2026-07-27T14:32:35Z
e_00001144,u_00001617,app_open,2026-07-27T14:50:54Z
e_000013b9,u_000018ac,app_open,2026-07-27T15:36:31Z
e_00001200,u_000016f1,app_open,2026-07-27T15:42:01Z
e_000013aa,u_000018a2,app_open,2026-07-27T15:49:37Z
e_0000139a,u_0000188f,app_open,2026-07-27T16:22:10Z
e_00001294,u_00001785,app_open,2026-07-27T16:39:50Z
e_000013b5,u_000018a8,app_open,2026-07-27T17:38:36Z
e_000012e5,u_000017e1,app_open,2026-07-27T18:01:12Z
e_000012b5,u_000017a3,app_open,2026-07-27T18:07:58Z
e_000012ba,u_000017a6,app_open,2026-07-27T18:41:14Z
e_000013a2,u_00001896,app_open,2026-07-27T18:49:42Z
e_00001260,u_00001750,app_open,2026-07-27T21:13:24Z
e_00001362,u_0000184d,app_open,2026-07-27T21:59:45Z
e_000013a5,u_00001899,app_open,2026-07-27T22:12:10Z
e_000013b0,u_000018a5,app_open,2026-07-27T22:45:42Z
e_000013b7,u_000018a9,app_open,2026-07-27T22:51:29Z
e_000013b4,u_000018a6,app_open,2026-07-27T23:01:37Z
e_000013ba,u_000018af,app_open,2026-07-27T23:26:44Z
e_00001358,u_0000183f,app_open,2026-07-27T23:34:51Z
e_00001246,u_00001740,app_open,2026-07-27T23:58:30Z
e_00001310,u_00001808,app_open,2026-07-28T00:16:36Z
e_0000139d,u_00001891,app_open,2026-07-28T00:36:01Z
e_000013e9,u_000018e4,app_open,2026-07-28T01:11:35Z
e_000013f9,u_000018ed,app_open,2026-07-28T01:19:27Z
e_00001276,u_00001768,app_open,2026-07-28T01:24:53Z
e_000011af,u_0000169f,app_open,2026-07-28T01:29:15Z
e_0000131b,u_0000180e,app_open,2026-07-28T01:51:04Z
e_000013e1,u_000018dd,app_open,2026-07-28T02:03:24Z
e_000013cb,u_000018c2,app_open,2026-07-28T02:05:16Z
e_00001255,u_0000174a,app_open,2026-07-28T02:39:59Z
e_000010f0,u_000015c9,app_open,2026-07-28T03:34:23Z
e_000013bf,u_000018b7,app_open,2026-07-28T03:40:37Z
e_000013cf,u_000018c6,app_open,2026-07-28T03:42:04Z
e_000013f0,u_000018ea,app_open,2026-07-28T03:42:34Z
e_00001335,u_0000181c,app_open,2026-07-28T04:16:24Z
e_000013d8,u_000018d2,app_open,2026-07-28T04:34:06Z
e_000013c1,u_000018ba,app_open,2026-07-28T04:40:57Z
e_00001309,u_00001803,app_open,2026-07-28T05:11:31Z
e_000013de,u_000018d9,app_open,2026-07-28T05:11:35Z
e_000013d0,u_000018c9,app_open,2026-07-28T05:26:00Z
e_00001333,u_0000181c,app_open,2026-07-28T06:09:11Z
e_000013e2,u_000018de,app_open,2026-07-28T06:32:58Z
e_000013ca,u_000018bf,app_open,2026-07-28T06:43:37Z
e_00001348,u_0000182c,app_open,2026-07-28T06:49:56Z
e_0000131c,u_0000180e,app_open,2026-07-28T07:14:02Z
e_00001357,u_0000183f,app_open,2026-07-28T07:46:04Z
e_000012a3,u_00001795,app_open,2026-07-28T07:46:46Z
e_000012eb,u_000017e6,app_open,2026-07-28T07:56:02Z
e_00001304,u_000017fe,app_open,2026-07-28T08:27:01Z
e_0000130f,u_00001808,app_open,2026-07-28T09:41:50Z
e_000013d2,u_000018cc,app_open,2026-07-28T09:42:24Z
e_000013ec,u_000018e7,app_open,2026-07-28T10:11:32Z
e_000013d7,u_000018cf,app_open,2026-07-28T10:17:07Z
e_000013e0,u_000018dc,app_open,2026-07-28T11:05:03Z
e_000012b0,u_0000179a,app_open,2026-07-28T11:29:01Z
e_000012c3,u_000017b2,app_open,2026-07-28T11:34:20Z
e_000013e8,u_000018e3,app_open,2026-07-28T11:48:22Z
e_000013db,u_000018d5,app_open,2026-07-28T11:58:12Z
e_00001316,u_0000180a,app_open,2026-07-28T12:31:10Z
e_000012dd,u_000017d8,app_open,2026-07-28T12:31:14Z
e_000013cd,u_000018c5,app_open,2026-07-28T14:42:42Z
e_000012a4,u_00001795,app_open,2026-07-28T14:58:53Z
e_000013c0,u_000018b9,app_open,2026-07-28T15:04:09Z
e_0000132d,u_00001817,app_open,2026-07-28T15:32:51Z
e_000010cb,u_000015a0,app_open,2026-07-28T15:37:11Z
e_000013dd,u_000018d8,app_open,2026-07-28T15:55:38Z
e_0000133c,u_00001824,app_open,2026-07-28T17:02:28Z
e_000013ff,u_000018f5,app_open,2026-07-28T17:28:19Z
e_00001400,u_000018f7,app_open,2026-07-28T17:42:03Z
e_0000132b,u_00001816,app_open,2026-07-28T17:44:14Z
e_00001283,u_00001771,app_open,2026-07-28T18:19:29Z
e_000013d1,u_000018cb,app_open,2026-07-28T18:44:23Z
e_000013eb,u_000018e6,app_open,2026-07-28T19:14:33Z
e_000013e3,u_000018e0,app_open,2026-07-28T20:30:42Z
e_000013e4,u_000018e2,app_open,2026-07-28T21:38:03Z
e_000013fd,u_000018f0,app_open,2026-07-28T22:11:30Z
e_000013df,u_000018da,app_open,2026-07-28T22:35:25Z
e_000013c5,u_000018bc,app_open,2026-07-28T22:37:21Z
e_000013f5,u_000018eb,app_open,2026-07-29T00:06:32Z
e_000013fe,u_000018f3,app_open,2026-07-29T00:39:08Z
e_00001406,u_000018fe,app_open,2026-07-29T00:59:18Z
e_00001401,u_000018f9,app_open,2026-07-29T01:10:49Z
e_0000131f,u_0000180f,app_open,2026-07-29T01:57:46Z
e_0000131d,u_0000180e,app_open,2026-07-29T02:01:04Z
e_00001392,u_00001885,app_open,2026-07-29T02:48:12Z
e_0000135d,u_00001847,app_open,2026-07-29T03:04:27Z
e_00001410,u_0000190e,app_open,2026-07-29T03:08:33Z
e_000012e4,u_000017e1,app_open,2026-07-29T03:14:50Z
e_00001423,u_0000191d,app_open,2026-07-29T03:35:55Z
e_00001408,u_00001902,app_open,2026-07-29T04:32:23Z
e_00001439,u_00001939,app_open,2026-07-29T05:12:14Z
e_0000142c,u_00001930,app_open,2026-07-29T05:16:55Z
e_00001346,u_0000182a,app_open,2026-07-29T05:54:22Z
e_0000142b,u_0000192d,app_open,2026-07-29T06:00:09Z
e_0000119b,u_00001686,app_open,2026-07-29T06:12:52Z
e_0000140e,u_0000190a,app_open,2026-07-29T06:39:47Z
e_0000140b,u_00001909,app_open,2026-07-29T07:23:08Z
e_00001431,u_00001933,app_open,2026-07-29T07:50:41Z
e_000012f9,u_000017f4,app_open,2026-07-29T08:02:31Z
e_00001123,u_000015fb,app_open,2026-07-29T08:26:58Z
e_0000137c,u_0000186f,app_open,2026-07-29T08:38:41Z
e_00001409,u_00001905,app_open,2026-07-29T08:42:41Z
e_00001334,u_0000181c,app_open,2026-07-29T10:41:25Z
e_00001345,u_0000182a,app_open,2026-07-29T11:05:49Z
e_000013b8,u_000018a9,app_open,2026-07-29T11:17:27Z
e_00001412,u_00001910,app_open,2026-07-29T11:48:08Z
e_00001414,u_00001911,app_open,2026-07-29T11:51:20Z
e_0000142a,u_0000192c,app_open,2026-07-29T12:00:52Z
e_00001402,u_000018fb,app_open,2026-07-29T12:22:58Z
e_0000143b,u_0000193d,app_open,2026-07-29T12:24:19Z
e_00001411,u_0000190f,app_open,2026-07-29T12:32:37Z
e_000013da,u_000018d2,app_open,2026-07-29T12:36:49Z
e_00001427,u_00001926,app_open,2026-07-29T12:38:54Z
e_00001391,u_00001885,app_open,2026-07-29T13:03:37Z
e_00001422,u_0000191b,app_open,2026-07-29T13:24:55Z
e_0000141d,u_00001918,app_open,2026-07-29T14:09:07Z
e_00001311,u_00001808,app_open,2026-07-29T14:41:34Z
e_00001387,u_0000187a,app_open,2026-07-29T14:56:49Z
e_00001303,u_000017fe,app_open,2026-07-29T15:17:19Z
e_0000143a,u_0000193a,app_open,2026-07-29T16:05:08Z
e_00001429,u_00001929,app_open,2026-07-29T16:15:00Z
e_0000142d,u_00001931,app_open,2026-07-29T17:34:51Z
e_00001385,u_00001878,app_open,2026-07-29T17:51:07Z
e_000010fe,u_000015d9,app_open,2026-07-29T18:04:13Z
e_000013c4,u_000018ba,app_open,2026-07-29T18:16:26Z
e_00001415,u_00001914,app_open,2026-07-29T18:53:13Z
e_00001426,u_00001923,app_open,2026-07-29T19:24:01Z
e_000012c2,u_000017b2,app_open,2026-07-29T19:51:22Z
e_00001349,u_0000182c,app_open,2026-07-29T19:52:34Z
e_00001394,u_00001885,app_open,2026-07-29T20:08:54Z
e_00001425,u_00001920,app_open,2026-07-29T20:15:35Z
e_000013d5,u_000018cc,app_open,2026-07-29T21:00:08Z
e_000013ac,u_000018a3,app_open,2026-07-29T21:03:38Z
e_0000141a,u_00001915,app_open,2026-07-29T21:54:39Z
e_00001239,u_0000172f,app_open,2026-07-29T21:58:56Z
e_0000140a,u_00001906,app_open,2026-07-29T22:01:35Z
e_0000141b,u_00001917,app_open,2026-07-29T22:28:16Z
e_00001428,u_00001928,app_open,2026-07-29T22:54:00Z
e_000013b2,u_000018a5,app_open,2026-07-29T22:55:39Z
e_00001404,u_000018fd,app_open,2026-07-29T23:24:34Z
e_00001433,u_00001934,app_open,2026-07-29T23:40:15Z
e_0000140f,u_0000190c,app_open,2026-07-29T23:54:14Z
e_00001434,u_00001936,app_open,2026-07-30T00:06:34Z
e_00001407,u_00001900,app_open,2026-07-30T00:25:19Z
e_000012db,u_000017d8,app_open,2026-07-30T00:52:13Z
e_00001464,u_00001963,app_open,2026-07-30T01:28:09Z
e_00001230,u_00001724,app_open,2026-07-30T01:37:48Z
e_000012f6,u_000017f4,app_open,2026-07-30T02:38:11Z
e_00001308,u_00001803,app_open,2026-07-30T02:48:37Z
e_00001440,u_00001941,app_open,2026-07-30T02:56:21Z
e_00001445,u_00001943,app_open,2026-07-30T03:07:13Z
e_0000145b,u_00001959,app_open,2026-07-30T03:15:19Z
e_00001363,u_0000184d,app_open,2026-07-30T03:26:54Z
e_0000146c,u_0000196b,app_open,2026-07-30T03:32:28Z
e_00001448,u_00001946,app_open,2026-07-30T03:32:55Z
e_00001468,u_00001966,app_open,2026-07-30T03:35:34Z
e_000013f1,u_000018ea,app_open,2026-07-30T04:20:23Z
e_0000145c,u_0000195a,app_open,2026-07-30T04:36:08Z
e_0000146b,u_00001968,app_open,2026-07-30T04:58:25Z
e_0000143f,u_00001940,app_open,2026-07-30T06:43:52Z
e_000013e7,u_000018e2,app_open,2026-07-30T06:57:28Z
e_00001460,u_0000195e,app_open,2026-07-30T07:01:40Z
e_000011f0,u_000016db,app_open,2026-07-30T07:08:40Z
e_0000120d,u_00001701,app_open,2026-07-30T08:11:30Z
e_00001452,u_00001951,app_open,2026-07-30T08:45:13Z
e_000012e0,u_000017dc,app_open,2026-07-30T08:48:18Z
e_000012f1,u_000017ed,app_open,2026-07-30T09:27:09Z
e_000013d9,u_000018d2,app_open,2026-07-30T09:38:39Z
e_0000145f,u_0000195c,app_open,2026-07-30T09:39:57Z
e_000012e9,u_000017e6,app_open,2026-07-30T10:03:13Z
e_00001301,u_000017fe,app_open,2026-07-30T10:06:02Z
e_000012ea,u_000017e6,app_open,2026-07-30T12:08:15Z
e_00001447,u_00001945,app_open,2026-07-30T12:16:34Z
e_00001477,u_00001971,app_open,2026-07-30T12:20:35Z
e_0000144b,u_00001949,app_open,2026-07-30T12:33:23Z
e_0000132a,u_00001816,app_open,2026-07-30T13:01:03Z
e_000011c1,u_000016ae,app_open,2026-07-30T13:34:43Z
e_00001364,u_0000184d,app_open,2026-07-30T13:35:58Z
e_00001321,u_0000180f,app_open,2026-07-30T14:14:48Z
e_00001455,u_00001954,app_open,2026-07-30T14:28:04Z
e_00001172,u_00001659,app_open,2026-07-30T15:05:53Z
e_000013ae,u_000018a3,app_open,2026-07-30T16:21:13Z
e_00001471,u_0000196e,app_open,2026-07-30T16:58:24Z
e_00001449,u_00001947,app_open,2026-07-30T17:00:42Z
e_00001458,u_00001955,app_open,2026-07-30T17:15:09Z
e_00001451,u_0000194f,app_open,2026-07-30T17:46:45Z
e_0000144a,u_00001948,app_open,2026-07-30T18:24:19Z
e_00001462,u_00001960,app_open,2026-07-30T19:09:15Z
e_00001446,u_00001944,app_open,2026-07-30T19:20:55Z
e_000013a3,u_00001896,app_open,2026-07-30T19:53:16Z
e_00001459,u_00001958,app_open,2026-07-30T21:47:17Z
e_00001403,u_000018fb,app_open,2026-07-30T22:14:36Z
e_00001472,u_00001970,app_open,2026-07-30T22:15:41Z
e_0000144c,u_0000194c,app_open,2026-07-30T23:43:26Z
e_0000145d,u_0000195b,app_open,2026-07-30T23:47:05Z
e_00001485,u_00001981,app_open,2026-07-31T00:41:14Z
e_0000141e,u_00001918,app_open,2026-07-31T01:45:07Z
e_0000148f,u_0000198f,app_open,2026-07-31T01:45:24Z
e_0000148b,u_00001989,app_open,2026-07-31T01:54:53Z
e_000013ef,u_000018e7,app_open,2026-07-31T02:04:57Z
e_00001430,u_00001931,app_open,2026-07-31T02:07:19Z
e_00001314,u_0000180a,app_open,2026-07-31T02:18:55Z
e_00001488,u_00001987,app_open,2026-07-31T02:54:29Z
e_000012f8,u_000017f4,app_open,2026-07-31T03:13:04Z
e_0000149a,u_00001997,app_open,2026-07-31T05:51:26Z
e_000013e5,u_000018e2,app_open,2026-07-31T05:53:37Z
e_00001322,u_0000180f,app_open,2026-07-31T07:59:37Z
e_00001389,u_0000187a,app_open,2026-07-31T08:10:10Z
e_000012d1,u_000017c7,app_open,2026-07-31T09:17:39Z
e_0000138a,u_0000187a,app_open,2026-07-31T09:28:45Z
e_0000132f,u_00001817,app_open,2026-07-31T09:47:11Z
e_000014a7,u_000019a4,app_open,2026-07-31T09:49:02Z
e_00001466,u_00001963,app_open,2026-07-31T10:11:34Z
e_00001493,u_00001991,app_open,2026-07-31T10:41:05Z
e_00001487,u_00001985,app_open,2026-07-31T10:47:21Z
e_000013c6,u_000018bc,app_open,2026-07-31T10:49:32Z
e_00001479,u_00001976,app_open,2026-07-31T11:29:57Z
e_00001438,u_00001936,app_open,2026-07-31T11:31:57Z
e_00001478,u_00001973,app_open,2026-07-31T11:37:36Z
e_0000149c,u_0000199b,app_open,2026-07-31T11:55:13Z
e_00001436,u_00001936,app_open,2026-07-31T12:21:38Z
e_000014a1,u_0000199e,app_open,2026-07-31T12:56:09Z
e_00001486,u_00001982,app_open,2026-07-31T13:33:59Z
e_00001498,u_00001996,app_open,2026-07-31T14:23:42Z
e_00001444,u_00001941,app_open,2026-07-31T14:30:24Z
e_00001470,u_0000196b,app_open,2026-07-31T15:14:28Z
e_000013d3,u_000018cc,app_open,2026-07-31T16:14:57Z
e_0000149f,u_0000199c,app_open,2026-07-31T16:26:18Z
e_0000137b,u_0000186f,app_open,2026-07-31T16:51:05Z
e_0000133d,u_00001824,app_open,2026-07-31T16:58:27Z
e_00001489,u_00001988,app_open,2026-07-31T17:39:13Z
e_0000147d,u_0000197c,app_open,2026-07-31T17:48:36Z
e_0000147c,u_00001979,app_open,2026-07-31T18:48:24Z
e_0000148d,u_0000198c,app_open,2026-07-31T19:20:46Z
e_000014a2,u_000019a1,app_open,2026-07-31T19:32:56Z
e_0000148e,u_0000198d,app_open,2026-07-31T19:42:22Z
e_0000149b,u_00001998,app_open,2026-07-31T20:02:51Z
e_00001257,u_0000174a,app_open,2026-07-31T20:14:17Z
e_000014a8,u_000019a7,app_open,2026-07-31T20:21:32Z
e_0000148c,u_0000198b,app_open,2026-07-31T20:31:39Z
e_00001463,u_00001960,app_open,2026-07-31T21:47:06Z
e_000012b7,u_000017a3,app_open,2026-07-31T21:48:12Z
e_00001494,u_00001994,app_open,2026-07-31T22:18:55Z
e_00001483,u_0000197f,app_open,2026-07-31T22:47:34Z
e_000013ee,u_000018e7,app_open,2026-07-31T23:02:09Z
e_00001450,u_0000194c,app_open,2026-07-31T23:30:27Z
e_0000147e,u_0000197e,app_open,2026-07-31T23:51:39Z
e_000014dc,u_000019d6,app_open,2026-08-01T01:07:36Z
e_000014aa,u_000019aa,app_open,2026-08-01T01:28:20Z
e_000014d4,u_000019ca,app_open,2026-08-01T01:53:09Z
e_000014c5,u_000019c0,app_open,2026-08-01T03:20:05Z
e_000011bb,u_000016ab,app_open,2026-08-01T03:24:14Z
e_000014a9,u_000019a8,app_open,2026-08-01T04:21:16Z
e_00001457,u_00001954,app_open,2026-08-01T04:38:26Z
e_000013ce,u_000018c5,app_open,2026-08-01T05:26:31Z
e_00001388,u_0000187a,app_open,2026-08-01T05:47:08Z
e_000014d5,u_000019cd,app_open,2026-08-01T06:56:39Z
e_000014b3,u_000019b0,app_open,2026-08-01T07:11:40Z
e_000014c3,u_000019ba,app_open,2026-08-01T07:44:59Z
e_000014ac,u_000019ab,app_open,2026-08-01T07:48:34Z
e_00001342,u_00001828,app_open,2026-08-01T09:11:56Z
e_0000137a,u_0000186f,app_open,2026-08-01T09:13:07Z
e_000013c2,u_000018ba,app_open,2026-08-01T09:23:29Z
e_00001393,u_00001885,app_open,2026-08-01T11:34:56Z
e_000013fb,u_000018ed,app_open,2026-08-01T12:03:12Z
e_0000134a,u_0000182c,app_open,2026-08-01T12:10:49Z
e_000014d9,u_000019d2,app_open,2026-08-01T12:42:48Z
e_000014af,u_000019ac,app_open,2026-08-01T13:20:28Z
e_000014cd,u_000019c7,app_open,2026-08-01T13:40:20Z
e_000014b5,u_000019b1,app_open,2026-08-01T14:29:43Z
e_000014ba,u_000019b4,app_open,2026-08-01T14:31:13Z
e_000014d0,u_000019c8,app_open,2026-08-01T14:35:36Z
e_000014c2,u_000019b7,app_open,2026-08-01T14:57:15Z
e_000014b2,u_000019ad,app_open,2026-08-01T15:08:29Z
e_000013cc,u_000018c2,app_open,2026-08-01T15:35:32Z
e_00001261,u_00001750,app_open,2026-08-01T15:56:16Z
e_00001473,u_00001970,app_open,2026-08-01T16:03:23Z
e_0000143d,u_0000193d,app_open,2026-08-01T16:52:54Z
e_000014da,u_000019d5,app_open,2026-08-01T17:09:39Z
e_000014bd,u_000019b6,app_open,2026-08-01T17:39:56Z
e_000014c8,u_000019c5,app_open,2026-08-01T17:42:56Z
e_00001420,u_00001918,app_open,2026-08-01T17:56:44Z
e_0000139e,u_00001891,app_open,2026-08-01T18:14:23Z
e_000014c7,u_000019c2,app_open,2026-08-01T19:52:07Z
e_000014c4,u_000019bd,app_open,2026-08-01T20:11:12Z
e_0000140c,u_00001909,app_open,2026-08-01T20:27:58Z
e_000013a4,u_00001896,app_open,2026-08-01T20:28:27Z
e_00001443,u_00001941,app_open,2026-08-01T20:33:25Z
e_000014de,u_000019d9,app_open,2026-08-01T20:42:53Z
e_00001456,u_00001954,app_open,2026-08-01T20:47:03Z
e_00001467,u_00001963,app_open,2026-08-01T20:49:22Z
e_000014b6,u_000019b3,app_open,2026-08-01T21:14:08Z
e_000013af,u_000018a3,app_open,2026-08-01T22:22:18Z
e_00001206,u_000016f8,app_open,2026-08-01T22:23:22Z
e_000014d7,u_000019d0,app_open,2026-08-02T00:08:28Z
e_000014df,u_000019dc,app_open,2026-08-02T00:39:12Z
e_000014ef,u_000019eb,app_open,2026-08-02T01:25:47Z
e_000014e3,u_000019e3,app_open,2026-08-02T03:19:07Z
e_000013fa,u_000018ed,app_open,2026-08-02T03:21:47Z
e_000014e7,u_000019e6,app_open,2026-08-02T03:36:56Z
e_00001511,u_00001a14,app_open,2026-08-02T04:08:13Z
e_00001416,u_00001914,app_open,2026-08-02T04:30:35Z
e_0000124d,u_00001743,app_open,2026-08-02T05:11:25Z
e_0000150b,u_00001a0c,app_open,2026-08-02T05:26:40Z
e_000014ff,u_000019f7,app_open,2026-08-02T06:56:04Z
e_000013f6,u_000018eb,app_open,2026-08-02T06:59:17Z
e_00001442,u_00001941,app_open,2026-08-02T07:14:46Z
e_00001490,u_0000198f,app_open,2026-08-02T07:16:09Z
e_0000129b,u_0000178c,app_open,2026-08-02T07:20:11Z
e_0000144d,u_0000194c,app_open,2026-08-02T07:29:42Z
e_00001417,u_00001914,app_open,2026-08-02T07:51:00Z
e_00001506,u_00001a03,app_open,2026-08-02T08:08:59Z
e_00001421,u_00001918,app_open,2026-08-02T08:09:27Z
e_00001502,u_000019fd,app_open,2026-08-02T10:14:45Z
e_000014fd,u_000019f5,app_open,2026-08-02T10:17:41Z
e_000014e0,u_000019de,app_open,2026-08-02T11:18:50Z
e_0000144f,u_0000194c,app_open,2026-08-02T11:56:27Z
e_00001514,u_00001a1a,app_open,2026-08-02T12:23:29Z
e_000014f2,u_000019ee,app_open,2026-08-02T13:01:12Z
e_0000149e,u_0000199b,app_open,2026-08-02T13:04:58Z
e_00001306,u_00001800,app_open,2026-08-02T13:15:18Z
e_0000122a,u_00001720,app_open,2026-08-02T13:48:23Z
e_000014e2,u_000019e1,app_open,2026-08-02T14:06:03Z
e_00001510,u_00001a11,app_open,2026-08-02T14:12:14Z
e_000013f4,u_000018ea,app_open,2026-08-02T14:15:34Z
e_00001505,u_00001a00,app_open,2026-08-02T14:22:57Z
e_000013d6,u_000018cc,app_open,2026-08-02T14:30:31Z
e_000014e9,u_000019e8,app_open,2026-08-02T14:35:59Z
e_00001476,u_00001970,app_open,2026-08-02T16:45:02Z
e_0000144e,u_0000194c,app_open,2026-08-02T17:06:59Z
e_0000150d,u_00001a0d,app_open,2026-08-02T17:35:24Z
e_00001432,u_00001933,app_open,2026-08-02T18:28:22Z
e_00001512,u_00001a15,app_open,2026-08-02T18:45:23Z
e_000014f4,u_000019f0,app_open,2026-08-02T18:58:16Z
e_000014e1,u_000019e0,app_open,2026-08-02T19:10:13Z
e_0000139c,u_00001890,app_open,2026-08-02T19:58:29Z
e_0000150a,u_00001a0b,app_open,2026-08-02T20:02:16Z
e_000014a6,u_000019a1,app_open,2026-08-02T20:25:52Z
e_000014f5,u_000019f1,app_open,2026-08-02T20:35:24Z
e_000014fb,u_000019f2,app_open,2026-08-02T20:36:37Z
e_00001507,u_00001a06,app_open,2026-08-02T21:09:03Z
e_0000150e,u_00001a0f,app_open,2026-08-02T21:40:22Z
e_000013f3,u_000018ea,app_open,2026-08-02T21:43:09Z
e_0000147a,u_00001976,app_open,2026-08-02T22:01:37Z
e_00001509,u_00001a0a,app_open,2026-08-02T22:26:30Z
e_000014f3,u_000019ef,app_open,2026-08-02T22:36:00Z
e_00001454,u_00001951,app_open,2026-08-02T22:43:43Z
e_00001501,u_000019fa,app_open,2026-08-02T23:03:48Z
e_00001513,u_00001a17,app_open,2026-08-02T23:10:27Z
e_000013d4,u_000018cc,app_open,2026-08-02T23:13:52Z
e_000013c3,u_000018ba,app_open,2026-08-02T23:16:15Z
e_00001508,u_00001a07,app_open,2026-08-02T23:28:34Z
e_000014ce,u_000019c7,app_open,2026-08-03T00:43:29Z
e_000014ca,u_000019c5,app_open,2026-08-03T01:03:13Z
e_0000152a,u_00001a2a,app_open,2026-08-03T01:53:34Z
e_0000143c,u_0000193d,app_open,2026-08-03T03:03:32Z
e_00001516,u_00001a1d,app_open,2026-08-03T03:50:59Z
e_000014d1,u_000019c8,app_open,2026-08-03T04:25:02Z
e_000014bb,u_000019b4,app_open,2026-08-03T04:29:59Z
e_00001536,u_00001a39,app_open,2026-08-03T04:53:44Z
e_00001250,u_00001745,app_open,2026-08-03T04:53:56Z
e_000013f2,u_000018ea,app_open,2026-08-03T04:57:37Z
e_00001521,u_00001a22,app_open,2026-08-03T05:43:45Z
e_00001531,u_00001a35,app_open,2026-08-03T06:01:23Z
e_000011fc,u_000016f0,app_open,2026-08-03T06:21:33Z
e_00001532,u_00001a37,app_open,2026-08-03T06:41:14Z
e_00001520,u_00001a20,app_open,2026-08-03T07:16:33Z
e_000013ad,u_000018a3,app_open,2026-08-03T07:32:53Z
e_000011cc,u_000016b9,app_open,2026-08-03T07:34:52Z
e_0000152c,u_00001a2d,app_open,2026-08-03T07:44:26Z
e_0000151b,u_00001a1f,app_open,2026-08-03T08:16:19Z
e_00001527,u_00001a27,app_open,2026-08-03T08:27:09Z
e_00001515,u_00001a1c,app_open,2026-08-03T08:29:42Z
e_000014d6,u_000019cd,app_open,2026-08-03T08:53:44Z
e_0000152f,u_00001a31,app_open,2026-08-03T09:17:10Z
e_0000140d,u_00001909,app_open,2026-08-03T09:33:50Z
e_0000153c,u_00001a3e,app_open,2026-08-03T09:38:51Z
e_0000139f,u_00001891,app_open,2026-08-03T09:44:16Z
e_00001537,u_00001a3b,app_open,2026-08-03T09:59:20Z
e_0000153d,u_00001a41,app_open,2026-08-03T10:07:07Z
e_00001529,u_00001a29,app_open,2026-08-03T10:28:00Z
e_000013fc,u_000018ed,app_open,2026-08-03T11:52:00Z
e_000013b1,u_000018a5,app_open,2026-08-03T12:20:01Z
e_00001522,u_00001a24,app_open,2026-08-03T12:38:01Z
e_000013e6,u_000018e2,app_open,2026-08-03T12:47:03Z
e_000013a0,u_00001891,app_open,2026-08-03T12:52:55Z
e_0000151a,u_00001a1e,app_open,2026-08-03T12:55:08Z
e_0000146d,u_0000196b,app_open,2026-08-03T13:22:48Z
e_000013c7,u_000018bc,app_open,2026-08-03T13:32:14Z
e_00001530,u_00001a32,app_open,2026-08-03T13:50:03Z
e_00001340,u_00001825,app_open,2026-08-03T16:29:50Z
e_00001528,u_00001a28,app_open,2026-08-03T16:52:54Z
e_0000153f,u_00001a44,app_open,2026-08-03T17:26:51Z
e_0000153e,u_00001a42,app_open,2026-08-03T18:03:59Z
e_0000143e,u_0000193d,app_open,2026-08-03T19:44:31Z
e_00001540,u_00001a47,app_open,2026-08-03T19:54:59Z
e_000014ed,u_000019e8,app_open,2026-08-03T21:06:29Z
e_000013dc,u_000018d5,app_open,2026-08-03T22:03:23Z
e_0000152e,u_00001a2f,app_open,2026-08-03T22:06:58Z
e_000013ed,u_000018e7,app_open,2026-08-04T00:26:43Z
e_0000142f,u_00001931,app_open,2026-08-04T00:48:10Z
e_0000155a,u_00001a60,app_open,2026-08-04T01:10:34Z
e_00001564,u_00001a70,app_open,2026-08-04T01:10:53Z
e_0000155e,u_00001a64,app_open,2026-08-04T01:21:30Z
e_00001560,u_00001a68,app_open,2026-08-04T01:29:59Z
e_000014dd,u_000019d6,app_open,2026-08-04T01:40:35Z
e_00001547,u_00001a4c,app_open,2026-08-04T01:49:09Z
e_00001437,u_00001936,app_open,2026-08-04T01:54:09Z
e_0000157e,u_00001a85,app_open,2026-08-04T05:10:49Z
e_00001550,u_00001a5a,app_open,2026-08-04T05:42:46Z
e_0000146e,u_0000196b,app_open,2026-08-04T05:52:37Z
e_00001562,u_00001a6c,app_open,2026-08-04T07:13:33Z
e_00001551,u_00001a5b,app_open,2026-08-04T08:03:32Z
e_00001217,u_0000170a,app_open,2026-08-04T08:21:52Z
e_00001582,u_00001a88,app_open,2026-08-04T08:36:59Z
e_00001565,u_00001a73,app_open,2026-08-04T08:49:38Z
e_000014a3,u_000019a1,app_open,2026-08-04T09:14:00Z
e_00001578,u_00001a82,app_open,2026-08-04T09:16:39Z
e_0000141f,u_00001918,app_open,2026-08-04T09:20:44Z
e_0000156e,u_00001a7a,app_open,2026-08-04T09:41:17Z
e_00001567,u_00001a78,app_open,2026-08-04T10:13:32Z
e_00001475,u_00001970,app_open,2026-08-04T10:17:19Z
e_00001518,u_00001a1d,app_open,2026-08-04T10:45:09Z
e_0000154e,u_00001a54,app_open,2026-08-04T11:21:52Z
e_00001491,u_0000198f,app_open,2026-08-04T12:10:53Z
e_00001465,u_00001963,app_open,2026-08-04T12:36:35Z
e_00001538,u_00001a3b,app_open,2026-08-04T12:40:20Z
e_00001577,u_00001a80,app_open,2026-08-04T12:43:25Z
e_0000156c,u_00001a79,app_open,2026-08-04T12:44:11Z
e_0000154a,u_00001a52,app_open,2026-08-04T12:49:20Z
e_00001549,u_00001a50,app_open,2026-08-04T12:52:58Z
e_000012c7,u_000017b7,app_open,2026-08-04T13:04:38Z
e_00001496,u_00001994,app_open,2026-08-04T13:15:11Z
e_00001561,u_00001a69,app_open,2026-08-04T13:18:06Z
e_00001542,u_00001a4b,app_open,2026-08-04T13:31:35Z
e_00001541,u_00001a4a,app_open,2026-08-04T13:41:21Z
e_000013f7,u_000018eb,app_open,2026-08-04T13:57:32Z
e_0000155b,u_00001a61,app_open,2026-08-04T14:01:55Z
e_0000154f,u_00001a57,app_open,2026-08-04T14:17:55Z
e_000014f8,u_000019f1,app_open,2026-08-04T14:19:54Z
e_00001453,u_00001951,app_open,2026-08-04T14:31:24Z
e_00001563,u_00001a6d,app_open,2026-08-04T15:01:10Z
e_00001584,u_00001a8a,app_open,2026-08-04T15:08:16Z
e_0000157b,u_00001a84,app_open,2026-08-04T15:18:55Z
e_00001572,u_00001a7e,app_open,2026-08-04T15:58:04Z
e_0000155f,u_00001a67,app_open,2026-08-04T16:00:06Z
e_00001555,u_00001a5e,app_open,2026-08-04T16:26:02Z
e_000013c8,u_000018bc,app_open,2026-08-04T17:45:09Z
e_00001566,u_00001a75,app_open,2026-08-04T18:04:49Z
e_0000149d,u_0000199b,app_open,2026-08-04T18:52:24Z
e_00001324,u_00001812,app_open,2026-08-04T19:36:49Z
e_000014bf,u_000019b6,app_open,2026-08-04T19:41:35Z
e_0000146f,u_0000196b,app_open,2026-08-04T19:52:29Z
e_000012f2,u_000017ed,app_open,2026-08-04T20:15:13Z
e_00001548,u_00001a4f,app_open,2026-08-04T20:38:11Z
e_0000128a,u_00001774,app_open,2026-08-04T20:43:57Z
e_0000147b,u_00001976,app_open,2026-08-04T22:03:12Z
e_0000156f,u_00001a7d,app_open,2026-08-04T22:05:32Z
e_00001461,u_0000195e,app_open,2026-08-04T22:05:59Z
e_000014ae,u_000019ab,app_open,2026-08-04T23:36:41Z
e_00001583,u_00001a89,app_open,2026-08-04T23:54:36Z
e_000014b4,u_000019b0,app_open,2026-08-05T01:18:38Z
e_000015af,u_00001ac8,app_open,2026-08-05T01:21:26Z
e_00001594,u_00001a9e,app_open,2026-08-05T02:09:24Z
e_00001418,u_00001914,app_open,2026-08-05T02:51:09Z
e_0000159f,u_00001aaf,app_open,2026-08-05T03:02:09Z
e_0000158b,u_00001a90,app_open,2026-08-05T03:42:07Z
e_0000159a,u_00001aa9,app_open,2026-08-05T03:54:00Z
e_000015ab,u_00001ac2,app_open,2026-08-05T04:09:12Z
e_000012d3,u_000017ca,app_open,2026-08-05T04:56:58Z
e_000015ae,u_00001ac5,app_open,2026-08-05T05:48:05Z
e_000015bb,u_00001ad8,app_open,2026-08-05T07:08:44Z
e_000014cb,u_000019c5,app_open,2026-08-05T07:15:47Z
e_00001596,u_00001a9f,app_open,2026-08-05T07:21:15Z
e_00001523,u_00001a24,app_open,2026-08-05T07:24:25Z
e_000015b0,u_00001ac9,app_open,2026-08-05T07:28:36Z
e_00001469,u_00001966,app_open,2026-08-05T08:07:07Z
e_000012ce,u_000017c4,app_open,2026-08-05T08:20:45Z
e_00001591,u_00001a99,app_open,2026-08-05T09:04:30Z
e_000015b1,u_00001aca,app_open,2026-08-05T09:34:09Z
e_000015b5,u_00001ad3,app_open,2026-08-05T10:16:52Z
e_000015a9,u_00001abf,app_open,2026-08-05T10:22:40Z
e_00001585,u_00001a8c,app_open,2026-08-05T10:35:51Z
e_000015b6,u_00001ad4,app_open,2026-08-05T10:59:59Z
e_00001598,u_00001aa4,app_open,2026-08-05T11:10:26Z
e_0000156a,u_00001a78,app_open,2026-08-05T11:46:12Z
e_000015b4,u_00001ad0,app_open,2026-08-05T12:01:18Z
e_00001339,u_00001820,app_open,2026-08-05T12:09:14Z
e_0000142e,u_00001931,app_open,2026-08-05T12:18:32Z
e_0000158a,u_00001a8e,app_open,2026-08-05T12:27:43Z
e_000014e6,u_000019e3,app_open,2026-08-05T13:26:46Z
e_0000154b,u_00001a52,app_open,2026-08-05T13:34:48Z
e_00001441,u_00001941,app_open,2026-08-05T13:35:58Z
e_00001435,u_00001936,app_open,2026-08-05T13:46:35Z
e_000015a1,u_00001ab3,app_open,2026-08-05T13:59:28Z
e_000015b7,u_00001ad5,app_open,2026-08-05T14:05:02Z
e_000015a5,u_00001ab8,app_open,2026-08-05T14:19:28Z
e_00001599,u_00001aa7,app_open,2026-08-05T14:40:30Z
e_0000151c,u_00001a1f,app_open,2026-08-05T14:59:46Z
e_0000147f,u_0000197e,app_open,2026-08-05T15:15:19Z
e_00001539,u_00001a3b,app_open,2026-08-05T15:39:29Z
e_000014f7,u_000019f1,app_open,2026-08-05T15:41:47Z
e_0000158d,u_00001a95,app_open,2026-08-05T16:52:58Z
e_000015a6,u_00001ab9,app_open,2026-08-05T17:23:15Z
e_000015a7,u_00001abc,app_open,2026-08-05T17:28:27Z
e_000014e4,u_000019e3,app_open,2026-08-05T17:52:18Z
e_0000159e,u_00001aad,app_open,2026-08-05T17:56:00Z
e_0000155c,u_00001a61,app_open,2026-08-05T18:41:59Z
e_00001556,u_00001a5e,app_open,2026-08-05T18:51:18Z
e_0000158c,u_00001a92,app_open,2026-08-05T19:06:25Z
e_000015b3,u_00001acd,app_open,2026-08-05T19:06:59Z
e_00001517,u_00001a1d,app_open,2026-08-05T20:14:51Z
e_00001597,u_00001aa1,app_open,2026-08-05T21:11:29Z
e_000015a3,u_00001ab5,app_open,2026-08-05T21:27:40Z
e_0000159d,u_00001aac,app_open,2026-08-05T21:39:28Z
e_000015ad,u_00001ac4,app_open,2026-08-05T21:43:27Z
e_00001593,u_00001a9c,app_open,2026-08-05T22:20:32Z
e_0000158e,u_00001a97,app_open,2026-08-05T22:41:52Z
e_000015aa,u_00001ac0,app_open,2026-08-05T22:55:55Z
e_000014b8,u_000019b3,app_open,2026-08-05T23:21:51Z
e_00001580,u_00001a85,app_open,2026-08-05T23:25:44Z
e_000015a0,u_00001ab0,app_open,2026-08-06T00:13:05Z
e_000014a0,u_0000199c,app_open,2026-08-06T00:43:43Z
e_000012bf,u_000017af,app_open,2026-08-06T00:52:48Z
e_00001525,u_00001a24,app_open,2026-08-06T01:07:37Z
e_00001482,u_0000197e,app_open,2026-08-06T01:21:58Z
e_00001575,u_00001a7e,app_open,2026-08-06T02:18:42Z
e_0000153a,u_00001a3b,app_open,2026-08-06T02:41:08Z
e_000014cc,u_000019c5,app_open,2026-08-06T02:59:20Z
e_000015ca,u_00001ae6,app_open,2026-08-06T03:00:00Z
e_000012bb,u_000017a6,app_open,2026-08-06T03:30:57Z
e_000013b6,u_000018a8,app_open,2026-08-06T03:41:29Z
e_000015e7,u_00001b06,app_open,2026-08-06T03:48:57Z
e_000012fd,u_000017f9,app_open,2026-08-06T04:50:48Z
e_000014a5,u_000019a1,app_open,2026-08-06T05:10:36Z
e_000014e8,u_000019e6,app_open,2026-08-06T05:34:39Z
e_000015d4,u_00001aef,app_open,2026-08-06T05:39:05Z
e_000015c5,u_00001ade,app_open,2026-08-06T06:57:25Z
e_000014ea,u_000019e8,app_open,2026-08-06T08:15:34Z
e_0000151f,u_00001a1f,app_open,2026-08-06T08:26:57Z
e_00001355,u_0000183d,app_open,2026-08-06T09:34:55Z
e_00001574,u_00001a7e,app_open,2026-08-06T09:43:36Z
e_000015e8,u_00001b09,app_open,2026-08-06T09:56:39Z
e_000015dd,u_00001afd,app_open,2026-08-06T10:50:01Z
e_000015e3,u_00001b00,app_open,2026-08-06T11:43:44Z
e_000015cc,u_00001aea,app_open,2026-08-06T12:26:31Z
e_00001546,u_00001a4b,app_open,2026-08-06T12:44:18Z
e_000014cf,u_000019c7,app_open,2026-08-06T13:10:35Z
e_00001595,u_00001a9e,app_open,2026-08-06T13:18:10Z
e_000015e4,u_00001b02,app_open,2026-08-06T13:50:37Z
e_000015c9,u_00001ae3,app_open,2026-08-06T14:10:08Z
e_000014b7,u_000019b3,app_open,2026-08-06T14:17:37Z
e_00001474,u_00001970,app_open,2026-08-06T14:22:59Z
e_000015d6,u_00001af3,app_open,2026-08-06T15:57:15Z
e_000015e9,u_00001b0b,app_open,2026-08-06T16:55:22Z
e_000015d5,u_00001af1,app_open,2026-08-06T17:08:53Z
e_000015c0,u_00001ad9,app_open,2026-08-06T17:34:47Z
e_000015e6,u_00001b04,app_open,2026-08-06T18:06:59Z
e_000015e2,u_00001aff,app_open,2026-08-06T18:07:14Z
e_000015c6,u_00001ae0,app_open,2026-08-06T18:30:50Z
e_000015db,u_00001afa,app_open,2026-08-06T18:36:52Z
e_000014c1,u_000019b6,app_open,2026-08-06T18:54:05Z
e_000015cd,u_00001aeb,app_open,2026-08-06T19:04:08Z
e_000014bc,u_000019b4,app_open,2026-08-06T19:42:42Z
e_000015d8,u_00001af8,app_open,2026-08-06T19:59:20Z
e_000015cb,u_00001ae8,app_open,2026-08-06T20:10:04Z
e_000015dc,u_00001afc,app_open,2026-08-06T20:28:13Z
e_000015c4,u_00001adc,app_open,2026-08-06T20:37:50Z
e_0000137f,u_00001870,app_open,2026-08-06T20:40:02Z
e_000015c7,u_00001ae2,app_open,2026-08-06T21:53:01Z
e_000015ba,u_00001ad5,app_open,2026-08-06T22:10:16Z
e_000015d2,u_00001aed,app_open,2026-08-06T22:19:18Z
e_00001568,u_00001a78,app_open,2026-08-06T22:46:01Z
e_000015d7,u_00001af5,app_open,2026-08-06T22:56:32Z
e_000015c2,u_00001ada,app_open,2026-08-06T23:19:30Z
e_00001481,u_0000197e,app_open,2026-08-07T00:33:49Z
e_000015e1,u_00001afe,app_open,2026-08-07T00:37:11Z
e_000015fd,u_00001b1d,app_open,2026-08-07T00:44:42Z
e_0000160b,u_00001b2f,app_open,2026-08-07T00:50:47Z
e_000014ad,u_000019ab,app_open,2026-08-07T01:30:42Z
e_0000161a,u_00001b3e,app_open,2026-08-07T01:34:19Z
e_00001554,u_00001a5b,app_open,2026-08-07T02:03:16Z
e_00001600,u_00001b24,app_open,2026-08-07T02:49:34Z
e_00001613,u_00001b33,app_open,2026-08-07T03:03:28Z
e_0000157d,u_00001a84,app_open,2026-08-07T03:28:45Z
e_000015ff,u_00001b21,app_open,2026-08-07T03:35:08Z
e_0000156b,u_00001a78,app_open,2026-08-07T04:14:08Z
e_000015f7,u_00001b17,app_open,2026-08-07T05:05:46Z
e_00001519,u_00001a1d,app_open,2026-08-07T05:38:57Z
e_00001605,u_00001b28,app_open,2026-08-07T05:46:11Z
e_0000161e,u_00001b43,app_open,2026-08-07T06:12:38Z
e_00001534,u_00001a37,app_open,2026-08-07T06:25:46Z
e_000014d2,u_000019c8,app_open,2026-08-07T06:35:05Z
e_000015f5,u_00001b14,app_open,2026-08-07T08:07:27Z
e_0000159c,u_00001aa9,app_open,2026-08-07T08:35:18Z
e_00001607,u_00001b29,app_open,2026-08-07T08:49:59Z
e_00001495,u_00001994,app_open,2026-08-07T09:54:35Z
e_000015ee,u_00001b10,app_open,2026-08-07T10:15:26Z
e_00001603,u_00001b25,app_open,2026-08-07T10:29:10Z
e_0000160d,u_00001b30,app_open,2026-08-07T10:30:31Z
e_000014a4,u_000019a1,app_open,2026-08-07T10:31:33Z
e_00001419,u_00001914,app_open,2026-08-07T10:33:29Z
e_0000160a,u_00001b2e,app_open,2026-08-07T10:43:31Z
e_00001619,u_00001b3d,app_open,2026-08-07T11:15:21Z
e_000015ed,u_00001b0e,app_open,2026-08-07T11:25:40Z
e_00001604,u_00001b26,app_open,2026-08-07T12:42:27Z
e_000015f6,u_00001b15,app_open,2026-08-07T12:51:49Z
e_00001618,u_00001b3b,app_open,2026-08-07T13:37:49Z
e_0000154c,u_00001a52,app_open,2026-08-07T13:53:16Z
e_00001480,u_0000197e,app_open,2026-08-07T14:00:39Z
e_000015fe,u_00001b1e,app_open,2026-08-07T15:06:25Z
e_00001497,u_00001994,app_open,2026-08-07T15:29:42Z
e_00001608,u_00001b2c,app_open,2026-08-07T15:33:12Z
e_0000157f,u_00001a85,app_open,2026-08-07T15:46:42Z
e_000014ec,u_000019e8,app_open,2026-08-07T15:57:55Z
e_00001544,u_00001a4b,app_open,2026-08-07T16:09:14Z
e_0000161d,u_00001b42,app_open,2026-08-07T16:28:09Z
e_00001377,u_0000186b,app_open,2026-08-07T18:02:45Z
e_0000159b,u_00001aa9,app_open,2026-08-07T18:40:34Z
e_00001503,u_000019fd,app_open,2026-08-07T19:32:08Z
e_000015f8,u_00001b18,app_open,2026-08-07T20:00:13Z
e_000013f8,u_000018eb,app_open,2026-08-07T20:04:39Z
e_00001617,u_00001b3a,app_open,2026-08-07T20:15:40Z
e_000015f9,u_00001b1a,app_open,2026-08-07T21:02:47Z
e_000014c0,u_000019b6,app_open,2026-08-07T21:15:31Z
e_00001543,u_00001a4b,app_open,2026-08-07T21:39:41Z
e_000014b0,u_000019ac,app_open,2026-08-07T22:20:44Z
e_00001615,u_00001b37,app_open,2026-08-07T22:28:26Z
e_0000161b,u_00001b40,app_open,2026-08-07T22:33:28Z
e_0000160e,u_00001b32,app_open,2026-08-07T22:43:40Z
e_000015bd,u_00001ad8,app_open,2026-08-07T22:56:53Z
e_000015be,u_00001ad8,app_open,2026-08-07T23:13:57Z
e_00001559,u_00001a5e,app_open,2026-08-07T23:23:38Z
e_000015d9,u_00001af8,app_open,2026-08-07T23:55:17Z
e_000015f0,u_00001b13,app_open,2026-08-08T00:00:12Z
e_00001614,u_00001b34,app_open,2026-08-08T00:16:58Z
e_000015ce,u_00001aeb,app_open,2026-08-08T00:51:45Z
e_00001649,u_00001b74,app_open,2026-08-08T00:53:36Z
e_000015a4,u_00001ab5,app_open,2026-08-08T02:09:56Z
e_00001579,u_00001a82,app_open,2026-08-08T02:12:35Z
e_000014fc,u_000019f2,app_open,2026-08-08T02:57:09Z
e_0000151e,u_00001a1f,app_open,2026-08-08T03:03:58Z
e_00001573,u_00001a7e,app_open,2026-08-08T03:29:46Z
e_0000154d,u_00001a52,app_open,2026-08-08T04:48:32Z
e_0000164a,u_00001b76,app_open,2026-08-08T05:05:33Z
e_00001647,u_00001b71,app_open,2026-08-08T05:06:40Z
e_00001639,u_00001b60,app_open,2026-08-08T05:18:22Z
e_000014be,u_000019b6,app_open,2026-08-08T05:36:30Z
e_0000161f,u_00001b45,app_open,2026-08-08T05:59:24Z
e_00001635,u_00001b5d,app_open,2026-08-08T06:00:24Z
e_00001526,u_00001a24,app_open,2026-08-08T06:09:23Z
e_00001628,u_00001b51,app_open,2026-08-08T06:20:32Z
e_00001644,u_00001b6c,app_open,2026-08-08T06:45:04Z
e_000014c9,u_000019c5,app_open,2026-08-08T06:56:15Z
e_00001643,u_00001b69,app_open,2026-08-08T07:08:30Z
e_00001371,u_00001862,app_open,2026-08-08T07:09:42Z
e_00001545,u_00001a4b,app_open,2026-08-08T07:52:45Z
e_0000157c,u_00001a84,app_open,2026-08-08T07:55:24Z
e_0000162c,u_00001b5a,app_open,2026-08-08T07:58:15Z
e_0000163b,u_00001b62,app_open,2026-08-08T08:37:33Z
e_000014f0,u_000019eb,app_open,2026-08-08T08:59:35Z
e_00001648,u_00001b72,app_open,2026-08-08T09:15:01Z
e_00001620,u_00001b47,app_open,2026-08-08T09:24:13Z
e_0000145a,u_00001958,app_open,2026-08-08T09:32:25Z
e_00001622,u_00001b48,app_open,2026-08-08T10:45:10Z
e_000015eb,u_00001b0b,app_open,2026-08-08T10:56:07Z
e_00001571,u_00001a7d,app_open,2026-08-08T12:11:01Z
e_00001623,u_00001b49,app_open,2026-08-08T12:29:37Z
e_0000163f,u_00001b65,app_open,2026-08-08T14:23:12Z
e_00001588,u_00001a8c,app_open,2026-08-08T14:32:24Z
e_00001504,u_000019fd,app_open,2026-08-08T15:05:12Z
e_0000162a,u_00001b57,app_open,2026-08-08T15:24:10Z
e_00001631,u_00001b5b,app_open,2026-08-08T15:29:49Z
e_0000162b,u_00001b58,app_open,2026-08-08T15:45:52Z
e_00001395,u_00001885,app_open,2026-08-08T17:40:56Z
e_00001629,u_00001b54,app_open,2026-08-08T18:22:44Z
e_00001576,u_00001a7e,app_open,2026-08-08T18:33:35Z
e_000014f1,u_000019eb,app_open,2026-08-08T19:37:34Z
e_00001627,u_00001b50,app_open,2026-08-08T20:09:58Z
e_0000153b,u_00001a3b,app_open,2026-08-08T20:41:17Z
e_000014eb,u_000019e8,app_open,2026-08-08T21:25:19Z
e_00001336,u_0000181c,app_open,2026-08-08T22:03:00Z
e_00001626,u_00001b4d,app_open,2026-08-08T22:10:14Z
e_0000151d,u_00001a1f,app_open,2026-08-08T22:13:22Z
e_000014e5,u_000019e3,app_open,2026-08-08T22:39:17Z
e_00001646,u_00001b6f,app_open,2026-08-08T23:39:41Z
e_00001662,u_00001b96,app_open,2026-08-09T00:12:42Z
e_00001642,u_00001b67,app_open,2026-08-09T00:32:40Z
e_0000165f,u_00001b8f,app_open,2026-08-09T00:35:00Z
e_00001625,u_00001b4c,app_open,2026-08-09T00:40:11Z
e_000014f6,u_000019f1,app_open,2026-08-09T00:57:19Z
e_00001558,u_00001a5e,app_open,2026-08-09T01:00:46Z
e_000015fb,u_00001b1a,app_open,2026-08-09T01:26:43Z
e_0000165c,u_00001b89,app_open,2026-08-09T02:40:31Z
e_00001675,u_00001baf,app_open,2026-08-09T02:47:09Z
e_00001667,u_00001b9f,app_open,2026-08-09T03:52:54Z
e_00001672,u_00001ba9,app_open,2026-08-09T04:08:06Z
e_00001658,u_00001b83,app_open,2026-08-09T04:22:03Z
e_00001665,u_00001b9b,app_open,2026-08-09T04:34:13Z
e_00001674,u_00001bac,app_open,2026-08-09T04:57:10Z
e_00001557,u_00001a5e,app_open,2026-08-09T04:59:03Z
e_00001673,u_00001bab,app_open,2026-08-09T05:22:51Z
e_0000164e,u_00001b79,app_open,2026-08-09T06:01:43Z
e_0000166a,u_00001ba3,app_open,2026-08-09T06:44:57Z
e_00001661,u_00001b94,app_open,2026-08-09T07:02:39Z
e_00001666,u_00001b9e,app_open,2026-08-09T09:24:35Z
e_00001657,u_00001b80,app_open,2026-08-09T09:38:19Z
e_000013ea,u_000018e4,app_open,2026-08-09T10:04:38Z
e_000014f9,u_000019f1,app_open,2026-08-09T10:14:20Z
e_000015ec,u_00001b0b,app_open,2026-08-09T10:24:57Z
e_0000163d,u_00001b62,app_open,2026-08-09T10:27:08Z
e_00001671,u_00001ba8,app_open,2026-08-09T10:51:31Z
e_0000165d,u_00001b8c,app_open,2026-08-09T11:19:23Z
e_00001663,u_00001b99,app_open,2026-08-09T11:37:54Z
e_0000157a,u_00001a82,app_open,2026-08-09T11:59:30Z
e_00001533,u_00001a37,app_open,2026-08-09T12:05:55Z
e_00001586,u_00001a8c,app_open,2026-08-09T12:21:19Z
e_00001668,u_00001ba0,app_open,2026-08-09T13:07:37Z
e_00001484,u_0000197f,app_open,2026-08-09T14:02:21Z
e_000015b8,u_00001ad5,app_open,2026-08-09T15:57:52Z
e_00001664,u_00001b9a,app_open,2026-08-09T17:34:39Z
e_00001424,u_0000191d,app_open,2026-08-09T17:39:25Z
e_00001669,u_00001ba2,app_open,2026-08-09T18:06:32Z
e_000015e0,u_00001afd,app_open,2026-08-09T18:29:06Z
e_00001660,u_00001b91,app_open,2026-08-09T18:49:58Z
e_00001587,u_00001a8c,app_open,2026-08-09T19:16:24Z
e_00001652,u_00001b7e,app_open,2026-08-09T20:29:31Z
e_00001535,u_00001a37,app_open,2026-08-09T21:10:36Z
e_0000165b,u_00001b86,app_open,2026-08-09T21:29:44Z
e_00001553,u_00001a5b,app_open,2026-08-09T21:47:45Z
e_0000164f,u_00001b7c,app_open,2026-08-09T21:53:28Z
e_00001610,u_00001b32,app_open,2026-08-09T22:59:41Z
e_0000166f,u_00001ba5,app_open,2026-08-10T00:20:17Z
e_0000168a,u_00001bca,app_open,2026-08-10T00:42:55Z
e_0000168e,u_00001bd4,app_open,2026-08-10T01:12:15Z
e_000015fa,u_00001b1a,app_open,2026-08-10T01:20:14Z
e_00001524,u_00001a24,app_open,2026-08-10T01:54:03Z
e_000015de,u_00001afd,app_open,2026-08-10T02:53:00Z
e_00001689,u_00001bc8,app_open,2026-08-10T03:20:38Z
e_0000168b,u_00001bcb,app_open,2026-08-10T03:31:17Z
e_000013bc,u_000018b1,app_open,2026-08-10T04:31:46Z
e_00001682,u_00001bbd,app_open,2026-08-10T04:37:39Z
e_0000167c,u_00001bb6,app_open,2026-08-10T04:41:02Z
e_0000169d,u_00001bdf,app_open,2026-08-10T04:42:00Z
e_00001688,u_00001bc5,app_open,2026-08-10T05:06:40Z
e_0000167b,u_00001bb4,app_open,2026-08-10T06:01:11Z
e_000015bf,u_00001ad8,app_open,2026-08-10T07:25:28Z
e_00001696,u_00001bda,app_open,2026-08-10T07:34:13Z
e_0000148a,u_00001988,app_open,2026-08-10T07:52:08Z
e_000013b3,u_000018a5,app_open,2026-08-10T07:58:44Z
e_00001685,u_00001bc2,app_open,2026-08-10T07:59:05Z
e_000016a8,u_00001be9,app_open,2026-08-10T10:06:54Z
e_00001641,u_00001b65,app_open,2026-08-10T10:09:42Z
e_000015ea,u_00001b0b,app_open,2026-08-10T10:45:44Z
e_00001638,u_00001b5d,app_open,2026-08-10T12:29:00Z
e_00001677,u_00001bb2,app_open,2026-08-10T13:06:14Z
e_00001691,u_00001bd5,app_open,2026-08-10T13:28:56Z
e_0000155d,u_00001a61,app_open,2026-08-10T13:51:30Z
e_0000146a,u_00001966,app_open,2026-08-10T14:01:45Z
e_000015b9,u_00001ad5,app_open,2026-08-10T14:03:51Z
e_0000168d,u_00001bd1,app_open,2026-08-10T14:38:27Z
e_000016a4,u_00001be4,app_open,2026-08-10T14:50:36Z
e_000014b9,u_000019b3,app_open,2026-08-10T15:06:04Z
e_00001695,u_00001bd9,app_open,2026-08-10T15:20:12Z
e_000016a7,u_00001be7,app_open,2026-08-10T15:24:50Z
e_000015f4,u_00001b13,app_open,2026-08-10T15:36:56Z
e_00001683,u_00001bc0,app_open,2026-08-10T15:39:23Z
e_00001678,u_00001bb3,app_open,2026-08-10T16:14:57Z
e_00001633,u_00001b5b,app_open,2026-08-10T16:18:53Z
e_000014ee,u_000019e8,app_open,2026-08-10T18:55:28Z
e_0000169f,u_00001be3,app_open,2026-08-10T19:05:47Z
e_000015f3,u_00001b13,app_open,2026-08-10T19:07:31Z
e_000014d3,u_000019c8,app_open,2026-08-10T20:00:36Z
e_0000169e,u_00001be1,app_open,2026-08-10T20:54:13Z
e_0000167e,u_00001bba,app_open,2026-08-10T21:16:08Z
e_00001694,u_00001bd6,app_open,2026-08-10T21:18:28Z
e_0000168c,u_00001bce,app_open,2026-08-10T21:57:48Z
e_000016a9,u_00001bec,app_open,2026-08-10T22:00:52Z
e_00001552,u_00001a5b,app_open,2026-08-10T22:44:03Z
e_0000169b,u_00001bdd,app_open,2026-08-10T23:02:23Z
e_000014db,u_000019d5,app_open,2026-08-10T23:11:30Z
e_00001650,u_00001b7c,app_open,2026-08-10T23:17:43Z
e_0000166c,u_00001ba3,app_open,2026-08-10T23:26:53Z
e_000015f2,u_00001b13,app_open,2026-08-11T00:01:43Z
e_0000167f,u_00001bbc,app_open,2026-08-11T00:06:56Z
e_00001687,u_00001bc4,app_open,2026-08-11T00:18:51Z
e_0000167d,u_00001bb8,app_open,2026-08-11T00:21:56Z
e_000016db,u_00001c20,app_open,2026-08-11T01:15:51Z
e_000016c1,u_00001c08,app_open,2026-08-11T01:25:24Z
e_000016ec,u_00001c37,app_open,2026-08-11T01:34:39Z
e_00001690,u_00001bd4,app_open,2026-08-11T02:10:12Z
e_000016cc,u_00001c12,app_open,2026-08-11T02:53:45Z
e_000014b1,u_000019ac,app_open,2026-08-11T03:18:29Z
e_000016b6,u_00001bfa,app_open,2026-08-11T03:23:05Z
e_0000165a,u_00001b83,app_open,2026-08-11T03:47:30Z
e_000016de,u_00001c25,app_open,2026-08-11T04:09:30Z
e_000016b3,u_00001bf6,app_open,2026-08-11T04:37:44Z
e_000016bf,u_00001c02,app_open,2026-08-11T04:44:59Z
e_00001569,u_00001a78,app_open,2026-08-11T04:53:52Z
e_000016b2,u_00001bf4,app_open,2026-08-11T05:09:58Z
e_000016b4,u_00001bf7,app_open,2026-08-11T05:17:26Z
e_000016cb,u_00001c10,app_open,2026-08-11T06:33:43Z
e_000016c5,u_00001c09,app_open,2026-08-11T06:35:23Z
e_00001590,u_00001a97,app_open,2026-08-11T06:38:11Z
e_000015fc,u_00001b1a,app_open,2026-08-11T06:46:38Z
e_000016ca,u_00001c0e,app_open,2026-08-11T06:53:44Z
e_000016e8,u_00001c33,app_open,2026-08-11T07:35:48Z
e_000016e3,u_00001c29,app_open,2026-08-11T07:41:03Z
e_0000164c,u_00001b76,app_open,2026-08-11T08:52:19Z
e_000016d1,u_00001c1a,app_open,2026-08-11T09:10:57Z
e_000016e1,u_00001c28,app_open,2026-08-11T09:12:40Z
e_000016e6,u_00001c2d,app_open,2026-08-11T09:13:22Z
e_00001637,u_00001b5d,app_open,2026-08-11T09:16:46Z
e_000016e9,u_00001c36,app_open,2026-08-11T09:20:50Z
e_00001601,u_00001b24,app_open,2026-08-11T09:30:55Z
e_0000158f,u_00001a97,app_open,2026-08-11T09:42:06Z
e_000016d5,u_00001c1c,app_open,2026-08-11T09:56:06Z
e_000015bc,u_00001ad8,app_open,2026-08-11T10:34:13Z
e_0000162e,u_00001b5a,app_open,2026-08-11T10:53:05Z
e_000016b5,u_00001bf9,app_open,2026-08-11T11:16:34Z
e_00001492,u_0000198f,app_open,2026-08-11T11:31:28Z
e_000015df,u_00001afd,app_open,2026-08-11T11:36:03Z
e_000015c1,u_00001ad9,app_open,2026-08-11T11:56:33Z
e_000015d0,u_00001aeb,app_open,2026-08-11T12:27:18Z
e_000016aa,u_00001bee,app_open,2026-08-11T12:32:21Z
e_000013c9,u_000018bc,app_open,2026-08-11T12:51:20Z
e_00001589,u_00001a8c,app_open,2026-08-11T12:55:24Z
e_000016b9,u_00001bff,app_open,2026-08-11T13:13:15Z
e_000016b7,u_00001bfc,app_open,2026-08-11T13:20:04Z
e_000016e7,u_00001c30,app_open,2026-08-11T14:46:44Z
e_000016c6,u_00001c0b,app_open,2026-08-11T15:08:56Z
e_000016ba,u_00001c01,app_open,2026-08-11T15:14:32Z
e_000016b1,u_00001bf2,app_open,2026-08-11T15:35:37Z
e_000016c0,u_00001c05,app_open,2026-08-11T15:42:43Z
e_000015d3,u_00001aed,app_open,2026-08-11T16:05:34Z
e_00001570,u_00001a7d,app_open,2026-08-11T16:48:41Z
e_00001640,u_00001b65,app_open,2026-08-11T16:58:01Z
e_000016da,u_00001c1d,app_open,2026-08-11T17:26:51Z
e_000016e5,u_00001c2b,app_open,2026-08-11T17:44:31Z
e_0000141c,u_00001917,app_open,2026-08-11T18:35:39Z
e_000016e4,u_00001c2a,app_open,2026-08-11T19:10:42Z
e_000016cd,u_00001c14,app_open,2026-08-11T19:53:24Z
e_00001621,u_00001b47,app_open,2026-08-11T21:15:06Z
e_000016ce,u_00001c17,app_open,2026-08-11T21:48:42Z
e_000016dd,u_00001c22,app_open,2026-08-11T22:40:22Z
e_00001654,u_00001b7e,app_open,2026-08-11T23:21:57Z
e_00001632,u_00001b5b,app_open,2026-08-11T23:31:11Z
e_000016ab,u_00001bef,app_open,2026-08-11T23:48:42Z
e_000015b2,u_00001aca,app_open,2026-08-12T00:22:40Z
e_00001708,u_00001c60,app_open,2026-08-12T00:26:47Z
e_00001679,u_00001bb3,app_open,2026-08-12T01:33:56Z
e_000016f9,u_00001c4b,app_open,2026-08-12T01:37:52Z
e_0000150c,u_00001a0c,app_open,2026-08-12T02:48:02Z
e_0000171d,u_00001c6e,app_open,2026-08-12T02:48:40Z
e_000016f2,u_00001c40,app_open,2026-08-12T03:12:26Z
e_000016a0,u_00001be3,app_open,2026-08-12T04:10:15Z
e_00001723,u_00001c73,app_open,2026-08-12T04:16:37Z
e_00001693,u_00001bd5,app_open,2026-08-12T04:28:17Z
e_000016a1,u_00001be3,app_open,2026-08-12T04:45:56Z
e_000016fd,u_00001c54,app_open,2026-08-12T05:09:43Z
e_000016f8,u_00001c48,app_open,2026-08-12T05:31:27Z
e_00001712,u_00001c65,app_open,2026-08-12T05:31:29Z
e_000016fb,u_00001c4e,app_open,2026-08-12T06:07:55Z
e_000016ed,u_00001c3a,app_open,2026-08-12T06:31:35Z
e_00001676,u_00001baf,app_open,2026-08-12T07:09:51Z
e_00001717,u_00001c6c,app_open,2026-08-12T07:31:15Z
e_000014fa,u_000019f1,app_open,2026-08-12T07:52:06Z
e_000016fc,u_00001c51,app_open,2026-08-12T08:15:01Z
e_000016ef,u_00001c3d,app_open,2026-08-12T09:07:32Z
e_00001714,u_00001c66,app_open,2026-08-12T09:35:03Z
e_0000160f,u_00001b32,app_open,2026-08-12T09:43:09Z
e_00001707,u_00001c5f,app_open,2026-08-12T10:49:43Z
e_00001702,u_00001c59,app_open,2026-08-12T11:37:31Z
e_00001710,u_00001c63,app_open,2026-08-12T12:05:42Z
e_000015cf,u_00001aeb,app_open,2026-08-12T12:35:31Z
e_00001680,u_00001bbc,app_open,2026-08-12T13:12:02Z
e_00001724,u_00001c74,app_open,2026-08-12T13:56:46Z
e_00001700,u_00001c56,app_open,2026-08-12T14:03:52Z
e_0000171e,u_00001c70,app_open,2026-08-12T14:27:41Z
e_0000165e,u_00001b8c,app_open,2026-08-12T15:24:58Z
e_000016f3,u_00001c43,app_open,2026-08-12T15:48:29Z
e_00001611,u_00001b32,app_open,2026-08-12T16:39:38Z
e_00001716,u_00001c69,app_open,2026-08-12T17:30:54Z
e_000014c6,u_000019c0,app_open,2026-08-12T17:37:04Z
e_0000168f,u_00001bd4,app_open,2026-08-12T17:41:14Z
e_000016f0,u_00001c3f,app_open,2026-08-12T18:07:59Z
e_000016f6,u_00001c46,app_open,2026-08-12T18:18:50Z
e_0000162d,u_00001b5a,app_open,2026-08-12T19:26:45Z
e_00001636,u_00001b5d,app_open,2026-08-12T19:29:25Z
e_00001703,u_00001c5a,app_open,2026-08-12T20:19:36Z
e_000016d3,u_00001c1a,app_open,2026-08-12T20:33:32Z
e_00001706,u_00001c5e,app_open,2026-08-12T20:37:32Z
e_00001701,u_00001c58,app_open,2026-08-12T20:39:23Z
e_000016ee,u_00001c3c,app_open,2026-08-12T22:18:53Z
e_0000170b,u_00001c61,app_open,2026-08-12T22:26:30Z
e_00001413,u_00001910,app_open,2026-08-12T23:02:55Z
e_000016f4,u_00001c44,app_open,2026-08-12T23:19:25Z
e_0000162f,u_00001b5a,app_open,2026-08-13T00:35:07Z
e_000014d8,u_000019d0,app_open,2026-08-13T00:51:45Z
e_00001705,u_00001c5b,app_open,2026-08-13T00:52:50Z
e_0000163c,u_00001b62,app_open,2026-08-13T01:00:44Z
e_000016a6,u_00001be4,app_open,2026-08-13T01:00:54Z
e_0000174a,u_00001c95,app_open,2026-08-13T01:14:48Z
e_00001499,u_00001996,app_open,2026-08-13T02:31:49Z
e_00001697,u_00001bda,app_open,2026-08-13T02:40:05Z
e_000016a5,u_00001be4,app_open,2026-08-13T03:01:47Z
e_00001744,u_00001c8c,app_open,2026-08-13T03:26:43Z
e_0000156d,u_00001a79,app_open,2026-08-13T03:39:22Z
e_00001405,u_000018fd,app_open,2026-08-13T04:31:37Z
e_00001755,u_00001c9e,app_open,2026-08-13T05:52:41Z
e_000015f1,u_00001b13,app_open,2026-08-13T06:00:11Z
e_0000173b,u_00001c83,app_open,2026-08-13T06:10:33Z
e_00001681,u_00001bbc,app_open,2026-08-13T06:12:47Z
e_000015ac,u_00001ac2,app_open,2026-08-13T06:57:28Z
e_0000174b,u_00001c96,app_open,2026-08-13T07:40:19Z
e_00001756,u_00001ca0,app_open,2026-08-13T08:41:07Z
e_0000172f,u_00001c78,app_open,2026-08-13T09:19:27Z
e_0000171a,u_00001c6c,app_open,2026-08-13T09:20:30Z
e_0000173a,u_00001c80,app_open,2026-08-13T09:22:24Z
e_0000145e,u_0000195b,app_open,2026-08-13T09:40:29Z
e_000016d9,u_00001c1c,app_open,2026-08-13T11:19:08Z
e_0000173c,u_00001c84,app_open,2026-08-13T11:31:17Z
e_00001730,u_00001c79,app_open,2026-08-13T11:35:22Z
e_000015d1,u_00001aeb,app_open,2026-08-13T11:57:02Z
e_00001749,u_00001c92,app_open,2026-08-13T12:22:58Z
e_000016d7,u_00001c1c,app_open,2026-08-13T12:56:58Z
e_00001736,u_00001c7d,app_open,2026-08-13T13:04:08Z
e_00001750,u_00001c99,app_open,2026-08-13T14:03:15Z
e_0000173d,u_00001c87,app_open,2026-08-13T16:42:00Z
e_0000172a,u_00001c77,app_open,2026-08-13T17:09:00Z
e_00001751,u_00001c9c,app_open,2026-08-13T17:10:36Z
e_00001729,u_00001c76,app_open,2026-08-13T17:33:51Z
e_0000169a,u_00001bda,app_open,2026-08-13T17:38:53Z
e_00001745,u_00001c8d,app_open,2026-08-13T17:49:44Z
e_00001735,u_00001c7c,app_open,2026-08-13T17:56:30Z
e_00001743,u_00001c8a,app_open,2026-08-13T18:02:36Z
e_00001752,u_00001c9d,app_open,2026-08-13T18:05:18Z
e_00001747,u_00001c8f,app_open,2026-08-13T18:09:50Z
e_00001748,u_00001c90,app_open,2026-08-13T19:13:25Z
e_00001726,u_00001c74,app_open,2026-08-13T19:34:42Z
e_00001739,u_00001c7e,app_open,2026-08-13T20:12:20Z
e_0000174c,u_00001c98,app_open,2026-08-13T20:37:53Z
e_0000166b,u_00001ba3,app_open,2026-08-13T20:56:47Z
e_000016bc,u_00001c01,app_open,2026-08-13T20:59:10Z
e_0000173e,u_00001c88,app_open,2026-08-13T21:27:28Z
e_00001757,u_00001ca3,app_open,2026-08-13T21:38:29Z
e_0000164d,u_00001b76,app_open,2026-08-13T21:38:30Z
e_00001500,u_000019f7,app_open,2026-08-13T23:01:25Z
e_0000163a,u_00001b60,app_open,2026-08-13T23:38:04Z
e_000016c8,u_00001c0b,app_open,2026-08-13T23:45:33Z
e_000016bd,u_00001c01,app_open,2026-08-14T00:13:51Z
e_0000176a,u_00001cbd,app_open,2026-08-14T00:34:57Z
e_000016a2,u_00001be3,app_open,2026-08-14T01:09:54Z
e_00001592,u_00001a99,app_open,2026-08-14T01:56:41Z
e_0000163e,u_00001b62,app_open,2026-08-14T02:25:08Z
e_0000175e,u_00001cac,app_open,2026-08-14T02:30:22Z
e_0000176f,u_00001cc3,app_open,2026-08-14T02:36:38Z
e_000016af,u_00001bef,app_open,2026-08-14T02:51:19Z
e_0000178a,u_00001cea,app_open,2026-08-14T04:48:55Z
e_00001728,u_00001c74,app_open,2026-08-14T05:21:26Z
e_0000177c,u_00001cd7,app_open,2026-08-14T05:48:39Z
e_00001785,u_00001cdf,app_open,2026-08-14T06:06:35Z
e_0000170d,u_00001c61,app_open,2026-08-14T06:36:03Z
e_00001780,u_00001cde,app_open,2026-08-14T06:52:03Z
e_00001759,u_00001ca6,app_open,2026-08-14T07:35:02Z
e_00001767,u_00001cb9,app_open,2026-08-14T07:55:30Z
e_000016bb,u_00001c01,app_open,2026-08-14T08:31:44Z
e_00001772,u_00001cca,app_open,2026-08-14T08:37:58Z
e_0000177f,u_00001cdc,app_open,2026-08-14T10:40:59Z
e_00001770,u_00001cc6,app_open,2026-08-14T10:50:07Z
e_0000176b,u_00001cc0,app_open,2026-08-14T11:08:24Z
e_00001776,u_00001ccb,app_open,2026-08-14T11:41:25Z
e_000016d4,u_00001c1a,app_open,2026-08-14T12:36:14Z
e_0000177b,u_00001cd4,app_open,2026-08-14T12:39:25Z
e_0000175c,u_00001ca9,app_open,2026-08-14T13:40:01Z
e_00001630,u_00001b5a,app_open,2026-08-14T13:48:28Z
e_00001760,u_00001cb2,app_open,2026-08-14T14:07:08Z
e_000016ae,u_00001bef,app_open,2026-08-14T14:35:16Z
e_0000164b,u_00001b76,app_open,2026-08-14T14:50:02Z
e_00001778,u_00001cd0,app_open,2026-08-14T14:57:28Z
e_00001777,u_00001ccd,app_open,2026-08-14T15:25:43Z
e_000016c4,u_00001c08,app_open,2026-08-14T15:35:52Z
e_000016c2,u_00001c08,app_open,2026-08-14T15:36:05Z
e_0000175d,u_00001cab,app_open,2026-08-14T15:56:21Z
e_00001788,u_00001ce6,app_open,2026-08-14T16:26:13Z
e_00001709,u_00001c60,app_open,2026-08-14T16:34:02Z
e_00001771,u_00001cc7,app_open,2026-08-14T17:18:03Z
e_0000175f,u_00001caf,app_open,2026-08-14T17:30:32Z
e_0000166e,u_00001ba3,app_open,2026-08-14T17:55:22Z
e_0000170c,u_00001c61,app_open,2026-08-14T17:56:14Z
e_00001766,u_00001cb7,app_open,2026-08-14T19:02:55Z
e_00001624,u_00001b49,app_open,2026-08-14T19:03:29Z
e_00001779,u_00001cd2,app_open,2026-08-14T19:49:14Z
e_0000177d,u_00001cd9,app_open,2026-08-14T20:16:27Z
e_00001789,u_00001ce9,app_open,2026-08-14T21:13:07Z
e_00001787,u_00001ce3,app_open,2026-08-14T22:02:34Z
e_00001768,u_00001cba,app_open,2026-08-14T22:53:01Z
e_000016ea,u_00001c36,app_open,2026-08-14T22:54:52Z
e_00001764,u_00001cb4,app_open,2026-08-14T22:57:59Z
e_000016d2,u_00001c1a,app_open,2026-08-14T23:56:18Z
e_000014fe,u_000019f5,app_open,2026-08-15T00:03:36Z
e_00001786,u_00001ce1,app_open,2026-08-15T00:05:26Z
e_000017a1,u_00001d0b,app_open,2026-08-15T00:36:47Z
e_000017ad,u_00001d19,app_open,2026-08-15T01:16:12Z
e_000017c3,u_00001d36,app_open,2026-08-15T01:46:08Z
e_00001734,u_00001c79,app_open,2026-08-15T02:19:48Z
e_000016cf,u_00001c17,app_open,2026-08-15T02:34:36Z
e_000017be,u_00001d33,app_open,2026-08-15T03:33:14Z
e_000017aa,u_00001d16,app_open,2026-08-15T03:45:56Z
e_00001659,u_00001b83,app_open,2026-08-15T04:16:50Z
e_00001655,u_00001b7e,app_open,2026-08-15T05:49:20Z
e_00001602,u_00001b24,app_open,2026-08-15T06:09:15Z
e_00001740,u_00001c88,app_open,2026-08-15T06:15:23Z
e_00001791,u_00001cf4,app_open,2026-08-15T07:09:45Z
e_000017b2,u_00001d1c,app_open,2026-08-15T07:14:40Z
e_00001634,u_00001b5b,app_open,2026-08-15T07:26:10Z
e_000017bb,u_00001d2b,app_open,2026-08-15T07:50:41Z
e_00001793,u_00001cf9,app_open,2026-08-15T08:08:08Z
e_0000178e,u_00001cf0,app_open,2026-08-15T09:01:36Z
e_00001796,u_00001cfe,app_open,2026-08-15T09:42:24Z
e_00001790,u_00001cf3,app_open,2026-08-15T09:52:41Z
e_0000179f,u_00001d07,app_open,2026-08-15T10:29:35Z
e_0000178c,u_00001ced,app_open,2026-08-15T10:30:03Z
e_000017a9,u_00001d13,app_open,2026-08-15T10:54:49Z
e_00001797,u_00001d00,app_open,2026-08-15T11:09:06Z
e_0000179c,u_00001d02,app_open,2026-08-15T11:25:40Z
e_000017a7,u_00001d0f,app_open,2026-08-15T11:52:45Z
e_00001653,u_00001b7e,app_open,2026-08-15T12:19:20Z
e_0000166d,u_00001ba3,app_open,2026-08-15T13:05:59Z
e_000017ae,u_00001d1b,app_open,2026-08-15T13:38:45Z
e_000017a3,u_00001d0d,app_open,2026-08-15T13:47:55Z
e_00001794,u_00001cfb,app_open,2026-08-15T14:06:50Z
e_00001737,u_00001c7d,app_open,2026-08-15T14:08:31Z
e_0000179e,u_00001d05,app_open,2026-08-15T14:10:15Z
e_000017b6,u_00001d27,app_open,2026-08-15T14:31:10Z
e_00001722,u_00001c70,app_open,2026-08-15T14:43:39Z
e_000017a8,u_00001d10,app_open,2026-08-15T15:03:05Z
e_00001795,u_00001cfd,app_open,2026-08-15T16:52:06Z
e_0000152b,u_00001a2a,app_open,2026-08-15T17:00:22Z
e_000017bd,u_00001d30,app_open,2026-08-15T17:15:09Z
e_0000176d,u_00001cc0,app_open,2026-08-15T18:00:08Z
e_00001754,u_00001c9d,app_open,2026-08-15T18:06:05Z
e_000017b5,u_00001d25,app_open,2026-08-15T19:03:44Z
e_000017b9,u_00001d29,app_open,2026-08-15T19:57:26Z
e_000017b3,u_00001d1f,app_open,2026-08-15T19:58:26Z
e_000014ab,u_000019aa,app_open,2026-08-15T20:42:39Z
e_0000178d,u_00001cef,app_open,2026-08-15T21:26:35Z
e_00001719,u_00001c6c,app_open,2026-08-15T22:03:45Z
e_000017bc,u_00001d2d,app_open,2026-08-15T22:14:21Z
e_00001792,u_00001cf7,app_open,2026-08-15T22:14:37Z
e_000017a0,u_00001d08,app_open,2026-08-15T23:04:58Z
e_00001732,u_00001c79,app_open,2026-08-15T23:12:28Z
e_000017b4,u_00001d22,app_open,2026-08-15T23:23:12Z
e_00001651,u_00001b7c,app_open,2026-08-15T23:32:18Z
e_00001612,u_00001b32,app_open,2026-08-15T23:51:11Z
e_0000172e,u_00001c77,app_open,2026-08-15T23:56:38Z
e_00001773,u_00001cca,app_open,2026-08-16T00:01:04Z
e_000017cd,u_00001d45,app_open,2026-08-16T01:22:56Z
e_000017ed,u_00001d63,app_open,2026-08-16T01:32:52Z
e_000017d4,u_00001d49,app_open,2026-08-16T01:37:45Z
e_00001765,u_00001cb4,app_open,2026-08-16T01:45:01Z
e_000017eb,u_00001d60,app_open,2026-08-16T01:57:09Z
e_000017e1,u_00001d51,app_open,2026-08-16T02:25:15Z
e_000017ff,u_00001d77,app_open,2026-08-16T02:42:59Z
e_000016a3,u_00001be3,app_open,2026-08-16T02:55:58Z
e_000017e7,u_00001d57,app_open,2026-08-16T03:02:40Z
e_000017c6,u_00001d3a,app_open,2026-08-16T03:05:14Z
e_000016c3,u_00001c08,app_open,2026-08-16T03:07:46Z
e_000017f4,u_00001d6b,app_open,2026-08-16T05:09:15Z
e_00001800,u_00001d78,app_open,2026-08-16T05:39:31Z
e_0000170f,u_00001c61,app_open,2026-08-16T06:25:52Z
e_0000171b,u_00001c6c,app_open,2026-08-16T07:40:32Z
e_0000172d,u_00001c77,app_open,2026-08-16T08:11:04Z
e_0000172b,u_00001c77,app_open,2026-08-16T08:18:30Z
e_00001803,u_00001d7b,app_open,2026-08-16T08:25:08Z
e_000016d8,u_00001c1c,app_open,2026-08-16T11:27:25Z
e_000017f0,u_00001d69,app_open,2026-08-16T11:55:13Z
e_000016ad,u_00001bef,app_open,2026-08-16T12:04:13Z
e_0000160c,u_00001b2f,app_open,2026-08-16T12:55:57Z
e_000017c8,u_00001d40,app_open,2026-08-16T13:08:26Z
e_000017da,u_00001d4e,app_open,2026-08-16T13:22:18Z
e_000017fe,u_00001d75,app_open,2026-08-16T13:25:53Z
e_000017f7,u_00001d6d,app_open,2026-08-16T13:40:30Z
e_000017c4,u_00001d39,app_open,2026-08-16T13:40:42Z
e_000017e3,u_00001d54,app_open,2026-08-16T14:32:25Z
e_000017f8,u_00001d70,app_open,2026-08-16T14:52:22Z
e_00001801,u_00001d79,app_open,2026-08-16T15:37:53Z
e_000017dc,u_00001d50,app_open,2026-08-16T16:02:52Z
e_0000176e,u_00001cc0,app_open,2026-08-16T16:58:53Z
e_000016d6,u_00001c1c,app_open,2026-08-16T17:04:15Z
e_0000152d,u_00001a2d,app_open,2026-08-16T17:47:18Z
e_000016c7,u_00001c0b,app_open,2026-08-16T17:48:47Z
e_000016df,u_00001c25,app_open,2026-08-16T17:56:45Z
e_00001699,u_00001bda,app_open,2026-08-16T18:00:53Z
e_00001774,u_00001cca,app_open,2026-08-16T18:08:52Z
e_000017ef,u_00001d66,app_open,2026-08-16T18:42:07Z
e_000017ec,u_00001d61,app_open,2026-08-16T18:42:46Z
e_000017ee,u_00001d64,app_open,2026-08-16T19:11:45Z
e_000017e8,u_00001d5a,app_open,2026-08-16T19:14:21Z
e_000017cc,u_00001d42,app_open,2026-08-16T19:18:25Z
e_000017e9,u_00001d5b,app_open,2026-08-16T20:12:06Z
e_000017f9,u_00001d73,app_open,2026-08-16T20:12:22Z
e_0000178b,u_00001cea,app_open,2026-08-16T20:45:31Z
e_000017c7,u_00001d3d,app_open,2026-08-16T20:59:23Z
e_000017d5,u_00001d4b,app_open,2026-08-16T21:08:19Z
e_000017ea,u_00001d5e,app_open,2026-08-16T21:40:41Z
e_0000167a,u_00001bb3,app_open,2026-08-16T22:25:01Z
e_000017ab,u_00001d16,app_open,2026-08-16T22:27:07Z
e_00001802,u_00001d7a,app_open,2026-08-16T22:51:49Z
e_00001698,u_00001bda,app_open,2026-08-16T23:12:21Z
e_00001781,u_00001cde,app_open,2026-08-16T23:25:24Z
e_000017d3,u_00001d46,app_open,2026-08-17T00:00:06Z
e_00001727,u_00001c74,app_open,2026-08-17T00:13:46Z
e_00001808,u_00001d7f,app_open,2026-08-17T00:41:04Z
e_000017cf,u_00001d45,app_open,2026-08-17T02:31:03Z
e_0000174d,u_00001c98,app_open,2026-08-17T02:41:25Z
e_000016f1,u_00001c3f,app_open,2026-08-17T03:06:20Z
e_0000180c,u_00001d80,app_open,2026-08-17T03:16:56Z
e_00001818,u_00001d8d,app_open,2026-08-17T03:31:08Z
e_00001827,u_00001d97,app_open,2026-08-17T04:08:05Z
e_00001645,u_00001b6c,app_open,2026-08-17T04:33:56Z
e_00001692,u_00001bd5,app_open,2026-08-17T04:47:13Z
e_00001826,u_00001d96,app_open,2026-08-17T05:12:27Z
e_00001738,u_00001c7d,app_open,2026-08-17T05:41:00Z
e_00001804,u_00001d7c,app_open,2026-08-17T05:42:57Z
e_000016ff,u_00001c54,app_open,2026-08-17T05:57:38Z
e_00001832,u_00001da1,app_open,2026-08-17T06:00:25Z
e_00001811,u_00001d83,app_open,2026-08-17T06:56:06Z
e_00001817,u_00001d8a,app_open,2026-08-17T08:10:32Z
e_00001841,u_00001db0,app_open,2026-08-17T08:31:54Z
e_00001820,u_00001d94,app_open,2026-08-17T08:54:46Z
e_0000181a,u_00001d8f,app_open,2026-08-17T08:56:21Z
e_0000183e,u_00001dab,app_open,2026-08-17T09:24:15Z
e_000016f5,u_00001c44,app_open,2026-08-17T10:06:29Z
e_000017d1,u_00001d45,app_open,2026-08-17T10:37:16Z
e_0000183b,u_00001daa,app_open,2026-08-17T10:42:23Z
e_00001606,u_00001b28,app_open,2026-08-17T11:49:50Z
e_00001775,u_00001cca,app_open,2026-08-17T11:53:14Z
e_00001816,u_00001d87,app_open,2026-08-17T12:01:39Z
e_000016d0,u_00001c17,app_open,2026-08-17T12:06:50Z
e_000017c9,u_00001d40,app_open,2026-08-17T12:49:46Z
e_0000161c,u_00001b40,app_open,2026-08-17T13:06:52Z
e_00001836,u_00001da7,app_open,2026-08-17T13:15:22Z
e_00001718,u_00001c6c,app_open,2026-08-17T13:35:27Z
e_00001844,u_00001db4,app_open,2026-08-17T14:49:19Z
e_00001834,u_00001da4,app_open,2026-08-17T15:17:00Z
e_0000181f,u_00001d92,app_open,2026-08-17T16:28:28Z
e_000017f2,u_00001d69,app_open,2026-08-17T16:50:09Z
e_00001815,u_00001d86,app_open,2026-08-17T17:12:26Z
e_000016e0,u_00001c25,app_open,2026-08-17T18:10:04Z
e_0000182f,u_00001d9e,app_open,2026-08-17T18:13:27Z
e_0000170a,u_00001c60,app_open,2026-08-17T18:32:10Z
e_000017ce,u_00001d45,app_open,2026-08-17T18:39:11Z
e_0000150f,u_00001a0f,app_open,2026-08-17T18:43:10Z
e_00001819,u_00001d8e,app_open,2026-08-17T19:47:42Z
e_0000182c,u_00001d9d,app_open,2026-08-17T20:17:09Z
e_000015c3,u_00001ada,app_open,2026-08-17T20:27:10Z
e_00001842,u_00001db1,app_open,2026-08-17T20:33:40Z
e_0000176c,u_00001cc0,app_open,2026-08-17T21:50:08Z
e_00001831,u_00001da0,app_open,2026-08-17T22:15:09Z
e_0000183f,u_00001dae,app_open,2026-08-17T22:19:29Z
e_000017d7,u_00001d4b,app_open,2026-08-17T22:56:09Z
e_00001828,u_00001d9a,app_open,2026-08-17T23:25:57Z
e_00001670,u_00001ba5,app_open,2026-08-17T23:49:19Z
e_00001822,u_00001d95,app_open,2026-08-18T00:22:07Z
e_000017e4,u_00001d54,app_open,2026-08-18T00:37:48Z
e_00001845,u_00001db6,app_open,2026-08-18T00:44:56Z
e_00001731,u_00001c79,app_open,2026-08-18T01:01:08Z
e_00001609,u_00001b2c,app_open,2026-08-18T01:03:54Z
e_00001863,u_00001dd5,app_open,2026-08-18T01:27:32Z
e_000017b1,u_00001d1b,app_open,2026-08-18T01:33:55Z
e_000017fd,u_00001d73,app_open,2026-08-18T02:31:30Z
e_000017de,u_00001d50,app_open,2026-08-18T03:00:14Z
e_0000184d,u_00001dbe,app_open,2026-08-18T03:35:18Z
e_000016eb,u_00001c36,app_open,2026-08-18T04:00:11Z
e_0000185c,u_00001dcb,app_open,2026-08-18T04:25:39Z
e_0000185d,u_00001dcc,app_open,2026-08-18T04:36:05Z
e_00001869,u_00001dd9,app_open,2026-08-18T05:01:04Z
e_00001854,u_00001dc6,app_open,2026-08-18T05:23:51Z
e_000016c9,u_00001c0b,app_open,2026-08-18T06:27:25Z
e_0000179a,u_00001d00,app_open,2026-08-18T06:41:48Z
e_00001860,u_00001dcf,app_open,2026-08-18T06:50:33Z
e_0000184a,u_00001dba,app_open,2026-08-18T06:55:10Z
e_00001720,u_00001c70,app_open,2026-08-18T07:00:19Z
e_00001846,u_00001db7,app_open,2026-08-18T07:04:20Z
e_00001873,u_00001deb,app_open,2026-08-18T07:34:19Z
e_0000184b,u_00001dbd,app_open,2026-08-18T07:56:56Z
e_0000180d,u_00001d80,app_open,2026-08-18T08:04:55Z
e_00001861,u_00001dd0,app_open,2026-08-18T08:34:27Z
e_00001862,u_00001dd2,app_open,2026-08-18T08:36:19Z
e_0000171f,u_00001c70,app_open,2026-08-18T08:52:20Z
e_00001742,u_00001c88,app_open,2026-08-18T09:37:10Z
e_0000184e,u_00001dc1,app_open,2026-08-18T10:24:33Z
e_00001865,u_00001dd6,app_open,2026-08-18T10:42:17Z
e_0000170e,u_00001c61,app_open,2026-08-18T10:54:38Z
e_00001868,u_00001dd8,app_open,2026-08-18T11:29:38Z
e_000016fe,u_00001c54,app_open,2026-08-18T12:18:34Z
e_000016ac,u_00001bef,app_open,2026-08-18T12:24:58Z
e_00001850,u_00001dc4,app_open,2026-08-18T12:58:50Z
e_000017a6,u_00001d0d,app_open,2026-08-18T13:14:50Z
e_000017d9,u_00001d4b,app_open,2026-08-18T13:28:27Z
e_0000186f,u_00001de4,app_open,2026-08-18T13:33:37Z
e_000017f1,u_00001d69,app_open,2026-08-18T14:51:59Z
e_0000186a,u_00001dda,app_open,2026-08-18T15:06:20Z
e_00001813,u_00001d83,app_open,2026-08-18T15:25:03Z
e_00001769,u_00001cba,app_open,2026-08-18T15:41:51Z
e_0000186c,u_00001ddf,app_open,2026-08-18T15:58:11Z
e_0000184f,u_00001dc2,app_open,2026-08-18T16:03:57Z
e_0000186b,u_00001ddc,app_open,2026-08-18T16:39:17Z
e_000015a2,u_00001ab3,app_open,2026-08-18T17:18:35Z
e_00001872,u_00001de8,app_open,2026-08-18T17:37:01Z
e_0000180e,u_00001d80,app_open,2026-08-18T19:12:29Z
e_0000172c,u_00001c77,app_open,2026-08-18T20:03:24Z
e_0000185e,u_00001dce,app_open,2026-08-18T20:05:08Z
e_00001871,u_00001de6,app_open,2026-08-18T20:15:50Z
e_00001870,u_00001de5,app_open,2026-08-18T21:14:42Z
e_00001761,u_00001cb2,app_open,2026-08-18T21:29:37Z
e_00001857,u_00001dc8,app_open,2026-08-18T21:30:15Z
e_00001874,u_00001ded,app_open,2026-08-18T21:58:14Z
e_00001867,u_00001dd7,app_open,2026-08-18T22:02:49Z
e_0000186e,u_00001de3,app_open,2026-08-18T22:14:47Z
e_0000186d,u_00001de2,app_open,2026-08-18T23:20:51Z
e_00001721,u_00001c70,app_open,2026-08-18T23:32:41Z
e_00001733,u_00001c79,app_open,2026-08-19T00:07:00Z
e_0000183a,u_00001da7,app_open,2026-08-19T00:50:30Z
e_0000177e,u_00001cd9,app_open,2026-08-19T00:59:41Z
e_000018ab,u_00001e29,app_open,2026-08-19T01:33:13Z
e_0000188f,u_00001e04,app_open,2026-08-19T01:35:19Z
e_00001875,u_00001dee,app_open,2026-08-19T01:40:06Z
e_00001894,u_00001e0d,app_open,2026-08-19T01:42:21Z
e_00001892,u_00001e0a,app_open,2026-08-19T02:04:33Z
e_000017fc,u_00001d73,app_open,2026-08-19T02:20:31Z
e_00001581,u_00001a85,app_open,2026-08-19T02:28:26Z
e_0000188b,u_00001dfe,app_open,2026-08-19T02:43:51Z
e_0000188a,u_00001dfd,app_open,2026-08-19T02:50:14Z
e_00001725,u_00001c74,app_open,2026-08-19T02:51:02Z
e_00001895,u_00001e0e,app_open,2026-08-19T03:01:23Z
e_00001837,u_00001da7,app_open,2026-08-19T03:08:05Z
e_0000179b,u_00001d00,app_open,2026-08-19T03:10:51Z
e_00001880,u_00001df9,app_open,2026-08-19T03:11:17Z
e_000017a5,u_00001d0d,app_open,2026-08-19T03:22:46Z
e_00001891,u_00001e07,app_open,2026-08-19T03:38:03Z
e_0000189c,u_00001e11,app_open,2026-08-19T03:49:26Z
e_00001885,u_00001dfc,app_open,2026-08-19T03:51:17Z
e_000018a4,u_00001e20,app_open,2026-08-19T05:16:28Z
e_0000188e,u_00001e01,app_open,2026-08-19T06:05:11Z
e_00001763,u_00001cb2,app_open,2026-08-19T06:58:29Z
e_000018a0,u_00001e19,app_open,2026-08-19T07:51:22Z
e_0000180b,u_00001d7f,app_open,2026-08-19T08:41:55Z
e_0000187f,u_00001df7,app_open,2026-08-19T09:02:57Z
e_00001877,u_00001def,app_open,2026-08-19T09:09:50Z
e_00001890,u_00001e05,app_open,2026-08-19T09:21:48Z
e_00001856,u_00001dc6,app_open,2026-08-19T09:58:41Z
e_000018ac,u_00001e2b,app_open,2026-08-19T10:03:52Z
e_000017f6,u_00001d6b,app_open,2026-08-19T10:07:51Z
e_000017c2,u_00001d33,app_open,2026-08-19T11:04:16Z
e_00001783,u_00001cde,app_open,2026-08-19T11:13:26Z
e_000017bf,u_00001d33,app_open,2026-08-19T11:36:44Z
e_00001741,u_00001c88,app_open,2026-08-19T11:56:43Z
e_000017d8,u_00001d4b,app_open,2026-08-19T12:30:14Z
e_00001753,u_00001c9d,app_open,2026-08-19T12:37:51Z
e_00001899,u_00001e0f,app_open,2026-08-19T12:50:41Z
e_00001805,u_00001d7c,app_open,2026-08-19T14:44:36Z
e_000015da,u_00001af8,app_open,2026-08-19T14:50:41Z
e_00001884,u_00001dfa,app_open,2026-08-19T14:50:45Z
e_0000187b,u_00001df1,app_open,2026-08-19T14:54:52Z
e_0000189d,u_00001e14,app_open,2026-08-19T16:31:30Z
e_000018aa,u_00001e28,app_open,2026-08-19T16:56:02Z
e_0000183c,u_00001daa,app_open,2026-08-19T16:59:43Z
e_000017d0,u_00001d45,app_open,2026-08-19T17:03:01Z
e_00001821,u_00001d94,app_open,2026-08-19T17:03:07Z
e_0000181e,u_00001d8f,app_open,2026-08-19T17:09:00Z
e_0000187c,u_00001df2,app_open,2026-08-19T19:12:15Z
e_0000189f,u_00001e18,app_open,2026-08-19T19:59:13Z
e_000018a6,u_00001e23,app_open,2026-08-19T20:34:39Z
e_000017d6,u_00001d4b,app_open,2026-08-19T21:36:08Z
e_00001893,u_00001e0c,app_open,2026-08-19T21:47:16Z
e_000018a5,u_00001e22,app_open,2026-08-19T22:11:20Z
e_00001814,u_00001d83,app_open,2026-08-19T22:21:23Z
e_0000187e,u_00001df4,app_open,2026-08-19T22:46:54Z
e_00001784,u_00001cde,app_open,2026-08-19T22:52:19Z
e_000018a1,u_00001e1b,app_open,2026-08-19T23:00:52Z
e_000017ca,u_00001d40,app_open,2026-08-19T23:18:04Z
e_000018a7,u_00001e25,app_open,2026-08-20T00:11:12Z
e_000017b0,u_00001d1b,app_open,2026-08-20T00:16:46Z
e_0000174f,u_00001c98,app_open,2026-08-20T00:19:20Z
e_000018a2,u_00001e1e,app_open,2026-08-20T00:22:21Z
e_0000182b,u_00001d9a,app_open,2026-08-20T00:24:36Z
e_0000189e,u_00001e17,app_open,2026-08-20T00:40:19Z
e_0000188c,u_00001dff,app_open,2026-08-20T00:53:16Z
e_000018c7,u_00001e45,app_open,2026-08-20T00:54:46Z
e_000018d4,u_00001e56,app_open,2026-08-20T01:10:41Z
e_00001616,u_00001b37,app_open,2026-08-20T01:11:53Z
e_00001839,u_00001da7,app_open,2026-08-20T01:37:41Z
e_000018ed,u_00001e69,app_open,2026-08-20T01:55:50Z
e_0000181c,u_00001d8f,app_open,2026-08-20T02:31:01Z
e_00001876,u_00001dee,app_open,2026-08-20T02:53:29Z
e_00001866,u_00001dd6,app_open,2026-08-20T03:34:19Z
e_000018c8,u_00001e47,app_open,2026-08-20T04:12:02Z
e_000015e5,u_00001b02,app_open,2026-08-20T04:26:56Z
e_000018dd,u_00001e5b,app_open,2026-08-20T04:29:33Z
e_000018f6,u_00001e71,app_open,2026-08-20T04:30:52Z
e_000015ef,u_00001b10,app_open,2026-08-20T04:50:20Z
e_000018c0,u_00001e3f,app_open,2026-08-20T05:43:05Z
e_00001746,u_00001c8d,app_open,2026-08-20T05:48:32Z
e_0000174e,u_00001c98,app_open,2026-08-20T06:41:24Z
e_000018b8,u_00001e36,app_open,2026-08-20T06:48:06Z
e_00001888,u_00001dfc,app_open,2026-08-20T06:59:18Z
e_000018e6,u_00001e64,app_open,2026-08-20T08:47:32Z
e_00001829,u_00001d9a,app_open,2026-08-20T08:51:17Z
e_000018fa,u_00001e77,app_open,2026-08-20T09:30:06Z
e_000018e4,u_00001e62,app_open,2026-08-20T10:24:44Z
e_000018b3,u_00001e33,app_open,2026-08-20T10:48:41Z
e_000018dc,u_00001e59,app_open,2026-08-20T10:53:01Z
e_0000187a,u_00001def,app_open,2026-08-20T10:53:02Z
e_00001782,u_00001cde,app_open,2026-08-20T11:05:44Z
e_000018b1,u_00001e31,app_open,2026-08-20T12:20:05Z
e_0000175b,u_00001ca6,app_open,2026-08-20T12:23:01Z
e_000018cd,u_00001e4d,app_open,2026-08-20T12:24:46Z
e_000017c1,u_00001d33,app_open,2026-08-20T12:37:10Z
e_000017c0,u_00001d33,app_open,2026-08-20T12:46:15Z
e_000018ca,u_00001e4a,app_open,2026-08-20T12:54:27Z
e_000015a8,u_00001abc,app_open,2026-08-20T13:30:38Z
e_000018d3,u_00001e53,app_open,2026-08-20T14:01:41Z
e_000018bb,u_00001e3b,app_open,2026-08-20T14:08:40Z
e_000017b8,u_00001d27,app_open,2026-08-20T14:35:10Z
e_000018de,u_00001e5e,app_open,2026-08-20T14:37:38Z
e_000018d7,u_00001e58,app_open,2026-08-20T16:04:56Z
e_0000173f,u_00001c88,app_open,2026-08-20T16:08:35Z
e_000018f2,u_00001e6b,app_open,2026-08-20T16:43:44Z
e_000018ec,u_00001e68,app_open,2026-08-20T17:06:12Z
e_000018ad,u_00001e2e,app_open,2026-08-20T17:22:37Z
e_000018d1,u_00001e50,app_open,2026-08-20T17:38:23Z
e_000017df,u_00001d50,app_open,2026-08-20T18:28:54Z
e_000018ef,u_00001e6a,app_open,2026-08-20T19:19:19Z
e_0000175a,u_00001ca6,app_open,2026-08-20T19:41:24Z
e_000018c5,u_00001e40,app_open,2026-08-20T19:50:57Z
e_000018e3,u_00001e61,app_open,2026-08-20T20:05:16Z
e_00001886,u_00001dfc,app_open,2026-08-20T20:45:47Z
e_000018f9,u_00001e74,app_open,2026-08-20T20:52:42Z
e_00001852,u_00001dc4,app_open,2026-08-20T20:58:41Z
e_000018c6,u_00001e43,app_open,2026-08-20T21:08:23Z
e_000018f4,u_00001e6e,app_open,2026-08-20T21:23:00Z
e_000018bc,u_00001e3e,app_open,2026-08-20T21:51:51Z
e_000018e7,u_00001e67,app_open,2026-08-20T21:51:59Z
e_000018b9,u_00001e38,app_open,2026-08-20T22:29:38Z
e_000018cc,u_00001e4b,app_open,2026-08-20T22:35:54Z
e_000018ce,u_00001e4f,app_open,2026-08-20T23:01:21Z
e_000017a4,u_00001d0d,app_open,2026-08-20T23:26:39Z
e_000017fa,u_00001d73,app_open,2026-08-20T23:42:25Z
e_00001806,u_00001d7c,app_open,2026-08-21T00:24:19Z
e_00001713,u_00001c65,app_open,2026-08-21T00:27:23Z
e_00001838,u_00001da7,app_open,2026-08-21T01:24:05Z
e_0000190f,u_00001e8b,app_open,2026-08-21T01:26:08Z
e_00001903,u_00001e7c,app_open,2026-08-21T03:09:08Z
e_0000190b,u_00001e84,app_open,2026-08-21T03:21:15Z
e_0000189b,u_00001e0f,app_open,2026-08-21T04:03:31Z
e_00001762,u_00001cb2,app_open,2026-08-21T05:07:05Z
e_0000185b,u_00001dc8,app_open,2026-08-21T05:16:22Z
e_00001896,u_00001e0e,app_open,2026-08-21T06:08:24Z
e_00001906,u_00001e7f,app_open,2026-08-21T07:05:00Z
e_000018a8,u_00001e25,app_open,2026-08-21T07:20:46Z
e_00001926,u_00001ea4,app_open,2026-08-21T07:42:29Z
e_00001922,u_00001e9e,app_open,2026-08-21T07:45:15Z
e_000018c4,u_00001e3f,app_open,2026-08-21T07:45:18Z
e_0000190d,u_00001e89,app_open,2026-08-21T07:54:55Z
e_0000190c,u_00001e87,app_open,2026-08-21T09:26:22Z
e_000017f5,u_00001d6b,app_open,2026-08-21T11:38:41Z
e_00001927,u_00001ea5,app_open,2026-08-21T11:50:18Z
e_00001908,u_00001e82,app_open,2026-08-21T11:56:59Z
e_00001905,u_00001e7e,app_open,2026-08-21T12:57:02Z
e_000018ff,u_00001e7b,app_open,2026-08-21T13:09:13Z
e_00001912,u_00001e94,app_open,2026-08-21T14:03:48Z
e_00001921,u_00001e9d,app_open,2026-08-21T14:21:59Z
e_000017e5,u_00001d54,app_open,2026-08-21T15:12:20Z
e_00001911,u_00001e91,app_open,2026-08-21T15:29:33Z
e_00001925,u_00001ea2,app_open,2026-08-21T15:51:04Z
e_00001847,u_00001db7,app_open,2026-08-21T16:09:24Z
e_0000184c,u_00001dbd,app_open,2026-08-21T16:15:57Z
e_00001799,u_00001d00,app_open,2026-08-21T16:23:42Z
e_00001923,u_00001e9f,app_open,2026-08-21T17:34:57Z
e_000017af,u_00001d1b,app_open,2026-08-21T17:48:33Z
e_0000190a,u_00001e83,app_open,2026-08-21T18:02:39Z
e_00001910,u_00001e8e,app_open,2026-08-21T18:56:34Z
e_000018fe,u_00001e79,app_open,2026-08-21T19:26:07Z
e_000017e6,u_00001d54,app_open,2026-08-21T19:28:21Z
e_000018d6,u_00001e56,app_open,2026-08-21T19:29:55Z
e_000015c8,u_00001ae2,app_open,2026-08-21T20:01:19Z
e_00001907,u_00001e80,app_open,2026-08-21T20:12:10Z
e_00001915,u_00001e96,app_open,2026-08-21T20:15:59Z
e_000018f8,u_00001e71,app_open,2026-08-21T20:18:08Z
e_000018b5,u_00001e33,app_open,2026-08-21T20:40:10Z
e_00001889,u_00001dfc,app_open,2026-08-21T20:56:26Z
e_0000191f,u_00001e99,app_open,2026-08-21T21:02:10Z
e_000018f5,u_00001e6e,app_open,2026-08-21T21:49:11Z
e_00001704,u_00001c5a,app_open,2026-08-21T22:08:32Z
e_000018e1,u_00001e5e,app_open,2026-08-21T22:55:46Z
e_000017ba,u_00001d29,app_open,2026-08-21T23:38:47Z
e_00001920,u_00001e9a,app_open,2026-08-21T23:57:44Z
e_0000191a,u_00001e98,app_open,2026-08-22T00:02:59Z
e_0000193e,u_00001ebd,app_open,2026-08-22T00:44:55Z
e_00001798,u_00001d00,app_open,2026-08-22T00:58:04Z
e_0000193b,u_00001eb8,app_open,2026-08-22T02:10:06Z
e_0000193f,u_00001ebf,app_open,2026-08-22T02:44:33Z
e_000017b7,u_00001d27,app_open,2026-08-22T03:54:32Z
e_0000180a,u_00001d7f,app_open,2026-08-22T03:57:06Z
e_00001881,u_00001df9,app_open,2026-08-22T04:30:19Z
e_0000169c,u_00001bdd,app_open,2026-08-22T04:40:09Z
e_00001955,u_00001ed0,app_open,2026-08-22T04:49:07Z
e_0000192c,u_00001ea8,app_open,2026-08-22T04:57:25Z
e_00001952,u_00001ecc,app_open,2026-08-22T05:03:12Z
e_000017f3,u_00001d69,app_open,2026-08-22T05:35:29Z
e_000018eb,u_00001e67,app_open,2026-08-22T05:56:05Z
e_00001938,u_00001eb3,app_open,2026-08-22T05:57:46Z
e_000018da,u_00001e58,app_open,2026-08-22T06:19:59Z
e_00001849,u_00001db7,app_open,2026-08-22T06:25:54Z
e_00001935,u_00001eb2,app_open,2026-08-22T06:26:11Z
e_00001951,u_00001eca,app_open,2026-08-22T06:29:09Z
e_00001807,u_00001d7c,app_open,2026-08-22T07:38:52Z
e_00001960,u_00001eda,app_open,2026-08-22T07:40:47Z
e_00001882,u_00001df9,app_open,2026-08-22T08:42:32Z
e_0000193c,u_00001eba,app_open,2026-08-22T09:03:18Z
e_0000194f,u_00001ec8,app_open,2026-08-22T09:43:05Z
e_00001959,u_00001ed4,app_open,2026-08-22T09:48:12Z
e_000016dc,u_00001c20,app_open,2026-08-22T10:17:58Z
e_00001939,u_00001eb5,app_open,2026-08-22T10:29:35Z
e_0000192f,u_00001ea9,app_open,2026-08-22T10:31:03Z
e_000017e0,u_00001d50,app_open,2026-08-22T10:59:00Z
e_00001944,u_00001ec1,app_open,2026-08-22T11:07:03Z
e_00001933,u_00001eb0,app_open,2026-08-22T11:20:35Z
e_000018b4,u_00001e33,app_open,2026-08-22T12:59:52Z
e_00001879,u_00001def,app_open,2026-08-22T13:50:37Z
e_00001929,u_00001ea6,app_open,2026-08-22T14:59:09Z
e_000018bd,u_00001e3e,app_open,2026-08-22T15:25:08Z
e_00001930,u_00001eac,app_open,2026-08-22T15:33:18Z
e_00001956,u_00001ed2,app_open,2026-08-22T15:36:14Z
e_00001686,u_00001bc2,app_open,2026-08-22T15:39:17Z
e_00001809,u_00001d7f,app_open,2026-08-22T15:40:09Z
e_00001954,u_00001ecd,app_open,2026-08-22T15:54:57Z
e_00001855,u_00001dc6,app_open,2026-08-22T15:55:08Z
e_0000194a,u_00001ec6,app_open,2026-08-22T16:27:45Z
e_000018ea,u_00001e67,app_open,2026-08-22T16:43:21Z
e_00001812,u_00001d83,app_open,2026-08-22T16:43:29Z
e_0000195f,u_00001ed8,app_open,2026-08-22T17:22:30Z
e_0000195e,u_00001ed5,app_open,2026-08-22T17:32:38Z
e_00001947,u_00001ec3,app_open,2026-08-22T17:34:39Z
e_00001851,u_00001dc4,app_open,2026-08-22T17:53:54Z
e_000017dd,u_00001d50,app_open,2026-08-22T19:03:13Z
e_000016be,u_00001c01,app_open,2026-08-22T19:08:38Z
e_000016e2,u_00001c28,app_open,2026-08-22T19:12:38Z
e_000018c1,u_00001e3f,app_open,2026-08-22T21:13:00Z
e_00001932,u_00001ead,app_open,2026-08-22T21:36:52Z
e_0000193d,u_00001ebb,app_open,2026-08-22T23:47:38Z
e_00001833,u_00001da1,app_open,2026-08-23T00:36:46Z
e_0000197c,u_00001efc,app_open,2026-08-23T01:25:33Z
e_00001970,u_00001eef,app_open,2026-08-23T02:19:22Z
e_00001997,u_00001f18,app_open,2026-08-23T02:42:45Z
e_000018b6,u_00001e33,app_open,2026-08-23T02:43:47Z
e_0000198b,u_00001f0c,app_open,2026-08-23T03:00:42Z
e_00001993,u_00001f17,app_open,2026-08-23T03:14:04Z
e_000016fa,u_00001c4b,app_open,2026-08-23T03:31:10Z
e_0000199b,u_00001f19,app_open,2026-08-23T03:36:14Z
e_00001965,u_00001edc,app_open,2026-08-23T03:47:04Z
e_000018ee,u_00001e69,app_open,2026-08-23T03:48:25Z
e_00001656,u_00001b7e,app_open,2026-08-23T04:42:34Z
e_0000196a,u_00001ee6,app_open,2026-08-23T05:38:35Z
e_0000191c,u_00001e98,app_open,2026-08-23T06:11:01Z
e_0000199c,u_00001f1c,app_open,2026-08-23T06:25:04Z
e_00001824,u_00001d95,app_open,2026-08-23T06:29:26Z
e_0000198d,u_00001f0e,app_open,2026-08-23T06:39:38Z
e_00001973,u_00001ef7,app_open,2026-08-23T06:56:00Z
e_0000191e,u_00001e98,app_open,2026-08-23T07:40:35Z
e_00001823,u_00001d95,app_open,2026-08-23T08:16:05Z
e_000018a9,u_00001e25,app_open,2026-08-23T08:55:27Z
e_000017c5,u_00001d39,app_open,2026-08-23T08:57:33Z
e_000017fb,u_00001d73,app_open,2026-08-23T09:13:34Z
e_0000199d,u_00001f1e,app_open,2026-08-23T09:27:44Z
e_00001887,u_00001dfc,app_open,2026-08-23T09:45:07Z
e_0000196d,u_00001eee,app_open,2026-08-23T10:08:24Z
e_000018d0,u_00001e4f,app_open,2026-08-23T10:15:38Z
e_0000181d,u_00001d8f,app_open,2026-08-23T10:30:48Z
e_00001983,u_00001f05,app_open,2026-08-23T10:33:00Z
e_000018e8,u_00001e67,app_open,2026-08-23T10:41:49Z
e_00001967,u_00001ee1,app_open,2026-08-23T11:33:09Z
e_0000183d,u_00001daa,app_open,2026-08-23T11:44:36Z
e_0000197f,u_00001f01,app_open,2026-08-23T12:50:23Z
e_00001992,u_00001f14,app_open,2026-08-23T13:03:09Z
e_00001810,u_00001d80,app_open,2026-08-23T13:16:59Z
e_0000195c,u_00001ed4,app_open,2026-08-23T14:30:48Z
e_00001979,u_00001efb,app_open,2026-08-23T14:33:15Z
e_00001945,u_00001ec1,app_open,2026-08-23T14:56:43Z
e_0000185a,u_00001dc8,app_open,2026-08-23T14:56:53Z
e_00001972,u_00001ef4,app_open,2026-08-23T15:26:20Z
e_0000196c,u_00001eeb,app_open,2026-08-23T15:30:45Z
e_0000182d,u_00001d9d,app_open,2026-08-23T15:54:32Z
e_00001978,u_00001ef9,app_open,2026-08-23T17:31:19Z
e_00001966,u_00001edf,app_open,2026-08-23T17:32:01Z
e_0000196b,u_00001ee9,app_open,2026-08-23T17:35:55Z
e_0000195a,u_00001ed4,app_open,2026-08-23T18:02:07Z
e_00001940,u_00001ebf,app_open,2026-08-23T18:09:50Z
e_00001715,u_00001c66,app_open,2026-08-23T18:32:23Z
e_0000198e,u_00001f11,app_open,2026-08-23T18:52:47Z
e_0000180f,u_00001d80,app_open,2026-08-23T19:05:12Z
e_00001961,u_00001eda,app_open,2026-08-23T19:35:08Z
e_00001878,u_00001def,app_open,2026-08-23T19:45:30Z
e_0000198a,u_00001f09,app_open,2026-08-23T20:22:04Z
e_00001985,u_00001f06,app_open,2026-08-23T20:30:02Z
e_00001942,u_00001ebf,app_open,2026-08-23T20:33:22Z
e_0000181b,u_00001d8f,app_open,2026-08-23T20:46:52Z
e_0000197d,u_00001eff,app_open,2026-08-23T21:56:52Z
e_00001982,u_00001f02,app_open,2026-08-23T22:29:25Z
e_000018d9,u_00001e58,app_open,2026-08-23T23:12:47Z
e_0000198c,u_00001f0d,app_open,2026-08-23T23:31:44Z
e_000018e2,u_00001e5e,app_open,2026-08-23T23:43:33Z
e_00001968,u_00001ee3,app_open,2026-08-23T23:51:55Z
e_00001971,u_00001ef1,app_open,2026-08-24T00:32:34Z
e_000019e3,u_00001f5d,app_open,2026-08-24T00:57:48Z
e_000019b3,u_00001f33,app_open,2026-08-24T01:33:24Z
e_000018b7,u_00001e33,app_open,2026-08-24T01:53:05Z
e_00001825,u_00001d95,app_open,2026-08-24T02:06:07Z
e_000019c5,u_00001f43,app_open,2026-08-24T03:38:08Z
e_000019c4,u_00001f40,app_open,2026-08-24T03:41:28Z
e_000019b6,u_00001f37,app_open,2026-08-24T03:55:01Z
e_00001994,u_00001f17,app_open,2026-08-24T03:58:17Z
e_000019b1,u_00001f30,app_open,2026-08-24T06:10:41Z
e_000019a7,u_00001f27,app_open,2026-08-24T07:07:15Z
e_000019a8,u_00001f28,app_open,2026-08-24T07:10:06Z
e_000019e2,u_00001f5a,app_open,2026-08-24T07:17:49Z
e_000019cc,u_00001f4a,app_open,2026-08-24T07:36:03Z
e_000019a6,u_00001f24,app_open,2026-08-24T07:46:09Z
e_000019ca,u_00001f47,app_open,2026-08-24T08:03:34Z
e_000018b0,u_00001e2e,app_open,2026-08-24T08:05:06Z
e_000019b2,u_00001f31,app_open,2026-08-24T08:33:16Z
e_000019c6,u_00001f44,app_open,2026-08-24T08:48:31Z
e_00001918,u_00001e96,app_open,2026-08-24T09:28:41Z
e_000019b8,u_00001f38,app_open,2026-08-24T09:41:32Z
e_000019ab,u_00001f2b,app_open,2026-08-24T10:19:30Z
e_000019ad,u_00001f2d,app_open,2026-08-24T10:46:19Z
e_0000192d,u_00001ea8,app_open,2026-08-24T10:57:42Z
e_000019b5,u_00001f35,app_open,2026-08-24T11:06:00Z
e_000019bd,u_00001f3c,app_open,2026-08-24T11:29:19Z
e_0000199e,u_00001f1e,app_open,2026-08-24T11:59:14Z
e_0000182a,u_00001d9a,app_open,2026-08-24T12:02:58Z
e_0000191b,u_00001e98,app_open,2026-08-24T12:16:26Z
e_000017e2,u_00001d51,app_open,2026-08-24T13:11:24Z
e_00001859,u_00001dc8,app_open,2026-08-24T13:21:31Z
e_000019d2,u_00001f4b,app_open,2026-08-24T14:21:04Z
e_000019d4,u_00001f4f,app_open,2026-08-24T15:02:32Z
e_000019c8,u_00001f46,app_open,2026-08-24T15:04:26Z
e_000019a0,u_00001f1f,app_open,2026-08-24T16:33:05Z
e_000019d3,u_00001f4e,app_open,2026-08-24T17:06:00Z
e_00001943,u_00001ebf,app_open,2026-08-24T17:13:20Z
e_000019b4,u_00001f34,app_open,2026-08-24T18:50:11Z
e_000018d5,u_00001e56,app_open,2026-08-24T18:51:28Z
e_000018f1,u_00001e6a,app_open,2026-08-24T18:52:31Z
e_000019a5,u_00001f21,app_open,2026-08-24T19:03:03Z
e_000019be,u_00001f3d,app_open,2026-08-24T19:51:51Z
e_000019c2,u_00001f3f,app_open,2026-08-24T19:56:14Z
e_0000194c,u_00001ec6,app_open,2026-08-24T20:57:55Z
e_00001684,u_00001bc0,app_open,2026-08-24T21:06:31Z
e_0000194b,u_00001ec6,app_open,2026-08-24T21:31:41Z
e_00001900,u_00001e7b,app_open,2026-08-24T21:57:29Z
e_000018fd,u_00001e77,app_open,2026-08-24T21:59:03Z
e_00001848,u_00001db7,app_open,2026-08-24T22:14:02Z
e_000019bc,u_00001f39,app_open,2026-08-24T22:52:26Z
e_0000198f,u_00001f11,app_open,2026-08-24T23:02:54Z
e_000019cb,u_00001f49,app_open,2026-08-24T23:12:01Z
e_000016b0,u_00001bef,app_open,2026-08-24T23:12:24Z
e_000019de,u_00001f57,app_open,2026-08-24T23:21:04Z
e_000019d5,u_00001f52,app_open,2026-08-25T00:06:48Z
e_000019d8,u_00001f54,app_open,2026-08-25T00:21:49Z
e_000019e1,u_00001f58,app_open,2026-08-25T00:28:07Z
e_0000192a,u_00001ea6,app_open,2026-08-25T01:56:17Z
e_0000196e,u_00001eee,app_open,2026-08-25T02:41:48Z
e_00001a07,u_00001f87,app_open,2026-08-25T02:52:05Z
e_000016f7,u_00001c46,app_open,2026-08-25T03:13:38Z
e_00001a10,u_00001f92,app_open,2026-08-25T03:56:23Z
e_000019e4,u_00001f60,app_open,2026-08-25T04:03:24Z
e_00001883,u_00001df9,app_open,2026-08-25T04:06:55Z
e_00001a04,u_00001f86,app_open,2026-08-25T04:16:47Z
e_000019ed,u_00001f68,app_open,2026-08-25T04:31:27Z
e_000019fb,u_00001f7d,app_open,2026-08-25T04:38:18Z
e_0000189a,u_00001e0f,app_open,2026-08-25T05:15:53Z
e_00001948,u_00001ec3,app_open,2026-08-25T05:52:28Z
e_00001986,u_00001f06,app_open,2026-08-25T06:23:26Z
e_000018d8,u_00001e58,app_open,2026-08-25T06:38:40Z
e_00001988,u_00001f06,app_open,2026-08-25T06:51:11Z
e_00001a0f,u_00001f8f,app_open,2026-08-25T07:05:25Z
e_000019ef,u_00001f6d,app_open,2026-08-25T07:35:56Z
e_00001853,u_00001dc4,app_open,2026-08-25T08:35:03Z
e_000019f8,u_00001f75,app_open,2026-08-25T08:42:09Z
e_00001991,u_00001f11,app_open,2026-08-25T08:47:57Z
e_000019eb,u_00001f67,app_open,2026-08-25T09:01:28Z
e_00001958,u_00001ed2,app_open,2026-08-25T09:15:54Z
e_000019f6,u_00001f73,app_open,2026-08-25T09:38:24Z
e_000019ff,u_00001f7f,app_open,2026-08-25T09:51:23Z
e_000019e6,u_00001f64,app_open,2026-08-25T09:51:34Z
e_00001977,u_00001ef7,app_open,2026-08-25T10:33:24Z
e_000019fa,u_00001f7a,app_open,2026-08-25T10:38:46Z
e_000019f0,u_00001f70,app_open,2026-08-25T10:54:02Z
e_0000171c,u_00001c6c,app_open,2026-08-25T11:09:45Z
e_00001a03,u_00001f85,app_open,2026-08-25T11:24:20Z
e_00001909,u_00001e82,app_open,2026-08-25T11:34:51Z
e_00001949,u_00001ec3,app_open,2026-08-25T11:53:26Z
e_000019ee,u_00001f6a,app_open,2026-08-25T11:59:50Z
e_00001a0e,u_00001f8c,app_open,2026-08-25T12:21:17Z
e_00001974,u_00001ef7,app_open,2026-08-25T12:32:54Z
e_00001a01,u_00001f83,app_open,2026-08-25T12:44:14Z
e_0000187d,u_00001df2,app_open,2026-08-25T12:48:07Z
e_0000188d,u_00001dff,app_open,2026-08-25T13:58:22Z
e_0000190e,u_00001e89,app_open,2026-08-25T14:24:06Z
e_000018f3,u_00001e6b,app_open,2026-08-25T16:09:58Z
e_00001858,u_00001dc8,app_open,2026-08-25T16:53:02Z
e_000018fb,u_00001e77,app_open,2026-08-25T17:06:25Z
e_00001964,u_00001eda,app_open,2026-08-25T17:33:27Z
e_000019f9,u_00001f77,app_open,2026-08-25T17:38:18Z
e_000019b9,u_00001f38,app_open,2026-08-25T18:38:04Z
e_000018df,u_00001e5e,app_open,2026-08-25T18:50:33Z
e_00001a08,u_00001f89,app_open,2026-08-25T19:56:41Z
e_00001897,u_00001e0e,app_open,2026-08-25T20:32:09Z
e_000018e0,u_00001e5e,app_open,2026-08-25T20:41:39Z
e_000019e7,u_00001f66,app_open,2026-08-25T21:18:08Z
e_00001a0d,u_00001f8b,app_open,2026-08-25T21:45:55Z
e_000019e5,u_00001f62,app_open,2026-08-25T21:54:27Z
e_000019f1,u_00001f72,app_open,2026-08-25T22:01:41Z
e_00001830,u_00001d9e,app_open,2026-08-25T22:10:35Z
e_00001a00,u_00001f82,app_open,2026-08-25T22:44:17Z
e_000019af,u_00001f2d,app_open,2026-08-25T22:50:24Z
e_000019fe,u_00001f7e,app_open,2026-08-25T22:58:31Z
e_000019df,u_00001f57,app_open,2026-08-25T23:32:00Z
e_00001975,u_00001ef7,app_open,2026-08-25T23:50:33Z
e_000016b8,u_00001bfc,app_open,2026-08-25T23:52:47Z
e_000018cf,u_00001e4f,app_open,2026-08-26T00:06:08Z
e_00001990,u_00001f11,app_open,2026-08-26T00:24:51Z
e_00001a3d,u_00001fbc,app_open,2026-08-26T00:26:26Z
e_0000193a,u_00001eb5,app_open,2026-08-26T00:45:05Z
e_000018ae,u_00001e2e,app_open,2026-08-26T01:19:01Z
e_00001a3f,u_00001fbe,app_open,2026-08-26T01:33:39Z
e_00001a29,u_00001fa4,app_open,2026-08-26T01:35:03Z
e_00001a3b,u_00001fb6,app_open,2026-08-26T01:51:03Z
e_0000199f,u_00001f1e,app_open,2026-08-26T02:13:24Z
e_00001a2f,u_00001faa,app_open,2026-08-26T03:52:02Z
e_00001a42,u_00001fc1,app_open,2026-08-26T04:10:27Z
e_00001a22,u_00001f9e,app_open,2026-08-26T04:37:41Z
e_000018af,u_00001e2e,app_open,2026-08-26T04:39:37Z
e_00001a13,u_00001f92,app_open,2026-08-26T06:03:01Z
e_00001a26,u_00001fa2,app_open,2026-08-26T06:10:44Z
e_000018c3,u_00001e3f,app_open,2026-08-26T06:16:59Z
e_000018bf,u_00001e3e,app_open,2026-08-26T06:30:35Z
e_000017a2,u_00001d0b,app_open,2026-08-26T07:00:35Z
e_00001a23,u_00001fa1,app_open,2026-08-26T07:58:46Z
e_00001a44,u_00001fc5,app_open,2026-08-26T08:10:03Z
e_00001a1a,u_00001f96,app_open,2026-08-26T08:24:00Z
e_000018c2,u_00001e3f,app_open,2026-08-26T09:18:32Z
e_00001a37,u_00001fb3,app_open,2026-08-26T10:08:56Z
e_00001a34,u_00001fae,app_open,2026-08-26T12:06:13Z
e_00001996,u_00001f17,app_open,2026-08-26T13:36:24Z
e_000019bb,u_00001f38,app_open,2026-08-26T13:43:09Z
e_00001917,u_00001e96,app_open,2026-08-26T13:54:26Z
e_00001a3c,u_00001fb9,app_open,2026-08-26T14:18:11Z
e_00001711,u_00001c63,app_open,2026-08-26T14:27:54Z
e_000018fc,u_00001e77,app_open,2026-08-26T14:43:17Z
e_00001a1b,u_00001f99,app_open,2026-08-26T15:20:45Z
e_00001a33,u_00001fac,app_open,2026-08-26T15:28:18Z
e_00001987,u_00001f06,app_open,2026-08-26T16:03:33Z
e_00001976,u_00001ef7,app_open,2026-08-26T16:08:17Z
e_0000197b,u_00001efb,app_open,2026-08-26T16:34:14Z
e_00001a14,u_00001f94,app_open,2026-08-26T16:36:03Z
e_0000194d,u_00001ec6,app_open,2026-08-26T16:53:12Z
e_000018e9,u_00001e67,app_open,2026-08-26T17:02:51Z
e_00001a2e,u_00001fa9,app_open,2026-08-26T17:57:43Z
e_000019ba,u_00001f38,app_open,2026-08-26T18:24:54Z
e_00001a2c,u_00001fa6,app_open,2026-08-26T19:14:41Z
e_00001a43,u_00001fc4,app_open,2026-08-26T20:10:44Z
e_0000195d,u_00001ed4,app_open,2026-08-26T20:56:11Z
e_00001a41,u_00001fbf,app_open,2026-08-26T21:03:56Z
e_00001a28,u_00001fa3,app_open,2026-08-26T21:05:45Z
e_00001a19,u_00001f95,app_open,2026-08-26T21:59:57Z
e_00001a36,u_00001fb1,app_open,2026-08-26T22:02:49Z
e_000019a4,u_00001f1f,app_open,2026-08-26T22:05:33Z
e_00001950,u_00001ec8,app_open,2026-08-26T22:54:50Z
e_00001a2b,u_00001fa5,app_open,2026-08-26T23:10:17Z
e_000018f7,u_00001e71,app_open,2026-08-26T23:54:12Z
e_00001a1e,u_00001f9c,app_open,2026-08-27T00:12:21Z
e_00001a8a,u_00002003,app_open,2026-08-27T00:45:35Z
e_000019c1,u_00001f3d,app_open,2026-08-27T01:09:04Z
e_00001a73,u_00001fee,app_open,2026-08-27T01:28:07Z
e_00001980,u_00001f01,app_open,2026-08-27T01:39:18Z
e_00001a8b,u_00002005,app_open,2026-08-27T01:42:15Z
e_00001a4a,u_00001fca,app_open,2026-08-27T01:42:24Z
e_000018be,u_00001e3e,app_open,2026-08-27T02:26:12Z
e_00001998,u_00001f18,app_open,2026-08-27T02:45:26Z
e_00001957,u_00001ed2,app_open,2026-08-27T02:54:09Z
e_00001946,u_00001ec1,app_open,2026-08-27T03:32:29Z
e_00001a4c,u_00001fcb,app_open,2026-08-27T03:57:31Z
e_000017ac,u_00001d16,app_open,2026-08-27T05:30:05Z
e_000019ae,u_00001f2d,app_open,2026-08-27T05:35:10Z
e_00001a70,u_00001fe9,app_open,2026-08-27T05:37:54Z
e_000018b2,u_00001e31,app_open,2026-08-27T05:49:25Z
e_00001a7d,u_00001ff8,app_open,2026-08-27T05:55:13Z
e_0000191d,u_00001e98,app_open,2026-08-27T05:56:13Z
e_000018f0,u_00001e6a,app_open,2026-08-27T06:10:51Z
e_00001a55,u_00001fd1,app_open,2026-08-27T06:15:44Z
e_00001a78,u_00001ff1,app_open,2026-08-27T06:31:22Z
e_00001a6f,u_00001fe8,app_open,2026-08-27T07:22:20Z
e_00001a62,u_00001fd7,app_open,2026-08-27T07:33:04Z
e_00001a59,u_00001fd2,app_open,2026-08-27T07:39:13Z
e_00001a80,u_00001ffb,app_open,2026-08-27T07:39:28Z
e_00001a06,u_00001f86,app_open,2026-08-27T08:17:07Z
e_00001a7a,u_00001ff2,app_open,2026-08-27T08:51:12Z
e_00001a24,u_00001fa1,app_open,2026-08-27T09:41:19Z
e_00001a81,u_00001ffd,app_open,2026-08-27T09:44:21Z
e_00001a5d,u_00001fd6,app_open,2026-08-27T10:24:45Z
e_000019f5,u_00001f72,app_open,2026-08-27T10:43:07Z
e_000018db,u_00001e58,app_open,2026-08-27T10:57:32Z
e_00001a72,u_00001fed,app_open,2026-08-27T11:03:19Z
e_00001a66,u_00001fda,app_open,2026-08-27T11:10:13Z
e_00001a85,u_00002000,app_open,2026-08-27T11:49:36Z
e_00001a54,u_00001fd0,app_open,2026-08-27T12:21:19Z
e_00001969,u_00001ee3,app_open,2026-08-27T13:02:21Z
e_00001916,u_00001e96,app_open,2026-08-27T13:32:29Z
e_00001913,u_00001e94,app_open,2026-08-27T13:44:17Z
e_00001a8d,u_00002008,app_open,2026-08-27T14:06:33Z
e_00001a6a,u_00001fdc,app_open,2026-08-27T14:14:37Z
e_00001a45,u_00001fc7,app_open,2026-08-27T14:46:53Z
e_00001a52,u_00001fce,app_open,2026-08-27T15:19:14Z
e_00001a6d,u_00001fe3,app_open,2026-08-27T15:26:24Z
e_00001a5c,u_00001fd3,app_open,2026-08-27T15:30:06Z
e_00001936,u_00001eb2,app_open,2026-08-27T15:58:24Z
e_00001a8c,u_00002007,app_open,2026-08-27T16:35:08Z
e_00001a6e,u_00001fe6,app_open,2026-08-27T16:37:03Z
e_00001a51,u_00001fcd,app_open,2026-08-27T16:55:37Z
e_0000199a,u_00001f18,app_open,2026-08-27T17:18:21Z
e_000019a2,u_00001f1f,app_open,2026-08-27T17:19:15Z
e_00001a6b,u_00001fdd,app_open,2026-08-27T17:36:13Z
e_00001924,u_00001e9f,app_open,2026-08-27T17:40:02Z
e_00001a71,u_00001feb,app_open,2026-08-27T18:25:35Z
e_00001a7c,u_00001ff5,app_open,2026-08-27T18:41:08Z
e_00001a65,u_00001fd8,app_open,2026-08-27T20:01:01Z
e_00001a91,u_00002009,app_open,2026-08-27T20:55:07Z
e_00001902,u_00001e7b,app_open,2026-08-27T21:07:16Z
e_00001a6c,u_00001fe0,app_open,2026-08-27T22:06:03Z
e_000019f2,u_00001f72,app_open,2026-08-27T22:15:18Z
e_0000192b,u_00001ea6,app_open,2026-08-27T23:13:17Z
e_00001a53,u_00001fcf,app_open,2026-08-27T23:31:40Z
e_000019e0,u_00001f57,app_open,2026-08-28T00:28:21Z
e_00001a16,u_00001f94,app_open,2026-08-28T00:32:28Z
e_0000182e,u_00001d9d,app_open,2026-08-28T00:45:09Z
e_00001a0c,u_00001f89,app_open,2026-08-28T00:49:10Z
e_00001a17,u_00001f94,app_open,2026-08-28T00:55:23Z
e_00001abc,u_00002033,app_open,2026-08-28T01:05:53Z
e_00001a96,u_0000200c,app_open,2026-08-28T01:28:13Z
e_00001963,u_00001eda,app_open,2026-08-28T01:56:01Z
e_00001ad7,u_00002051,app_open,2026-08-28T02:17:05Z
e_000019bf,u_00001f3d,app_open,2026-08-28T02:33:36Z
e_00001a97,u_0000200e,app_open,2026-08-28T02:47:09Z
e_00001ac8,u_0000203b,app_open,2026-08-28T02:59:22Z
e_00001aa7,u_00002018,app_open,2026-08-28T03:01:27Z
e_00001ad5,u_0000204f,app_open,2026-08-28T03:01:38Z
e_00001ac4,u_00002038,app_open,2026-08-28T03:24:51Z
e_00001ab3,u_00002028,app_open,2026-08-28T03:46:57Z
e_00001a1f,u_00001f9c,app_open,2026-08-28T03:47:23Z
e_00001acc,u_00002046,app_open,2026-08-28T03:47:41Z
e_00001901,u_00001e7b,app_open,2026-08-28T04:13:34Z
e_00001ac1,u_00002035,app_open,2026-08-28T04:24:51Z
e_00001ab4,u_0000202a,app_open,2026-08-28T04:58:33Z
e_00001ac6,u_0000203a,app_open,2026-08-28T05:36:44Z
e_000019c3,u_00001f3f,app_open,2026-08-28T06:05:23Z
e_0000192e,u_00001ea8,app_open,2026-08-28T07:34:36Z
e_00001ad1,u_0000204c,app_open,2026-08-28T07:36:07Z
e_00001914,u_00001e94,app_open,2026-08-28T07:51:27Z
e_000019a3,u_00001f1f,app_open,2026-08-28T08:28:15Z
e_00001aae,u_00002020,app_open,2026-08-28T08:41:28Z
e_00001a57,u_00001fd1,app_open,2026-08-28T08:42:59Z
e_00001ab5,u_0000202b,app_open,2026-08-28T08:58:41Z
e_00001aca,u_00002040,app_open,2026-08-28T09:14:03Z
e_00001a11,u_00001f92,app_open,2026-08-28T09:18:54Z
e_0000179d,u_00001d02,app_open,2026-08-28T10:22:47Z
e_00001a0b,u_00001f89,app_open,2026-08-28T10:43:41Z
e_00001962,u_00001eda,app_open,2026-08-28T11:09:57Z
e_00001a31,u_00001faa,app_open,2026-08-28T11:25:51Z
e_00001aa6,u_00002017,app_open,2026-08-28T11:55:03Z
e_00001acb,u_00002043,app_open,2026-08-28T12:10:12Z
e_00001aaa,u_0000201a,app_open,2026-08-28T12:17:27Z
e_000019ec,u_00001f67,app_open,2026-08-28T12:26:47Z
e_00001aad,u_0000201f,app_open,2026-08-28T12:46:12Z
e_000019b0,u_00001f2d,app_open,2026-08-28T12:58:55Z
e_00001aab,u_0000201d,app_open,2026-08-28T13:57:23Z
e_00001aba,u_0000202f,app_open,2026-08-28T14:17:04Z
e_000019b7,u_00001f37,app_open,2026-08-28T15:18:37Z
e_000019d0,u_00001f4a,app_open,2026-08-28T15:23:23Z
e_0000178f,u_00001cf0,app_open,2026-08-28T15:37:45Z
e_0000177a,u_00001cd2,app_open,2026-08-28T16:21:55Z
e_00001898,u_00001e0e,app_open,2026-08-28T16:27:12Z
e_00001999,u_00001f18,app_open,2026-08-28T16:29:08Z
e_00001a69,u_00001fda,app_open,2026-08-28T16:29:09Z
e_00001a67,u_00001fda,app_open,2026-08-28T17:06:47Z
e_00001acd,u_00002049,app_open,2026-08-28T17:31:20Z
e_00001aa1,u_00002014,app_open,2026-08-28T17:40:26Z
e_0000194e,u_00001ec6,app_open,2026-08-28T18:52:52Z
e_00001a95,u_0000200b,app_open,2026-08-28T19:09:02Z
e_00001a9d,u_00002012,app_open,2026-08-28T19:16:51Z
e_00001995,u_00001f17,app_open,2026-08-28T19:25:34Z
e_00001ac9,u_0000203d,app_open,2026-08-28T20:20:39Z
e_00001a8f,u_00002008,app_open,2026-08-28T20:37:37Z
e_00001a9c,u_00002011,app_open,2026-08-28T20:38:38Z
e_00001941,u_00001ebf,app_open,2026-08-28T20:51:17Z
e_00001758,u_00001ca3,app_open,2026-08-28T20:55:05Z
e_000019c0,u_00001f3d,app_open,2026-08-28T21:04:00Z
e_00001a92,u_0000200a,app_open,2026-08-28T21:31:58Z
e_00001ab8,u_0000202d,app_open,2026-08-28T21:42:20Z
e_00001ab2,u_00002026,app_open,2026-08-28T21:47:08Z
e_00001ac2,u_00002036,app_open,2026-08-28T21:56:58Z
e_00001aaf,u_00002023,app_open,2026-08-28T22:38:21Z
e_00001abb,u_00002031,app_open,2026-08-29T00:14:25Z
e_00001b0c,u_00002088,app_open,2026-08-29T00:45:22Z
e_00001ade,u_0000205a,app_open,2026-08-29T01:12:08Z
e_00001a83,u_00001ffd,app_open,2026-08-29T01:15:22Z
e_00001add,u_00002057,app_open,2026-08-29T02:17:49Z
e_00001af4,u_00002072,app_open,2026-08-29T02:55:36Z
e_00001ae0,u_0000205c,app_open,2026-08-29T03:12:03Z
e_00001af5,u_00002075,app_open,2026-08-29T03:29:41Z
e_00001adc,u_00002056,app_open,2026-08-29T03:39:10Z
e_0000195b,u_00001ed4,app_open,2026-08-29T03:42:08Z
e_00001aee,u_00002068,app_open,2026-08-29T04:00:40Z
e_00001a4d,u_00001fcb,app_open,2026-08-29T04:43:54Z
e_00001b09,u_00002085,app_open,2026-08-29T05:58:17Z
e_0000197e,u_00001eff,app_open,2026-08-29T06:16:06Z
e_00001a21,u_00001f9c,app_open,2026-08-29T06:23:51Z
e_00001b04,u_00002084,app_open,2026-08-29T07:09:47Z
e_00001981,u_00001f01,app_open,2026-08-29T07:11:22Z
e_00001afa,u_00002079,app_open,2026-08-29T07:32:05Z
e_000019da,u_00001f54,app_open,2026-08-29T07:39:08Z
e_00001ae8,u_00002064,app_open,2026-08-29T07:51:09Z
e_00001af9,u_00002077,app_open,2026-08-29T08:07:44Z
e_00001aea,u_00002065,app_open,2026-08-29T08:48:33Z
e_000017d2,u_00001d45,app_open,2026-08-29T08:56:47Z
e_000019d9,u_00001f54,app_open,2026-08-29T09:45:44Z
e_00001afd,u_0000207a,app_open,2026-08-29T11:47:11Z
e_00001b0d,u_0000208b,app_open,2026-08-29T11:51:52Z
e_00001aa8,u_00002018,app_open,2026-08-29T12:23:43Z
e_00001a12,u_00001f92,app_open,2026-08-29T12:30:42Z
e_00001b12,u_0000208c,app_open,2026-08-29T12:33:02Z
e_00001a77,u_00001fee,app_open,2026-08-29T12:54:32Z
e_00001a99,u_0000200e,app_open,2026-08-29T13:03:44Z
e_000019cd,u_00001f4a,app_open,2026-08-29T13:43:50Z
e_00001a64,u_00001fd7,app_open,2026-08-29T14:14:17Z
e_00001aef,u_0000206b,app_open,2026-08-29T14:23:53Z
e_000019a9,u_00001f28,app_open,2026-08-29T14:33:57Z
e_000019d7,u_00001f52,app_open,2026-08-29T15:42:54Z
e_00001ae6,u_00002061,app_open,2026-08-29T16:33:53Z
e_00001864,u_00001dd5,app_open,2026-08-29T17:11:08Z
e_00001a61,u_00001fd6,app_open,2026-08-29T17:22:07Z
e_00001af0,u_0000206e,app_open,2026-08-29T17:45:55Z
e_000019a1,u_00001f1f,app_open,2026-08-29T17:48:28Z
e_00001ae5,u_0000205f,app_open,2026-08-29T18:26:44Z
e_00001b02,u_0000207f,app_open,2026-08-29T18:30:57Z
e_00001a98,u_0000200e,app_open,2026-08-29T19:27:29Z
e_00001b03,u_00002082,app_open,2026-08-29T19:47:20Z
e_00001a7e,u_00001ff8,app_open,2026-08-29T19:56:47Z
e_000019cf,u_00001f4a,app_open,2026-08-29T21:13:44Z
e_00001b0a,u_00002086,app_open,2026-08-29T21:15:25Z
e_00001af3,u_00002071,app_open,2026-08-29T22:30:26Z
e_00001a58,u_00001fd1,app_open,2026-08-29T22:35:02Z
e_00001b01,u_0000207c,app_open,2026-08-29T22:35:03Z
e_00001adb,u_00002054,app_open,2026-08-29T22:49:50Z
e_000019aa,u_00001f28,app_open,2026-08-29T23:18:53Z
e_00001af2,u_0000206f,app_open,2026-08-29T23:47:41Z
e_00001928,u_00001ea5,app_open,2026-08-30T00:20:39Z
e_0000197a,u_00001efb,app_open,2026-08-30T00:43:12Z
e_00001b3b,u_000020b2,app_open,2026-08-30T00:53:10Z
e_00001b19,u_00002093,app_open,2026-08-30T00:57:16Z
e_00001a1d,u_00001f99,app_open,2026-08-30T01:48:13Z
e_000019ce,u_00001f4a,app_open,2026-08-30T02:09:45Z
e_00001b2e,u_000020aa,app_open,2026-08-30T02:18:15Z
e_00001a9f,u_00002012,app_open,2026-08-30T02:39:01Z
e_00001b44,u_000020b9,app_open,2026-08-30T02:58:14Z
e_00001a0a,u_00001f89,app_open,2026-08-30T03:07:56Z
e_00001a5b,u_00001fd2,app_open,2026-08-30T03:10:50Z
e_00001ad2,u_0000204c,app_open,2026-08-30T03:11:14Z
e_00001ace,u_00002049,app_open,2026-08-30T03:29:43Z
e_00001b41,u_000020b7,app_open,2026-08-30T03:54:32Z
e_00001b2c,u_000020a4,app_open,2026-08-30T04:25:44Z
e_00001a8e,u_00002008,app_open,2026-08-30T05:35:48Z
e_00001b1d,u_00002094,app_open,2026-08-30T06:08:43Z
e_00001b1e,u_00002096,app_open,2026-08-30T06:34:52Z
e_00001a56,u_00001fd1,app_open,2026-08-30T07:30:30Z
e_00001a48,u_00001fc7,app_open,2026-08-30T08:48:53Z
e_00001a15,u_00001f94,app_open,2026-08-30T09:20:48Z
e_00001a74,u_00001fee,app_open,2026-08-30T09:31:11Z
e_00001b2d,u_000020a7,app_open,2026-08-30T10:08:10Z
e_00001b3f,u_000020b6,app_open,2026-08-30T10:10:28Z
e_00001b3a,u_000020b1,app_open,2026-08-30T10:42:43Z
e_000019fc,u_00001f7d,app_open,2026-08-30T10:48:16Z
e_00001a30,u_00001faa,app_open,2026-08-30T11:27:49Z
e_00001b21,u_00002099,app_open,2026-08-30T12:01:17Z
e_00001b3e,u_000020b5,app_open,2026-08-30T13:00:01Z
e_00001b45,u_000020bc,app_open,2026-08-30T13:02:52Z
e_00001b31,u_000020ad,app_open,2026-08-30T13:05:57Z
e_000019db,u_00001f54,app_open,2026-08-30T13:36:29Z
e_00001b43,u_000020b8,app_open,2026-08-30T14:33:56Z
e_00001aac,u_0000201d,app_open,2026-08-30T15:21:47Z
e_00001b13,u_0000208d,app_open,2026-08-30T16:09:28Z
e_00001b3d,u_000020b4,app_open,2026-08-30T16:32:41Z
e_00001aeb,u_00002065,app_open,2026-08-30T16:45:11Z
e_000017db,u_00001d4e,app_open,2026-08-30T16:49:49Z
e_000019dc,u_00001f54,app_open,2026-08-30T17:10:33Z
e_00001abe,u_00002033,app_open,2026-08-30T17:58:35Z
e_00001ab6,u_0000202b,app_open,2026-08-30T18:22:09Z
e_00001af8,u_00002075,app_open,2026-08-30T18:32:37Z
e_00001a76,u_00001fee,app_open,2026-08-30T18:52:03Z
e_00001b2b,u_000020a3,app_open,2026-08-30T19:09:28Z
e_00001b46,u_000020bf,app_open,2026-08-30T19:50:23Z
e_00001b14,u_0000208e,app_open,2026-08-30T19:58:43Z
e_00001843,u_00001db1,app_open,2026-08-30T20:03:33Z
e_00001b26,u_0000209c,app_open,2026-08-30T20:08:16Z
e_00001a4e,u_00001fcb,app_open,2026-08-30T20:45:09Z
e_00001b2a,u_000020a2,app_open,2026-08-30T21:11:09Z
e_00001b37,u_000020af,app_open,2026-08-30T21:14:17Z
e_000018cb,u_00001e4a,app_open,2026-08-30T21:24:35Z
e_00001a7f,u_00001ff8,app_open,2026-08-30T22:09:44Z
e_000017cb,u_00001d40,app_open,2026-08-30T22:09:46Z
e_00001b36,u_000020ae,app_open,2026-08-30T22:18:59Z
e_00001b27,u_0000209f,app_open,2026-08-30T22:31:42Z
e_000019ac,u_00001f2b,app_open,2026-08-30T23:01:24Z
e_00001a39,u_00001fb3,app_open,2026-08-30T23:13:51Z
e_000019ea,u_00001f66,app_open,2026-08-30T23:19:20Z
e_000019fd,u_00001f7d,app_open,2026-08-30T23:53:16Z
e_00001b18,u_00002090,app_open,2026-08-31T00:01:59Z
e_00001a47,u_00001fc7,app_open,2026-08-31T00:56:37Z
e_00001ad3,u_0000204c,app_open,2026-08-31T01:35:34Z
e_00001a38,u_00001fb3,app_open,2026-08-31T02:05:54Z
e_00001b05,u_00002084,app_open,2026-08-31T02:08:39Z
e_00001b86,u_00002105,app_open,2026-08-31T02:37:49Z
e_00001b68,u_000020de,app_open,2026-08-31T03:19:47Z
e_00001b6f,u_000020e9,app_open,2026-08-31T03:23:51Z
e_00001a35,u_00001fae,app_open,2026-08-31T03:49:08Z
e_00001a93,u_0000200a,app_open,2026-08-31T06:05:53Z
e_00001a1c,u_00001f99,app_open,2026-08-31T06:17:37Z
e_00001b8e,u_0000210f,app_open,2026-08-31T06:19:29Z
e_00001b77,u_000020ef,app_open,2026-08-31T06:27:28Z
e_00001ad9,u_00002051,app_open,2026-08-31T06:29:25Z
e_00001b07,u_00002084,app_open,2026-08-31T06:32:03Z
e_00001b6a,u_000020e3,app_open,2026-08-31T06:34:59Z
e_00001a68,u_00001fda,app_open,2026-08-31T06:52:54Z
e_00001b78,u_000020f0,app_open,2026-08-31T07:26:30Z
e_00001b4a,u_000020c3,app_open,2026-08-31T08:01:02Z
e_00001b50,u_000020cc,app_open,2026-08-31T08:09:33Z
e_00001ac0,u_00002033,app_open,2026-08-31T08:21:13Z
e_000019f3,u_00001f72,app_open,2026-08-31T09:04:27Z
e_00001a46,u_00001fc7,app_open,2026-08-31T09:12:46Z
e_00001a50,u_00001fcb,app_open,2026-08-31T09:20:21Z
e_00001b7c,u_000020f7,app_open,2026-08-31T09:27:02Z
e_00001b42,u_000020b7,app_open,2026-08-31T09:31:27Z
e_00001ae1,u_0000205c,app_open,2026-08-31T09:49:29Z
e_00001b7f,u_000020fb,app_open,2026-08-31T10:28:49Z
e_00001a75,u_00001fee,app_open,2026-08-31T10:42:26Z
e_00001b79,u_000020f2,app_open,2026-08-31T10:43:01Z
e_00001b49,u_000020c1,app_open,2026-08-31T10:45:48Z
e_00001b66,u_000020db,app_open,2026-08-31T11:00:00Z
e_00001b82,u_000020ff,app_open,2026-08-31T11:05:03Z
e_000019f4,u_00001f72,app_open,2026-08-31T11:58:00Z
e_00001b54,u_000020cf,app_open,2026-08-31T11:58:36Z
e_00001b4e,u_000020c7,app_open,2026-08-31T12:17:29Z
e_00001b5e,u_000020d3,app_open,2026-08-31T13:04:16Z
e_00001b6b,u_000020e5,app_open,2026-08-31T13:48:44Z
e_00001b87,u_00002107,app_open,2026-08-31T13:58:21Z
e_00001abd,u_00002033,app_open,2026-08-31T14:00:19Z
e_00001b6e,u_000020e8,app_open,2026-08-31T14:01:47Z
e_000019e9,u_00001f66,app_open,2026-08-31T14:02:44Z
e_00001b7b,u_000020f5,app_open,2026-08-31T14:24:53Z
e_000019d6,u_00001f52,app_open,2026-08-31T14:26:49Z
e_00001b06,u_00002084,app_open,2026-08-31T15:07:01Z
e_00001b74,u_000020ec,app_open,2026-08-31T15:35:26Z
e_00001b4d,u_000020c4,app_open,2026-08-31T16:00:41Z
e_00001a05,u_00001f86,app_open,2026-08-31T16:11:35Z
e_00001b64,u_000020d9,app_open,2026-08-31T16:55:15Z
e_00001b63,u_000020d6,app_open,2026-08-31T17:15:02Z
e_00001b4f,u_000020c9,app_open,2026-08-31T17:19:43Z
e_00001b88,u_0000210a,app_open,2026-08-31T18:29:16Z
e_00001b7e,u_000020f9,app_open,2026-08-31T19:00:42Z
e_00001a9e,u_00002012,app_open,2026-08-31T19:32:37Z
e_00001afe,u_0000207a,app_open,2026-08-31T19:41:40Z
e_00001a3a,u_00001fb3,app_open,2026-08-31T19:48:10Z
e_00001b10,u_0000208b,app_open,2026-08-31T20:30:56Z
e_00001a88,u_00002000,app_open,2026-08-31T20:42:41Z
e_00001b67,u_000020dc,app_open,2026-08-31T20:57:14Z
e_00001b25,u_00002099,app_open,2026-08-31T22:16:51Z
e_00001a25,u_00001fa1,app_open,2026-08-31T22:27:54Z
e_00001b85,u_00002102,app_open,2026-08-31T22:29:20Z
e_00001b81,u_000020fd,app_open,2026-08-31T22:53:22Z
e_000019e8,u_00001f66,app_open,2026-08-31T23:10:45Z
e_00001b69,u_000020e0,app_open,2026-08-31T23:22:06Z
e_00001b65,u_000020da,app_open,2026-08-31T23:37:57Z
e_00001b59,u_000020d1,app_open,2026-09-01T00:02:13Z
e_00001b8d,u_0000210c,app_open,2026-09-01T00:21:42Z
e_00001aa4,u_00002014,app_open,2026-09-01T00:33:38Z
e_00001bbd,u_00002132,app_open,2026-09-01T01:47:43Z
e_00001b16,u_0000208e,app_open,2026-09-01T01:49:20Z
e_00001bb4,u_0000212a,app_open,2026-09-01T02:23:27Z
e_00001bb6,u_0000212d,app_open,2026-09-01T02:30:37Z
e_00001a9b,u_0000200e,app_open,2026-09-01T02:35:30Z
e_00001835,u_00001da4,app_open,2026-09-01T02:48:55Z
e_00001a09,u_00001f89,app_open,2026-09-01T02:54:48Z
e_00001bc6,u_0000213e,app_open,2026-09-01T03:48:30Z
e_00001ba7,u_00002123,app_open,2026-09-01T04:14:11Z
e_0000185f,u_00001dce,app_open,2026-09-01T04:25:06Z
e_000018c9,u_00001e47,app_open,2026-09-01T04:35:11Z
e_00001ba8,u_00002124,app_open,2026-09-01T04:35:55Z
e_00001bac,u_00002125,app_open,2026-09-01T06:42:15Z
e_00001a20,u_00001f9c,app_open,2026-09-01T07:25:37Z
e_00001aa0,u_00002012,app_open,2026-09-01T07:38:59Z
e_00001b8f,u_00002110,app_open,2026-09-01T08:18:57Z
e_00001bbb,u_0000212e,app_open,2026-09-01T08:35:02Z
e_00001b73,u_000020e9,app_open,2026-09-01T09:37:42Z
e_00001af6,u_00002075,app_open,2026-09-01T10:18:51Z
e_00001a63,u_00001fd7,app_open,2026-09-01T10:21:43Z
e_00001b28,u_0000209f,app_open,2026-09-01T10:25:03Z
e_00001a5e,u_00001fd6,app_open,2026-09-01T10:27:27Z
e_00001919,u_00001e96,app_open,2026-09-01T10:33:06Z
e_00001b70,u_000020e9,app_open,2026-09-01T11:11:18Z
e_00001bc5,u_0000213d,app_open,2026-09-01T11:14:54Z
e_00001bbc,u_00002130,app_open,2026-09-01T11:29:43Z
e_00001b38,u_000020af,app_open,2026-09-01T12:06:22Z
e_00001aec,u_00002065,app_open,2026-09-01T12:07:46Z
e_00001bc3,u_00002137,app_open,2026-09-01T12:11:46Z
e_00001aa3,u_00002014,app_open,2026-09-01T12:16:48Z
e_00001ae3,u_0000205c,app_open,2026-09-01T13:48:24Z
e_00001bad,u_00002126,app_open,2026-09-01T13:51:30Z
e_00001b32,u_000020ad,app_open,2026-09-01T13:52:55Z
e_00001b11,u_0000208b,app_open,2026-09-01T14:10:28Z
e_00001b97,u_00002115,app_open,2026-09-01T14:25:09Z
e_00001b2f,u_000020aa,app_open,2026-09-01T14:28:18Z
e_00001b9f,u_0000211c,app_open,2026-09-01T14:36:30Z
e_00001ba2,u_00002120,app_open,2026-09-01T14:51:27Z
e_00001a87,u_00002000,app_open,2026-09-01T15:01:30Z
e_00001b93,u_00002112,app_open,2026-09-01T15:33:44Z
e_00001b71,u_000020e9,app_open,2026-09-01T15:58:57Z
e_00001aed,u_00002065,app_open,2026-09-01T16:03:14Z
e_00001840,u_00001dae,app_open,2026-09-01T16:34:11Z
e_00001ba1,u_0000211f,app_open,2026-09-01T18:47:26Z
e_00001bb3,u_00002129,app_open,2026-09-01T19:07:10Z
e_00001bc4,u_0000213a,app_open,2026-09-01T19:56:30Z
e_00001b9e,u_0000211b,app_open,2026-09-01T20:07:16Z
e_00001bb2,u_00002128,app_open,2026-09-01T20:13:30Z
e_00001bc2,u_00002136,app_open,2026-09-01T20:52:58Z
e_00001b94,u_00002113,app_open,2026-09-01T20:59:10Z
e_00001aa5,u_00002014,app_open,2026-09-01T21:01:24Z
e_00001acf,u_00002049,app_open,2026-09-01T21:17:47Z
e_000018d2,u_00001e50,app_open,2026-09-01T21:23:42Z
e_00001bc1,u_00002135,app_open,2026-09-01T21:33:39Z
e_00001ad4,u_0000204c,app_open,2026-09-01T21:59:37Z
e_00001bbe,u_00002133,app_open,2026-09-01T22:01:01Z
e_00001bbf,u_00002134,app_open,2026-09-01T22:24:11Z
e_00001b98,u_00002117,app_open,2026-09-01T22:54:52Z
e_00001b9d,u_0000211a,app_open,2026-09-01T23:31:51Z
e_00001931,u_00001eac,app_open,2026-09-01T23:38:59Z
e_00001ab7,u_0000202b,app_open,2026-09-02T00:14:41Z
e_00001be5,u_00002162,app_open,2026-09-02T00:32:44Z
e_00001bc9,u_00002141,app_open,2026-09-02T00:55:23Z
e_00001a89,u_00002000,app_open,2026-09-02T01:22:56Z
e_00001bce,u_00002146,app_open,2026-09-02T02:33:31Z
e_000018a3,u_00001e1e,app_open,2026-09-02T02:47:40Z
e_00001ad8,u_00002051,app_open,2026-09-02T02:56:10Z
e_00001bf5,u_00002175,app_open,2026-09-02T03:09:39Z
e_00001b55,u_000020cf,app_open,2026-09-02T03:34:21Z
e_00001bfc,u_0000217b,app_open,2026-09-02T03:39:42Z
e_00001aa2,u_00002014,app_open,2026-09-02T03:56:50Z
e_000018e5,u_00001e62,app_open,2026-09-02T04:52:14Z
e_00001bd5,u_0000214d,app_open,2026-09-02T04:58:16Z
e_00001a86,u_00002000,app_open,2026-09-02T05:08:48Z
e_00001bf6,u_00002177,app_open,2026-09-02T05:15:14Z
e_00001bed,u_0000216d,app_open,2026-09-02T05:27:55Z
e_00001bd3,u_0000214b,app_open,2026-09-02T05:57:05Z
e_00001bee,u_0000216f,app_open,2026-09-02T06:36:24Z
e_00001af7,u_00002075,app_open,2026-09-02T07:09:29Z
e_00001b5b,u_000020d1,app_open,2026-09-02T07:47:44Z
e_00001bef,u_00002170,app_open,2026-09-02T08:23:20Z
e_00001a18,u_00001f94,app_open,2026-09-02T08:40:42Z
e_00001be6,u_00002164,app_open,2026-09-02T08:52:38Z
e_00001bb8,u_0000212d,app_open,2026-09-02T08:55:54Z
e_00001989,u_00001f06,app_open,2026-09-02T10:32:49Z
e_00001b3c,u_000020b2,app_open,2026-09-02T10:56:32Z
e_00001bd1,u_00002148,app_open,2026-09-02T11:06:31Z
e_00001bc8,u_0000213e,app_open,2026-09-02T11:07:35Z
e_00001bcc,u_00002145,app_open,2026-09-02T11:18:14Z
e_00001b24,u_00002099,app_open,2026-09-02T11:42:46Z
e_00001bfb,u_00002178,app_open,2026-09-02T12:10:22Z
e_00001a5f,u_00001fd6,app_open,2026-09-02T12:11:12Z
e_00001bec,u_0000216c,app_open,2026-09-02T12:18:45Z
e_00001b35,u_000020ad,app_open,2026-09-02T12:30:00Z
e_00001be0,u_00002159,app_open,2026-09-02T12:44:18Z
e_00001bda,u_00002151,app_open,2026-09-02T13:07:51Z
e_00001be1,u_0000215c,app_open,2026-09-02T14:10:18Z
e_00001be4,u_00002161,app_open,2026-09-02T14:19:16Z
e_00001bdb,u_00002154,app_open,2026-09-02T14:22:17Z
e_00001be8,u_00002167,app_open,2026-09-02T14:26:33Z
e_00001be7,u_00002165,app_open,2026-09-02T14:36:19Z
e_00001a84,u_00001ffd,app_open,2026-09-02T15:02:07Z
e_00001b60,u_000020d3,app_open,2026-09-02T15:12:25Z
e_00001bde,u_00002156,app_open,2026-09-02T15:45:40Z
e_00001a4f,u_00001fcb,app_open,2026-09-02T15:45:43Z
e_00001904,u_00001e7c,app_open,2026-09-02T15:55:28Z
e_00001baa,u_00002124,app_open,2026-09-02T17:06:50Z
e_00001c00,u_0000217d,app_open,2026-09-02T17:12:50Z
e_00001bd2,u_00002149,app_open,2026-09-02T17:37:40Z
e_00001b5c,u_000020d1,app_open,2026-09-02T17:42:41Z
e_00001a82,u_00001ffd,app_open,2026-09-02T18:12:55Z
e_00001be9,u_0000216a,app_open,2026-09-02T18:46:12Z
e_00001c04,u_00002186,app_open,2026-09-02T18:46:27Z
e_00001be2,u_0000215e,app_open,2026-09-02T19:13:47Z
e_00001a5a,u_00001fd2,app_open,2026-09-02T19:26:48Z
e_00001b84,u_000020ff,app_open,2026-09-02T19:33:42Z
e_00001a60,u_00001fd6,app_open,2026-09-02T20:05:06Z
e_00001bd6,u_00002150,app_open,2026-09-02T20:15:19Z
e_00001bdf,u_00002157,app_open,2026-09-02T20:24:38Z
e_00001b33,u_000020ad,app_open,2026-09-02T20:26:17Z
e_00001c02,u_00002183,app_open,2026-09-02T20:52:42Z
e_00001ba3,u_00002120,app_open,2026-09-02T21:02:58Z
e_00001afc,u_00002079,app_open,2026-09-02T21:28:59Z
e_00001bf0,u_00002172,app_open,2026-09-02T22:14:42Z
e_00001af1,u_0000206e,app_open,2026-09-02T22:48:51Z
e_00001a02,u_00001f83,app_open,2026-09-02T22:54:20Z
e_00001be3,u_00002160,app_open,2026-09-02T22:56:00Z
e_00001bcb,u_00002142,app_open,2026-09-02T23:13:12Z
e_00001c01,u_00002180,app_open,2026-09-02T23:29:50Z
e_00001b52,u_000020cc,app_open,2026-09-02T23:44:39Z
e_00001bb1,u_00002126,app_open,2026-09-03T00:16:48Z
e_00001b5a,u_000020d1,app_open,2026-09-03T00:20:31Z
e_00001c15,u_0000219b,app_open,2026-09-03T01:00:18Z
e_00001c21,u_000021b0,app_open,2026-09-03T01:24:54Z
e_00001c05,u_00002187,app_open,2026-09-03T02:02:06Z
e_00001b1c,u_00002093,app_open,2026-09-03T02:55:45Z
e_00001b75,u_000020ec,app_open,2026-09-03T02:56:52Z
e_00001aff,u_0000207a,app_open,2026-09-03T03:10:55Z
e_00001c27,u_000021b9,app_open,2026-09-03T03:26:26Z
e_00001b90,u_00002110,app_open,2026-09-03T03:43:12Z
e_00001ae4,u_0000205c,app_open,2026-09-03T04:11:08Z
e_00001c23,u_000021b2,app_open,2026-09-03T04:39:47Z
e_00001a2a,u_00001fa4,app_open,2026-09-03T04:56:31Z
e_00001c31,u_000021c8,app_open,2026-09-03T05:02:47Z
e_00001a90,u_00002008,app_open,2026-09-03T05:27:20Z
e_00001bfd,u_0000217b,app_open,2026-09-03T05:32:32Z
e_00001c14,u_00002198,app_open,2026-09-03T05:52:20Z
e_00001c0c,u_0000218a,app_open,2026-09-03T05:56:04Z
e_00001c2e,u_000021c5,app_open,2026-09-03T05:58:01Z
e_00001ba0,u_0000211c,app_open,2026-09-03T06:19:16Z
e_00001bab,u_00002124,app_open,2026-09-03T07:15:48Z
e_00001c2d,u_000021c2,app_open,2026-09-03T07:29:50Z
e_00001c1f,u_000021aa,app_open,2026-09-03T08:05:01Z
e_00001c0a,u_00002188,app_open,2026-09-03T08:34:06Z
e_00001953,u_00001ecc,app_open,2026-09-03T08:56:48Z
e_00001c2b,u_000021bf,app_open,2026-09-03T09:04:15Z
e_00001ab1,u_00002023,app_open,2026-09-03T09:28:30Z
e_00001ab0,u_00002023,app_open,2026-09-03T09:56:44Z
e_00001abf,u_00002033,app_open,2026-09-03T10:01:38Z
e_00001c1b,u_000021a1,app_open,2026-09-03T10:02:38Z
e_00001c25,u_000021b6,app_open,2026-09-03T10:23:22Z
e_00001c2f,u_000021c6,app_open,2026-09-03T10:54:17Z
e_00001984,u_00001f05,app_open,2026-09-03T11:45:27Z
e_00001c2c,u_000021c0,app_open,2026-09-03T11:52:53Z
e_00001c28,u_000021bc,app_open,2026-09-03T12:05:30Z
e_00001ac5,u_00002038,app_open,2026-09-03T12:13:26Z
e_00001b23,u_00002099,app_open,2026-09-03T12:38:07Z
e_00001c16,u_0000219e,app_open,2026-09-03T12:54:04Z
e_00001b1b,u_00002093,app_open,2026-09-03T13:18:12Z
e_00001c10,u_00002192,app_open,2026-09-03T13:18:17Z
e_000018ba,u_00001e38,app_open,2026-09-03T13:36:05Z
e_00001b9b,u_00002117,app_open,2026-09-03T13:48:40Z
e_00001c1c,u_000021a3,app_open,2026-09-03T13:48:47Z
e_00001c1e,u_000021a7,app_open,2026-09-03T13:48:56Z
e_00001a9a,u_0000200e,app_open,2026-09-03T13:57:26Z
e_00001b53,u_000020cc,app_open,2026-09-03T14:23:14Z
e_00001c30,u_000021c7,app_open,2026-09-03T14:36:06Z
e_00001b34,u_000020ad,app_open,2026-09-03T15:09:50Z
e_00001b83,u_000020ff,app_open,2026-09-03T15:17:13Z
e_00001c0f,u_00002190,app_open,2026-09-03T15:37:33Z
e_00001b0f,u_0000208b,app_open,2026-09-03T16:12:53Z
e_00001934,u_00001eb0,app_open,2026-09-03T18:08:04Z
e_00001c11,u_00002193,app_open,2026-09-03T18:44:17Z
e_00001c20,u_000021ad,app_open,2026-09-03T19:42:51Z
e_00001c0d,u_0000218d,app_open,2026-09-03T20:05:54Z
e_00001bb9,u_0000212d,app_open,2026-09-03T20:28:52Z
e_00001b61,u_000020d3,app_open,2026-09-03T21:26:41Z
e_00001c3b,u_000021cd,app_open,2026-09-03T21:37:17Z
e_000019c7,u_00001f44,app_open,2026-09-03T22:16:33Z
e_00001c1d,u_000021a5,app_open,2026-09-03T22:27:12Z
e_00001afb,u_00002079,app_open,2026-09-03T22:41:37Z
e_00001a94,u_0000200a,app_open,2026-09-03T22:47:01Z
e_00001c13,u_00002196,app_open,2026-09-03T22:58:32Z
e_00001c26,u_000021b7,app_open,2026-09-03T23:19:26Z
e_00001c12,u_00002194,app_open,2026-09-03T23:36:45Z
e_00001c24,u_000021b3,app_open,2026-09-03T23:49:16Z
e_00001c36,u_000021cb,app_open,2026-09-04T00:01:26Z
e_00001b62,u_000020d3,app_open,2026-09-04T00:55:05Z
e_00001b95,u_00002113,app_open,2026-09-04T00:55:56Z
e_00001b57,u_000020cf,app_open,2026-09-04T00:56:17Z
e_00001c74,u_0000220a,app_open,2026-09-04T01:10:38Z
e_00001b4b,u_000020c3,app_open,2026-09-04T01:50:41Z
e_00001c57,u_000021e0,app_open,2026-09-04T02:25:08Z
e_00001c66,u_000021f2,app_open,2026-09-04T03:50:34Z
e_00001ba4,u_00002120,app_open,2026-09-04T05:01:47Z
e_00001937,u_00001eb2,app_open,2026-09-04T05:26:27Z
e_00001b8b,u_0000210a,app_open,2026-09-04T05:37:41Z
e_00001c68,u_000021f8,app_open,2026-09-04T06:35:19Z
e_00001c65,u_000021ef,app_open,2026-09-04T06:41:13Z
e_00001c75,u_0000220b,app_open,2026-09-04T06:44:35Z
e_00001b08,u_00002084,app_open,2026-09-04T07:04:17Z
e_00001c3d,u_000021d1,app_open,2026-09-04T07:42:57Z
e_00001c73,u_00002209,app_open,2026-09-04T07:50:31Z
e_00001ae2,u_0000205c,app_open,2026-09-04T08:15:20Z
e_00001ac3,u_00002036,app_open,2026-09-04T08:49:12Z
e_00001bf4,u_00002172,app_open,2026-09-04T09:48:34Z
e_00001c03,u_00002183,app_open,2026-09-04T09:55:39Z
e_00001c6a,u_000021fc,app_open,2026-09-04T10:02:33Z
e_00001c6d,u_000021fe,app_open,2026-09-04T10:05:32Z
e_00001ad0,u_00002049,app_open,2026-09-04T10:09:02Z
e_00001c59,u_000021e6,app_open,2026-09-04T10:45:34Z
e_00001c69,u_000021f9,app_open,2026-09-04T12:16:36Z
e_00001b4c,u_000020c3,app_open,2026-09-04T12:22:29Z
e_00001c4f,u_000021dc,app_open,2026-09-04T12:42:33Z
e_00001c40,u_000021d5,app_open,2026-09-04T12:54:07Z
e_00001c3c,u_000021cf,app_open,2026-09-04T13:05:15Z
e_00001b58,u_000020cf,app_open,2026-09-04T13:34:54Z
e_00001beb,u_0000216a,app_open,2026-09-04T13:48:04Z
e_00001c5a,u_000021e7,app_open,2026-09-04T14:01:39Z
e_00001b6d,u_000020e5,app_open,2026-09-04T15:25:08Z
e_00001baf,u_00002126,app_open,2026-09-04T15:29:24Z
e_00001adf,u_0000205a,app_open,2026-09-04T15:59:41Z
e_00001c71,u_00002206,app_open,2026-09-04T16:14:34Z
e_00001c72,u_00002207,app_open,2026-09-04T16:18:48Z
e_00001c53,u_000021dd,app_open,2026-09-04T16:52:31Z
e_00001bb7,u_0000212d,app_open,2026-09-04T16:57:34Z
e_00001c58,u_000021e3,app_open,2026-09-04T17:00:38Z
e_00001b9a,u_00002117,app_open,2026-09-04T17:18:50Z
e_00001c64,u_000021ee,app_open,2026-09-04T18:06:40Z
e_00001c70,u_00002203,app_open,2026-09-04T18:16:44Z
e_0000196f,u_00001eee,app_open,2026-09-04T18:17:51Z
e_00001c77,u_0000220f,app_open,2026-09-04T18:23:00Z
e_00001bb5,u_0000212a,app_open,2026-09-04T18:28:31Z
e_00001c48,u_000021da,app_open,2026-09-04T18:53:19Z
e_00001c3f,u_000021d3,app_open,2026-09-04T18:56:45Z
e_00001b0e,u_0000208b,app_open,2026-09-04T19:00:55Z
e_00001a4b,u_00001fca,app_open,2026-09-04T19:49:01Z
e_00001c42,u_000021d6,app_open,2026-09-04T20:28:48Z
e_00001c76,u_0000220c,app_open,2026-09-04T20:53:04Z
e_00001bff,u_0000217b,app_open,2026-09-04T21:23:20Z
e_00001c4b,u_000021db,app_open,2026-09-04T21:52:38Z
e_00001c19,u_0000219e,app_open,2026-09-04T22:24:35Z
e_00001b22,u_00002099,app_open,2026-09-04T22:53:00Z
e_00001c43,u_000021d7,app_open,2026-09-04T23:29:48Z
e_00001c5b,u_000021ea,app_open,2026-09-04T23:48:11Z
e_00001c0b,u_00002188,app_open,2026-09-04T23:57:45Z
e_00001c6e,u_00002200,app_open,2026-09-05T00:07:37Z
e_00001c67,u_000021f5,app_open,2026-09-05T00:22:57Z
e_00001b1f,u_00002096,app_open,2026-09-05T00:29:16Z
e_00001c5f,u_000021ec,app_open,2026-09-05T00:35:18Z
e_00001bf2,u_00002172,app_open,2026-09-05T01:29:34Z
e_00001cbc,u_0000224f,app_open,2026-09-05T01:40:38Z
e_00001c8a,u_0000221c,app_open,2026-09-05T02:09:26Z
e_00001bdc,u_00002154,app_open,2026-09-05T02:46:49Z
e_00001cb8,u_0000224e,app_open,2026-09-05T03:00:12Z
e_00001b00,u_0000207a,app_open,2026-09-05T03:32:57Z
e_00001cbe,u_00002253,app_open,2026-09-05T04:18:23Z
e_00001b6c,u_000020e5,app_open,2026-09-05T05:17:42Z
e_00001cad,u_00002244,app_open,2026-09-05T05:24:11Z
e_00001c99,u_00002231,app_open,2026-09-05T05:26:45Z
e_00001c86,u_0000221a,app_open,2026-09-05T05:28:08Z
e_00001c83,u_00002218,app_open,2026-09-05T05:32:46Z
e_00001bba,u_0000212d,app_open,2026-09-05T05:42:22Z
e_00001b47,u_000020bf,app_open,2026-09-05T06:14:12Z
e_00001b1a,u_00002093,app_open,2026-09-05T06:20:39Z
e_00001bf1,u_00002172,app_open,2026-09-05T06:39:21Z
e_00001c98,u_0000222f,app_open,2026-09-05T07:20:24Z
e_00001b48,u_000020bf,app_open,2026-09-05T08:11:08Z
e_00001c7d,u_00002213,app_open,2026-09-05T08:52:04Z
e_00001c9e,u_00002235,app_open,2026-09-05T08:59:10Z
e_00001b99,u_00002117,app_open,2026-09-05T09:12:26Z
e_00001c8b,u_0000221f,app_open,2026-09-05T09:20:49Z
e_00001c95,u_0000222a,app_open,2026-09-05T09:52:49Z
e_00001caf,u_00002247,app_open,2026-09-05T10:00:33Z
e_00001bf8,u_00002177,app_open,2026-09-05T10:26:52Z
e_00001c06,u_00002187,app_open,2026-09-05T10:36:49Z
e_00001cbd,u_00002251,app_open,2026-09-05T10:37:50Z
e_00001ca9,u_0000223c,app_open,2026-09-05T10:43:58Z
e_00001b20,u_00002096,app_open,2026-09-05T10:50:47Z
e_00001b30,u_000020aa,app_open,2026-09-05T11:13:28Z
e_00001a3e,u_00001fbc,app_open,2026-09-05T11:47:06Z
e_00001c93,u_00002225,app_open,2026-09-05T11:50:45Z
e_00001bcf,u_00002146,app_open,2026-09-05T12:16:37Z
e_00001c51,u_000021dc,app_open,2026-09-05T13:52:34Z
e_00001c7c,u_00002210,app_open,2026-09-05T14:02:50Z
e_00001cab,u_00002241,app_open,2026-09-05T14:33:39Z
e_00001c35,u_000021c8,app_open,2026-09-05T14:37:20Z
e_00001caa,u_0000223e,app_open,2026-09-05T14:53:31Z
e_00001cb7,u_0000224d,app_open,2026-09-05T15:18:13Z
e_00001ca8,u_0000223a,app_open,2026-09-05T15:37:26Z
e_00001c82,u_00002216,app_open,2026-09-05T15:48:59Z
e_00001cb6,u_0000224a,app_open,2026-09-05T16:09:19Z
e_00001ba5,u_00002120,app_open,2026-09-05T17:16:37Z
e_00001bf7,u_00002177,app_open,2026-09-05T17:55:50Z
e_00001ca4,u_00002239,app_open,2026-09-05T18:14:50Z
e_00001b91,u_00002110,app_open,2026-09-05T18:15:43Z
e_00001c9f,u_00002237,app_open,2026-09-05T18:42:56Z
e_00001c97,u_0000222d,app_open,2026-09-05T18:49:13Z
e_00001a27,u_00001fa2,app_open,2026-09-05T19:26:06Z
e_00001c94,u_00002227,app_open,2026-09-05T20:34:32Z
e_00001cae,u_00002246,app_open,2026-09-05T20:43:30Z
e_00001c8f,u_00002222,app_open,2026-09-05T21:29:23Z
e_00001b15,u_0000208e,app_open,2026-09-05T21:38:32Z
e_00001cb4,u_00002249,app_open,2026-09-05T21:42:27Z
e_00001bd8,u_00002150,app_open,2026-09-05T22:06:53Z
e_00001b39,u_000020af,app_open,2026-09-05T22:09:15Z
e_00001c9d,u_00002232,app_open,2026-09-05T22:13:45Z
e_00001c33,u_000021c8,app_open,2026-09-06T00:53:34Z
e_00001b9c,u_00002117,app_open,2026-09-06T01:45:56Z
e_00001cd0,u_00002264,app_open,2026-09-06T02:16:37Z
e_00001c09,u_00002187,app_open,2026-09-06T02:17:25Z
e_00001ccb,u_0000225b,app_open,2026-09-06T02:29:35Z
e_00001cda,u_00002277,app_open,2026-09-06T02:46:06Z
e_00001ccc,u_0000225c,app_open,2026-09-06T03:27:48Z
e_00001c1a,u_0000219e,app_open,2026-09-06T05:13:56Z
e_00001cce,u_00002262,app_open,2026-09-06T05:58:22Z
e_00001cc4,u_00002258,app_open,2026-09-06T06:00:49Z
e_00001cbf,u_00002255,app_open,2026-09-06T06:12:18Z
e_00001cef,u_00002289,app_open,2026-09-06T06:54:50Z
e_00001ce4,u_0000227f,app_open,2026-09-06T06:57:55Z
e_00001ba9,u_00002124,app_open,2026-09-06T07:19:09Z
e_00001cea,u_00002282,app_open,2026-09-06T07:23:39Z
e_00001cd2,u_00002268,app_open,2026-09-06T07:52:53Z
e_00001ce5,u_00002281,app_open,2026-09-06T08:11:16Z
e_00001c46,u_000021d7,app_open,2026-09-06T08:47:44Z
e_00001b29,u_0000209f,app_open,2026-09-06T09:22:19Z
e_00001bc7,u_0000213e,app_open,2026-09-06T09:23:14Z
e_00001cd3,u_0000226b,app_open,2026-09-06T09:36:11Z
e_00001c4e,u_000021db,app_open,2026-09-06T09:42:46Z
e_00001ceb,u_00002285,app_open,2026-09-06T10:08:58Z
e_00001c8d,u_0000221f,app_open,2026-09-06T10:22:01Z
e_00001c6f,u_00002200,app_open,2026-09-06T10:41:41Z
e_00001c56,u_000021dd,app_open,2026-09-06T10:43:02Z
e_00001b17,u_0000208e,app_open,2026-09-06T10:45:14Z
e_00001c44,u_000021d7,app_open,2026-09-06T11:13:49Z
e_00001cd6,u_0000226e,app_open,2026-09-06T11:23:50Z
e_00001cdf,u_0000227a,app_open,2026-09-06T11:38:41Z
e_00001c34,u_000021c8,app_open,2026-09-06T11:43:42Z
e_000019c9,u_00001f46,app_open,2026-09-06T12:03:05Z
e_00001ce0,u_0000227c,app_open,2026-09-06T12:20:52Z
e_00001c84,u_00002218,app_open,2026-09-06T12:30:46Z
e_00001cd9,u_00002274,app_open,2026-09-06T12:41:23Z
e_00001cee,u_00002288,app_open,2026-09-06T14:32:09Z
e_00001cd8,u_00002271,app_open,2026-09-06T14:33:17Z
e_00001ce1,u_0000227d,app_open,2026-09-06T14:44:27Z
e_00001cd1,u_00002265,app_open,2026-09-06T15:18:12Z
e_00001ccd,u_0000225f,app_open,2026-09-06T15:59:26Z
e_00001cd7,u_0000226f,app_open,2026-09-06T16:06:46Z
e_00001cec,u_00002286,app_open,2026-09-06T16:29:13Z
e_00001cc8,u_0000225a,app_open,2026-09-06T16:34:22Z
e_00001c5e,u_000021ea,app_open,2026-09-06T17:44:22Z
e_00001b56,u_000020cf,app_open,2026-09-06T18:18:26Z
e_00001c54,u_000021dd,app_open,2026-09-06T18:46:17Z
e_00001c22,u_000021b0,app_open,2026-09-06T18:50:31Z
e_00001cb3,u_00002247,app_open,2026-09-06T19:20:01Z
e_00001c07,u_00002187,app_open,2026-09-06T19:33:28Z
e_00001b76,u_000020ec,app_open,2026-09-06T19:45:51Z
e_00001cf0,u_0000228b,app_open,2026-09-06T20:36:40Z
e_00001ab9,u_0000202d,app_open,2026-09-06T20:52:31Z
e_00001b72,u_000020e9,app_open,2026-09-06T20:57:39Z
e_00001ca7,u_00002239,app_open,2026-09-06T21:12:01Z
e_00001c17,u_0000219e,app_open,2026-09-06T22:43:27Z
e_00001c7f,u_00002213,app_open,2026-09-06T22:49:03Z
e_00001b51,u_000020cc,app_open,2026-09-07T00:00:57Z
e_00001bcd,u_00002145,app_open,2026-09-07T00:38:40Z
e_00001ba6,u_00002120,app_open,2026-09-07T01:09:06Z
e_00001d08,u_000022a1,app_open,2026-09-07T02:09:45Z
e_00001b8a,u_0000210a,app_open,2026-09-07T02:25:33Z
e_00001cdb,u_00002277,app_open,2026-09-07T02:41:24Z
e_00001c55,u_000021dd,app_open,2026-09-07T03:14:59Z
e_00001c80,u_00002213,app_open,2026-09-07T03:35:37Z
e_00001d1c,u_000022ac,app_open,2026-09-07T03:59:00Z
e_00001d24,u_000022b5,app_open,2026-09-07T04:03:21Z
e_00001d37,u_000022cf,app_open,2026-09-07T04:17:16Z
e_000019dd,u_00001f54,app_open,2026-09-07T04:22:51Z
e_00001b5f,u_000020d3,app_open,2026-09-07T05:20:07Z
e_00001b0b,u_00002086,app_open,2026-09-07T05:20:14Z
e_00001d25,u_000022b8,app_open,2026-09-07T05:36:16Z
e_00001b89,u_0000210a,app_open,2026-09-07T06:07:45Z
e_00001c7b,u_0000220f,app_open,2026-09-07T06:26:09Z
e_00001cf2,u_0000228e,app_open,2026-09-07T06:50:18Z
e_00001bd9,u_00002150,app_open,2026-09-07T07:21:25Z
e_00001bb0,u_00002126,app_open,2026-09-07T07:31:19Z
e_00001bf3,u_00002172,app_open,2026-09-07T08:07:55Z
e_00001d05,u_0000229d,app_open,2026-09-07T08:26:41Z
e_00001d30,u_000022c5,app_open,2026-09-07T09:03:39Z
e_00001cfe,u_00002298,app_open,2026-09-07T09:10:12Z
e_00001d35,u_000022c9,app_open,2026-09-07T10:17:01Z
e_00001d29,u_000022bd,app_open,2026-09-07T10:21:48Z
e_00001c7e,u_00002213,app_open,2026-09-07T10:35:22Z
e_00001c0e,u_0000218d,app_open,2026-09-07T10:59:41Z
e_00001d1b,u_000022a9,app_open,2026-09-07T11:21:39Z
e_00001d17,u_000022a7,app_open,2026-09-07T11:45:42Z
e_00001ca3,u_00002237,app_open,2026-09-07T12:37:37Z
e_00001d2f,u_000022c2,app_open,2026-09-07T12:47:23Z
e_000019d1,u_00001f4a,app_open,2026-09-07T12:57:31Z
e_00001cf3,u_00002290,app_open,2026-09-07T13:07:51Z
e_00001ce7,u_00002281,app_open,2026-09-07T13:18:17Z
e_00001cc6,u_00002258,app_open,2026-09-07T13:28:44Z
e_00001cf4,u_00002293,app_open,2026-09-07T13:50:36Z
e_00001d16,u_000022a6,app_open,2026-09-07T14:04:44Z
e_00001d11,u_000022a5,app_open,2026-09-07T14:09:35Z
e_00001c38,u_000021cb,app_open,2026-09-07T14:21:10Z
e_00001d0d,u_000022a4,app_open,2026-09-07T14:27:52Z
e_00001b92,u_00002110,app_open,2026-09-07T15:24:01Z
e_00001b5d,u_000020d1,app_open,2026-09-07T16:08:19Z
e_00001d04,u_0000229b,app_open,2026-09-07T16:28:19Z
e_00001bae,u_00002126,app_open,2026-09-07T16:49:27Z
e_00001d31,u_000022c6,app_open,2026-09-07T17:00:11Z
e_00001d27,u_000022ba,app_open,2026-09-07T17:19:25Z
e_00001cac,u_00002241,app_open,2026-09-07T17:23:47Z
e_00001ad6,u_0000204f,app_open,2026-09-07T17:39:57Z
e_00001c3a,u_000021cb,app_open,2026-09-07T18:05:41Z
e_00001d2e,u_000022c1,app_open,2026-09-07T18:09:50Z
e_00001d21,u_000022ae,app_open,2026-09-07T18:13:55Z
e_00001d2d,u_000022c0,app_open,2026-09-07T18:41:28Z
e_00001d36,u_000022cc,app_open,2026-09-07T18:45:46Z
e_00001d22,u_000022b1,app_open,2026-09-07T19:12:44Z
e_00001d26,u_000022b9,app_open,2026-09-07T19:14:26Z
e_00001cf9,u_00002296,app_open,2026-09-07T20:57:51Z
e_00001cbb,u_0000224e,app_open,2026-09-07T21:02:43Z
e_00001c29,u_000021bc,app_open,2026-09-07T21:05:16Z
e_00001cf1,u_0000228d,app_open,2026-09-07T21:18:27Z
e_00001d06,u_0000229e,app_open,2026-09-07T21:20:12Z
e_00001cf8,u_00002295,app_open,2026-09-07T21:49:34Z
e_00001d23,u_000022b3,app_open,2026-09-07T21:54:32Z
e_00001cb2,u_00002247,app_open,2026-09-07T21:56:40Z
e_00001d34,u_000022c7,app_open,2026-09-07T22:02:37Z
e_00001bd4,u_0000214b,app_open,2026-09-07T22:17:33Z
e_00001a32,u_00001faa,app_open,2026-09-07T22:37:51Z
e_00001c7a,u_0000220f,app_open,2026-09-07T23:11:39Z
e_00001d0c,u_000022a3,app_open,2026-09-07T23:45:02Z
e_00001d03,u_0000229a,app_open,2026-09-08T00:00:09Z
e_00001c62,u_000021ec,app_open,2026-09-08T00:15:14Z
e_00001cf7,u_00002294,app_open,2026-09-08T00:20:30Z
e_00001b96,u_00002113,app_open,2026-09-08T00:25:11Z
e_00001d70,u_00002312,app_open,2026-09-08T00:33:33Z
e_00001c4c,u_000021db,app_open,2026-09-08T01:12:10Z
e_00001d3a,u_000022d8,app_open,2026-09-08T01:33:41Z
e_00001d58,u_000022f2,app_open,2026-09-08T01:43:15Z
e_00001d55,u_000022f0,app_open,2026-09-08T02:08:27Z
e_00001c52,u_000021dc,app_open,2026-09-08T02:09:27Z
e_00001d77,u_0000231b,app_open,2026-09-08T02:52:24Z
e_00001d48,u_000022e4,app_open,2026-09-08T03:46:27Z
e_00001cb0,u_00002247,app_open,2026-09-08T04:06:05Z
e_00001d3b,u_000022d9,app_open,2026-09-08T05:02:24Z
e_00001d51,u_000022ed,app_open,2026-09-08T05:55:21Z
e_00001cc7,u_00002258,app_open,2026-09-08T06:06:44Z
e_00001d78,u_0000231e,app_open,2026-09-08T06:21:30Z
e_00001d6b,u_00002309,app_open,2026-09-08T06:39:03Z
e_00001cde,u_00002277,app_open,2026-09-08T06:51:33Z
e_00001d49,u_000022e6,app_open,2026-09-08T07:00:09Z
e_00001d3f,u_000022df,app_open,2026-09-08T07:27:35Z
e_00001d5f,u_000022fd,app_open,2026-09-08T07:52:02Z
e_00001cdc,u_00002277,app_open,2026-09-08T09:16:02Z
e_00001c81,u_00002213,app_open,2026-09-08T10:17:40Z
e_00001d80,u_00002325,app_open,2026-09-08T10:20:12Z
e_00001ca6,u_00002239,app_open,2026-09-08T10:31:36Z
e_00001d38,u_000022d2,app_open,2026-09-08T10:34:23Z
e_00001d39,u_000022d5,app_open,2026-09-08T10:49:59Z
e_00001d7f,u_00002323,app_open,2026-09-08T11:54:19Z
e_00001d6f,u_00002311,app_open,2026-09-08T13:14:41Z
e_00001c6b,u_000021fc,app_open,2026-09-08T13:23:01Z
e_00001d5a,u_000022f6,app_open,2026-09-08T13:24:14Z
e_00001bfa,u_00002177,app_open,2026-09-08T14:09:00Z
e_00001aa9,u_00002018,app_open,2026-09-08T14:39:10Z
e_00001bd0,u_00002146,app_open,2026-09-08T15:01:52Z
e_00001d76,u_00002319,app_open,2026-09-08T15:05:55Z
e_00001bc0,u_00002134,app_open,2026-09-08T15:24:39Z
e_00001d0f,u_000022a4,app_open,2026-09-08T15:41:12Z
e_00001a79,u_00001ff1,app_open,2026-09-08T15:51:12Z
e_00001c5d,u_000021ea,app_open,2026-09-08T15:52:26Z
e_00001ae9,u_00002064,app_open,2026-09-08T16:19:19Z
e_00001d63,u_00002302,app_open,2026-09-08T16:49:14Z
e_00001d74,u_00002315,app_open,2026-09-08T16:54:04Z
e_00001cb9,u_0000224e,app_open,2026-09-08T17:04:32Z
e_00001d5c,u_000022fa,app_open,2026-09-08T17:22:13Z
e_00001c6c,u_000021fc,app_open,2026-09-08T17:39:06Z
e_00001d7b,u_00002321,app_open,2026-09-08T17:52:58Z
e_00001d6e,u_0000230e,app_open,2026-09-08T18:13:13Z
e_00001d6a,u_00002307,app_open,2026-09-08T18:19:24Z
e_00001bfe,u_0000217b,app_open,2026-09-08T18:22:23Z
e_00001d65,u_00002304,app_open,2026-09-08T18:39:22Z
e_00001cca,u_0000225a,app_open,2026-09-08T19:01:36Z
e_00001d59,u_000022f3,app_open,2026-09-08T19:29:00Z
e_00001a40,u_00001fbe,app_open,2026-09-08T19:44:10Z
e_00001cb1,u_00002247,app_open,2026-09-08T20:10:53Z
e_00001c79,u_0000220f,app_open,2026-09-08T20:24:24Z
e_00001d60,u_00002300,app_open,2026-09-08T20:45:23Z
e_00001d50,u_000022ea,app_open,2026-09-08T20:56:28Z
e_00001d3e,u_000022dc,app_open,2026-09-08T21:01:16Z
e_00001d43,u_000022e2,app_open,2026-09-08T21:35:44Z
e_00001bf9,u_00002177,app_open,2026-09-08T21:49:56Z
e_00001d4e,u_000022e8,app_open,2026-09-08T22:22:31Z
e_000019f7,u_00001f73,app_open,2026-09-08T22:34:04Z
e_00001c89,u_0000221a,app_open,2026-09-08T22:41:14Z
e_00001d5b,u_000022f8,app_open,2026-09-08T22:51:30Z
e_00001ada,u_00002051,app_open,2026-09-08T23:41:13Z
e_00001d6c,u_0000230c,app_open,2026-09-08T23:46:25Z
e_00001d75,u_00002317,app_open,2026-09-09T00:43:15Z
e_00001d98,u_0000233c,app_open,2026-09-09T00:53:37Z
e_00001d99,u_0000233d,app_open,2026-09-09T01:24:06Z
e_00001d89,u_0000232f,app_open,2026-09-09T02:15:12Z
e_00001bea,u_0000216a,app_open,2026-09-09T02:29:10Z
e_00001da6,u_00002346,app_open,2026-09-09T03:37:16Z
e_00001db1,u_0000234f,app_open,2026-09-09T04:13:17Z
e_00001d83,u_00002329,app_open,2026-09-09T04:14:55Z
e_00001a49,u_00001fc7,app_open,2026-09-09T04:21:11Z
e_00001c08,u_00002187,app_open,2026-09-09T04:24:00Z
e_00001d90,u_00002338,app_open,2026-09-09T05:02:37Z
e_00001d84,u_0000232a,app_open,2026-09-09T05:15:07Z
e_00001d9b,u_0000233e,app_open,2026-09-09T05:50:38Z
e_00001da9,u_00002347,app_open,2026-09-09T06:37:36Z
e_00001dac,u_0000234c,app_open,2026-09-09T06:49:20Z
e_00001dad,u_0000234d,app_open,2026-09-09T07:14:25Z
e_00001db4,u_00002352,app_open,2026-09-09T08:40:02Z
e_00001da5,u_00002344,app_open,2026-09-09T09:06:27Z
e_00001d93,u_0000233b,app_open,2026-09-09T09:29:48Z
e_00001cfc,u_00002296,app_open,2026-09-09T09:59:52Z
e_00001d8c,u_00002334,app_open,2026-09-09T10:16:27Z
e_00001c37,u_000021cb,app_open,2026-09-09T10:20:28Z
e_00001cba,u_0000224e,app_open,2026-09-09T10:27:39Z
e_00001c88,u_0000221a,app_open,2026-09-09T10:48:08Z
e_00001db5,u_00002354,app_open,2026-09-09T12:01:37Z
e_00001d71,u_00002312,app_open,2026-09-09T12:19:02Z
e_00001d4b,u_000022e6,app_open,2026-09-09T12:19:05Z
e_00001ae7,u_00002061,app_open,2026-09-09T12:23:34Z
e_00001bd7,u_00002150,app_open,2026-09-09T12:37:29Z
e_00001c8c,u_0000221f,app_open,2026-09-09T12:41:09Z
e_00001dba,u_00002361,app_open,2026-09-09T12:53:16Z
e_00001d8b,u_00002333,app_open,2026-09-09T12:59:46Z
e_00001d2a,u_000022bd,app_open,2026-09-09T13:22:33Z
e_00001dbb,u_00002363,app_open,2026-09-09T13:26:13Z
e_00001c18,u_0000219e,app_open,2026-09-09T13:27:18Z
e_00001c45,u_000021d7,app_open,2026-09-09T14:25:37Z
e_00001d15,u_000022a5,app_open,2026-09-09T14:55:21Z
e_00001ce3,u_0000227d,app_open,2026-09-09T15:18:44Z
e_00001d9f,u_00002342,app_open,2026-09-09T15:27:57Z
e_00001daa,u_00002349,app_open,2026-09-09T15:35:39Z
e_00001d81,u_00002325,app_open,2026-09-09T15:36:58Z
e_00001cfb,u_00002296,app_open,2026-09-09T15:52:21Z
e_00001ce6,u_00002281,app_open,2026-09-09T16:24:47Z
e_00001d79,u_0000231e,app_open,2026-09-09T16:50:58Z
e_00001d10,u_000022a4,app_open,2026-09-09T16:57:13Z
e_00001dab,u_0000234b,app_open,2026-09-09T18:44:36Z
e_00001c60,u_000021ec,app_open,2026-09-09T19:18:34Z
e_00001d88,u_0000232e,app_open,2026-09-09T19:26:34Z
e_00001d82,u_00002326,app_open,2026-09-09T19:37:23Z
e_00001da0,u_00002343,app_open,2026-09-09T20:00:24Z
e_00001db7,u_0000235a,app_open,2026-09-09T20:00:41Z
e_00001db2,u_00002350,app_open,2026-09-09T20:12:09Z
e_00001db6,u_00002357,app_open,2026-09-09T20:17:07Z
e_00001d28,u_000022ba,app_open,2026-09-09T20:23:39Z
e_00001db9,u_00002360,app_open,2026-09-09T20:26:19Z
e_00001d8a,u_00002331,app_open,2026-09-09T20:55:11Z
e_00001ccf,u_00002262,app_open,2026-09-09T21:05:08Z
e_00001c32,u_000021c8,app_open,2026-09-09T21:09:47Z
e_00001db8,u_0000235d,app_open,2026-09-09T22:02:36Z
e_00001d86,u_0000232d,app_open,2026-09-09T22:13:52Z
e_00001d45,u_000022e2,app_open,2026-09-09T22:18:28Z
e_00001c4d,u_000021db,app_open,2026-09-09T22:59:03Z
e_00001c2a,u_000021bc,app_open,2026-09-09T23:24:58Z
e_00001d9c,u_0000233f,app_open,2026-09-09T23:43:51Z
e_00001a7b,u_00001ff2,app_open,2026-09-09T23:44:04Z
e_00001d8f,u_00002336,app_open,2026-09-09T23:53:39Z
e_00001d8d,u_00002335,app_open,2026-09-10T00:11:07Z
e_00001dd7,u_00002380,app_open,2026-09-10T00:31:36Z
e_00001de1,u_0000238d,app_open,2026-09-10T00:59:07Z
e_00001b7a,u_000020f2,app_open,2026-09-10T01:56:45Z
e_00001de4,u_00002394,app_open,2026-09-10T01:59:14Z
e_00001dca,u_00002374,app_open,2026-09-10T02:02:46Z
e_00001de2,u_00002390,app_open,2026-09-10T02:04:14Z
e_00001ddd,u_00002388,app_open,2026-09-10T02:10:42Z
e_00001c78,u_0000220f,app_open,2026-09-10T02:58:15Z
e_00001cd4,u_0000226b,app_open,2026-09-10T04:10:22Z
e_00001d9a,u_0000233d,app_open,2026-09-10T05:14:18Z
e_00001d66,u_00002304,app_open,2026-09-10T05:20:13Z
e_00001c92,u_00002222,app_open,2026-09-10T05:54:40Z
e_00001dc6,u_0000236e,app_open,2026-09-10T06:02:12Z
e_00001dd0,u_00002378,app_open,2026-09-10T06:13:19Z
e_00001d5e,u_000022fa,app_open,2026-09-10T06:21:29Z
e_00001d67,u_00002304,app_open,2026-09-10T06:29:42Z
e_00001a2d,u_00001fa6,app_open,2026-09-10T06:36:13Z
e_00001cc5,u_00002258,app_open,2026-09-10T06:56:07Z
e_00001b80,u_000020fb,app_open,2026-09-10T06:59:34Z
e_00001cdd,u_00002277,app_open,2026-09-10T07:59:39Z
e_00001dd5,u_0000237c,app_open,2026-09-10T08:21:30Z
e_00001c9b,u_00002231,app_open,2026-09-10T08:25:56Z
e_00001d20,u_000022ac,app_open,2026-09-10T08:39:20Z
e_00001de3,u_00002393,app_open,2026-09-10T08:48:12Z
e_00001ca5,u_00002239,app_open,2026-09-10T09:23:24Z
e_00001dc5,u_0000236b,app_open,2026-09-10T10:15:58Z
e_00001c9c,u_00002231,app_open,2026-09-10T10:26:34Z
e_00001de5,u_00002395,app_open,2026-09-10T10:33:54Z
e_00001c3e,u_000021d1,app_open,2026-09-10T10:40:09Z
e_00001de0,u_0000238a,app_open,2026-09-10T11:02:08Z
e_00001dd2,u_00002379,app_open,2026-09-10T11:02:13Z
e_00001dbc,u_00002366,app_open,2026-09-10T11:52:45Z
e_00001dde,u_00002389,app_open,2026-09-10T12:24:56Z
e_00001dd6,u_0000237f,app_open,2026-09-10T12:32:53Z
e_00001d4f,u_000022e8,app_open,2026-09-10T13:29:55Z
e_00001dc9,u_00002371,app_open,2026-09-10T14:47:16Z
e_00001dc1,u_0000236a,app_open,2026-09-10T14:55:34Z
e_00001dc7,u_0000236f,app_open,2026-09-10T15:21:54Z
e_00001dcb,u_00002375,app_open,2026-09-10T15:50:30Z
e_00001ce9,u_00002281,app_open,2026-09-10T16:11:23Z
e_00001d4a,u_000022e6,app_open,2026-09-10T16:59:40Z
e_00001d3c,u_000022d9,app_open,2026-09-10T17:02:04Z
e_00001dda,u_00002384,app_open,2026-09-10T17:13:46Z
e_00001c39,u_000021cb,app_open,2026-09-10T17:26:56Z
e_00001c9a,u_00002231,app_open,2026-09-10T18:01:35Z
e_00001d92,u_00002338,app_open,2026-09-10T18:38:41Z
e_00001ddc,u_00002386,app_open,2026-09-10T19:10:01Z
e_00001d53,u_000022ed,app_open,2026-09-10T19:25:29Z
e_00001d5d,u_000022fa,app_open,2026-09-10T19:35:22Z
e_00001cc3,u_00002255,app_open,2026-09-10T19:47:18Z
e_00001cff,u_00002298,app_open,2026-09-10T20:23:46Z
e_00001de6,u_00002397,app_open,2026-09-10T20:57:02Z
e_00001d52,u_000022ed,app_open,2026-09-10T21:15:40Z
e_00001cc1,u_00002255,app_open,2026-09-10T21:57:57Z
e_00001c49,u_000021da,app_open,2026-09-10T21:58:57Z
e_00001dcf,u_00002376,app_open,2026-09-10T22:16:05Z
e_00001dd8,u_00002381,app_open,2026-09-10T22:47:37Z
e_00001dd3,u_0000237b,app_open,2026-09-10T23:04:18Z
e_00001dbe,u_00002367,app_open,2026-09-10T23:18:45Z
e_00001de7,u_00002398,app_open,2026-09-11T00:28:28Z
e_00001c50,u_000021dc,app_open,2026-09-11T00:45:39Z
e_00001c4a,u_000021da,app_open,2026-09-11T01:37:22Z
e_00001d12,u_000022a5,app_open,2026-09-11T01:49:48Z
e_00001c47,u_000021d7,app_open,2026-09-11T01:59:38Z
e_00001d7c,u_00002321,app_open,2026-09-11T02:53:16Z
e_00001dff,u_000023ba,app_open,2026-09-11T03:18:43Z
e_00001df6,u_000023ae,app_open,2026-09-11T03:18:49Z
e_00001deb,u_0000239b,app_open,2026-09-11T03:20:54Z
e_00001d13,u_000022a5,app_open,2026-09-11T04:24:55Z
e_00001e01,u_000023bd,app_open,2026-09-11T04:29:55Z
e_00001c41,u_000021d5,app_open,2026-09-11T04:36:45Z
e_00001e03,u_000023c2,app_open,2026-09-11T04:43:54Z
e_00001e0b,u_000023d0,app_open,2026-09-11T04:59:05Z
e_00001e0f,u_000023d7,app_open,2026-09-11T05:09:44Z
e_00001e07,u_000023c7,app_open,2026-09-11T05:31:17Z
e_00001b7d,u_000020f7,app_open,2026-09-11T05:55:51Z
e_00001df3,u_000023a8,app_open,2026-09-11T06:15:11Z
e_00001c91,u_00002222,app_open,2026-09-11T06:58:01Z
e_00001dee,u_0000239f,app_open,2026-09-11T07:12:20Z
e_00001cfd,u_00002296,app_open,2026-09-11T07:55:23Z
e_00001da3,u_00002343,app_open,2026-09-11T08:18:22Z
e_00001df5,u_000023ab,app_open,2026-09-11T08:48:14Z
e_00001ca0,u_00002237,app_open,2026-09-11T09:02:45Z
e_00001d73,u_00002312,app_open,2026-09-11T09:16:26Z
e_00001b40,u_000020b6,app_open,2026-09-11T09:55:49Z
e_00001d4c,u_000022e6,app_open,2026-09-11T10:14:03Z
e_00001dfd,u_000023b7,app_open,2026-09-11T10:53:22Z
e_00001dd1,u_00002378,app_open,2026-09-11T11:17:14Z
e_00001df1,u_000023a5,app_open,2026-09-11T12:15:53Z
e_00001cc2,u_00002255,app_open,2026-09-11T12:43:10Z
e_00001cd5,u_0000226b,app_open,2026-09-11T13:22:26Z
e_00001e09,u_000023cc,app_open,2026-09-11T13:23:08Z
e_00001e0c,u_000023d1,app_open,2026-09-11T13:42:39Z
e_00001def,u_000023a2,app_open,2026-09-11T13:44:27Z
e_00001e02,u_000023c0,app_open,2026-09-11T13:51:00Z
e_00001e05,u_000023c5,app_open,2026-09-11T14:13:02Z
e_00001dfc,u_000023b4,app_open,2026-09-11T14:38:02Z
e_00001c5c,u_000021ea,app_open,2026-09-11T14:47:30Z
e_00001ac7,u_0000203a,app_open,2026-09-11T15:00:10Z
e_00001d87,u_0000232d,app_open,2026-09-11T15:04:51Z
e_00001cf5,u_00002293,app_open,2026-09-11T15:11:40Z
e_00001e0d,u_000023d4,app_open,2026-09-11T15:36:48Z
e_00001d56,u_000022f0,app_open,2026-09-11T15:41:18Z
e_00001ce2,u_0000227d,app_open,2026-09-11T15:47:05Z
e_00001cb5,u_00002249,app_open,2026-09-11T16:17:56Z
e_00001dfe,u_000023b8,app_open,2026-09-11T16:33:35Z
e_00001c85,u_00002218,app_open,2026-09-11T16:39:08Z
e_00001c63,u_000021ec,app_open,2026-09-11T16:56:28Z
e_00001ded,u_0000239d,app_open,2026-09-11T17:33:34Z
e_00001e10,u_000023da,app_open,2026-09-11T17:51:03Z
e_00001e08,u_000023ca,app_open,2026-09-11T17:53:27Z
e_00001ca2,u_00002237,app_open,2026-09-11T18:17:21Z
e_00001e0e,u_000023d5,app_open,2026-09-11T18:42:32Z
e_00001df7,u_000023af,app_open,2026-09-11T19:23:59Z
e_00001c61,u_000021ec,app_open,2026-09-11T19:27:03Z
e_00001dfb,u_000023b2,app_open,2026-09-11T19:28:28Z
e_00001e0a,u_000023ce,app_open,2026-09-11T19:30:29Z
e_00001e12,u_000023dd,app_open,2026-09-11T19:43:31Z
e_00001da7,u_00002346,app_open,2026-09-11T20:09:03Z
e_00001c87,u_0000221a,app_open,2026-09-11T20:18:34Z
e_00001e15,u_000023de,app_open,2026-09-11T21:02:28Z
e_00001d91,u_00002338,app_open,2026-09-11T21:51:50Z
e_00001d1f,u_000022ac,app_open,2026-09-11T21:54:45Z
e_00001df0,u_000023a3,app_open,2026-09-11T22:22:10Z
e_00001df9,u_000023b0,app_open,2026-09-11T22:31:56Z
e_00001d1d,u_000022ac,app_open,2026-09-11T22:37:04Z
e_00001d54,u_000022ed,app_open,2026-09-11T23:58:00Z
e_00001e16,u_000023df,app_open,2026-09-12T01:30:33Z
e_00001e1a,u_000023e3,app_open,2026-09-12T01:45:59Z
e_00001ca1,u_00002237,app_open,2026-09-12T01:57:32Z
e_00001d41,u_000022df,app_open,2026-09-12T02:03:57Z
e_00001e24,u_000023ee,app_open,2026-09-12T02:18:26Z
e_00001e1d,u_000023e6,app_open,2026-09-12T03:24:40Z
e_00001d32,u_000022c6,app_open,2026-09-12T04:14:02Z
e_00001e3a,u_00002414,app_open,2026-09-12T04:14:47Z
e_00001cfa,u_00002296,app_open,2026-09-12T04:38:30Z
e_00001d1a,u_000022a7,app_open,2026-09-12T05:01:39Z
e_00001e29,u_000023f9,app_open,2026-09-12T05:58:23Z
e_00001e36,u_0000240e,app_open,2026-09-12T06:05:44Z
e_00001ced,u_00002286,app_open,2026-09-12T06:32:33Z
e_00001db3,u_00002350,app_open,2026-09-12T07:26:08Z
e_00001e33,u_0000240a,app_open,2026-09-12T07:45:49Z
e_00001e2d,u_00002400,app_open,2026-09-12T07:50:19Z
e_00001d64,u_00002302,app_open,2026-09-12T08:06:22Z
e_00001d68,u_00002304,app_open,2026-09-12T08:31:36Z
e_00001e30,u_00002405,app_open,2026-09-12T08:52:30Z
e_00001e2c,u_000023fd,app_open,2026-09-12T09:21:53Z
e_00001cc0,u_00002255,app_open,2026-09-12T10:37:17Z
e_00001de8,u_00002398,app_open,2026-09-12T10:38:05Z
e_00001e1b,u_000023e4,app_open,2026-09-12T10:48:31Z
e_00001e3d,u_00002418,app_open,2026-09-12T10:58:36Z
e_00001e3f,u_0000241e,app_open,2026-09-12T11:08:28Z
e_00001e35,u_0000240b,app_open,2026-09-12T11:13:12Z
e_00001bca,u_00002141,app_open,2026-09-12T11:13:20Z
e_00001b8c,u_0000210a,app_open,2026-09-12T11:15:58Z
e_00001e39,u_00002413,app_open,2026-09-12T11:16:06Z
e_00001e26,u_000023f3,app_open,2026-09-12T11:49:16Z
e_00001e31,u_00002408,app_open,2026-09-12T12:29:22Z
e_00001e1f,u_000023e8,app_open,2026-09-12T12:40:19Z
e_00001c90,u_00002222,app_open,2026-09-12T13:24:41Z
e_00001e2b,u_000023fb,app_open,2026-09-12T13:40:23Z
e_00001e27,u_000023f4,app_open,2026-09-12T13:44:08Z
e_00001d46,u_000022e2,app_open,2026-09-12T13:45:47Z
e_00001e21,u_000023ea,app_open,2026-09-12T13:58:24Z
e_00001e3c,u_00002415,app_open,2026-09-12T14:02:20Z
e_00001e2f,u_00002403,app_open,2026-09-12T14:34:59Z
e_00001e23,u_000023ec,app_open,2026-09-12T15:34:50Z
e_00001d0b,u_000022a1,app_open,2026-09-12T15:52:06Z
e_00001e37,u_00002410,app_open,2026-09-12T15:56:09Z
e_00001dbf,u_00002367,app_open,2026-09-12T15:57:40Z
e_00001cf6,u_00002293,app_open,2026-09-12T16:01:17Z
e_00001e2e,u_00002402,app_open,2026-09-12T16:07:31Z
e_00001e38,u_00002412,app_open,2026-09-12T16:41:10Z
e_00001e3e,u_0000241b,app_open,2026-09-12T17:42:53Z
e_00001dc2,u_0000236a,app_open,2026-09-12T17:51:15Z
e_00001d7e,u_00002321,app_open,2026-09-12T18:10:16Z
e_00001d8e,u_00002335,app_open,2026-09-12T18:20:14Z
e_00001e19,u_000023e2,app_open,2026-09-12T18:30:13Z
e_00001e28,u_000023f7,app_open,2026-09-12T19:15:45Z
e_00001e32,u_00002409,app_open,2026-09-12T19:31:09Z
e_00001d01,u_00002298,app_open,2026-09-12T20:11:06Z
e_00001daf,u_0000234d,app_open,2026-09-12T20:28:22Z
e_00001d94,u_0000233b,app_open,2026-09-12T20:48:12Z
e_00001d42,u_000022df,app_open,2026-09-12T21:23:01Z
e_00001d95,u_0000233b,app_open,2026-09-12T22:01:13Z
e_00001e25,u_000023f0,app_open,2026-09-12T22:13:43Z
e_00001da4,u_00002343,app_open,2026-09-12T22:26:30Z
e_00001dcd,u_00002375,app_open,2026-09-12T23:03:16Z
e_00001e11,u_000023da,app_open,2026-09-12T23:03:54Z
e_00001dea,u_00002398,app_open,2026-09-13T00:11:27Z
e_00001e55,u_00002445,app_open,2026-09-13T00:48:50Z
e_00001dc4,u_0000236a,app_open,2026-09-13T01:01:58Z
e_00001e5b,u_00002454,app_open,2026-09-13T01:03:12Z
e_00001d07,u_0000229e,app_open,2026-09-13T01:06:10Z
e_00001e4e,u_00002436,app_open,2026-09-13T01:42:47Z
e_00001e46,u_00002428,app_open,2026-09-13T01:45:30Z
e_00001d00,u_00002298,app_open,2026-09-13T01:54:58Z
e_00001df2,u_000023a5,app_open,2026-09-13T02:05:51Z
e_00001db0,u_0000234d,app_open,2026-09-13T02:15:48Z
e_00001e17,u_000023df,app_open,2026-09-13T02:19:08Z
e_00001ce8,u_00002281,app_open,2026-09-13T02:49:25Z
e_00001d72,u_00002312,app_open,2026-09-13T03:06:42Z
e_00001d09,u_000022a1,app_open,2026-09-13T03:38:12Z
e_00001d69,u_00002304,app_open,2026-09-13T03:46:19Z
e_00001e4d,u_00002434,app_open,2026-09-13T04:20:56Z
e_00001e4a,u_0000242d,app_open,2026-09-13T04:23:04Z
e_00001e52,u_00002440,app_open,2026-09-13T04:37:52Z
e_00001e13,u_000023dd,app_open,2026-09-13T04:45:26Z
e_00001e59,u_0000244e,app_open,2026-09-13T05:21:17Z
e_00001e48,u_0000242a,app_open,2026-09-13T08:02:31Z
e_00001e04,u_000023c2,app_open,2026-09-13T08:14:11Z
e_00001e4c,u_00002433,app_open,2026-09-13T08:19:48Z
e_00001e44,u_00002427,app_open,2026-09-13T08:25:52Z
e_00001e34,u_0000240a,app_open,2026-09-13T08:38:39Z
e_00001e4b,u_00002430,app_open,2026-09-13T08:40:24Z
e_00001d9e,u_0000233f,app_open,2026-09-13T08:42:39Z
e_00001cc9,u_0000225a,app_open,2026-09-13T09:02:25Z
e_00001d9d,u_0000233f,app_open,2026-09-13T10:01:43Z
e_00001de9,u_00002398,app_open,2026-09-13T10:37:09Z
e_00001dc8,u_0000236f,app_open,2026-09-13T10:43:54Z
e_00001e2a,u_000023f9,app_open,2026-09-13T11:00:59Z
e_00001c8e,u_0000221f,app_open,2026-09-13T11:10:55Z
e_00001e53,u_00002443,app_open,2026-09-13T11:48:26Z
e_00001df8,u_000023af,app_open,2026-09-13T11:54:06Z
e_00001e51,u_0000243d,app_open,2026-09-13T11:55:04Z
e_00001d1e,u_000022ac,app_open,2026-09-13T12:02:43Z
e_00001e41,u_00002421,app_open,2026-09-13T12:03:29Z
e_00001ddb,u_00002384,app_open,2026-09-13T12:08:11Z
e_00001d47,u_000022e2,app_open,2026-09-13T13:06:52Z
e_00001d2c,u_000022bd,app_open,2026-09-13T13:23:25Z
e_00001da8,u_00002346,app_open,2026-09-13T13:27:24Z
e_00001d0a,u_000022a1,app_open,2026-09-13T13:38:44Z
e_00001e50,u_0000243c,app_open,2026-09-13T14:18:26Z
e_00001e4f,u_00002439,app_open,2026-09-13T14:36:46Z
e_00001e00,u_000023ba,app_open,2026-09-13T15:23:15Z
e_00001d02,u_00002298,app_open,2026-09-13T16:02:18Z
e_00001e43,u_00002424,app_open,2026-09-13T16:07:30Z
e_00001e57,u_00002448,app_open,2026-09-13T16:13:25Z
e_00001e54,u_00002444,app_open,2026-09-13T17:17:05Z
e_00001df4,u_000023a8,app_open,2026-09-13T18:00:57Z
e_00001e5a,u_00002451,app_open,2026-09-13T18:07:51Z
e_00001ddf,u_00002389,app_open,2026-09-13T18:23:22Z
e_00001da2,u_00002343,app_open,2026-09-13T20:17:07Z
e_00001e5c,u_00002455,app_open,2026-09-13T21:25:19Z
e_00001d44,u_000022e2,app_open,2026-09-13T22:14:23Z
e_00001d0e,u_000022a4,app_open,2026-09-13T22:31:59Z
e_00001dc0,u_00002367,app_open,2026-09-13T23:07:53Z
e_00001e40,u_00002420,app_open,2026-09-13T23:19:01Z
e_00001d2b,u_000022bd,app_open,2026-09-14T00:02:35Z
e_00001e56,u_00002446,app_open,2026-09-14T00:30:32Z
e_00001d40,u_000022df,app_open,2026-09-14T00:31:01Z
e_00001e58,u_0000244b,app_open,2026-09-14T00:47:18Z
e_00001dd4,u_0000237b,app_open,2026-09-14T00:50:07Z
e_00001e75,u_00002484,app_open,2026-09-14T01:05:53Z
e_00001e79,u_0000248d,app_open,2026-09-14T01:58:22Z
e_00001da1,u_00002343,app_open,2026-09-14T02:25:18Z
e_00001dae,u_0000234d,app_open,2026-09-14T02:36:53Z
e_00001d18,u_000022a7,app_open,2026-09-14T02:42:49Z
e_00001d19,u_000022a7,app_open,2026-09-14T02:45:56Z
e_00001e67,u_00002469,app_open,2026-09-14T03:10:38Z
e_00001d62,u_00002300,app_open,2026-09-14T03:46:23Z
e_00001e20,u_000023e8,app_open,2026-09-14T04:42:39Z
e_00001e5e,u_00002458,app_open,2026-09-14T04:56:51Z
e_00001e62,u_0000245f,app_open,2026-09-14T05:08:47Z
e_00001c96,u_0000222a,app_open,2026-09-14T05:28:55Z
e_00001e71,u_0000247a,app_open,2026-09-14T05:32:17Z
e_00001d85,u_0000232a,app_open,2026-09-14T06:04:09Z
e_00001d7d,u_00002321,app_open,2026-09-14T06:07:10Z
e_00001e5f,u_0000245b,app_open,2026-09-14T07:13:49Z
e_00001d33,u_000022c6,app_open,2026-09-14T07:15:42Z
e_00001e6e,u_00002473,app_open,2026-09-14T07:20:51Z
e_00001dd9,u_00002381,app_open,2026-09-14T07:57:21Z
e_00001e70,u_00002479,app_open,2026-09-14T07:57:41Z
e_00001d14,u_000022a5,app_open,2026-09-14T08:15:57Z
e_00001d57,u_000022f0,app_open,2026-09-14T08:31:54Z
e_00001e14,u_000023dd,app_open,2026-09-14T08:56:50Z
e_00001e73,u_00002480,app_open,2026-09-14T08:59:56Z
e_00001e18,u_000023df,app_open,2026-09-14T09:25:57Z
e_00001bdd,u_00002154,app_open,2026-09-14T10:40:04Z
e_00001e60,u_0000245c,app_open,2026-09-14T10:46:50Z
e_00001e69,u_0000246b,app_open,2026-09-14T10:56:09Z
e_00001dfa,u_000023b0,app_open,2026-09-14T10:56:09Z
e_00001e7c,u_00002494,app_open,2026-09-14T11:15:11Z
e_00001d7a,u_0000231e,app_open,2026-09-14T11:17:37Z
e_00001e49,u_0000242a,app_open,2026-09-14T11:35:18Z
e_00001d61,u_00002300,app_open,2026-09-14T11:35:48Z
e_00001e61,u_0000245d,app_open,2026-09-14T12:19:39Z
e_00001dec,u_0000239b,app_open,2026-09-14T12:22:33Z
e_00001e42,u_00002421,app_open,2026-09-14T13:06:49Z
e_00001e65,u_00002466,app_open,2026-09-14T13:22:59Z
e_00001e7f,u_0000249d,app_open,2026-09-14T14:04:13Z
e_00001e66,u_00002467,app_open,2026-09-14T14:25:17Z
e_00001e7e,u_0000249a,app_open,2026-09-14T14:28:16Z
e_00001d6d,u_0000230c,app_open,2026-09-14T14:31:35Z
e_00001d96,u_0000233b,app_open,2026-09-14T14:37:22Z
e_00001e1e,u_000023e6,app_open,2026-09-14T15:03:49Z
e_00001e74,u_00002482,app_open,2026-09-14T15:13:55Z
e_00001dbd,u_00002366,app_open,2026-09-14T15:23:48Z
e_00001e7d,u_00002497,app_open,2026-09-14T15:38:47Z
e_00001dc3,u_0000236a,app_open,2026-09-14T15:41:49Z
e_00001d3d,u_000022d9,app_open,2026-09-14T15:49:18Z
e_00001d4d,u_000022e6,app_open,2026-09-14T15:49:51Z
e_00001e6a,u_0000246d,app_open,2026-09-14T15:52:02Z
e_00001e63,u_00002462,app_open,2026-09-14T15:52:50Z
e_00001e7a,u_0000248f,app_open,2026-09-14T16:07:05Z
e_00001e77,u_00002488,app_open,2026-09-14T16:21:03Z
e_00001e76,u_00002487,app_open,2026-09-14T16:24:06Z
e_00001e45,u_00002427,app_open,2026-09-14T16:58:28Z
e_00001e1c,u_000023e4,app_open,2026-09-14T17:15:31Z
e_00001e3b,u_00002414,app_open,2026-09-14T19:11:13Z
e_00001dcc,u_00002375,app_open,2026-09-14T19:29:49Z
e_00001e06,u_000023c5,app_open,2026-09-14T19:41:06Z
e_00001e47,u_00002428,app_open,2026-09-14T19:45:32Z
e_00001e68,u_0000246a,app_open,2026-09-14T20:28:09Z
e_00001dce,u_00002375,app_open,2026-09-14T20:33:18Z
e_00001e5d,u_00002457,app_open,2026-09-14T20:38:31Z
e_00001e22,u_000023ea,app_open,2026-09-14T20:43:08Z
e_00001e72,u_0000247d,app_open,2026-09-14T21:02:43Z
e_00001e6d,u_00002472,app_open,2026-09-14T21:28:18Z
e_00001d97,u_0000233b,app_open,2026-09-14T21:47:12Z
e_00001e6c,u_00002470,app_open,2026-09-14T21:49:04Z
e_00001e7b,u_00002491,app_open,2026-09-14T22:12:32Z
e_00001e6f,u_00002476,app_open,2026-09-14T22:21:15Z
e_00001e78,u_0000248b,app_open,2026-09-14T22:27:17Z
e_00001e6b,u_0000246e,app_open,2026-09-14T23:16:49Z
e_00001e64,u_00002465,app_open,2026-09-14T23:21:53Z
