event_id,ingested_at
e_00000005,2026-05-01T00:19:46Z
e_00000030,2026-05-01T00:50:35Z
e_00000001,2026-05-01T01:17:49Z
e_00000011,2026-05-01T01:16:25Z
e_0000001e,2026-05-01T03:23:56Z
e_0000000d,2026-05-01T04:03:26Z
e_00000013,2026-05-01T04:15:00Z
e_00000012,2026-05-01T05:23:01Z
e_00000025,2026-05-01T06:17:30Z
e_00000021,2026-05-01T06:29:51Z
e_00000008,2026-05-01T06:46:38Z
e_00000016,2026-05-01T07:13:15Z
e_00000031,2026-05-01T07:28:48Z
e_00000002,2026-05-01T08:31:12Z
e_00000017,2026-05-01T10:19:41Z
e_00000014,2026-05-01T11:21:46Z
e_00000024,2026-05-01T12:00:23Z
e_0000002f,2026-05-01T12:37:39Z
e_00000029,2026-05-01T13:28:32Z
e_00000004,2026-05-01T16:12:56Z
e_0000000b,2026-05-01T16:19:05Z
e_0000000e,2026-05-01T17:08:03Z
e_00000019,2026-05-01T17:06:56Z
e_00000018,2026-05-01T17:39:06Z
e_00000003,2026-05-01T17:54:04Z
e_0000002e,2026-05-01T18:10:27Z
e_00000032,2026-05-01T23:40:17Z
e_0000000c,2026-05-02T00:07:43Z
e_00000057,2026-05-02T02:17:40Z
e_00000064,2026-05-02T03:32:46Z
e_0000003c,2026-05-02T04:02:15Z
e_0000005b,2026-05-02T04:12:19Z
e_0000005a,2026-05-02T04:22:20Z
e_00000053,2026-05-02T04:50:47Z
e_00000062,2026-05-02T05:15:41Z
e_00000037,2026-05-02T05:32:12Z
e_00000041,2026-05-02T05:53:58Z
e_0000003e,2026-05-02T06:31:30Z
e_00000047,2026-05-02T06:51:33Z
e_0000005e,2026-05-02T08:27:19Z
e_00000054,2026-05-02T08:30:58Z
e_00000052,2026-05-02T08:51:54Z
e_00000034,2026-05-02T08:55:59Z
e_00000073,2026-05-02T09:12:47Z
e_0000003b,2026-05-02T09:39:10Z
e_00000038,2026-05-02T12:31:08Z
e_00000039,2026-05-02T12:35:08Z
e_00000072,2026-05-02T13:04:44Z
e_00000051,2026-05-02T13:35:17Z
e_00000007,2026-05-02T13:44:46Z
e_0000004e,2026-05-02T14:19:10Z
e_00000028,2026-05-02T14:40:01Z
e_00000023,2026-05-02T15:04:20Z
e_0000004d,2026-05-02T15:51:09Z
e_0000006e,2026-05-02T16:21:38Z
e_00000055,2026-05-02T17:04:29Z
e_0000006d,2026-05-02T17:07:18Z
e_0000006a,2026-05-02T18:02:06Z
e_00000056,2026-05-02T20:27:06Z
e_00000071,2026-05-02T20:30:23Z
e_00000040,2026-05-02T20:37:18Z
e_0000003a,2026-05-02T20:42:17Z
e_0000005c,2026-05-02T20:57:11Z
e_0000006b,2026-05-02T21:03:48Z
e_00000068,2026-05-02T21:13:03Z
e_00000046,2026-05-02T21:47:35Z
e_00000022,2026-05-02T22:01:40Z
e_0000001c,2026-05-02T22:19:08Z
e_00000063,2026-05-02T23:22:42Z
e_00000077,2026-05-03T00:45:45Z
e_0000000f,2026-05-03T01:50:48Z
e_00000078,2026-05-03T02:29:01Z
e_00000099,2026-05-03T05:43:31Z
e_0000002c,2026-05-03T07:34:03Z
e_0000007a,2026-05-03T08:52:28Z
e_0000008c,2026-05-03T09:23:17Z
e_00000033,2026-05-03T09:56:18Z
e_00000089,2026-05-03T10:09:37Z
e_00000060,2026-05-03T10:23:05Z
e_0000008b,2026-05-03T10:45:02Z
e_0000009b,2026-05-03T10:46:34Z
e_000000a2,2026-05-03T11:23:56Z
e_000000a3,2026-05-03T12:49:11Z
e_00000079,2026-05-03T12:58:00Z
e_00000076,2026-05-03T13:17:41Z
e_0000009e,2026-05-03T14:52:13Z
e_0000009a,2026-05-03T15:07:27Z
e_00000098,2026-05-03T15:14:00Z
e_00000085,2026-05-03T15:26:33Z
e_00000097,2026-05-03T15:39:14Z
e_00000096,2026-05-03T16:05:21Z
e_00000093,2026-05-03T16:19:17Z
e_00000081,2026-05-03T16:49:44Z
e_0000008d,2026-05-03T17:49:43Z
e_0000007f,2026-05-03T17:54:02Z
e_0000009f,2026-05-03T18:14:39Z
e_0000001b,2026-05-03T18:18:50Z
e_00000086,2026-05-03T18:43:37Z
e_00000094,2026-05-03T19:13:43Z
e_0000006f,2026-05-03T19:22:41Z
e_00000036,2026-05-03T20:15:52Z
e_00000058,2026-05-03T21:10:40Z
e_0000002b,2026-05-03T21:31:28Z
e_00000042,2026-05-03T21:56:18Z
e_000000a1,2026-05-03T22:41:57Z
e_00000095,2026-05-03T23:06:46Z
e_00000080,2026-05-04T00:07:24Z
e_00000087,2026-05-04T00:16:15Z
e_000000c0,2026-05-04T01:45:08Z
e_000000c9,2026-05-04T02:20:21Z
e_000000b7,2026-05-04T03:01:05Z
e_000000ae,2026-05-04T03:58:46Z
e_000000cb,2026-05-04T04:21:20Z
e_000000b2,2026-05-04T05:47:17Z
e_000000a5,2026-05-04T06:34:25Z
e_000000ca,2026-05-04T07:00:32Z
e_000000b4,2026-05-04T06:53:11Z
e_000000c5,2026-05-04T07:36:24Z
e_0000002d,2026-05-04T08:54:13Z
e_000000b9,2026-05-04T09:03:22Z
e_00000035,2026-05-04T10:15:42Z
e_000000af,2026-05-04T10:59:40Z
e_000000b8,2026-05-04T11:17:30Z
e_000000ad,2026-05-04T11:55:55Z
e_00000044,2026-05-04T14:57:07Z
e_000000c3,2026-05-04T14:58:43Z
e_000000bf,2026-05-04T15:14:16Z
e_000000c2,2026-05-04T16:03:50Z
e_0000000a,2026-05-04T17:04:56Z
e_000000a4,2026-05-04T17:15:08Z
e_000000c8,2026-05-04T17:58:25Z
e_000000b5,2026-05-04T19:12:32Z
e_000000c1,2026-05-04T19:26:38Z
e_000000a6,2026-05-04T19:36:19Z
e_000000cf,2026-05-04T19:55:56Z
e_00000020,2026-05-04T20:06:57Z
e_000000b3,2026-05-04T20:34:14Z
e_000000ab,2026-05-04T21:27:32Z
e_000000a9,2026-05-04T21:30:31Z
e_000000ba,2026-05-04T21:34:52Z
e_000000b0,2026-05-04T23:32:00Z
e_000000aa,2026-05-04T23:47:02Z
e_000000b1,2026-05-05T00:21:03Z
e_000000c4,2026-05-05T00:22:58Z
e_000000eb,2026-05-05T02:56:27Z
e_000000f3,2026-05-05T03:07:30Z
e_000000ea,2026-05-05T03:51:01Z
e_000000f2,2026-05-05T04:08:11Z
e_00000091,2026-05-05T05:37:16Z
e_0000009c,2026-05-05T06:28:17Z
e_000000e9,2026-05-05T06:43:55Z
e_000000f9,2026-05-05T07:02:15Z
e_00000083,2026-05-05T07:51:09Z
e_000000d0,2026-05-05T07:55:43Z
e_000000fd,2026-05-05T08:18:50Z
e_00000006,2026-05-05T08:52:22Z
e_000000d2,2026-05-05T11:00:01Z
e_000000e4,2026-05-05T11:30:57Z
e_000000df,2026-05-05T11:44:08Z
e_000000dd,2026-05-05T11:58:18Z
e_000000d7,2026-05-05T12:28:03Z
e_000000ed,2026-05-05T14:46:03Z
e_00000045,2026-05-05T14:51:40Z
e_000000e2,2026-05-05T15:32:36Z
e_000000d3,2026-05-05T15:37:01Z
e_000000e3,2026-05-05T16:31:23Z
e_000000d4,2026-05-05T18:07:58Z
e_000000f4,2026-05-05T19:55:48Z
e_000000ef,2026-05-05T22:59:35Z
e_000000dc,2026-05-05T23:03:37Z
e_000000d8,2026-05-05T23:11:57Z
e_000000fe,2026-05-05T23:38:31Z
e_000000d5,2026-05-06T00:08:04Z
e_000000d9,2026-05-06T00:16:22Z
e_0000012a,2026-05-06T00:24:16Z
e_00000074,2026-05-06T00:32:26Z
e_0000012f,2026-05-06T00:58:21Z
e_00000134,2026-05-06T01:36:19Z
e_00000116,2026-05-06T01:49:59Z
e_00000110,2026-05-06T02:01:54Z
e_00000015,2026-05-06T02:55:55Z
e_00000123,2026-05-06T03:13:05Z
e_000000ff,2026-05-06T03:47:23Z
e_0000010c,2026-05-06T04:00:12Z
e_0000010e,2026-05-06T04:04:20Z
e_00000065,2026-05-06T06:01:26Z
e_00000108,2026-05-06T06:33:10Z
e_00000120,2026-05-06T07:30:01Z
e_000000bb,2026-05-06T09:07:08Z
e_00000066,2026-05-06T09:05:23Z
e_0000005d,2026-05-06T09:09:25Z
e_00000119,2026-05-06T09:40:26Z
e_000000e7,2026-05-06T11:34:20Z
e_00000107,2026-05-06T11:56:57Z
e_00000122,2026-05-06T12:08:56Z
e_0000007c,2026-05-06T12:26:17Z
e_00000137,2026-05-06T13:00:19Z
e_00000121,2026-05-06T13:15:58Z
e_0000004b,2026-05-06T14:02:15Z
e_00000104,2026-05-06T14:14:53Z
e_0000011b,2026-05-06T14:17:36Z
e_00000027,2026-05-06T14:24:27Z
e_00000026,2026-05-06T14:38:11Z
e_0000013d,2026-05-06T14:59:27Z
e_00000103,2026-05-06T15:08:38Z
e_0000004f,2026-05-06T15:40:32Z
e_0000013c,2026-05-06T16:05:24Z
e_00000102,2026-05-06T17:22:01Z
e_00000135,2026-05-06T17:26:17Z
e_00000125,2026-05-06T17:27:19Z
e_00000124,2026-05-06T17:43:35Z
e_0000010b,2026-05-06T17:37:19Z
e_0000010a,2026-05-06T19:29:24Z
e_00000115,2026-05-06T20:37:03Z
e_00000100,2026-05-06T20:56:45Z
e_00000136,2026-05-06T21:12:32Z
e_000000f5,2026-05-06T21:48:00Z
e_00000105,2026-05-06T21:51:41Z
e_0000001d,2026-05-06T21:52:28Z
e_0000002a,2026-05-06T22:56:21Z
e_00000101,2026-05-06T23:21:50Z
e_00000127,2026-05-07T00:16:20Z
e_00000106,2026-05-07T00:18:51Z
e_000000fa,2026-05-07T01:10:38Z
e_00000168,2026-05-07T01:13:49Z
e_0000015a,2026-05-07T02:16:23Z
e_000000c6,2026-05-07T02:16:48Z
e_00000176,2026-05-07T02:26:41Z
e_0000016d,2026-05-07T03:26:26Z
e_0000014f,2026-05-07T03:26:35Z
e_00000150,2026-05-07T04:36:06Z
e_0000016e,2026-05-07T05:29:50Z
e_00000148,2026-05-07T05:44:54Z
e_0000016b,2026-05-07T07:53:06Z
e_00000130,2026-05-07T09:11:43Z
e_0000015e,2026-05-07T09:14:44Z
e_00000165,2026-05-07T09:21:56Z
e_0000015d,2026-05-07T09:35:52Z
e_00000159,2026-05-07T09:49:38Z
e_00000174,2026-05-07T10:16:05Z
e_0000013f,2026-05-07T10:23:02Z
e_0000001a,2026-05-07T10:21:01Z
e_00000082,2026-05-07T10:45:34Z
e_0000013e,2026-05-07T10:44:18Z
e_0000004a,2026-05-07T11:06:14Z
e_00000153,2026-05-07T11:15:39Z
e_0000016f,2026-05-07T11:42:54Z
e_0000003d,2026-05-07T11:49:35Z
e_00000067,2026-05-07T12:12:43Z
e_00000149,2026-05-07T12:38:41Z
e_0000012e,2026-05-07T13:53:41Z
e_0000016c,2026-05-07T13:57:34Z
e_00000161,2026-05-07T14:25:03Z
e_000000f8,2026-05-07T15:00:02Z
e_0000007d,2026-05-07T16:12:55Z
e_0000015c,2026-05-07T16:23:30Z
e_00000144,2026-05-07T16:51:51Z
e_0000015f,2026-05-07T16:48:58Z
e_00000169,2026-05-07T17:28:29Z
e_00000009,2026-05-07T17:54:02Z
e_0000014e,2026-05-07T18:04:53Z
e_00000154,2026-05-07T18:28:20Z
e_00000050,2026-05-07T18:57:26Z
e_00000048,2026-05-07T19:09:06Z
e_0000016a,2026-05-07T19:25:46Z
e_0000001f,2026-05-07T20:55:22Z
e_00000151,2026-05-07T21:09:03Z
e_000000a7,2026-05-07T21:14:29Z
e_00000162,2026-05-07T21:28:06Z
e_000000cd,2026-05-07T21:42:48Z
e_00000175,2026-05-07T22:07:53Z
e_00000049,2026-05-08T00:56:26Z
e_00000187,2026-05-08T01:02:29Z
e_0000019f,2026-05-08T01:26:14Z
e_00000190,2026-05-08T01:58:36Z
e_0000012c,2026-05-08T02:26:17Z
e_000001ae,2026-05-08T02:39:15Z
e_000001a2,2026-05-08T03:32:47Z
e_00000133,2026-05-08T03:31:03Z
e_000001ad,2026-05-08T04:26:19Z
e_000001bd,2026-05-08T06:01:26Z
e_00000185,2026-05-08T06:07:21Z
e_00000043,2026-05-08T06:28:20Z
e_0000011e,2026-05-08T06:40:51Z
e_000000f7,2026-05-08T08:05:37Z
e_0000005f,2026-05-08T08:23:09Z
e_0000008f,2026-05-08T08:28:19Z
e_0000019d,2026-05-08T08:38:00Z
e_000001a8,2026-05-08T08:49:54Z
e_00000194,2026-05-08T09:47:39Z
e_00000075,2026-05-08T10:01:38Z
e_000001aa,2026-05-08T11:35:29Z
e_00000059,2026-05-08T11:49:05Z
e_00000090,2026-05-08T12:41:22Z
e_000001b6,2026-05-08T13:23:20Z
e_0000009d,2026-05-08T14:57:06Z
e_000000f1,2026-05-08T15:05:06Z
e_0000017d,2026-05-08T16:13:41Z
e_00000131,2026-05-08T16:20:34Z
e_000001bc,2026-05-08T16:36:35Z
e_0000017e,2026-05-08T17:16:10Z
e_00000126,2026-05-08T17:33:38Z
e_000000fb,2026-05-08T19:07:44Z
e_0000019e,2026-05-08T19:10:40Z
e_00000196,2026-05-08T19:15:53Z
e_0000018d,2026-05-08T19:18:49Z
e_00000181,2026-05-08T20:18:44Z
e_000000c7,2026-05-08T20:28:35Z
e_00000070,2026-05-08T20:45:29Z
e_0000018c,2026-05-08T21:00:52Z
e_0000007b,2026-05-08T21:23:47Z
e_000001b7,2026-05-08T21:28:37Z
e_000001b3,2026-05-08T21:34:57Z
e_000001a3,2026-05-08T21:40:53Z
e_00000183,2026-05-08T22:01:00Z
e_00000166,2026-05-08T22:13:26Z
e_00000178,2026-05-08T22:25:59Z
e_00000186,2026-05-08T22:35:52Z
e_00000198,2026-05-08T23:04:07Z
e_0000018f,2026-05-08T23:12:23Z
e_000001ac,2026-05-09T00:13:45Z
e_000001f5,2026-05-09T01:00:07Z
e_000001d3,2026-05-09T01:13:36Z
e_000001d1,2026-05-09T01:25:35Z
e_000001e1,2026-05-09T02:12:51Z
e_000001d0,2026-05-09T02:58:27Z
e_0000012b,2026-05-09T03:23:43Z
e_000001f3,2026-05-09T04:24:40Z
e_000001f0,2026-05-09T04:46:49Z
e_000001d4,2026-05-09T06:27:16Z
e_000000e0,2026-05-09T06:40:53Z
e_000001e6,2026-05-09T06:44:51Z
e_000001c2,2026-05-09T07:32:35Z
e_000001c4,2026-05-09T07:37:34Z
e_000001ca,2026-05-09T07:56:46Z
e_000001e4,2026-05-09T07:59:23Z
e_00000117,2026-05-09T08:18:26Z
e_00000113,2026-05-09T08:41:11Z
e_000000ce,2026-05-09T08:40:22Z
e_000000fc,2026-05-09T08:53:50Z
e_000001c9,2026-05-09T09:12:23Z
e_000000f6,2026-05-09T09:15:12Z
e_000001e7,2026-05-09T09:28:34Z
e_00000129,2026-05-09T09:42:01Z
e_00000157,2026-05-09T10:14:02Z
e_000000ac,2026-05-09T10:35:12Z
e_000001e8,2026-05-09T11:30:49Z
e_000001cb,2026-05-09T11:43:57Z
e_000001ef,2026-05-09T11:46:46Z
e_000001e0,2026-05-09T12:30:46Z
e_000001f4,2026-05-09T13:17:42Z
e_000001c1,2026-05-09T14:30:15Z
e_000001e9,2026-05-09T14:59:05Z
e_000001ea,2026-05-09T14:58:30Z
e_000001da,2026-05-09T15:08:39Z
e_0000018a,2026-05-09T16:36:27Z
e_0000014d,2026-05-09T16:50:11Z
e_000001be,2026-05-09T16:59:25Z
e_000001d2,2026-05-09T17:07:49Z
e_000001c5,2026-05-09T17:48:19Z
e_000001d9,2026-05-09T18:14:04Z
e_000001db,2026-05-09T18:33:27Z
e_00000138,2026-05-09T20:27:04Z
e_000001a6,2026-05-09T21:39:08Z
e_0000011d,2026-05-09T22:15:57Z
e_00000147,2026-05-09T22:26:36Z
e_000001c3,2026-05-09T23:22:26Z
e_000000a0,2026-05-09T23:40:23Z
e_00000145,2026-05-10T00:06:57Z
e_00000010,2026-05-10T00:44:33Z
e_00000219,2026-05-10T00:57:27Z
e_0000021e,2026-05-10T01:04:19Z
e_00000118,2026-05-10T02:29:44Z
e_00000173,2026-05-10T02:38:11Z
e_00000218,2026-05-10T03:17:06Z
e_00000212,2026-05-10T03:53:10Z
e_00000204,2026-05-10T03:58:25Z
e_00000227,2026-05-10T04:18:50Z
e_000001fd,2026-05-10T04:59:23Z
e_000001fe,2026-05-10T05:42:48Z
e_000001b4,2026-05-10T05:45:32Z
e_000001a0,2026-05-10T06:19:08Z
e_000000a8,2026-05-10T06:27:57Z
e_00000229,2026-05-10T06:27:26Z
e_00000225,2026-05-10T07:08:03Z
e_000001b2,2026-05-10T07:05:49Z
e_00000192,2026-05-10T07:22:08Z
e_000001b5,2026-05-10T07:17:07Z
e_000001f8,2026-05-10T08:03:27Z
e_0000022a,2026-05-10T08:53:56Z
e_0000004c,2026-05-10T09:30:36Z
e_00000208,2026-05-10T10:07:49Z
e_0000008e,2026-05-10T10:15:33Z
e_00000209,2026-05-10T10:30:10Z
e_000000bc,2026-05-10T11:09:18Z
e_00000084,2026-05-10T11:15:01Z
e_000000bd,2026-05-10T12:31:24Z
e_000000e5,2026-05-10T12:38:34Z
e_00000203,2026-05-10T12:50:08Z
e_0000013a,2026-05-10T14:22:34Z
e_000001ff,2026-05-10T14:25:02Z
e_0000020f,2026-05-10T14:46:00Z
e_000000cc,2026-05-10T16:05:40Z
e_000001fc,2026-05-10T16:21:47Z
e_0000021c,2026-05-10T16:37:43Z
e_00000213,2026-05-10T17:29:47Z
e_000000da,2026-05-10T17:38:48Z
e_0000020e,2026-05-10T18:13:51Z
e_000001f7,2026-05-10T18:47:04Z
e_0000020d,2026-05-10T19:02:14Z
e_00000211,2026-05-10T19:26:23Z
e_00000191,2026-05-10T19:41:22Z
e_000001e2,2026-05-10T19:41:58Z
e_00000200,2026-05-10T19:42:00Z
e_000001e3,2026-05-10T21:25:40Z
e_00000142,2026-05-10T21:27:16Z
e_0000020b,2026-05-10T21:31:33Z
e_0000021b,2026-05-10T21:43:33Z
e_000001a4,2026-05-10T22:10:37Z
e_000001b1,2026-05-10T22:28:03Z
e_00000210,2026-05-10T22:47:23Z
e_000001c0,2026-05-10T22:59:26Z
e_00000223,2026-05-10T23:09:09Z
e_0000003f,2026-05-10T23:10:35Z
e_00000141,2026-05-10T23:31:50Z
e_000001b8,2026-05-10T23:40:02Z
e_0000020a,2026-05-10T23:59:20Z
e_0000021d,2026-05-11T00:16:34Z
e_0000019b,2026-05-11T01:51:31Z
e_00000237,2026-05-11T02:17:26Z
e_000001ec,2026-05-11T02:16:18Z
e_0000023c,2026-05-11T02:18:41Z
e_00000139,2026-05-11T03:01:22Z
e_00000233,2026-05-11T03:18:13Z
e_00000250,2026-05-11T03:42:14Z
e_00000128,2026-05-11T04:00:58Z
e_00000241,2026-05-11T04:09:47Z
e_00000232,2026-05-11T04:16:08Z
e_000001ed,2026-05-11T04:38:55Z
e_00000242,2026-05-11T04:47:47Z
e_00000260,2026-05-11T04:54:10Z
e_000001b0,2026-05-11T05:45:48Z
e_000001ba,2026-05-11T06:39:42Z
e_000001a7,2026-05-11T06:49:45Z
e_000001d7,2026-05-11T07:02:09Z
e_00000255,2026-05-11T07:28:22Z
e_000000ee,2026-05-11T07:21:36Z
e_00000111,2026-05-11T07:34:05Z
e_00000112,2026-05-11T08:42:07Z
e_0000024f,2026-05-11T08:59:26Z
e_00000234,2026-05-11T09:35:20Z
e_000000f0,2026-05-11T09:59:13Z
e_00000188,2026-05-11T10:04:47Z
e_00000244,2026-05-11T10:12:28Z
e_0000025a,2026-05-11T10:29:10Z
e_00000156,2026-05-11T10:33:01Z
e_00000207,2026-05-11T11:05:14Z
e_00000256,2026-05-11T11:19:40Z
e_00000253,2026-05-11T11:23:53Z
e_00000263,2026-05-11T11:47:57Z
e_000001af,2026-05-11T12:13:26Z
e_00000254,2026-05-11T12:27:28Z
e_0000021f,2026-05-11T14:13:02Z
e_00000249,2026-05-11T14:15:20Z
e_00000189,2026-05-11T15:22:58Z
e_000001fa,2026-05-11T17:01:45Z
e_000000d1,2026-05-11T17:17:59Z
e_0000022f,2026-05-11T17:14:47Z
e_00000259,2026-05-11T18:11:57Z
e_0000022b,2026-05-11T18:42:34Z
e_00000243,2026-05-11T19:16:10Z
e_00000262,2026-05-11T19:15:03Z
e_0000022d,2026-05-11T19:21:09Z
e_000001e5,2026-05-11T20:55:45Z
e_0000023b,2026-05-11T21:44:53Z
e_00000247,2026-05-11T22:36:14Z
e_0000024a,2026-05-11T22:37:55Z
e_00000215,2026-05-12T00:09:25Z
e_0000025d,2026-05-12T00:23:47Z
e_00000164,2026-05-12T00:48:00Z
e_00000282,2026-05-12T00:55:33Z
e_00000217,2026-05-12T00:54:07Z
e_000000e6,2026-05-12T01:21:51Z
e_00000285,2026-05-12T01:23:54Z
e_00000280,2026-05-12T01:27:21Z
e_000001df,2026-05-12T03:17:24Z
e_000001eb,2026-05-12T04:31:23Z
e_0000017a,2026-05-12T04:52:50Z
e_00000270,2026-05-12T04:54:05Z
e_00000276,2026-05-12T05:43:43Z
e_0000027b,2026-05-12T05:58:49Z
e_0000026b,2026-05-12T06:12:40Z
e_0000023d,2026-05-12T06:26:52Z
e_0000028a,2026-05-12T06:45:39Z
e_00000163,2026-05-12T06:58:12Z
e_00000298,2026-05-12T07:03:48Z
e_00000160,2026-05-12T08:03:39Z
e_00000265,2026-05-12T08:48:50Z
e_00000278,2026-05-12T09:33:08Z
e_00000292,2026-05-12T10:04:20Z
e_00000277,2026-05-12T10:09:15Z
e_00000132,2026-05-12T10:58:54Z
e_00000290,2026-05-12T11:16:55Z
e_0000012d,2026-05-12T11:37:47Z
e_000001dd,2026-05-12T11:50:43Z
e_0000014c,2026-05-12T12:13:23Z
e_00000296,2026-05-12T12:17:13Z
e_000001fb,2026-05-12T12:26:32Z
e_0000028e,2026-05-12T12:35:53Z
e_00000275,2026-05-12T12:55:32Z
e_0000026c,2026-05-12T13:44:29Z
e_0000026a,2026-05-12T14:21:05Z
e_0000029f,2026-05-12T14:22:01Z
e_0000028f,2026-05-12T15:38:15Z
e_00000288,2026-05-12T16:20:47Z
e_0000027c,2026-05-12T16:46:48Z
e_00000289,2026-05-12T18:15:28Z
e_00000287,2026-05-12T19:04:34Z
e_00000273,2026-05-12T19:08:28Z
e_0000025b,2026-05-12T19:05:15Z
e_00000272,2026-05-12T19:16:28Z
e_00000158,2026-05-12T19:48:46Z
e_0000028c,2026-05-12T20:13:47Z
e_00000286,2026-05-12T20:27:45Z
e_0000014a,2026-05-12T20:32:16Z
e_0000029b,2026-05-12T20:43:24Z
e_00000279,2026-05-12T20:47:50Z
e_00000182,2026-05-12T21:05:22Z
e_00000235,2026-05-12T21:06:57Z
e_00000180,2026-05-12T21:41:55Z
e_000001f2,2026-05-12T22:16:57Z
e_00000171,2026-05-12T23:27:03Z
e_000002a1,2026-05-13T01:10:14Z
e_00000155,2026-05-13T01:16:41Z
e_00000170,2026-05-13T02:09:52Z
e_000002b0,2026-05-13T02:29:02Z
e_000002a2,2026-05-13T03:38:07Z
e_000001c7,2026-05-13T03:48:09Z
e_000002c4,2026-05-13T04:11:29Z
e_000001a1,2026-05-13T04:34:40Z
e_00000143,2026-05-13T04:40:50Z
e_000002bc,2026-05-13T04:41:15Z
e_000001cf,2026-05-13T05:54:37Z
e_00000257,2026-05-13T06:07:29Z
e_000002ab,2026-05-13T07:56:05Z
e_000002a8,2026-05-13T08:02:22Z
e_000002c0,2026-05-13T08:17:06Z
e_000002a0,2026-05-13T08:18:09Z
e_000002aa,2026-05-13T08:32:44Z
e_0000007e,2026-05-13T08:59:56Z
e_00000088,2026-05-13T09:45:54Z
e_0000011c,2026-05-13T09:50:45Z
e_000002b2,2026-05-13T10:02:08Z
e_00000199,2026-05-13T10:15:04Z
e_00000239,2026-05-13T10:40:09Z
e_000002a9,2026-05-13T11:38:51Z
e_0000023f,2026-05-13T12:09:54Z
e_000000de,2026-05-13T12:51:33Z
e_000002a3,2026-05-13T12:52:43Z
e_000002c2,2026-05-13T13:01:11Z
e_000002a6,2026-05-13T13:06:27Z
e_000002af,2026-05-13T13:42:18Z
e_00000251,2026-05-13T14:11:50Z
e_00000172,2026-05-13T14:17:33Z
e_000002b7,2026-05-13T14:50:10Z
e_000002ad,2026-05-13T16:23:25Z
e_000002a4,2026-05-13T17:18:57Z
e_00000258,2026-05-13T18:46:51Z
e_000002bb,2026-05-13T19:08:02Z
e_000002a7,2026-05-13T19:11:28Z
e_000001de,2026-05-13T19:44:25Z
e_0000018e,2026-05-13T20:24:21Z
e_000002b1,2026-05-13T20:49:11Z
e_000001ce,2026-05-13T21:38:46Z
e_000002c1,2026-05-13T22:02:55Z
e_00000167,2026-05-13T22:18:07Z
e_0000028b,2026-05-13T22:42:23Z
e_000001d5,2026-05-13T22:50:54Z
e_000002c5,2026-05-13T23:03:38Z
e_000002d4,2026-05-14T00:47:28Z
e_00000140,2026-05-14T00:56:09Z
e_000002ca,2026-05-14T01:10:30Z
e_000002d3,2026-05-14T01:23:46Z
e_00000307,2026-05-14T01:30:04Z
e_0000014b,2026-05-14T01:43:24Z
e_000002c9,2026-05-14T01:58:44Z
e_00000302,2026-05-14T02:12:00Z
e_00000069,2026-05-14T02:12:31Z
e_00000304,2026-05-14T02:11:03Z
e_000001a5,2026-05-14T02:37:20Z
e_00000195,2026-05-14T02:58:15Z
e_00000231,2026-05-14T03:01:35Z
e_00000306,2026-05-14T03:32:32Z
e_000001c6,2026-05-14T04:18:00Z
e_000002e7,2026-05-14T04:55:23Z
e_00000202,2026-05-14T05:06:07Z
e_000002cf,2026-05-14T05:22:22Z
e_000002f8,2026-05-14T06:01:10Z
e_000002d5,2026-05-14T06:05:56Z
e_000002c8,2026-05-14T06:10:10Z
e_00000214,2026-05-14T06:55:26Z
e_000002e4,2026-05-14T08:20:57Z
e_00000092,2026-05-14T09:13:01Z
e_000002ff,2026-05-14T09:33:24Z
e_000002dd,2026-05-14T09:46:39Z
e_000002e3,2026-05-14T10:22:28Z
e_00000146,2026-05-14T10:35:02Z
e_000002e6,2026-05-14T10:44:54Z
e_00000245,2026-05-14T10:46:25Z
e_000002d9,2026-05-14T10:58:37Z
e_0000029d,2026-05-14T11:47:59Z
e_000002fd,2026-05-14T13:17:46Z
e_000002fe,2026-05-14T13:21:53Z
e_00000305,2026-05-14T13:59:14Z
e_000002d6,2026-05-14T14:25:12Z
e_000001b9,2026-05-14T14:48:41Z
e_000001ee,2026-05-14T16:03:41Z
e_000002f6,2026-05-14T16:01:01Z
e_000002f2,2026-05-14T16:04:27Z
e_000002e5,2026-05-14T16:07:34Z
e_000002f4,2026-05-14T17:09:21Z
e_00000222,2026-05-14T17:38:27Z
e_000001f1,2026-05-14T18:08:11Z
e_000002f3,2026-05-14T18:34:15Z
e_00000301,2026-05-14T19:18:29Z
e_000002e1,2026-05-14T19:19:56Z
e_000000e1,2026-05-14T19:36:56Z
e_000002b8,2026-05-14T19:50:02Z
e_00000300,2026-05-14T20:27:32Z
e_00000114,2026-05-14T22:32:58Z
e_000000db,2026-05-14T22:34:00Z
e_0000017c,2026-05-14T22:56:32Z
e_000002ce,2026-05-14T23:06:09Z
e_000001cc,2026-05-14T23:13:39Z
e_00000109,2026-05-14T23:14:44Z
e_000001d6,2026-05-14T23:38:50Z
e_0000017b,2026-05-14T23:42:21Z
e_00000061,2026-05-14T23:48:23Z
e_000002cc,2026-05-15T00:09:09Z
e_0000019a,2026-05-15T00:14:53Z
e_000002db,2026-05-15T00:12:43Z
e_000002ec,2026-05-15T00:24:38Z
e_000002f1,2026-05-15T00:30:34Z
e_000002da,2026-05-15T00:31:06Z
e_0000022c,2026-05-15T02:04:48Z
e_000002b6,2026-05-15T02:50:10Z
e_0000017f,2026-05-15T03:09:35Z
e_0000033d,2026-05-15T04:02:01Z
e_00000293,2026-05-15T04:16:12Z
e_00000206,2026-05-15T04:17:47Z
e_00000327,2026-05-15T04:43:07Z
e_00000342,2026-05-15T05:01:26Z
e_000001dc,2026-05-15T05:31:13Z
e_0000031e,2026-05-15T07:09:43Z
e_00000345,2026-05-15T07:25:32Z
e_0000032c,2026-05-15T07:23:51Z
e_000001bb,2026-05-15T07:46:54Z
e_0000032d,2026-05-15T07:54:19Z
e_00000318,2026-05-15T07:57:48Z
e_00000324,2026-05-15T10:00:34Z
e_00000328,2026-05-15T09:59:58Z
e_00000319,2026-05-15T10:27:33Z
e_0000033a,2026-05-15T10:45:29Z
e_000002fa,2026-05-15T10:55:47Z
e_0000010d,2026-05-15T11:18:16Z
e_0000019c,2026-05-15T11:30:07Z
e_00000321,2026-05-15T11:51:47Z
e_0000021a,2026-05-15T12:03:22Z
e_00000236,2026-05-15T12:46:35Z
e_00000320,2026-05-15T13:01:35Z
e_00000317,2026-05-15T13:32:53Z
e_0000028d,2026-05-15T13:49:35Z
e_0000029e,2026-05-15T14:02:47Z
e_00000283,2026-05-15T14:03:38Z
e_00000311,2026-05-15T14:16:36Z
e_00000184,2026-05-15T14:35:43Z
e_00000179,2026-05-15T14:39:01Z
e_000002be,2026-05-15T14:53:09Z
e_0000033e,2026-05-15T15:08:21Z
e_0000032b,2026-05-15T15:57:46Z
e_0000024b,2026-05-15T16:47:01Z
e_0000033b,2026-05-15T17:10:06Z
e_0000030d,2026-05-15T18:14:13Z
e_00000297,2026-05-15T18:37:51Z
e_0000023a,2026-05-15T19:19:12Z
e_000001c8,2026-05-15T19:25:20Z
e_00000336,2026-05-15T19:44:02Z
e_00000323,2026-05-15T20:08:06Z
e_00000331,2026-05-15T20:29:33Z
e_0000031f,2026-05-15T20:39:48Z
e_0000032a,2026-05-15T21:05:52Z
e_00000344,2026-05-15T21:47:30Z
e_000001bf,2026-05-15T23:40:41Z
e_00000308,2026-05-15T23:48:21Z
e_0000025f,2026-05-16T01:05:05Z
e_00000295,2026-05-16T01:19:51Z
e_00000371,2026-05-16T01:31:34Z
e_000002ef,2026-05-16T01:36:40Z
e_000001cd,2026-05-16T02:03:18Z
e_000002ac,2026-05-16T02:38:37Z
e_0000026f,2026-05-16T03:40:23Z
e_00000381,2026-05-16T03:50:25Z
e_0000034a,2026-05-16T04:13:46Z
e_00000351,2026-05-16T04:16:21Z
e_00000369,2026-05-16T04:40:10Z
e_00000366,2026-05-16T05:51:57Z
e_0000037b,2026-05-16T06:40:57Z
e_00000365,2026-05-16T06:42:11Z
e_00000220,2026-05-16T07:23:09Z
e_0000032e,2026-05-16T07:24:26Z
e_000001f9,2026-05-16T07:45:56Z
e_00000350,2026-05-16T07:57:56Z
e_0000034b,2026-05-16T09:27:21Z
e_0000035e,2026-05-16T09:49:08Z
e_00000363,2026-05-16T09:53:18Z
e_000002b5,2026-05-16T10:01:01Z
e_00000358,2026-05-16T10:49:55Z
e_00000205,2026-05-16T11:46:58Z
e_0000024d,2026-05-16T12:13:05Z
e_000002b4,2026-05-16T12:09:10Z
e_00000221,2026-05-16T12:22:52Z
e_0000037e,2026-05-16T12:34:24Z
e_00000379,2026-05-16T13:15:33Z
e_00000271,2026-05-16T13:32:38Z
e_00000364,2026-05-16T13:31:00Z
e_00000372,2026-05-16T13:38:01Z
e_0000036a,2026-05-16T13:39:59Z
e_0000008a,2026-05-16T13:53:11Z
e_0000034e,2026-05-16T14:27:34Z
e_00000370,2026-05-16T14:40:56Z
e_00000385,2026-05-16T15:08:20Z
e_00000268,2026-05-16T15:31:33Z
e_00000377,2026-05-16T16:03:22Z
e_0000034d,2026-05-16T16:26:09Z
e_00000238,2026-05-16T16:30:07Z
e_0000034c,2026-05-16T16:54:16Z
e_00000230,2026-05-16T17:16:13Z
e_00000347,2026-05-16T18:17:35Z
e_00000357,2026-05-16T18:42:46Z
e_0000037c,2026-05-16T18:46:12Z
e_0000026e,2026-05-16T18:59:44Z
e_0000034f,2026-05-16T19:14:31Z
e_0000036b,2026-05-16T19:38:41Z
e_0000035d,2026-05-16T19:53:16Z
e_00000348,2026-05-16T20:16:37Z
e_00000346,2026-05-16T20:17:17Z
e_0000030f,2026-05-16T20:44:01Z
e_00000312,2026-05-16T21:07:47Z
e_0000025c,2026-05-16T21:58:03Z
e_0000037d,2026-05-16T22:11:38Z
e_00000367,2026-05-16T22:51:06Z
e_00000380,2026-05-16T23:36:41Z
e_0000031b,2026-05-16T23:47:45Z
e_0000036f,2026-05-17T00:08:15Z
e_00000390,2026-05-17T00:24:38Z
e_000002f0,2026-05-17T00:26:25Z
e_000003af,2026-05-17T01:39:51Z
e_000003ae,2026-05-17T02:28:39Z
e_0000025e,2026-05-17T02:31:01Z
e_0000038a,2026-05-17T02:30:49Z
e_00000325,2026-05-17T02:45:02Z
e_0000027f,2026-05-17T03:23:57Z
e_00000388,2026-05-17T03:29:46Z
e_0000039c,2026-05-17T03:47:06Z
e_000003a5,2026-05-17T04:14:23Z
e_0000029c,2026-05-17T04:19:34Z
e_0000006c,2026-05-17T04:31:41Z
e_000003b6,2026-05-17T04:54:23Z
e_000003ba,2026-05-17T05:03:23Z
e_00000201,2026-05-17T05:13:46Z
e_0000027e,2026-05-17T05:50:04Z
e_00000335,2026-05-17T05:53:54Z
e_00000332,2026-05-17T05:58:21Z
e_0000023e,2026-05-17T06:00:15Z
e_000003ab,2026-05-17T06:06:24Z
e_00000216,2026-05-17T06:16:48Z
e_00000389,2026-05-17T06:33:04Z
e_000003a1,2026-05-17T06:32:18Z
e_000003a3,2026-05-17T07:03:23Z
e_000002d1,2026-05-17T07:01:41Z
e_000003bc,2026-05-17T07:48:41Z
e_0000039b,2026-05-17T08:20:35Z
e_00000399,2026-05-17T08:21:02Z
e_000002fc,2026-05-17T08:27:25Z
e_00000386,2026-05-17T08:41:30Z
e_00000315,2026-05-17T09:49:49Z
e_00000246,2026-05-17T10:16:40Z
e_000000b6,2026-05-17T10:34:37Z
e_00000291,2026-05-17T11:18:26Z
e_0000030c,2026-05-17T11:24:35Z
e_000001f6,2026-05-17T11:57:59Z
e_000003a7,2026-05-17T13:38:59Z
e_0000039e,2026-05-17T14:29:12Z
e_000002df,2026-05-17T14:31:09Z
e_0000039f,2026-05-17T14:52:09Z
e_00000393,2026-05-17T15:02:24Z
e_000002e8,2026-05-17T15:59:45Z
e_000002ee,2026-05-17T16:17:19Z
e_000003a6,2026-05-17T17:31:52Z
e_000002ed,2026-05-17T17:58:25Z
e_000003ac,2026-05-17T18:26:26Z
e_0000031d,2026-05-17T18:29:39Z
e_00000395,2026-05-17T18:35:49Z
e_00000396,2026-05-17T19:12:24Z
e_00000397,2026-05-17T19:21:55Z
e_000002d7,2026-05-17T19:31:37Z
e_0000029a,2026-05-17T19:32:54Z
e_000000be,2026-05-17T19:39:29Z
e_00000394,2026-05-17T20:23:08Z
e_00000398,2026-05-17T20:31:04Z
e_00000341,2026-05-17T20:45:48Z
e_0000038f,2026-05-17T20:45:34Z
e_000003b2,2026-05-17T20:56:44Z
e_0000038e,2026-05-17T21:09:38Z
e_00000264,2026-05-17T21:09:49Z
e_0000039d,2026-05-17T21:16:10Z
e_000003bb,2026-05-17T21:45:46Z
e_000003a8,2026-05-17T21:49:51Z
e_0000038d,2026-05-17T22:09:06Z
e_00000334,2026-05-17T22:39:11Z
e_0000010f,2026-05-17T23:04:52Z
e_0000011f,2026-05-17T23:14:09Z
e_00000266,2026-05-17T23:51:31Z
e_000002b9,2026-05-18T00:13:17Z
e_0000039a,2026-05-18T00:32:57Z
e_00000375,2026-05-18T00:54:52Z
e_000003dc,2026-05-18T01:42:04Z
e_00000326,2026-05-18T02:06:32Z
e_0000027d,2026-05-18T02:06:27Z
e_000003c5,2026-05-18T02:17:08Z
e_000003fc,2026-05-18T03:23:32Z
e_00000274,2026-05-18T03:22:43Z
e_000003cd,2026-05-18T03:28:50Z
e_000003d4,2026-05-18T04:29:37Z
e_000003f0,2026-05-18T04:44:21Z
e_000003e6,2026-05-18T04:44:30Z
e_000003ff,2026-05-18T05:02:54Z
e_00000309,2026-05-18T05:03:56Z
e_000003ef,2026-05-18T05:09:58Z
e_000002c7,2026-05-18T05:40:21Z
e_000002eb,2026-05-18T06:15:47Z
e_0000030e,2026-05-18T06:21:09Z
e_000003da,2026-05-18T06:26:41Z
e_000000ec,2026-05-18T06:42:32Z
e_000003bd,2026-05-18T06:56:48Z
e_000003cc,2026-05-18T07:51:15Z
e_000003c1,2026-05-18T08:39:08Z
e_000001ab,2026-05-18T09:02:03Z
e_000003d2,2026-05-18T10:29:26Z
e_00000226,2026-05-18T10:36:19Z
e_00000177,2026-05-18T11:26:59Z
e_000003f5,2026-05-18T11:52:31Z
e_000003f9,2026-05-18T12:00:31Z
e_0000024c,2026-05-18T12:02:56Z
e_000003d3,2026-05-18T12:19:51Z
e_000003e2,2026-05-18T12:25:07Z
e_00000267,2026-05-18T13:50:00Z
e_0000011a,2026-05-18T13:48:56Z
e_000003c6,2026-05-18T15:06:07Z
e_00000392,2026-05-18T15:27:45Z
e_000003d5,2026-05-18T15:55:54Z
e_0000035f,2026-05-18T15:52:57Z
e_000000d6,2026-05-18T16:29:42Z
e_000003ee,2026-05-18T16:42:51Z
e_000003c9,2026-05-18T16:52:06Z
e_000002f5,2026-05-18T17:26:18Z
e_000003d1,2026-05-18T17:56:33Z
e_000002d2,2026-05-18T17:51:42Z
e_000003ca,2026-05-18T17:52:46Z
e_000003fd,2026-05-18T18:02:35Z
e_000003eb,2026-05-18T18:27:13Z
e_000003be,2026-05-18T18:33:22Z
e_000003dd,2026-05-18T18:49:31Z
e_00000343,2026-05-18T18:59:17Z
e_000003db,2026-05-18T19:05:12Z
e_000002fb,2026-05-18T19:29:49Z
e_000003c3,2026-05-18T19:41:51Z
e_000003c2,2026-05-18T20:02:15Z
e_00000193,2026-05-18T20:11:27Z
e_00000352,2026-05-18T20:16:26Z
e_00000294,2026-05-18T21:43:12Z
e_000002d0,2026-05-18T21:49:42Z
e_000003ec,2026-05-18T22:38:15Z
e_000003c8,2026-05-18T22:59:32Z
e_0000031a,2026-05-19T00:17:37Z
e_000003bf,2026-05-19T00:22:10Z
e_00000349,2026-05-19T00:46:26Z
e_000003b0,2026-05-19T01:52:24Z
e_00000299,2026-05-19T01:46:29Z
e_000002dc,2026-05-19T02:06:38Z
e_0000027a,2026-05-19T02:06:47Z
e_000003b4,2026-05-19T02:55:40Z
e_00000419,2026-05-19T03:14:26Z
e_000000e8,2026-05-19T03:18:24Z
e_0000042f,2026-05-19T05:17:32Z
e_0000042b,2026-05-19T06:12:56Z
e_00000314,2026-05-19T06:33:04Z
e_00000413,2026-05-19T06:42:41Z
e_0000026d,2026-05-19T06:50:59Z
e_0000030a,2026-05-19T06:59:15Z
e_00000426,2026-05-19T07:03:08Z
e_00000431,2026-05-19T07:28:27Z
e_0000042e,2026-05-19T07:46:03Z
e_00000418,2026-05-19T08:51:24Z
e_0000041a,2026-05-19T11:19:33Z
e_0000022e,2026-05-19T12:21:01Z
e_00000414,2026-05-19T12:19:29Z
e_00000411,2026-05-19T13:06:56Z
e_000003cf,2026-05-19T13:09:44Z
e_00000403,2026-05-19T14:06:24Z
e_0000042c,2026-05-19T14:34:14Z
e_00000430,2026-05-19T14:37:31Z
e_00000420,2026-05-19T14:45:30Z
e_00000409,2026-05-19T14:52:28Z
e_000001d8,2026-05-19T14:57:58Z
e_00000401,2026-05-19T14:57:49Z
e_00000417,2026-05-19T15:34:03Z
e_00000376,2026-05-19T16:35:53Z
e_000003a4,2026-05-19T16:58:32Z
e_00000405,2026-05-19T17:19:42Z
e_0000040b,2026-05-19T17:34:12Z
e_00000415,2026-05-19T17:36:34Z
e_00000400,2026-05-19T18:25:40Z
e_000002bd,2026-05-19T18:52:10Z
e_00000406,2026-05-19T19:42:03Z
e_000002d8,2026-05-19T20:17:31Z
e_00000378,2026-05-19T20:31:02Z
e_0000041b,2026-05-19T20:59:42Z
e_0000013b,2026-05-19T21:34:11Z
e_00000407,2026-05-19T21:45:02Z
e_00000310,2026-05-19T21:50:02Z
e_0000035c,2026-05-19T22:20:31Z
e_00000421,2026-05-19T23:13:48Z
e_0000041f,2026-05-19T23:14:17Z
e_000003f2,2026-05-19T23:54:54Z
e_000002f9,2026-05-20T00:03:08Z
e_000002b3,2026-05-20T00:14:20Z
e_00000459,2026-05-20T00:33:25Z
e_0000024e,2026-05-20T00:48:49Z
e_0000036e,2026-05-20T01:17:28Z
e_0000046d,2026-05-20T01:27:25Z
e_0000043f,2026-05-20T01:38:49Z
e_00000457,2026-05-20T01:45:59Z
e_000003f6,2026-05-20T01:59:41Z
e_00000469,2026-05-20T01:57:54Z
e_000002cd,2026-05-20T02:04:11Z
e_00000445,2026-05-20T02:24:21Z
e_000003fb,2026-05-20T02:39:23Z
e_00000437,2026-05-20T02:52:42Z
e_000003fe,2026-05-20T02:57:15Z
e_00000436,2026-05-20T03:33:37Z
e_00000197,2026-05-20T03:46:27Z
e_000003a9,2026-05-20T03:38:43Z
e_0000044f,2026-05-20T04:03:42Z
e_00000458,2026-05-20T04:20:19Z
e_000002a5,2026-05-20T04:18:08Z
e_000002e9,2026-05-20T05:06:25Z
e_00000440,2026-05-20T05:18:56Z
e_000003e8,2026-05-20T06:52:52Z
e_0000043d,2026-05-20T08:33:11Z
e_0000044e,2026-05-20T08:35:32Z
e_0000043c,2026-05-20T08:42:25Z
e_00000447,2026-05-20T09:23:06Z
e_00000330,2026-05-20T11:11:01Z
e_00000463,2026-05-20T11:05:28Z
e_00000443,2026-05-20T11:22:29Z
e_00000384,2026-05-20T12:47:55Z
e_0000015b,2026-05-20T13:01:38Z
e_00000442,2026-05-20T13:26:09Z
e_0000045a,2026-05-20T13:25:55Z
e_00000460,2026-05-20T13:46:24Z
e_000002c6,2026-05-20T14:25:03Z
e_0000044c,2026-05-20T15:02:38Z
e_000003b3,2026-05-20T15:06:57Z
e_00000468,2026-05-20T17:40:54Z
e_00000451,2026-05-20T17:45:19Z
e_00000240,2026-05-20T17:54:55Z
e_000002e0,2026-05-20T18:01:56Z
e_00000340,2026-05-20T18:05:30Z
e_000003d0,2026-05-20T19:07:55Z
e_00000452,2026-05-20T19:15:13Z
e_0000045b,2026-05-20T20:21:23Z
e_000002ea,2026-05-20T20:25:20Z
e_00000360,2026-05-20T20:34:43Z
e_000003b1,2026-05-20T21:23:30Z
e_000003df,2026-05-20T21:32:26Z
e_00000462,2026-05-20T21:32:35Z
e_00000446,2026-05-20T22:02:57Z
e_0000046e,2026-05-20T22:34:56Z
e_00000461,2026-05-20T23:18:37Z
e_00000444,2026-05-20T23:25:32Z
e_00000313,2026-05-21T00:09:31Z
e_00000441,2026-05-21T00:36:46Z
e_0000048c,2026-05-21T00:37:04Z
e_00000470,2026-05-21T01:41:54Z
e_00000152,2026-05-21T01:53:52Z
e_000003e0,2026-05-21T02:29:53Z
e_0000041d,2026-05-21T02:46:03Z
e_0000047f,2026-05-21T03:22:16Z
e_0000049c,2026-05-21T03:47:23Z
e_000003b5,2026-05-21T04:00:12Z
e_000002de,2026-05-21T03:56:50Z
e_0000049f,2026-05-21T04:08:39Z
e_00000362,2026-05-21T04:27:09Z
e_0000047a,2026-05-21T04:52:53Z
e_000003ce,2026-05-21T05:03:00Z
e_000004a9,2026-05-21T05:24:05Z
e_0000049e,2026-05-21T06:07:51Z
e_00000478,2026-05-21T06:10:14Z
e_00000488,2026-05-21T06:34:15Z
e_0000030b,2026-05-21T06:50:10Z
e_00000495,2026-05-21T07:08:16Z
e_00000423,2026-05-21T07:03:11Z
e_000003d6,2026-05-21T07:30:40Z
e_0000046f,2026-05-21T07:28:39Z
e_00000482,2026-05-21T08:04:17Z
e_000003e7,2026-05-21T08:21:06Z
e_00000497,2026-05-21T08:34:42Z
e_000001a9,2026-05-21T09:11:18Z
e_00000387,2026-05-21T09:11:05Z
e_000003f1,2026-05-21T09:31:53Z
e_000004a8,2026-05-21T10:03:30Z
e_000004a5,2026-05-21T10:17:58Z
e_0000031c,2026-05-21T10:33:30Z
e_0000049a,2026-05-21T10:59:52Z
e_0000049d,2026-05-21T11:02:40Z
e_00000355,2026-05-21T11:14:31Z
e_00000471,2026-05-21T11:16:36Z
e_0000047e,2026-05-21T11:45:36Z
e_00000427,2026-05-21T12:05:36Z
e_000004a1,2026-05-21T13:44:35Z
e_00000373,2026-05-21T13:46:42Z
e_00000337,2026-05-21T13:47:23Z
e_000004a7,2026-05-21T13:46:24Z
e_00000476,2026-05-21T13:54:08Z
e_000003b8,2026-05-21T13:59:44Z
e_000004aa,2026-05-21T14:29:48Z
e_00000359,2026-05-21T15:10:08Z
e_00000354,2026-05-21T15:11:26Z
e_00000333,2026-05-21T15:39:04Z
e_00000382,2026-05-21T16:12:39Z
e_0000047c,2026-05-21T16:26:33Z
e_0000035b,2026-05-21T16:42:41Z
e_00000353,2026-05-21T17:24:04Z
e_0000020c,2026-05-21T17:28:24Z
e_0000043a,2026-05-21T17:37:28Z
e_00000361,2026-05-21T17:42:06Z
e_00000491,2026-05-21T18:12:48Z
e_00000480,2026-05-21T18:58:46Z
e_00000489,2026-05-21T19:19:15Z
e_0000033f,2026-05-21T19:30:48Z
e_00000481,2026-05-21T20:05:15Z
e_000004a0,2026-05-21T21:17:00Z
e_0000047b,2026-05-21T21:17:02Z
e_000003cb,2026-05-21T21:32:52Z
e_0000018b,2026-05-21T21:36:40Z
e_0000040c,2026-05-21T22:47:56Z
e_00000499,2026-05-21T22:48:43Z
e_00000475,2026-05-22T00:08:16Z
e_00000498,2026-05-22T00:14:37Z
e_00000483,2026-05-22T00:22:59Z
e_0000032f,2026-05-22T00:27:05Z
e_0000045f,2026-05-22T00:43:33Z
e_000004ac,2026-05-22T00:42:23Z
e_00000453,2026-05-22T00:57:42Z
e_000003f7,2026-05-22T01:08:22Z
e_000004b3,2026-05-22T02:12:29Z
e_000004c7,2026-05-22T02:55:01Z
e_000004b2,2026-05-22T03:06:42Z
e_0000036d,2026-05-22T03:13:18Z
e_000004c6,2026-05-22T03:11:55Z
e_00000391,2026-05-22T03:47:01Z
e_000004b1,2026-05-22T04:12:57Z
e_000004b8,2026-05-22T05:04:42Z
e_000004bb,2026-05-22T05:45:29Z
e_00000454,2026-05-22T07:01:34Z
e_00000412,2026-05-22T07:33:23Z
e_000004cb,2026-05-22T08:32:31Z
e_000003d9,2026-05-22T08:29:54Z
e_000004cc,2026-05-22T08:43:22Z
e_000003b7,2026-05-22T09:00:26Z
e_000004b6,2026-05-22T09:00:06Z
e_000002bf,2026-05-22T11:02:32Z
e_00000338,2026-05-22T11:18:01Z
e_000004ad,2026-05-22T11:22:19Z
e_000004ab,2026-05-22T11:56:01Z
e_00000383,2026-05-22T12:29:53Z
e_000004ba,2026-05-22T12:32:43Z
e_0000041e,2026-05-22T12:41:57Z
e_0000048e,2026-05-22T12:41:56Z
e_000004b7,2026-05-22T13:05:32Z
e_000004c1,2026-05-22T13:52:34Z
e_000004d1,2026-05-22T14:38:27Z
e_00000473,2026-05-22T15:07:27Z
e_00000422,2026-05-22T15:29:01Z
e_000004d6,2026-05-22T15:56:44Z
e_0000035a,2026-05-22T15:52:55Z
e_000003a0,2026-05-22T16:52:27Z
e_000004d5,2026-05-22T17:14:50Z
e_000003d7,2026-05-22T17:27:08Z
e_000004bc,2026-05-22T17:30:14Z
e_000004ae,2026-05-22T17:37:36Z
e_000004d4,2026-05-22T19:26:10Z
e_0000040a,2026-05-22T20:26:55Z
e_0000048a,2026-05-22T20:30:26Z
e_000003e9,2026-05-22T20:46:20Z
e_0000046a,2026-05-22T20:58:38Z
e_000003fa,2026-05-22T21:49:52Z
e_000004d2,2026-05-22T21:52:21Z
e_000003f3,2026-05-22T22:25:48Z
e_000004c9,2026-05-22T22:27:34Z
e_00000465,2026-05-22T23:00:20Z
e_000004d7,2026-05-22T23:01:48Z
e_00000368,2026-05-23T00:17:13Z
e_00000474,2026-05-23T00:21:27Z
e_0000045c,2026-05-23T01:02:39Z
e_000004e9,2026-05-23T01:12:56Z
e_000003aa,2026-05-23T01:21:48Z
e_000004df,2026-05-23T01:42:13Z
e_00000509,2026-05-23T01:36:30Z
e_0000040f,2026-05-23T01:37:32Z
e_00000252,2026-05-23T01:44:25Z
e_000003e4,2026-05-23T01:50:24Z
e_00000404,2026-05-23T02:57:48Z
e_0000050f,2026-05-23T03:03:00Z
e_00000269,2026-05-23T03:22:47Z
e_000003c4,2026-05-23T03:23:54Z
e_000004d8,2026-05-23T03:38:33Z
e_000004f7,2026-05-23T03:39:59Z
e_00000374,2026-05-23T04:07:13Z
e_000004ed,2026-05-23T04:40:48Z
e_000004e8,2026-05-23T04:40:02Z
e_00000424,2026-05-23T05:30:07Z
e_0000046b,2026-05-23T05:40:02Z
e_0000038b,2026-05-23T05:52:45Z
e_0000050a,2026-05-23T07:29:15Z
e_000004f8,2026-05-23T09:05:48Z
e_000004f9,2026-05-23T10:18:50Z
e_000004db,2026-05-23T10:55:48Z
e_00000450,2026-05-23T11:09:48Z
e_0000036c,2026-05-23T11:35:26Z
e_0000038c,2026-05-23T11:40:37Z
e_000003d8,2026-05-23T11:43:27Z
e_000004da,2026-05-23T11:44:03Z
e_000004e3,2026-05-23T13:26:11Z
e_000004dc,2026-05-23T13:32:00Z
e_000004b5,2026-05-23T14:06:42Z
e_000004ff,2026-05-23T15:40:58Z
e_00000508,2026-05-23T16:19:12Z
e_0000051a,2026-05-23T16:22:21Z
e_00000515,2026-05-23T16:31:21Z
e_000004f2,2026-05-23T16:41:03Z
e_000004fc,2026-05-23T16:43:12Z
e_000003e5,2026-05-23T17:21:16Z
e_000004e5,2026-05-23T18:43:46Z
e_00000228,2026-05-23T18:58:01Z
e_0000044b,2026-05-23T19:22:07Z
e_00000516,2026-05-23T19:35:13Z
e_000004e4,2026-05-23T20:16:05Z
e_000003b9,2026-05-23T20:17:12Z
e_000004fe,2026-05-23T20:23:31Z
e_00000434,2026-05-23T21:27:28Z
e_000004fd,2026-05-23T22:24:59Z
e_00000519,2026-05-23T22:32:25Z
e_00000510,2026-05-23T22:46:14Z
e_000004fa,2026-05-23T22:58:41Z
e_000004f1,2026-05-23T23:32:48Z
e_000004b9,2026-05-23T23:45:44Z
e_00000504,2026-05-23T23:47:51Z
e_0000050e,2026-05-23T23:51:45Z
e_00000464,2026-05-24T00:34:42Z
e_00000433,2026-05-24T00:57:32Z
e_00000477,2026-05-24T01:28:37Z
e_00000527,2026-05-24T02:12:27Z
e_000004af,2026-05-24T02:52:07Z
e_0000052d,2026-05-24T03:18:25Z
e_0000053c,2026-05-24T03:15:11Z
e_00000438,2026-05-24T03:29:28Z
e_00000248,2026-05-24T03:45:58Z
e_00000522,2026-05-24T04:08:09Z
e_0000052f,2026-05-24T05:06:00Z
e_000004a2,2026-05-24T05:50:50Z
e_000004c4,2026-05-24T06:04:28Z
e_0000048b,2026-05-24T06:26:58Z
e_00000530,2026-05-24T06:28:12Z
e_00000538,2026-05-24T06:52:21Z
e_0000054f,2026-05-24T07:13:07Z
e_0000053e,2026-05-24T07:30:09Z
e_0000054d,2026-05-24T07:40:36Z
e_00000546,2026-05-24T08:31:31Z
e_0000053d,2026-05-24T09:45:43Z
e_000004ec,2026-05-24T09:57:41Z
e_00000432,2026-05-24T10:24:24Z
e_00000425,2026-05-24T10:21:39Z
e_000004e0,2026-05-24T10:40:58Z
e_00000544,2026-05-24T10:37:08Z
e_0000051f,2026-05-24T10:43:41Z
e_000002ba,2026-05-24T10:44:45Z
e_00000547,2026-05-24T10:57:22Z
e_0000040d,2026-05-24T10:53:25Z
e_0000053a,2026-05-24T11:30:40Z
e_000002ae,2026-05-24T11:35:00Z
e_0000052b,2026-05-24T11:42:11Z
e_0000054e,2026-05-24T11:40:06Z
e_00000521,2026-05-24T12:58:32Z
e_000002cb,2026-05-24T13:32:17Z
e_000004dd,2026-05-24T13:51:13Z
e_00000531,2026-05-24T15:09:08Z
e_00000537,2026-05-24T15:47:36Z
e_00000428,2026-05-24T16:17:08Z
e_00000548,2026-05-24T16:55:39Z
e_00000435,2026-05-24T17:59:30Z
e_00000523,2026-05-24T17:59:47Z
e_000004b4,2026-05-24T18:00:40Z
e_0000052c,2026-05-24T18:22:24Z
e_00000553,2026-05-24T18:43:32Z
e_0000053b,2026-05-24T18:50:57Z
e_00000535,2026-05-24T19:13:23Z
e_000004a3,2026-05-24T19:31:32Z
e_00000449,2026-05-24T20:43:49Z
e_000003e3,2026-05-24T20:50:35Z
e_00000467,2026-05-24T21:38:47Z
e_00000224,2026-05-24T21:46:29Z
e_000004d0,2026-05-24T21:41:03Z
e_00000466,2026-05-24T22:09:39Z
e_00000543,2026-05-24T22:11:09Z
e_000004c2,2026-05-24T22:47:54Z
e_00000550,2026-05-24T23:27:58Z
e_0000052a,2026-05-24T23:38:37Z
e_00000507,2026-05-24T23:41:45Z
e_0000042d,2026-05-24T23:39:17Z
e_0000040e,2026-05-24T23:43:13Z
e_00000429,2026-05-25T00:03:16Z
e_00000486,2026-05-25T00:18:01Z
e_000002f7,2026-05-25T00:40:46Z
e_00000539,2026-05-25T00:48:54Z
e_000004d3,2026-05-25T00:51:36Z
e_00000566,2026-05-25T01:53:35Z
e_00000329,2026-05-25T02:34:55Z
e_00000281,2026-05-25T02:42:11Z
e_0000056a,2026-05-25T02:48:13Z
e_00000439,2026-05-25T02:53:38Z
e_0000056c,2026-05-25T03:00:50Z
e_00000588,2026-05-25T03:06:35Z
e_00000595,2026-05-25T03:38:33Z
e_00000589,2026-05-25T04:17:48Z
e_00000584,2026-05-25T04:45:53Z
e_00000569,2026-05-25T05:00:51Z
e_0000051d,2026-05-25T05:41:14Z
e_00000554,2026-05-25T05:53:03Z
e_00000484,2026-05-25T06:13:27Z
e_00000576,2026-05-25T06:16:15Z
e_00000559,2026-05-25T06:21:21Z
e_000003de,2026-05-25T06:53:18Z
e_0000055f,2026-05-25T07:26:23Z
e_0000056d,2026-05-25T07:26:53Z
e_000004ea,2026-05-25T07:50:22Z
e_00000565,2026-05-25T08:01:44Z
e_00000574,2026-05-25T08:53:16Z
e_00000455,2026-05-25T09:21:15Z
e_00000487,2026-05-25T10:20:39Z
e_00000456,2026-05-25T11:36:30Z
e_0000046c,2026-05-25T12:03:53Z
e_0000045d,2026-05-25T12:08:20Z
e_0000057f,2026-05-25T13:01:49Z
e_0000043b,2026-05-25T13:32:03Z
e_0000042a,2026-05-25T14:04:09Z
e_0000055a,2026-05-25T14:19:28Z
e_00000599,2026-05-25T14:28:01Z
e_00000575,2026-05-25T14:33:15Z
e_0000033c,2026-05-25T14:42:05Z
e_0000058e,2026-05-25T14:36:49Z
e_0000059a,2026-05-25T15:38:42Z
e_00000594,2026-05-25T16:10:34Z
e_00000568,2026-05-25T16:27:14Z
e_00000485,2026-05-25T17:04:06Z
e_00000502,2026-05-25T18:12:09Z
e_0000057a,2026-05-25T18:21:13Z
e_0000055c,2026-05-25T18:42:54Z
e_00000555,2026-05-25T19:16:47Z
e_0000051c,2026-05-25T19:25:57Z
e_00000573,2026-05-25T20:57:10Z
e_00000541,2026-05-25T21:35:29Z
e_0000058c,2026-05-25T22:47:35Z
e_00000261,2026-05-25T22:43:19Z
e_0000058f,2026-05-25T23:13:53Z
e_00000518,2026-05-26T00:03:16Z
e_000005a3,2026-05-26T00:29:03Z
e_00000512,2026-05-26T00:36:09Z
e_000005ba,2026-05-26T01:17:07Z
e_000005c2,2026-05-26T01:36:04Z
e_0000041c,2026-05-26T02:02:53Z
e_000005c9,2026-05-26T02:44:33Z
e_00000492,2026-05-26T03:06:38Z
e_000004ce,2026-05-26T03:28:12Z
e_0000059e,2026-05-26T03:28:34Z
e_0000037f,2026-05-26T03:34:09Z
e_000005bc,2026-05-26T04:08:52Z
e_00000552,2026-05-26T04:33:31Z
e_00000524,2026-05-26T05:25:19Z
e_000005c4,2026-05-26T05:55:33Z
e_000005d1,2026-05-26T06:32:28Z
e_0000047d,2026-05-26T07:21:51Z
e_00000339,2026-05-26T07:21:44Z
e_00000571,2026-05-26T09:51:45Z
e_00000561,2026-05-26T09:47:38Z
e_000005c3,2026-05-26T09:52:41Z
e_00000540,2026-05-26T10:06:43Z
e_00000511,2026-05-26T11:52:14Z
e_000005bd,2026-05-26T11:55:30Z
e_000005ae,2026-05-26T12:27:26Z
e_00000316,2026-05-26T12:41:32Z
e_00000448,2026-05-26T12:47:57Z
e_000005a0,2026-05-26T13:01:58Z
e_000005c8,2026-05-26T14:08:19Z
e_0000059f,2026-05-26T14:38:47Z
e_000005c7,2026-05-26T15:06:21Z
e_00000284,2026-05-26T15:09:05Z
e_000004c8,2026-05-26T16:29:45Z
e_00000513,2026-05-26T16:48:46Z
e_000005b4,2026-05-26T17:50:38Z
e_00000496,2026-05-26T18:02:37Z
e_00000577,2026-05-26T18:05:03Z
e_00000494,2026-05-26T18:13:53Z
e_000004bd,2026-05-26T18:29:57Z
e_00000587,2026-05-26T19:18:25Z
e_0000059b,2026-05-26T20:00:55Z
e_000004a4,2026-05-26T20:25:23Z
e_0000055d,2026-05-26T20:37:39Z
e_000005a8,2026-05-26T20:42:05Z
e_000005ab,2026-05-26T21:58:54Z
e_0000044a,2026-05-26T22:25:08Z
e_000005bb,2026-05-26T22:36:59Z
e_000005ac,2026-05-26T23:13:36Z
e_000005cb,2026-05-26T23:22:16Z
e_000005ca,2026-05-26T23:42:15Z
e_00000472,2026-05-26T23:39:06Z
e_000005a9,2026-05-26T23:54:08Z
e_00000525,2026-05-27T00:00:41Z
e_000005b9,2026-05-27T00:15:10Z
e_0000045e,2026-05-27T00:33:13Z
e_000005f5,2026-05-27T01:02:07Z
e_00000493,2026-05-27T01:50:42Z
e_00000557,2026-05-27T02:00:35Z
e_0000048d,2026-05-27T02:14:12Z
e_000005ec,2026-05-27T02:12:39Z
e_00000608,2026-05-27T03:41:21Z
e_000005d8,2026-05-27T04:58:07Z
e_000005e3,2026-05-27T05:20:46Z
e_00000609,2026-05-27T05:40:39Z
e_000004b0,2026-05-27T06:13:16Z
e_00000542,2026-05-27T06:41:22Z
e_00000556,2026-05-27T07:01:59Z
e_00000607,2026-05-27T07:08:20Z
e_00000500,2026-05-27T07:14:19Z
e_00000563,2026-05-27T07:25:08Z
e_00000603,2026-05-27T07:41:29Z
e_0000060e,2026-05-27T07:39:01Z
e_000005e6,2026-05-27T08:30:07Z
e_000003f4,2026-05-27T09:10:39Z
e_000005d7,2026-05-27T09:10:01Z
e_00000503,2026-05-27T09:16:23Z
e_000005fc,2026-05-27T09:38:08Z
e_00000567,2026-05-27T09:56:17Z
e_0000037a,2026-05-27T10:11:44Z
e_00000593,2026-05-27T10:22:13Z
e_00000610,2026-05-27T11:11:25Z
e_000004e6,2026-05-27T11:36:29Z
e_000005d9,2026-05-27T11:39:30Z
e_0000056f,2026-05-27T12:18:31Z
e_000004f5,2026-05-27T12:17:08Z
e_00000517,2026-05-27T12:36:26Z
e_00000579,2026-05-27T12:51:54Z
e_00000560,2026-05-27T13:09:46Z
e_0000060f,2026-05-27T13:21:36Z
e_000005ef,2026-05-27T13:38:17Z
e_00000583,2026-05-27T13:47:31Z
e_000004cd,2026-05-27T14:00:15Z
e_000005f4,2026-05-27T14:21:19Z
e_000005dd,2026-05-27T14:32:48Z
e_000005d2,2026-05-27T15:04:42Z
e_000005e4,2026-05-27T15:13:50Z
e_000005e8,2026-05-27T15:20:30Z
e_000004c5,2026-05-27T15:27:59Z
e_00000611,2026-05-27T15:32:02Z
e_000004c3,2026-05-27T15:46:28Z
e_000005f8,2026-05-27T15:42:15Z
e_000005fb,2026-05-27T16:33:53Z
e_000005a7,2026-05-27T16:40:03Z
e_00000514,2026-05-27T17:38:48Z
e_0000051e,2026-05-27T17:45:48Z
e_000005f6,2026-05-27T18:57:03Z
e_0000048f,2026-05-27T18:54:43Z
e_000005c6,2026-05-27T19:47:37Z
e_000004cf,2026-05-27T19:45:24Z
e_00000580,2026-05-27T19:51:32Z
e_000004de,2026-05-27T19:48:25Z
e_00000536,2026-05-27T20:06:32Z
e_000005e2,2026-05-27T20:18:55Z
e_0000054a,2026-05-27T21:08:43Z
e_0000060b,2026-05-27T21:47:14Z
e_00000600,2026-05-27T22:33:21Z
e_000005a2,2026-05-27T22:42:45Z
e_000004f3,2026-05-28T00:06:14Z
e_00000602,2026-05-28T00:26:51Z
e_00000601,2026-05-28T00:33:36Z
e_00000558,2026-05-28T00:55:53Z
e_0000063c,2026-05-28T01:29:56Z
e_00000628,2026-05-28T02:12:14Z
e_00000631,2026-05-28T02:10:30Z
e_00000616,2026-05-28T03:45:01Z
e_000003c7,2026-05-28T03:56:04Z
e_00000612,2026-05-28T04:03:05Z
e_000005b7,2026-05-28T04:05:40Z
e_00000506,2026-05-28T04:39:37Z
e_00000617,2026-05-28T04:45:19Z
e_0000057c,2026-05-28T04:57:38Z
e_000004c0,2026-05-28T05:16:05Z
e_000002c3,2026-05-28T05:25:11Z
e_00000501,2026-05-28T05:32:58Z
e_00000643,2026-05-28T06:14:57Z
e_00000623,2026-05-28T06:33:46Z
e_00000622,2026-05-28T06:50:44Z
e_000004ee,2026-05-28T07:09:05Z
e_0000061d,2026-05-28T07:25:24Z
e_000004eb,2026-05-28T07:41:38Z
e_000005cf,2026-05-28T07:56:03Z
e_000004be,2026-05-28T08:13:05Z
e_00000645,2026-05-28T08:44:06Z
e_0000058a,2026-05-28T08:44:33Z
e_00000635,2026-05-28T08:49:52Z
e_00000322,2026-05-28T09:21:52Z
e_000004ef,2026-05-28T09:48:52Z
e_00000624,2026-05-28T10:02:23Z
e_00000629,2026-05-28T10:07:21Z
e_000005b8,2026-05-28T10:19:11Z
e_0000063d,2026-05-28T10:47:41Z
e_000005c5,2026-05-28T11:00:53Z
e_0000051b,2026-05-28T11:08:07Z
e_00000551,2026-05-28T11:36:42Z
e_00000549,2026-05-28T11:48:32Z
e_000004f6,2026-05-28T11:43:12Z
e_00000615,2026-05-28T12:16:22Z
e_0000062d,2026-05-28T12:49:23Z
e_00000644,2026-05-28T16:04:44Z
e_00000505,2026-05-28T16:04:33Z
e_00000613,2026-05-28T16:08:53Z
e_0000063a,2026-05-28T17:10:11Z
e_0000061e,2026-05-28T17:17:08Z
e_0000063f,2026-05-28T18:08:38Z
e_0000061b,2026-05-28T18:30:48Z
e_0000062c,2026-05-28T18:34:09Z
e_000004e1,2026-05-28T19:08:07Z
e_00000596,2026-05-28T19:14:11Z
e_0000059d,2026-05-28T19:27:09Z
e_00000627,2026-05-28T19:32:17Z
e_00000562,2026-05-28T21:05:54Z
e_0000050c,2026-05-28T21:24:07Z
e_00000639,2026-05-28T22:26:30Z
e_00000303,2026-05-28T23:02:05Z
e_000004bf,2026-05-29T00:00:58Z
e_0000050b,2026-05-29T00:50:54Z
e_000005a1,2026-05-29T01:03:27Z
e_00000661,2026-05-29T01:20:05Z
e_000003ad,2026-05-29T01:16:55Z
e_0000066a,2026-05-29T02:58:58Z
e_00000597,2026-05-29T03:04:19Z
e_00000666,2026-05-29T03:13:26Z
e_0000064a,2026-05-29T03:54:52Z
e_0000056b,2026-05-29T04:21:48Z
e_00000669,2026-05-29T04:49:14Z
e_00000673,2026-05-29T04:42:50Z
e_00000652,2026-05-29T05:11:35Z
e_000005b1,2026-05-29T05:48:51Z
e_00000650,2026-05-29T05:56:13Z
e_000003c0,2026-05-29T06:06:09Z
e_0000066e,2026-05-29T06:28:24Z
e_0000065e,2026-05-29T07:41:40Z
e_00000646,2026-05-29T07:49:27Z
e_000005f0,2026-05-29T08:35:40Z
e_0000050d,2026-05-29T08:38:46Z
e_000003ed,2026-05-29T08:34:57Z
e_000002e2,2026-05-29T08:54:06Z
e_00000668,2026-05-29T09:01:38Z
e_00000649,2026-05-29T09:03:14Z
e_0000058b,2026-05-29T09:54:39Z
e_00000659,2026-05-29T12:12:59Z
e_00000578,2026-05-29T12:50:05Z
e_0000064f,2026-05-29T14:32:49Z
e_0000065d,2026-05-29T15:26:15Z
e_0000066f,2026-05-29T15:53:01Z
e_00000676,2026-05-29T16:06:40Z
e_00000655,2026-05-29T16:06:38Z
e_000005ff,2026-05-29T17:00:32Z
e_000003f8,2026-05-29T17:26:06Z
e_0000064b,2026-05-29T17:28:32Z
e_00000667,2026-05-29T17:57:10Z
e_0000054c,2026-05-29T18:06:02Z
e_000004f0,2026-05-29T18:52:24Z
e_00000528,2026-05-29T18:50:20Z
e_000005f2,2026-05-29T19:09:00Z
e_000005df,2026-05-29T19:56:15Z
e_00000648,2026-05-29T19:58:41Z
e_000005eb,2026-05-29T20:15:22Z
e_00000533,2026-05-29T20:17:36Z
e_000005fe,2026-05-29T20:32:07Z
e_00000672,2026-05-29T20:50:47Z
e_00000679,2026-05-29T20:55:41Z
e_00000490,2026-05-29T21:31:39Z
e_00000660,2026-05-29T21:47:39Z
e_000005e9,2026-05-29T21:53:30Z
e_0000067e,2026-05-29T22:03:44Z
e_0000057d,2026-05-29T22:03:23Z
e_00000677,2026-05-29T22:29:15Z
e_000005ce,2026-05-29T23:32:22Z
e_000005dc,2026-05-30T00:18:46Z
e_0000069f,2026-05-30T00:46:37Z
e_000006b4,2026-05-30T00:43:53Z
e_000006a5,2026-05-30T01:00:46Z
e_000005ee,2026-05-30T01:37:34Z
e_00000680,2026-05-30T01:43:40Z
e_0000068b,2026-05-30T02:29:48Z
e_00000684,2026-05-30T02:41:54Z
e_0000062f,2026-05-30T02:43:38Z
e_000006aa,2026-05-30T03:38:57Z
e_00000592,2026-05-30T03:50:40Z
e_000005a4,2026-05-30T03:44:08Z
e_0000068c,2026-05-30T04:22:21Z
e_000006a3,2026-05-30T04:56:34Z
e_0000057e,2026-05-30T05:30:03Z
e_00000585,2026-05-30T05:29:37Z
e_00000532,2026-05-30T05:43:23Z
e_000006a4,2026-05-30T06:08:29Z
e_000005cd,2026-05-30T07:09:43Z
e_00000698,2026-05-30T07:07:09Z
e_000004f4,2026-05-30T07:06:18Z
e_000005a5,2026-05-30T07:25:17Z
e_0000056e,2026-05-30T07:40:06Z
e_000006ae,2026-05-30T07:55:53Z
e_00000591,2026-05-30T08:26:08Z
e_00000604,2026-05-30T08:30:55Z
e_000004e7,2026-05-30T08:30:00Z
e_00000683,2026-05-30T08:45:03Z
e_000006ab,2026-05-30T08:47:57Z
e_0000044d,2026-05-30T08:54:49Z
e_0000062b,2026-05-30T09:52:38Z
e_0000068e,2026-05-30T10:04:42Z
e_0000055e,2026-05-30T10:25:51Z
e_000005da,2026-05-30T11:33:21Z
e_0000069a,2026-05-30T11:39:57Z
e_000005aa,2026-05-30T13:54:49Z
e_00000682,2026-05-30T14:00:59Z
e_00000662,2026-05-30T14:11:06Z
e_000004fb,2026-05-30T14:20:37Z
e_0000053f,2026-05-30T15:00:01Z
e_0000065a,2026-05-30T14:58:06Z
e_00000697,2026-05-30T15:25:07Z
e_00000681,2026-05-30T15:55:21Z
e_00000529,2026-05-30T15:59:02Z
e_0000060d,2026-05-30T16:37:58Z
e_00000632,2026-05-30T16:44:41Z
e_00000545,2026-05-30T16:40:16Z
e_00000570,2026-05-30T16:45:10Z
e_00000689,2026-05-30T17:13:32Z
e_000006b5,2026-05-30T17:33:54Z
e_000006a0,2026-05-30T18:08:35Z
e_000006a9,2026-05-30T20:58:48Z
e_00000356,2026-05-30T21:27:46Z
e_000006ad,2026-05-30T22:12:03Z
e_0000069e,2026-05-30T22:24:58Z
e_00000699,2026-05-30T22:28:29Z
e_0000068a,2026-05-30T23:12:53Z
e_000006b1,2026-05-30T23:39:51Z
e_00000693,2026-05-31T00:26:18Z
e_000005c0,2026-05-31T00:28:50Z
e_000006e3,2026-05-31T01:55:29Z
e_000006bf,2026-05-31T01:51:30Z
e_000006eb,2026-05-31T01:59:24Z
e_000006c1,2026-05-31T02:04:26Z
e_000006e7,2026-05-31T02:09:18Z
e_000005d6,2026-05-31T02:48:59Z
e_0000060c,2026-05-31T02:53:12Z
e_00000621,2026-05-31T03:35:07Z
e_000005e1,2026-05-31T03:51:46Z
e_00000598,2026-05-31T03:48:26Z
e_00000638,2026-05-31T04:00:45Z
e_00000590,2026-05-31T04:07:45Z
e_000005ed,2026-05-31T04:16:47Z
e_000006b7,2026-05-31T04:19:17Z
e_0000057b,2026-05-31T04:29:40Z
e_000006cb,2026-05-31T05:04:36Z
e_000006c4,2026-05-31T06:58:03Z
e_000006cf,2026-05-31T07:07:43Z
e_0000054b,2026-05-31T07:17:33Z
e_000005f9,2026-05-31T07:25:52Z
e_00000586,2026-05-31T07:34:20Z
e_000006c6,2026-05-31T07:46:18Z
e_000006df,2026-05-31T08:08:41Z
e_0000061a,2026-05-31T09:23:01Z
e_000006dd,2026-05-31T09:39:01Z
e_000006d7,2026-05-31T10:01:08Z
e_00000479,2026-05-31T10:11:20Z
e_00000416,2026-05-31T10:22:43Z
e_0000064e,2026-05-31T10:30:28Z
e_0000043e,2026-05-31T11:26:33Z
e_0000069c,2026-05-31T11:59:13Z
e_000006d2,2026-05-31T12:42:31Z
e_000006d9,2026-05-31T12:51:21Z
e_000006bd,2026-05-31T14:00:41Z
e_000006cc,2026-05-31T14:56:56Z
e_000006ed,2026-05-31T16:19:44Z
e_000005e7,2026-05-31T16:12:29Z
e_000006a6,2026-05-31T16:47:11Z
e_000005d3,2026-05-31T17:10:04Z
e_00000634,2026-05-31T17:04:07Z
e_000006ec,2026-05-31T19:23:44Z
e_00000582,2026-05-31T19:54:00Z
e_000006de,2026-05-31T20:13:20Z
e_000006b8,2026-05-31T20:51:48Z
e_000006c0,2026-05-31T21:45:51Z
e_000006b6,2026-05-31T21:46:11Z
e_000006ea,2026-05-31T22:14:20Z
e_00000670,2026-05-31T22:48:11Z
e_000006e8,2026-05-31T23:27:02Z
e_000006e9,2026-05-31T23:34:44Z
e_00000618,2026-05-31T23:52:36Z
e_000006af,2026-05-31T23:59:45Z
e_000006be,2026-06-01T00:04:16Z
e_00000636,2026-06-01T00:32:15Z
e_000006a2,2026-06-01T00:44:50Z
e_000003a2,2026-06-01T01:13:45Z
e_0000070a,2026-06-01T01:28:00Z
e_00000620,2026-06-01T01:50:10Z
e_000006fb,2026-06-01T02:16:27Z
e_000006f0,2026-06-01T02:16:46Z
e_000003ea,2026-06-01T03:22:30Z
e_000006ee,2026-06-01T03:40:54Z
e_00000581,2026-06-01T03:46:00Z
e_00000709,2026-06-01T03:46:32Z
e_000006f9,2026-06-01T03:53:22Z
e_0000067c,2026-06-01T04:00:55Z
e_00000713,2026-06-01T04:22:32Z
e_000004e2,2026-06-01T04:25:30Z
e_00000720,2026-06-01T04:38:34Z
e_00000707,2026-06-01T05:00:47Z
e_0000066c,2026-06-01T05:09:09Z
e_000005b0,2026-06-01T05:26:34Z
e_00000711,2026-06-01T05:23:30Z
e_00000727,2026-06-01T06:03:41Z
e_00000712,2026-06-01T06:13:57Z
e_0000064c,2026-06-01T06:38:49Z
e_00000725,2026-06-01T08:07:17Z
e_000006a8,2026-06-01T08:27:52Z
e_00000726,2026-06-01T08:52:06Z
e_0000052e,2026-06-01T09:10:10Z
e_000005db,2026-06-01T10:54:29Z
e_00000656,2026-06-01T10:57:31Z
e_00000700,2026-06-01T10:58:56Z
e_000006ef,2026-06-01T11:28:28Z
e_000006f8,2026-06-01T12:01:11Z
e_00000729,2026-06-01T12:50:30Z
e_000006fa,2026-06-01T13:06:15Z
e_0000071d,2026-06-01T13:36:15Z
e_000005cc,2026-06-01T13:51:31Z
e_000006d1,2026-06-01T14:04:49Z
e_000005a6,2026-06-01T14:06:04Z
e_0000071e,2026-06-01T14:14:55Z
e_00000653,2026-06-01T16:01:35Z
e_0000070d,2026-06-01T16:37:21Z
e_000005af,2026-06-01T17:14:50Z
e_00000687,2026-06-01T17:34:12Z
e_000005c1,2026-06-01T17:51:52Z
e_000006f3,2026-06-01T18:08:24Z
e_00000728,2026-06-01T18:06:20Z
e_00000637,2026-06-01T18:49:13Z
e_00000710,2026-06-01T18:50:39Z
e_0000070c,2026-06-01T18:48:09Z
e_00000717,2026-06-01T19:23:53Z
e_00000703,2026-06-01T19:19:38Z
e_000005b5,2026-06-01T19:24:45Z
e_000006e6,2026-06-01T19:31:51Z
e_000006cd,2026-06-01T20:03:48Z
e_0000071f,2026-06-01T20:25:08Z
e_0000061f,2026-06-01T20:43:18Z
e_00000657,2026-06-01T21:16:04Z
e_0000065f,2026-06-01T22:15:24Z
e_000005ad,2026-06-01T22:28:16Z
e_00000718,2026-06-01T23:00:26Z
e_000005b6,2026-06-01T23:07:15Z
e_0000059c,2026-06-01T23:44:52Z
e_000006ff,2026-06-02T00:14:36Z
e_000005ea,2026-06-02T00:41:42Z
e_0000075a,2026-06-02T01:16:29Z
e_00000771,2026-06-02T02:23:21Z
e_000005bf,2026-06-02T02:32:56Z
e_000005b2,2026-06-02T02:46:15Z
e_00000773,2026-06-02T02:50:33Z
e_00000733,2026-06-02T03:55:24Z
e_000005d4,2026-06-02T04:08:11Z
e_0000076c,2026-06-02T04:10:21Z
e_00000630,2026-06-02T04:07:13Z
e_0000073f,2026-06-02T04:20:45Z
e_00000678,2026-06-02T04:14:14Z
e_00000755,2026-06-02T04:34:04Z
e_00000767,2026-06-02T04:43:24Z
e_0000073a,2026-06-02T04:42:41Z
e_000006fe,2026-06-02T05:06:22Z
e_00000741,2026-06-02T05:16:22Z
e_000006c3,2026-06-02T05:16:33Z
e_0000072b,2026-06-02T05:49:56Z
e_0000076f,2026-06-02T05:57:37Z
e_000006fd,2026-06-02T05:55:01Z
e_00000714,2026-06-02T06:05:13Z
e_00000715,2026-06-02T06:12:28Z
e_000005be,2026-06-02T06:40:40Z
e_00000778,2026-06-02T06:59:48Z
e_000003e1,2026-06-02T08:59:37Z
e_00000751,2026-06-02T09:09:57Z
e_000006f1,2026-06-02T09:27:46Z
e_000006bc,2026-06-02T09:59:24Z
e_00000696,2026-06-02T10:36:50Z
e_00000702,2026-06-02T11:32:24Z
e_0000072d,2026-06-02T11:45:16Z
e_00000770,2026-06-02T11:49:53Z
e_0000072e,2026-06-02T11:57:44Z
e_00000640,2026-06-02T13:02:37Z
e_000006bb,2026-06-02T13:34:51Z
e_00000734,2026-06-02T13:48:57Z
e_00000739,2026-06-02T14:35:52Z
e_00000626,2026-06-02T15:00:00Z
e_00000774,2026-06-02T15:03:03Z
e_00000410,2026-06-02T15:21:08Z
e_00000742,2026-06-02T15:24:41Z
e_000006dc,2026-06-02T16:31:32Z
e_0000074a,2026-06-02T17:32:53Z
e_0000076d,2026-06-02T17:46:21Z
e_0000075f,2026-06-02T18:08:17Z
e_00000674,2026-06-02T19:20:12Z
e_00000752,2026-06-02T19:27:39Z
e_00000763,2026-06-02T19:48:54Z
e_0000073e,2026-06-02T19:55:15Z
e_00000402,2026-06-02T20:50:15Z
e_00000766,2026-06-02T21:11:41Z
e_00000605,2026-06-02T21:23:02Z
e_000005fd,2026-06-02T21:47:28Z
e_0000074f,2026-06-02T21:54:20Z
e_00000753,2026-06-02T22:03:15Z
e_00000746,2026-06-02T22:38:09Z
e_0000065b,2026-06-02T23:01:55Z
e_00000765,2026-06-02T23:18:34Z
e_00000619,2026-06-02T23:40:07Z
e_000006db,2026-06-03T00:01:34Z
e_00000759,2026-06-03T00:36:43Z
e_00000792,2026-06-03T00:55:14Z
e_00000789,2026-06-03T00:54:50Z
e_000006c7,2026-06-03T01:23:52Z
e_000006ce,2026-06-03T01:33:46Z
e_000005de,2026-06-03T01:41:03Z
e_00000664,2026-06-03T01:59:59Z
e_00000782,2026-06-03T02:08:34Z
e_00000794,2026-06-03T02:08:17Z
e_0000077f,2026-06-03T02:20:11Z
e_000006da,2026-06-03T02:32:35Z
e_000005f1,2026-06-03T02:32:48Z
e_0000079f,2026-06-03T03:19:01Z
e_00000663,2026-06-03T03:33:00Z
e_000005fa,2026-06-03T03:51:28Z
e_00000701,2026-06-03T03:56:14Z
e_00000779,2026-06-03T04:05:46Z
e_000005f3,2026-06-03T04:13:18Z
e_0000049b,2026-06-03T04:51:08Z
e_0000077c,2026-06-03T04:54:07Z
e_00000690,2026-06-03T05:00:27Z
e_00000722,2026-06-03T05:30:47Z
e_0000079c,2026-06-03T05:29:17Z
e_00000651,2026-06-03T05:54:19Z
e_000006a7,2026-06-03T06:45:37Z
e_0000078f,2026-06-03T07:24:08Z
e_0000078b,2026-06-03T07:21:27Z
e_00000686,2026-06-03T07:29:31Z
e_000007a4,2026-06-03T07:46:00Z
e_0000078e,2026-06-03T07:56:38Z
e_0000078c,2026-06-03T08:14:03Z
e_00000790,2026-06-03T08:18:45Z
e_00000688,2026-06-03T08:27:17Z
e_000007a1,2026-06-03T08:35:05Z
e_000005e0,2026-06-03T08:41:14Z
e_00000675,2026-06-03T08:53:28Z
e_000005d5,2026-06-03T08:52:53Z
e_00000795,2026-06-03T09:19:41Z
e_00000799,2026-06-03T09:45:57Z
e_000006a1,2026-06-03T09:39:24Z
e_0000078a,2026-06-03T10:20:57Z
e_00000796,2026-06-03T10:23:08Z
e_000007a0,2026-06-03T10:47:25Z
e_00000780,2026-06-03T11:06:38Z
e_00000633,2026-06-03T11:43:48Z
e_00000740,2026-06-03T12:37:46Z
e_0000077b,2026-06-03T13:22:00Z
e_00000408,2026-06-03T13:32:42Z
e_00000797,2026-06-03T13:26:59Z
e_000007a3,2026-06-03T13:32:42Z
e_00000695,2026-06-03T13:47:21Z
e_000007a6,2026-06-03T13:56:22Z
e_00000694,2026-06-03T13:56:21Z
e_00000735,2026-06-03T14:29:19Z
e_000007a8,2026-06-03T14:38:07Z
e_0000071c,2026-06-03T15:05:28Z
e_00000791,2026-06-03T15:57:30Z
e_000006b2,2026-06-03T16:09:02Z
e_00000625,2026-06-03T16:52:25Z
e_000007a5,2026-06-03T19:14:41Z
e_0000062e,2026-06-03T19:49:15Z
e_0000068f,2026-06-03T19:58:54Z
e_00000781,2026-06-03T20:16:49Z
e_0000079e,2026-06-03T21:01:34Z
e_00000785,2026-06-03T21:11:04Z
e_0000066d,2026-06-03T21:59:53Z
e_000007a9,2026-06-03T23:01:32Z
e_0000062a,2026-06-04T00:35:23Z
e_0000055b,2026-06-04T00:43:42Z
e_000007cd,2026-06-04T02:23:09Z
e_000007bc,2026-06-04T02:53:24Z
e_0000064d,2026-06-04T02:52:24Z
e_0000066b,2026-06-04T03:06:32Z
e_00000705,2026-06-04T03:12:36Z
e_00000564,2026-06-04T03:59:45Z
e_00000750,2026-06-04T04:07:05Z
e_00000671,2026-06-04T04:18:10Z
e_000007ca,2026-06-04T04:28:57Z
e_00000685,2026-06-04T04:38:06Z
e_000007be,2026-06-04T04:46:36Z
e_000007d3,2026-06-04T04:53:03Z
e_00000641,2026-06-04T06:37:57Z
e_00000775,2026-06-04T06:41:14Z
e_00000658,2026-06-04T07:48:58Z
e_000007d8,2026-06-04T08:19:13Z
e_00000743,2026-06-04T08:46:26Z
e_00000761,2026-06-04T09:17:44Z
e_000007ad,2026-06-04T09:22:47Z
e_000007d1,2026-06-04T10:06:39Z
e_0000076a,2026-06-04T10:10:30Z
e_000007c2,2026-06-04T10:39:23Z
e_000007b5,2026-06-04T10:49:50Z
e_000004a6,2026-06-04T11:11:36Z
e_000007d2,2026-06-04T12:03:16Z
e_0000079d,2026-06-04T12:34:53Z
e_000006c2,2026-06-04T13:07:00Z
e_000007af,2026-06-04T13:25:18Z
e_00000534,2026-06-04T13:34:03Z
e_000006b3,2026-06-04T13:35:09Z
e_00000654,2026-06-04T14:06:32Z
e_000007cf,2026-06-04T14:15:57Z
e_0000071b,2026-06-04T14:27:16Z
e_000006d5,2026-06-04T14:32:06Z
e_000007c0,2026-06-04T14:33:10Z
e_0000067d,2026-06-04T14:55:19Z
e_000006d6,2026-06-04T14:54:25Z
e_00000665,2026-06-04T15:28:37Z
e_00000784,2026-06-04T15:33:21Z
e_000007c8,2026-06-04T15:43:35Z
e_000007c3,2026-06-04T15:52:45Z
e_0000067a,2026-06-04T16:25:33Z
e_000007d0,2026-06-04T17:00:04Z
e_000007bb,2026-06-04T16:57:26Z
e_000007cb,2026-06-04T17:13:59Z
e_0000072c,2026-06-04T17:41:54Z
e_000007cc,2026-06-04T17:56:37Z
e_000007b7,2026-06-04T18:38:05Z
e_000007c9,2026-06-04T19:22:03Z
e_0000075b,2026-06-04T19:35:41Z
e_000006ca,2026-06-04T19:50:33Z
e_000007ae,2026-06-04T19:55:06Z
e_000007d4,2026-06-04T21:02:28Z
e_000006e1,2026-06-04T22:03:25Z
e_0000067b,2026-06-04T23:07:34Z
e_000007b6,2026-06-04T23:07:38Z
e_0000058d,2026-06-04T23:26:50Z
e_00000762,2026-06-05T00:47:48Z
e_000007e4,2026-06-05T00:56:58Z
e_000005b3,2026-06-05T01:04:14Z
e_00000692,2026-06-05T01:03:54Z
e_000007da,2026-06-05T01:22:54Z
e_000006f6,2026-06-05T01:26:39Z
e_00000800,2026-06-05T01:37:25Z
e_000006f2,2026-06-05T02:16:04Z
e_000006f7,2026-06-05T02:24:55Z
e_000006e5,2026-06-05T02:41:23Z
e_000006d3,2026-06-05T02:37:45Z
e_000007ab,2026-06-05T03:49:56Z
e_000006ba,2026-06-05T03:54:37Z
e_000004d9,2026-06-05T04:06:06Z
e_000006fc,2026-06-05T04:39:09Z
e_000006f4,2026-06-05T04:50:58Z
e_000007f5,2026-06-05T04:59:02Z
e_000007ff,2026-06-05T05:01:50Z
e_000007e8,2026-06-05T05:11:36Z
e_00000744,2026-06-05T06:16:02Z
e_000007e3,2026-06-05T06:23:05Z
e_00000811,2026-06-05T06:25:59Z
e_000007f1,2026-06-05T06:33:13Z
e_000007f7,2026-06-05T09:14:59Z
e_00000810,2026-06-05T09:45:26Z
e_000007d9,2026-06-05T10:58:02Z
e_0000070f,2026-06-05T10:55:21Z
e_000007f0,2026-06-05T11:47:21Z
e_000007f4,2026-06-05T12:10:27Z
e_000006c8,2026-06-05T12:46:27Z
e_0000073d,2026-06-05T12:55:17Z
e_000007f9,2026-06-05T13:47:37Z
e_0000077e,2026-06-05T13:55:01Z
e_00000808,2026-06-05T14:11:50Z
e_000007b0,2026-06-05T14:50:12Z
e_000007ed,2026-06-05T14:50:41Z
e_000007b3,2026-06-05T15:10:09Z
e_000007f2,2026-06-05T15:09:48Z
e_00000691,2026-06-05T15:35:49Z
e_0000069b,2026-06-05T16:13:00Z
e_00000813,2026-06-05T16:29:33Z
e_000007fe,2026-06-05T17:24:10Z
e_000007ea,2026-06-05T17:38:30Z
e_00000737,2026-06-05T17:48:50Z
e_00000807,2026-06-05T17:47:45Z
e_00000738,2026-06-05T17:55:13Z
e_0000073c,2026-06-05T18:39:21Z
e_00000614,2026-06-05T18:48:52Z
e_000004ca,2026-06-05T20:31:54Z
e_0000080b,2026-06-05T21:04:06Z
e_0000073b,2026-06-05T21:11:21Z
e_000007fa,2026-06-05T21:20:01Z
e_000007df,2026-06-05T21:18:35Z
e_00000520,2026-06-05T21:29:15Z
e_00000787,2026-06-05T21:48:31Z
e_00000802,2026-06-05T21:46:20Z
e_000007c5,2026-06-05T23:07:49Z
e_000007e9,2026-06-05T23:31:43Z
e_000007f3,2026-06-05T23:37:20Z
e_000006e2,2026-06-05T23:43:30Z
e_00000745,2026-06-06T00:55:34Z
e_0000081a,2026-06-06T01:08:39Z
e_000005f7,2026-06-06T01:19:31Z
e_0000084b,2026-06-06T01:25:26Z
e_0000069d,2026-06-06T01:51:40Z
e_0000083b,2026-06-06T02:13:45Z
e_00000829,2026-06-06T02:23:56Z
e_000005d0,2026-06-06T02:53:51Z
e_0000074b,2026-06-06T03:00:50Z
e_00000818,2026-06-06T03:52:22Z
e_0000082d,2026-06-06T04:12:16Z
e_00000817,2026-06-06T04:52:34Z
e_00000851,2026-06-06T04:54:34Z
e_00000758,2026-06-06T05:20:10Z
e_00000719,2026-06-06T05:27:47Z
e_000006d0,2026-06-06T06:33:43Z
e_00000831,2026-06-06T06:44:58Z
e_0000081d,2026-06-06T06:48:15Z
e_000006e0,2026-06-06T07:24:19Z
e_0000071a,2026-06-06T08:41:37Z
e_00000850,2026-06-06T08:42:50Z
e_000006e4,2026-06-06T11:27:05Z
e_00000816,2026-06-06T11:47:26Z
e_0000083e,2026-06-06T12:23:08Z
e_00000716,2026-06-06T12:43:26Z
e_00000721,2026-06-06T12:48:35Z
e_00000838,2026-06-06T13:28:47Z
e_0000072f,2026-06-06T13:51:31Z
e_0000084e,2026-06-06T14:31:54Z
e_000007d7,2026-06-06T14:52:40Z
e_00000708,2026-06-06T14:55:39Z
e_000006c9,2026-06-06T15:07:22Z
e_0000083a,2026-06-06T15:13:41Z
e_0000061c,2026-06-06T15:22:26Z
e_00000647,2026-06-06T15:27:28Z
e_0000084a,2026-06-06T16:18:02Z
e_00000843,2026-06-06T16:34:13Z
e_00000776,2026-06-06T17:01:50Z
e_00000777,2026-06-06T17:58:10Z
e_00000837,2026-06-06T17:54:56Z
e_00000842,2026-06-06T18:31:30Z
e_000006c5,2026-06-06T18:38:20Z
e_000007dd,2026-06-06T18:55:15Z
e_00000839,2026-06-06T19:04:05Z
e_00000827,2026-06-06T19:50:10Z
e_00000836,2026-06-06T19:46:22Z
e_0000081c,2026-06-06T19:51:57Z
e_0000081f,2026-06-06T20:22:03Z
e_0000084f,2026-06-06T20:34:30Z
e_00000815,2026-06-06T20:33:34Z
e_00000848,2026-06-06T21:22:12Z
e_00000820,2026-06-06T21:36:08Z
e_00000819,2026-06-06T21:41:22Z
e_0000079b,2026-06-06T22:00:27Z
e_00000768,2026-06-06T21:55:52Z
e_000007b9,2026-06-06T22:19:21Z
e_00000830,2026-06-06T22:34:09Z
e_00000826,2026-06-06T22:40:55Z
e_00000821,2026-06-06T22:44:46Z
e_00000849,2026-06-06T22:53:35Z
e_00000828,2026-06-06T23:27:33Z
e_0000081e,2026-06-06T23:58:39Z
e_00000732,2026-06-07T00:33:06Z
e_00000875,2026-06-07T00:40:05Z
e_00000882,2026-06-07T00:48:56Z
e_000006d4,2026-06-07T01:27:58Z
e_00000783,2026-06-07T01:37:57Z
e_00000895,2026-06-07T01:57:34Z
e_0000088d,2026-06-07T01:55:50Z
e_0000081b,2026-06-07T02:25:44Z
e_000006f5,2026-06-07T03:06:59Z
e_00000860,2026-06-07T03:22:41Z
e_000007c4,2026-06-07T03:49:39Z
e_0000086a,2026-06-07T04:48:19Z
e_00000723,2026-06-07T04:52:03Z
e_000006b9,2026-06-07T04:59:13Z
e_00000803,2026-06-07T05:02:07Z
e_00000865,2026-06-07T05:16:32Z
e_00000877,2026-06-07T05:23:20Z
e_00000704,2026-06-07T05:42:32Z
e_00000859,2026-06-07T05:56:10Z
e_00000572,2026-06-07T06:29:20Z
e_00000756,2026-06-07T08:08:31Z
e_0000077d,2026-06-07T08:20:06Z
e_00000876,2026-06-07T08:47:29Z
e_0000085a,2026-06-07T09:03:32Z
e_00000894,2026-06-07T09:39:14Z
e_000007ac,2026-06-07T09:47:59Z
e_0000076b,2026-06-07T10:20:18Z
e_00000870,2026-06-07T10:28:46Z
e_000007eb,2026-06-07T10:48:14Z
e_0000074c,2026-06-07T11:24:40Z
e_0000087d,2026-06-07T11:49:11Z
e_000007fb,2026-06-07T13:50:19Z
e_00000853,2026-06-07T14:04:29Z
e_0000087b,2026-06-07T14:11:36Z
e_00000642,2026-06-07T14:34:38Z
e_00000861,2026-06-07T15:03:47Z
e_0000085b,2026-06-07T15:13:12Z
e_00000606,2026-06-07T15:11:25Z
e_0000087f,2026-06-07T15:35:14Z
e_0000075d,2026-06-07T15:50:51Z
e_0000088e,2026-06-07T17:49:53Z
e_0000087e,2026-06-07T18:19:32Z
e_00000892,2026-06-07T18:38:37Z
e_00000888,2026-06-07T18:53:56Z
e_0000080a,2026-06-07T19:11:23Z
e_0000075e,2026-06-07T19:42:17Z
e_0000088c,2026-06-07T20:23:23Z
e_00000858,2026-06-07T20:36:50Z
e_00000871,2026-06-07T20:52:07Z
e_00000893,2026-06-07T21:05:13Z
e_00000881,2026-06-07T21:29:18Z
e_0000085c,2026-06-07T22:43:48Z
e_00000824,2026-06-07T23:25:52Z
e_00000886,2026-06-07T23:59:49Z
e_00000891,2026-06-08T00:06:59Z
e_0000068d,2026-06-08T00:56:47Z
e_000008c0,2026-06-08T01:02:08Z
e_00000788,2026-06-08T01:12:28Z
e_000008c8,2026-06-08T01:15:27Z
e_000007ee,2026-06-08T01:24:26Z
e_000008cd,2026-06-08T01:35:27Z
e_000008cc,2026-06-08T02:08:50Z
e_000008b5,2026-06-08T02:38:26Z
e_000008bc,2026-06-08T03:23:33Z
e_00000846,2026-06-08T04:23:49Z
e_000007c6,2026-06-08T04:38:41Z
e_00000786,2026-06-08T04:40:02Z
e_0000074e,2026-06-08T04:51:02Z
e_000008a4,2026-06-08T05:57:08Z
e_000008ae,2026-06-08T06:15:38Z
e_000007b1,2026-06-08T06:25:44Z
e_000007fd,2026-06-08T06:27:08Z
e_0000089a,2026-06-08T06:42:02Z
e_0000065c,2026-06-08T06:47:51Z
e_000008d2,2026-06-08T07:48:43Z
e_0000070e,2026-06-08T08:12:43Z
e_00000896,2026-06-08T10:33:32Z
e_000007aa,2026-06-08T10:54:25Z
e_0000089f,2026-06-08T11:42:12Z
e_000007d6,2026-06-08T11:49:04Z
e_000006ac,2026-06-08T11:53:37Z
e_000008c3,2026-06-08T11:55:49Z
e_00000806,2026-06-08T12:02:21Z
e_00000769,2026-06-08T12:01:52Z
e_000008c6,2026-06-08T12:12:27Z
e_000008d0,2026-06-08T12:17:11Z
e_0000075c,2026-06-08T13:03:29Z
e_0000082b,2026-06-08T13:08:53Z
e_000008a5,2026-06-08T13:21:13Z
e_00000706,2026-06-08T13:25:57Z
e_00000854,2026-06-08T13:38:36Z
e_000007e6,2026-06-08T14:17:42Z
e_0000087a,2026-06-08T14:22:39Z
e_000008ad,2026-06-08T15:39:44Z
e_000008aa,2026-06-08T16:06:08Z
e_00000526,2026-06-08T16:36:26Z
e_000008b4,2026-06-08T16:49:57Z
e_00000754,2026-06-08T17:25:34Z
e_00000757,2026-06-08T17:33:53Z
e_000008b2,2026-06-08T18:25:05Z
e_000008d3,2026-06-08T18:28:09Z
e_000008c2,2026-06-08T18:53:40Z
e_000008bb,2026-06-08T19:14:50Z
e_000008b3,2026-06-08T19:28:31Z
e_0000087c,2026-06-08T20:18:41Z
e_000008a6,2026-06-08T20:47:27Z
e_000008c1,2026-06-08T20:51:53Z
e_00000760,2026-06-08T21:06:33Z
e_00000804,2026-06-08T21:11:18Z
e_000008ba,2026-06-08T21:52:04Z
e_0000083f,2026-06-08T21:51:24Z
e_000008da,2026-06-08T21:54:31Z
e_00000736,2026-06-08T23:10:42Z
e_000008d6,2026-06-09T00:33:08Z
e_00000889,2026-06-09T01:09:57Z
e_00000805,2026-06-09T01:45:07Z
e_0000063e,2026-06-09T01:52:05Z
e_000008fd,2026-06-09T02:04:57Z
e_000008eb,2026-06-09T02:28:52Z
e_00000730,2026-06-09T02:29:20Z
e_000007b8,2026-06-09T02:58:46Z
e_0000074d,2026-06-09T03:32:07Z
e_00000899,2026-06-09T03:32:40Z
e_000008dc,2026-06-09T03:37:03Z
e_00000901,2026-06-09T03:40:19Z
e_0000084c,2026-06-09T03:40:15Z
e_000008fe,2026-06-09T03:55:59Z
e_000008ff,2026-06-09T04:23:03Z
e_0000067f,2026-06-09T05:59:33Z
e_00000905,2026-06-09T06:18:26Z
e_00000897,2026-06-09T06:25:32Z
e_0000080e,2026-06-09T06:47:08Z
e_00000731,2026-06-09T07:04:15Z
e_000008e5,2026-06-09T07:00:33Z
e_000008b1,2026-06-09T07:40:40Z
e_000008bd,2026-06-09T08:19:01Z
e_00000747,2026-06-09T08:21:22Z
e_000008b9,2026-06-09T08:48:54Z
e_000008f1,2026-06-09T08:58:06Z
e_00000825,2026-06-09T09:15:03Z
e_000008e1,2026-06-09T09:38:21Z
e_000008cf,2026-06-09T10:01:11Z
e_000008e2,2026-06-09T10:12:53Z
e_00000748,2026-06-09T10:36:55Z
e_000007de,2026-06-09T11:07:37Z
e_00000904,2026-06-09T11:02:02Z
e_00000872,2026-06-09T11:13:50Z
e_0000079a,2026-06-09T12:13:56Z
e_000008d1,2026-06-09T12:36:00Z
e_00000900,2026-06-09T12:58:02Z
e_0000086c,2026-06-09T12:55:34Z
e_000008ee,2026-06-09T13:09:33Z
e_000008fa,2026-06-09T13:21:41Z
e_0000090f,2026-06-09T13:29:49Z
e_000008b7,2026-06-09T13:43:18Z
e_00000902,2026-06-09T14:16:23Z
e_00000749,2026-06-09T14:24:45Z
e_0000082e,2026-06-09T14:51:53Z
e_00000907,2026-06-09T15:18:30Z
e_00000914,2026-06-09T15:20:01Z
e_000008ef,2026-06-09T17:18:04Z
e_000007ef,2026-06-09T17:42:22Z
e_00000910,2026-06-09T17:55:17Z
e_000008f4,2026-06-09T18:07:16Z
e_00000911,2026-06-09T19:08:53Z
e_0000089b,2026-06-09T19:28:18Z
e_000007ba,2026-06-09T19:31:50Z
e_0000060a,2026-06-09T19:43:02Z
e_000008a0,2026-06-09T20:02:38Z
e_000008f9,2026-06-09T20:46:53Z
e_000008fb,2026-06-09T20:46:33Z
e_000007c1,2026-06-09T20:51:10Z
e_0000090c,2026-06-09T21:48:36Z
e_00000906,2026-06-09T21:52:05Z
e_000008db,2026-06-09T22:12:11Z
e_0000088a,2026-06-09T22:17:45Z
e_0000090e,2026-06-09T22:38:17Z
e_00000823,2026-06-09T23:00:20Z
e_000008ea,2026-06-09T23:15:25Z
e_00000856,2026-06-10T00:04:18Z
e_0000089c,2026-06-10T00:42:29Z
e_00000724,2026-06-10T01:04:39Z
e_00000920,2026-06-10T01:50:03Z
e_000007b2,2026-06-10T02:37:29Z
e_00000937,2026-06-10T03:01:02Z
e_00000939,2026-06-10T03:33:14Z
e_000008de,2026-06-10T04:01:10Z
e_00000885,2026-06-10T04:12:51Z
e_000008a1,2026-06-10T05:39:16Z
e_0000091e,2026-06-10T05:58:28Z
e_00000931,2026-06-10T06:17:52Z
e_000007e5,2026-06-10T06:40:27Z
e_0000092f,2026-06-10T06:40:34Z
e_0000089e,2026-06-10T07:48:38Z
e_0000093d,2026-06-10T08:18:56Z
e_0000092a,2026-06-10T10:03:41Z
e_00000930,2026-06-10T11:01:40Z
e_00000845,2026-06-10T11:30:51Z
e_00000878,2026-06-10T11:36:01Z
e_00000917,2026-06-10T11:42:12Z
e_00000915,2026-06-10T11:54:12Z
e_00000927,2026-06-10T12:24:46Z
e_000007e1,2026-06-10T12:37:49Z
e_00000935,2026-06-10T12:45:48Z
e_0000093b,2026-06-10T13:19:27Z
e_00000923,2026-06-10T14:39:45Z
e_0000092b,2026-06-10T14:37:09Z
e_0000089d,2026-06-10T14:41:27Z
e_000007e7,2026-06-10T15:07:38Z
e_00000925,2026-06-10T16:34:39Z
e_00000932,2026-06-10T17:03:39Z
e_000008d7,2026-06-10T17:55:03Z
e_00000847,2026-06-10T18:04:19Z
e_00000918,2026-06-10T18:45:35Z
e_0000092c,2026-06-10T18:59:00Z
e_000008b0,2026-06-10T18:58:13Z
e_000008ca,2026-06-10T18:59:18Z
e_0000091f,2026-06-10T19:42:03Z
e_00000938,2026-06-10T19:42:54Z
e_00000832,2026-06-10T20:19:53Z
e_00000924,2026-06-10T20:25:58Z
e_0000080c,2026-06-10T20:56:08Z
e_00000916,2026-06-10T21:07:30Z
e_0000093c,2026-06-10T21:13:41Z
e_000007c7,2026-06-10T21:39:51Z
e_00000866,2026-06-10T22:25:44Z
e_00000922,2026-06-10T22:23:57Z
e_00000903,2026-06-10T23:10:22Z
e_0000080f,2026-06-10T23:46:04Z
e_00000929,2026-06-11T00:06:34Z
e_0000092e,2026-06-11T00:10:51Z
e_000008ab,2026-06-11T01:01:23Z
e_0000095f,2026-06-11T01:26:12Z
e_0000094c,2026-06-11T01:21:40Z
e_0000083d,2026-06-11T01:50:44Z
e_00000969,2026-06-11T02:23:18Z
e_00000855,2026-06-11T03:24:12Z
e_000007db,2026-06-11T03:59:52Z
e_0000095e,2026-06-11T04:18:11Z
e_00000966,2026-06-11T04:36:42Z
e_000007d5,2026-06-11T05:14:45Z
e_00000959,2026-06-11T05:44:45Z
e_00000970,2026-06-11T05:50:14Z
e_0000094a,2026-06-11T06:26:57Z
e_00000835,2026-06-11T06:49:45Z
e_000005e5,2026-06-11T06:59:27Z
e_000008ac,2026-06-11T07:16:33Z
e_0000094d,2026-06-11T07:20:36Z
e_00000946,2026-06-11T07:33:14Z
e_00000950,2026-06-11T07:37:51Z
e_00000949,2026-06-11T07:55:41Z
e_00000955,2026-06-11T08:07:55Z
e_00000883,2026-06-11T08:13:58Z
e_00000974,2026-06-11T08:56:10Z
e_00000965,2026-06-11T09:09:19Z
e_00000947,2026-06-11T09:44:47Z
e_00000945,2026-06-11T11:44:36Z
e_0000094e,2026-06-11T11:48:34Z
e_00000976,2026-06-11T13:09:15Z
e_000007e0,2026-06-11T13:35:37Z
e_000007fc,2026-06-11T13:36:15Z
e_0000085e,2026-06-11T13:44:32Z
e_000007dc,2026-06-11T13:53:18Z
e_00000954,2026-06-11T15:39:15Z
e_00000975,2026-06-11T15:51:14Z
e_00000962,2026-06-11T15:52:05Z
e_00000834,2026-06-11T16:57:47Z
e_00000942,2026-06-11T16:57:23Z
e_0000083c,2026-06-11T17:03:37Z
e_00000961,2026-06-11T17:39:45Z
e_00000943,2026-06-11T17:48:16Z
e_00000960,2026-06-11T18:23:39Z
e_000008e4,2026-06-11T18:43:36Z
e_0000082c,2026-06-11T18:57:35Z
e_000006d8,2026-06-11T19:14:28Z
e_000008e7,2026-06-11T20:14:58Z
e_00000956,2026-06-11T20:34:08Z
e_00000958,2026-06-11T20:50:53Z
e_0000082a,2026-06-11T21:31:53Z
e_0000086e,2026-06-11T21:38:05Z
e_0000096f,2026-06-11T21:43:19Z
e_0000096a,2026-06-11T21:59:32Z
e_0000085f,2026-06-11T22:41:01Z
e_0000096e,2026-06-11T22:41:48Z
e_00000973,2026-06-11T23:23:50Z
e_0000094b,2026-06-12T00:00:45Z
e_00000890,2026-06-12T00:15:59Z
e_00000971,2026-06-12T00:49:16Z
e_00000992,2026-06-12T01:20:39Z
e_00000840,2026-06-12T01:25:26Z
e_0000084d,2026-06-12T01:38:59Z
e_0000098f,2026-06-12T01:56:25Z
e_000009a2,2026-06-12T02:21:55Z
e_00000991,2026-06-12T02:41:01Z
e_0000090b,2026-06-12T03:10:20Z
e_000009ad,2026-06-12T03:36:01Z
e_0000063b,2026-06-12T03:45:02Z
e_00000809,2026-06-12T04:29:20Z
e_00000873,2026-06-12T04:43:34Z
e_00000919,2026-06-12T04:56:22Z
e_0000098b,2026-06-12T05:13:54Z
e_000009af,2026-06-12T05:30:25Z
e_000008c9,2026-06-12T05:47:03Z
e_0000076e,2026-06-12T06:10:19Z
e_0000086d,2026-06-12T06:23:06Z
e_0000082f,2026-06-12T06:29:15Z
e_0000098c,2026-06-12T06:50:57Z
e_0000095a,2026-06-12T06:55:28Z
e_00000841,2026-06-12T06:58:25Z
e_000009a0,2026-06-12T07:22:24Z
e_00000984,2026-06-12T07:21:36Z
e_0000098e,2026-06-12T07:29:54Z
e_00000990,2026-06-12T07:49:33Z
e_000006b0,2026-06-12T07:51:02Z
e_00000833,2026-06-12T07:57:48Z
e_0000099a,2026-06-12T08:01:24Z
e_0000085d,2026-06-12T08:07:06Z
e_00000968,2026-06-12T08:14:18Z
e_0000097a,2026-06-12T08:14:54Z
e_000008f3,2026-06-12T08:29:40Z
e_00000977,2026-06-12T08:43:17Z
e_00000879,2026-06-12T08:52:50Z
e_0000097b,2026-06-12T09:33:04Z
e_0000099f,2026-06-12T09:53:25Z
e_00000999,2026-06-12T10:10:39Z
e_00000884,2026-06-12T10:26:22Z
e_0000098a,2026-06-12T10:35:43Z
e_00000979,2026-06-12T10:36:37Z
e_000007ec,2026-06-12T10:35:07Z
e_0000080d,2026-06-12T10:53:19Z
e_000008d4,2026-06-12T11:24:29Z
e_00000940,2026-06-12T12:50:24Z
e_000009a1,2026-06-12T14:22:25Z
e_00000868,2026-06-12T14:55:59Z
e_00000764,2026-06-12T15:09:33Z
e_00000909,2026-06-12T15:12:11Z
e_000008ed,2026-06-12T15:42:09Z
e_00000995,2026-06-12T15:53:20Z
e_000008be,2026-06-12T16:15:55Z
e_0000070b,2026-06-12T16:36:29Z
e_0000098d,2026-06-12T16:36:28Z
e_00000844,2026-06-12T16:37:24Z
e_0000072a,2026-06-12T16:54:41Z
e_000008cb,2026-06-12T17:21:59Z
e_00000989,2026-06-12T17:59:15Z
e_0000097e,2026-06-12T18:25:57Z
e_00000983,2026-06-12T19:01:16Z
e_000008df,2026-06-12T21:17:31Z
e_000009a3,2026-06-12T21:22:30Z
e_000009a9,2026-06-12T21:44:38Z
e_0000099c,2026-06-12T22:01:44Z
e_0000093e,2026-06-12T22:04:15Z
e_00000798,2026-06-12T23:28:37Z
e_00000994,2026-06-12T23:41:12Z
e_0000099d,2026-06-13T00:18:21Z
e_0000099e,2026-06-13T00:21:12Z
e_000009d9,2026-06-13T00:40:58Z
e_0000088b,2026-06-13T00:45:41Z
e_00000933,2026-06-13T01:32:11Z
e_000009c7,2026-06-13T01:55:26Z
e_000009db,2026-06-13T01:57:21Z
e_000009c8,2026-06-13T02:32:00Z
e_0000091c,2026-06-13T03:45:10Z
e_0000091a,2026-06-13T03:50:23Z
e_000009d0,2026-06-13T04:53:57Z
e_000009b1,2026-06-13T05:07:29Z
e_000009c2,2026-06-13T05:20:17Z
e_00000862,2026-06-13T05:36:56Z
e_000009dd,2026-06-13T05:36:37Z
e_000009bc,2026-06-13T05:43:25Z
e_00000822,2026-06-13T05:55:34Z
e_00000867,2026-06-13T06:05:49Z
e_000009d4,2026-06-13T06:45:30Z
e_000009d7,2026-06-13T07:08:45Z
e_000008d8,2026-06-13T07:24:56Z
e_000009da,2026-06-13T07:34:17Z
e_00000863,2026-06-13T08:11:37Z
e_0000086b,2026-06-13T08:54:58Z
e_000009d2,2026-06-13T08:58:37Z
e_0000090a,2026-06-13T09:52:45Z
e_000008f7,2026-06-13T10:16:14Z
e_000009bb,2026-06-13T10:36:04Z
e_00000869,2026-06-13T10:48:50Z
e_000008f6,2026-06-13T11:21:12Z
e_00000926,2026-06-13T11:25:27Z
e_0000096c,2026-06-13T11:24:26Z
e_0000078d,2026-06-13T11:35:44Z
e_000009de,2026-06-13T11:45:33Z
e_0000091b,2026-06-13T12:18:09Z
e_0000095d,2026-06-13T13:26:21Z
e_00000898,2026-06-13T14:15:50Z
e_000009c1,2026-06-13T14:26:01Z
e_000009d5,2026-06-13T14:20:40Z
e_00000913,2026-06-13T14:43:41Z
e_000008b6,2026-06-13T15:23:49Z
e_000009c9,2026-06-13T16:00:54Z
e_000008af,2026-06-13T16:05:05Z
e_000009b8,2026-06-13T16:48:10Z
e_000009b0,2026-06-13T17:00:26Z
e_000009dc,2026-06-13T17:05:23Z
e_000009d8,2026-06-13T17:10:04Z
e_000009cd,2026-06-13T17:53:26Z
e_000009b6,2026-06-13T18:24:17Z
e_00000793,2026-06-13T19:11:03Z
e_000007bd,2026-06-13T19:59:35Z
e_000009b5,2026-06-13T20:17:54Z
e_000008c5,2026-06-13T20:16:55Z
e_000009d3,2026-06-13T21:26:08Z
e_000008e8,2026-06-13T21:50:52Z
e_0000088f,2026-06-13T21:53:51Z
e_000009ce,2026-06-13T22:10:42Z
e_0000093f,2026-06-13T22:08:54Z
e_000009e3,2026-06-13T22:29:10Z
e_0000095b,2026-06-13T22:49:29Z
e_000009cf,2026-06-13T23:56:39Z
e_00000985,2026-06-14T00:40:20Z
e_00000a04,2026-06-14T00:47:39Z
e_000008ce,2026-06-14T03:14:30Z
e_0000097f,2026-06-14T03:11:24Z
e_00000772,2026-06-14T03:31:22Z
e_00000874,2026-06-14T04:30:14Z
e_00000a07,2026-06-14T04:47:01Z
e_000009ef,2026-06-14T05:30:45Z
e_00000a0e,2026-06-14T05:30:19Z
e_00000864,2026-06-14T07:56:08Z
e_00000951,2026-06-14T08:32:57Z
e_000009fb,2026-06-14T08:38:20Z
e_000009e8,2026-06-14T08:56:20Z
e_00000a0d,2026-06-14T10:01:44Z
e_00000a15,2026-06-14T10:12:18Z
e_000008a9,2026-06-14T10:19:38Z
e_000009fd,2026-06-14T10:58:49Z
e_000009e4,2026-06-14T11:58:18Z
e_000009f1,2026-06-14T12:21:33Z
e_00000a06,2026-06-14T12:50:16Z
e_00000988,2026-06-14T13:35:15Z
e_00000a16,2026-06-14T13:36:13Z
e_00000978,2026-06-14T13:44:32Z
e_00000a13,2026-06-14T13:50:15Z
e_00000a14,2026-06-14T13:54:16Z
e_000009f7,2026-06-14T14:29:46Z
e_000008e3,2026-06-14T14:35:46Z
e_000009f6,2026-06-14T14:41:03Z
e_000009e7,2026-06-14T14:58:44Z
e_00000a01,2026-06-14T15:03:09Z
e_000009ed,2026-06-14T15:27:15Z
e_00000a0b,2026-06-14T15:35:51Z
e_000008b8,2026-06-14T15:35:27Z
e_000009fc,2026-06-14T15:40:06Z
e_000008e9,2026-06-14T16:04:32Z
e_00000a0a,2026-06-14T16:24:19Z
e_000008c4,2026-06-14T16:56:03Z
e_000008f2,2026-06-14T17:23:33Z
e_000009b9,2026-06-14T18:07:07Z
e_000007a7,2026-06-14T18:04:10Z
e_000008bf,2026-06-14T18:36:02Z
e_00000a00,2026-06-14T20:06:49Z
e_00000a02,2026-06-14T23:58:56Z
e_000008a2,2026-06-15T00:07:12Z
e_000009f0,2026-06-15T00:58:27Z
e_00000a22,2026-06-15T01:09:51Z
e_00000a3b,2026-06-15T01:47:53Z
e_00000a40,2026-06-15T02:06:00Z
e_000009a7,2026-06-15T02:14:38Z
e_00000981,2026-06-15T02:41:54Z
e_000009ba,2026-06-15T03:33:17Z
e_000009e0,2026-06-15T04:57:18Z
e_00000a39,2026-06-15T05:15:30Z
e_00000a21,2026-06-15T05:42:11Z
e_00000a3a,2026-06-15T05:51:47Z
e_00000912,2026-06-15T06:42:09Z
e_000008a8,2026-06-15T07:09:03Z
e_000008dd,2026-06-15T07:21:47Z
e_00000a20,2026-06-15T08:34:02Z
e_00000a1a,2026-06-15T08:51:42Z
e_00000a45,2026-06-15T09:24:29Z
e_000008e6,2026-06-15T09:52:38Z
e_000007a2,2026-06-15T09:45:34Z
e_00000a4f,2026-06-15T09:51:52Z
e_00000a2e,2026-06-15T10:11:49Z
e_00000a26,2026-06-15T10:31:14Z
e_00000921,2026-06-15T10:30:26Z
e_00000997,2026-06-15T10:34:42Z
e_00000a08,2026-06-15T11:11:45Z
e_00000a3d,2026-06-15T11:17:13Z
e_00000a11,2026-06-15T11:22:09Z
e_00000a1e,2026-06-15T11:36:54Z
e_00000944,2026-06-15T12:05:07Z
e_000008a7,2026-06-15T12:09:53Z
e_000008f5,2026-06-15T12:15:42Z
e_00000a47,2026-06-15T12:47:18Z
e_00000801,2026-06-15T13:14:52Z
e_00000a2c,2026-06-15T13:47:18Z
e_00000a18,2026-06-15T13:46:19Z
e_00000a2d,2026-06-15T14:49:15Z
e_000008ec,2026-06-15T15:41:41Z
e_00000a51,2026-06-15T15:38:07Z
e_00000a3f,2026-06-15T16:12:43Z
e_00000a1b,2026-06-15T17:24:59Z
e_00000986,2026-06-15T17:21:32Z
e_00000a56,2026-06-15T17:30:48Z
e_00000a34,2026-06-15T17:47:41Z
e_000009bf,2026-06-15T19:30:27Z
e_00000a23,2026-06-15T19:34:59Z
e_00000a38,2026-06-15T19:46:15Z
e_000009cc,2026-06-15T20:02:58Z
e_00000a46,2026-06-15T20:23:37Z
e_00000a17,2026-06-15T20:24:08Z
e_00000a1f,2026-06-15T21:04:16Z
e_00000a2b,2026-06-15T21:37:38Z
e_00000a4a,2026-06-15T22:24:32Z
e_00000980,2026-06-15T22:42:22Z
e_00000a25,2026-06-15T23:09:46Z
e_000008e0,2026-06-15T23:08:29Z
e_00000a19,2026-06-15T23:32:00Z
e_000009be,2026-06-15T23:50:54Z
e_0000095c,2026-06-16T00:55:08Z
e_00000a78,2026-06-16T01:40:22Z
e_00000a93,2026-06-16T02:18:54Z
e_0000096b,2026-06-16T02:29:29Z
e_00000908,2026-06-16T02:33:26Z
e_000009ca,2026-06-16T02:54:47Z
e_00000a8d,2026-06-16T03:23:50Z
e_00000a6a,2026-06-16T04:39:29Z
e_00000a77,2026-06-16T04:35:48Z
e_00000a69,2026-06-16T05:08:48Z
e_000007e2,2026-06-16T05:50:09Z
e_00000a71,2026-06-16T05:55:27Z
e_00000a89,2026-06-16T05:56:30Z
e_00000a79,2026-06-16T06:05:02Z
e_00000a9a,2026-06-16T06:23:02Z
e_00000a80,2026-06-16T06:32:27Z
e_000009b3,2026-06-16T07:32:14Z
e_000007ce,2026-06-16T08:05:28Z
e_00000a84,2026-06-16T08:44:22Z
e_00000934,2026-06-16T08:58:21Z
e_00000a81,2026-06-16T09:04:53Z
e_00000a6b,2026-06-16T09:09:55Z
e_000009aa,2026-06-16T10:04:26Z
e_000009b7,2026-06-16T10:43:37Z
e_00000a7c,2026-06-16T10:48:42Z
e_00000a61,2026-06-16T11:45:12Z
e_000008f8,2026-06-16T12:05:59Z
e_00000a8e,2026-06-16T12:31:48Z
e_00000a7e,2026-06-16T12:43:06Z
e_00000a60,2026-06-16T12:44:42Z
e_00000953,2026-06-16T12:56:51Z
e_000008a3,2026-06-16T13:36:42Z
e_00000a8b,2026-06-16T13:40:31Z
e_00000a62,2026-06-16T13:39:39Z
e_00000a5f,2026-06-16T13:58:53Z
e_000009ff,2026-06-16T14:13:20Z
e_00000941,2026-06-16T14:08:43Z
e_00000a66,2026-06-16T16:06:04Z
e_00000a85,2026-06-16T16:29:14Z
e_00000a99,2026-06-16T17:27:33Z
e_00000a82,2026-06-16T17:37:28Z
e_00000a9b,2026-06-16T18:02:29Z
e_00000a5c,2026-06-16T18:19:07Z
e_00000812,2026-06-16T18:27:35Z
e_00000996,2026-06-16T18:46:16Z
e_00000a6f,2026-06-16T19:04:19Z
e_000009e5,2026-06-16T19:25:23Z
e_0000077a,2026-06-16T19:34:33Z
e_00000a70,2026-06-16T19:42:44Z
e_000009f4,2026-06-16T19:41:05Z
e_000009fe,2026-06-16T20:25:01Z
e_00000a5a,2026-06-16T21:00:20Z
e_0000097c,2026-06-16T21:16:40Z
e_00000a8c,2026-06-16T21:37:41Z
e_00000982,2026-06-16T22:22:17Z
e_00000a5d,2026-06-16T22:33:15Z
e_00000a5b,2026-06-16T22:45:45Z
e_00000a7f,2026-06-16T23:43:07Z
e_00000952,2026-06-17T00:11:00Z
e_000009f9,2026-06-17T00:15:15Z
e_00000a74,2026-06-17T00:26:19Z
e_00000ab0,2026-06-17T00:42:34Z
e_00000a7b,2026-06-17T00:59:38Z
e_00000a50,2026-06-17T01:02:38Z
e_00000998,2026-06-17T01:40:13Z
e_00000ac6,2026-06-17T03:13:09Z
e_00000ac2,2026-06-17T04:03:03Z
e_00000aba,2026-06-17T04:17:15Z
e_000009d1,2026-06-17T04:24:18Z
e_00000ab8,2026-06-17T04:51:39Z
e_00000963,2026-06-17T05:01:30Z
e_00000964,2026-06-17T05:15:22Z
e_000009c4,2026-06-17T05:27:01Z
e_00000ac4,2026-06-17T05:37:59Z
e_000009a5,2026-06-17T06:02:59Z
e_000009a6,2026-06-17T06:27:42Z
e_00000aa6,2026-06-17T06:39:15Z
e_00000a55,2026-06-17T06:41:33Z
e_00000aa7,2026-06-17T07:03:21Z
e_00000ac7,2026-06-17T07:17:59Z
e_00000a9e,2026-06-17T07:28:34Z
e_00000a9c,2026-06-17T08:22:04Z
e_000007f6,2026-06-17T08:25:17Z
e_00000aab,2026-06-17T09:33:20Z
e_0000097d,2026-06-17T10:19:04Z
e_00000948,2026-06-17T10:29:32Z
e_00000ac9,2026-06-17T10:50:03Z
e_00000ac5,2026-06-17T10:49:28Z
e_00000a36,2026-06-17T10:51:07Z
e_000009ac,2026-06-17T11:43:58Z
e_00000ab5,2026-06-17T12:50:59Z
e_0000096d,2026-06-17T13:09:42Z
e_000009ab,2026-06-17T13:18:41Z
e_000009b4,2026-06-17T14:29:03Z
e_00000ab7,2026-06-17T14:43:17Z
e_00000ac8,2026-06-17T15:48:00Z
e_00000a31,2026-06-17T15:57:20Z
e_00000a91,2026-06-17T16:02:28Z
e_00000ab3,2026-06-17T17:25:19Z
e_00000a0f,2026-06-17T19:01:42Z
e_00000967,2026-06-17T19:11:40Z
e_00000aa3,2026-06-17T19:21:39Z
e_00000abf,2026-06-17T20:25:42Z
e_00000abc,2026-06-17T20:55:41Z
e_000009b2,2026-06-17T20:52:59Z
e_00000ab9,2026-06-17T20:59:06Z
e_00000a2a,2026-06-17T21:36:20Z
e_000009fa,2026-06-17T21:52:56Z
e_00000abd,2026-06-17T21:58:19Z
e_00000987,2026-06-17T22:21:36Z
e_00000abb,2026-06-17T22:27:13Z
e_00000aac,2026-06-17T23:06:47Z
e_00000ab2,2026-06-17T23:40:38Z
e_000009c6,2026-06-17T23:50:42Z
e_00000ac3,2026-06-18T00:07:24Z
e_000009df,2026-06-18T00:14:11Z
e_000009cb,2026-06-18T00:45:53Z
e_00000afd,2026-06-18T00:52:30Z
e_00000a4e,2026-06-18T01:11:28Z
e_00000ad9,2026-06-18T01:49:39Z
e_00000ae7,2026-06-18T02:15:01Z
e_00000ada,2026-06-18T02:27:22Z
e_00000aca,2026-06-18T03:11:25Z
e_000009eb,2026-06-18T03:19:08Z
e_00000b00,2026-06-18T03:52:20Z
e_00000ae2,2026-06-18T03:51:29Z
e_00000adb,2026-06-18T03:58:11Z
e_00000ae9,2026-06-18T04:07:03Z
e_00000afe,2026-06-18T04:02:45Z
e_00000814,2026-06-18T04:10:51Z
e_00000a67,2026-06-18T04:21:21Z
e_00000a96,2026-06-18T04:42:35Z
e_00000ad3,2026-06-18T05:08:58Z
e_00000af4,2026-06-18T06:00:34Z
e_00000ad2,2026-06-18T06:03:07Z
e_000009c0,2026-06-18T06:24:12Z
e_00000ad4,2026-06-18T07:19:50Z
e_00000aeb,2026-06-18T07:45:36Z
e_00000ab1,2026-06-18T07:41:18Z
e_00000adf,2026-06-18T08:18:19Z
e_00000ae6,2026-06-18T08:36:37Z
e_00000af1,2026-06-18T08:51:38Z
e_000007f8,2026-06-18T09:50:06Z
e_00000af3,2026-06-18T10:04:22Z
e_00000a87,2026-06-18T10:19:22Z
e_00000a0c,2026-06-18T10:28:58Z
e_00000aea,2026-06-18T10:38:28Z
e_00000ae1,2026-06-18T10:48:55Z
e_00000972,2026-06-18T11:01:34Z
e_000009e1,2026-06-18T11:24:29Z
e_00000afc,2026-06-18T11:33:38Z
e_00000ae0,2026-06-18T12:23:17Z
e_00000a7a,2026-06-18T12:45:32Z
e_00000af8,2026-06-18T13:05:28Z
e_000009a4,2026-06-18T13:14:29Z
e_00000aff,2026-06-18T13:27:07Z
e_000009f5,2026-06-18T14:29:13Z
e_00000af0,2026-06-18T14:44:24Z
e_00000b06,2026-06-18T14:41:03Z
e_00000b07,2026-06-18T15:35:20Z
e_00000a12,2026-06-18T15:36:10Z
e_00000ace,2026-06-18T17:08:48Z
e_000007bf,2026-06-18T18:11:08Z
e_00000b01,2026-06-18T18:48:27Z
e_00000a59,2026-06-18T19:07:00Z
e_00000a48,2026-06-18T19:04:53Z
e_00000a86,2026-06-18T19:14:37Z
e_00000af2,2026-06-18T20:20:53Z
e_00000aef,2026-06-18T20:56:01Z
e_00000a10,2026-06-18T21:09:53Z
e_00000acb,2026-06-18T21:21:44Z
e_00000a35,2026-06-18T21:20:47Z
e_00000aa2,2026-06-18T21:53:11Z
e_0000099b,2026-06-18T22:16:41Z
e_00000ae5,2026-06-18T22:24:08Z
e_000009e2,2026-06-18T23:41:56Z
e_000007b4,2026-06-19T01:14:40Z
e_00000b36,2026-06-19T01:44:06Z
e_00000b23,2026-06-19T02:21:07Z
e_00000b12,2026-06-19T02:34:54Z
e_00000b22,2026-06-19T02:57:26Z
e_00000880,2026-06-19T04:06:57Z
e_00000b0e,2026-06-19T04:13:23Z
e_00000b14,2026-06-19T04:28:39Z
e_00000b0c,2026-06-19T05:10:09Z
e_00000b18,2026-06-19T05:50:52Z
e_000008fc,2026-06-19T06:23:40Z
e_0000086f,2026-06-19T06:54:32Z
e_00000b28,2026-06-19T07:17:54Z
e_00000b11,2026-06-19T07:41:57Z
e_00000b1a,2026-06-19T08:41:32Z
e_00000abe,2026-06-19T08:51:48Z
e_00000b33,2026-06-19T09:05:18Z
e_00000b1e,2026-06-19T09:22:37Z
e_000009c5,2026-06-19T09:23:15Z
e_00000b35,2026-06-19T10:14:08Z
e_000009c3,2026-06-19T10:24:47Z
e_00000b2c,2026-06-19T10:32:52Z
e_00000b30,2026-06-19T10:36:11Z
e_00000b1c,2026-06-19T10:48:34Z
e_00000a4d,2026-06-19T11:07:43Z
e_00000b13,2026-06-19T11:28:11Z
e_00000b34,2026-06-19T11:40:30Z
e_000008d5,2026-06-19T12:07:54Z
e_00000b26,2026-06-19T13:31:33Z
e_00000b09,2026-06-19T13:35:19Z
e_00000b2b,2026-06-19T13:47:11Z
e_00000a4c,2026-06-19T14:15:46Z
e_00000b24,2026-06-19T15:44:01Z
e_00000ac1,2026-06-19T16:11:37Z
e_00000b2e,2026-06-19T16:19:23Z
e_000009f2,2026-06-19T16:21:28Z
e_00000b20,2026-06-19T16:38:11Z
e_00000b25,2026-06-19T16:38:34Z
e_00000b27,2026-06-19T16:38:04Z
e_000009bd,2026-06-19T17:19:54Z
e_00000b0a,2026-06-19T17:29:40Z
e_00000acf,2026-06-19T17:48:23Z
e_00000a88,2026-06-19T18:33:56Z
e_000009ea,2026-06-19T18:44:40Z
e_00000b0d,2026-06-19T19:03:19Z
e_00000a41,2026-06-19T19:57:38Z
e_00000b1b,2026-06-19T20:19:48Z
e_00000b31,2026-06-19T20:44:04Z
e_00000a27,2026-06-19T20:42:16Z
e_00000acd,2026-06-19T21:07:10Z
e_000009e6,2026-06-19T21:19:53Z
e_00000b29,2026-06-19T22:19:29Z
e_00000b08,2026-06-19T22:52:34Z
e_00000b15,2026-06-19T23:16:02Z
e_00000b2d,2026-06-19T23:19:03Z
e_00000a52,2026-06-19T23:40:44Z
e_00000b56,2026-06-20T01:05:50Z
e_00000b4e,2026-06-20T01:12:09Z
e_00000887,2026-06-20T01:34:47Z
e_00000b66,2026-06-20T03:01:12Z
e_00000a5e,2026-06-20T03:43:13Z
e_00000a2f,2026-06-20T04:04:08Z
e_00000a65,2026-06-20T04:44:30Z
e_00000b6d,2026-06-20T05:07:38Z
e_00000957,2026-06-20T05:47:05Z
e_00000b3a,2026-06-20T06:26:23Z
e_00000b5f,2026-06-20T07:00:53Z
e_00000b6b,2026-06-20T07:49:24Z
e_00000b75,2026-06-20T08:05:47Z
e_00000a97,2026-06-20T08:05:41Z
e_00000a3c,2026-06-20T08:13:57Z
e_00000b38,2026-06-20T08:17:59Z
e_00000a37,2026-06-20T08:32:49Z
e_000009e9,2026-06-20T08:33:34Z
e_00000ad1,2026-06-20T08:42:30Z
e_00000aa1,2026-06-20T08:54:39Z
e_00000b79,2026-06-20T09:34:09Z
e_00000af7,2026-06-20T09:39:54Z
e_00000b71,2026-06-20T10:18:42Z
e_00000b6a,2026-06-20T10:34:11Z
e_00000b39,2026-06-20T10:38:26Z
e_00000b50,2026-06-20T10:59:16Z
e_00000a09,2026-06-20T11:08:11Z
e_00000b44,2026-06-20T12:09:06Z
e_00000aa5,2026-06-20T12:16:59Z
e_00000a44,2026-06-20T12:13:58Z
e_00000857,2026-06-20T12:46:30Z
e_00000b4d,2026-06-20T12:46:06Z
e_00000b04,2026-06-20T12:57:45Z
e_00000b45,2026-06-20T13:14:51Z
e_00000a8f,2026-06-20T13:41:59Z
e_00000a64,2026-06-20T13:48:40Z
e_00000b4a,2026-06-20T14:18:53Z
e_00000b46,2026-06-20T14:29:35Z
e_00000b51,2026-06-20T15:01:30Z
e_00000b68,2026-06-20T15:09:51Z
e_00000a8a,2026-06-20T15:50:27Z
e_00000a4b,2026-06-20T15:59:30Z
e_00000b5c,2026-06-20T16:36:16Z
e_00000b7b,2026-06-20T16:59:45Z
e_00000a6c,2026-06-20T17:17:05Z
e_00000928,2026-06-20T17:12:46Z
e_000009f3,2026-06-20T17:36:20Z
e_00000b62,2026-06-20T17:35:39Z
e_00000b37,2026-06-20T18:01:34Z
e_00000b10,2026-06-20T18:06:44Z
e_00000a28,2026-06-20T18:35:19Z
e_00000a95,2026-06-20T18:55:35Z
e_00000aec,2026-06-20T19:39:58Z
e_00000b3d,2026-06-20T20:57:15Z
e_00000a43,2026-06-20T21:11:21Z
e_00000b42,2026-06-20T21:38:02Z
e_00000b74,2026-06-20T21:39:58Z
e_00000a72,2026-06-20T21:38:59Z
e_00000a53,2026-06-20T21:50:54Z
e_00000a1d,2026-06-20T22:35:22Z
e_00000852,2026-06-20T22:46:07Z
e_000009f8,2026-06-20T23:30:27Z
e_00000b3b,2026-06-20T23:38:12Z
e_00000b3e,2026-06-20T23:46:13Z
e_00000b5d,2026-06-20T23:54:46Z
e_00000a54,2026-06-20T23:56:52Z
e_00000b4f,2026-06-21T00:33:12Z
e_00000936,2026-06-21T00:54:44Z
e_000009ee,2026-06-21T00:54:40Z
e_00000ba1,2026-06-21T01:22:05Z
e_00000b9d,2026-06-21T01:46:00Z
e_00000ad5,2026-06-21T01:59:26Z
e_00000a32,2026-06-21T02:29:44Z
e_00000b59,2026-06-21T02:45:11Z
e_00000a63,2026-06-21T03:19:02Z
e_00000b81,2026-06-21T03:46:19Z
e_00000ba5,2026-06-21T04:08:27Z
e_00000b8f,2026-06-21T04:30:21Z
e_0000092d,2026-06-21T04:38:27Z
e_00000ade,2026-06-21T04:52:31Z
e_0000090d,2026-06-21T05:01:23Z
e_00000ae3,2026-06-21T05:56:02Z
e_00000b85,2026-06-21T06:21:58Z
e_00000a68,2026-06-21T06:40:19Z
e_00000b0b,2026-06-21T06:51:12Z
e_00000a49,2026-06-21T07:35:12Z
e_00000ab4,2026-06-21T08:52:32Z
e_00000a1c,2026-06-21T09:15:41Z
e_00000acc,2026-06-21T09:32:30Z
e_00000a30,2026-06-21T10:03:24Z
e_00000b9b,2026-06-21T10:03:42Z
e_00000ba6,2026-06-21T10:34:05Z
e_00000b9c,2026-06-21T10:44:06Z
e_00000aaf,2026-06-21T10:48:38Z
e_00000ba0,2026-06-21T11:34:07Z
e_00000b98,2026-06-21T11:58:40Z
e_00000b94,2026-06-21T13:12:44Z
e_00000a42,2026-06-21T14:07:50Z
e_000009a8,2026-06-21T14:08:32Z
e_00000b91,2026-06-21T14:26:18Z
e_00000b92,2026-06-21T15:07:16Z
e_00000b97,2026-06-21T15:02:25Z
e_00000a29,2026-06-21T15:52:44Z
e_00000a9f,2026-06-21T16:12:14Z
e_00000b96,2026-06-21T16:34:27Z
e_00000b8b,2026-06-21T16:32:13Z
e_00000b7e,2026-06-21T16:49:14Z
e_00000b9f,2026-06-21T17:00:04Z
e_00000afb,2026-06-21T18:21:52Z
e_00000b7f,2026-06-21T18:19:08Z
e_00000b7c,2026-06-21T18:29:57Z
e_00000a94,2026-06-21T18:48:00Z
e_00000b65,2026-06-21T19:10:24Z
e_00000b19,2026-06-21T19:28:24Z
e_00000b76,2026-06-21T19:37:39Z
e_00000b84,2026-06-21T19:56:01Z
e_00000aed,2026-06-21T20:21:03Z
e_00000b99,2026-06-21T20:42:59Z
e_00000b80,2026-06-21T21:00:41Z
e_00000b93,2026-06-21T22:01:19Z
e_000009d6,2026-06-21T23:14:11Z
e_000008f0,2026-06-21T23:49:02Z
e_00000aa4,2026-06-22T00:39:02Z
e_00000bc7,2026-06-22T00:49:06Z
e_00000bb2,2026-06-22T00:56:28Z
e_00000bdc,2026-06-22T01:07:59Z
e_00000a6d,2026-06-22T01:20:22Z
e_00000bcd,2026-06-22T01:46:15Z
e_00000bc2,2026-06-22T02:28:13Z
e_00000bce,2026-06-22T02:49:56Z
e_00000be4,2026-06-22T02:54:04Z
e_00000bd1,2026-06-22T03:10:56Z
e_00000b4b,2026-06-22T04:16:31Z
e_00000baf,2026-06-22T04:37:09Z
e_00000ac0,2026-06-22T04:55:45Z
e_00000bcf,2026-06-22T06:42:04Z
e_00000add,2026-06-22T06:42:12Z
e_00000b48,2026-06-22T06:50:57Z
e_00000a58,2026-06-22T07:42:33Z
e_00000a83,2026-06-22T08:03:24Z
e_00000b02,2026-06-22T08:27:17Z
e_00000bcb,2026-06-22T08:50:50Z
e_00000be3,2026-06-22T09:46:54Z
e_00000b78,2026-06-22T09:51:12Z
e_00000a57,2026-06-22T10:06:16Z
e_00000bea,2026-06-22T10:28:18Z
e_00000bd2,2026-06-22T10:33:51Z
e_00000ba8,2026-06-22T10:41:59Z
e_00000bb1,2026-06-22T11:21:45Z
e_00000be5,2026-06-22T11:28:57Z
e_00000aad,2026-06-22T11:53:36Z
e_00000bbe,2026-06-22T12:53:09Z
e_00000bde,2026-06-22T12:52:42Z
e_00000bb8,2026-06-22T14:49:02Z
e_00000bb6,2026-06-22T15:42:28Z
e_0000093a,2026-06-22T15:54:18Z
e_00000bdd,2026-06-22T16:31:58Z
e_00000aae,2026-06-22T17:08:21Z
e_00000bcc,2026-06-22T18:45:07Z
e_00000bc6,2026-06-22T19:40:54Z
e_00000aa8,2026-06-22T19:45:05Z
e_00000ba7,2026-06-22T20:26:53Z
e_00000a90,2026-06-22T21:00:30Z
e_00000bc4,2026-06-22T21:11:05Z
e_00000be2,2026-06-22T21:05:52Z
e_00000a73,2026-06-22T21:16:39Z
e_0000091d,2026-06-22T21:33:55Z
e_00000b63,2026-06-22T21:39:18Z
e_00000b21,2026-06-22T21:53:19Z
e_00000bad,2026-06-22T22:14:58Z
e_00000bd7,2026-06-22T23:27:17Z
e_00000bbf,2026-06-22T23:44:30Z
e_00000b72,2026-06-22T23:59:58Z
e_00000bbd,2026-06-22T23:58:20Z
e_00000bc3,2026-06-22T23:55:51Z
e_00000aa9,2026-06-23T00:01:38Z
e_00000bf5,2026-06-23T01:09:35Z
e_00000c10,2026-06-23T01:32:28Z
e_00000a76,2026-06-23T01:33:39Z
e_00000c00,2026-06-23T01:39:26Z
e_00000bf0,2026-06-23T02:38:57Z
e_00000b47,2026-06-23T03:16:35Z
e_00000b57,2026-06-23T03:19:55Z
e_00000b49,2026-06-23T03:23:59Z
e_00000c08,2026-06-23T03:42:26Z
e_00000ae8,2026-06-23T04:19:44Z
e_00000b90,2026-06-23T04:19:58Z
e_00000c09,2026-06-23T04:21:33Z
e_00000af5,2026-06-23T05:17:39Z
e_00000bee,2026-06-23T06:27:34Z
e_00000b53,2026-06-23T08:28:20Z
e_00000b3f,2026-06-23T09:37:02Z
e_00000c0e,2026-06-23T10:01:59Z
e_00000bfd,2026-06-23T10:12:16Z
e_00000c02,2026-06-23T10:58:18Z
e_000008d9,2026-06-23T11:05:39Z
e_000008c7,2026-06-23T11:22:40Z
e_00000bed,2026-06-23T12:46:51Z
e_00000aa0,2026-06-23T14:10:12Z
e_00000bfa,2026-06-23T14:54:56Z
e_00000b70,2026-06-23T15:05:59Z
e_00000c0a,2026-06-23T15:04:43Z
e_00000c06,2026-06-23T16:23:43Z
e_00000c07,2026-06-23T16:23:09Z
e_00000bf1,2026-06-23T16:44:57Z
e_00000c03,2026-06-23T17:01:55Z
e_00000b9e,2026-06-23T17:08:42Z
e_00000a05,2026-06-23T17:18:29Z
e_00000be8,2026-06-23T17:16:08Z
e_00000c13,2026-06-23T17:58:20Z
e_00000c11,2026-06-23T18:18:07Z
e_00000b52,2026-06-23T19:06:41Z
e_00000a75,2026-06-23T19:10:04Z
e_00000c12,2026-06-23T19:56:35Z
e_00000bf3,2026-06-23T20:18:29Z
e_00000bfc,2026-06-23T20:25:23Z
e_00000c04,2026-06-23T21:22:17Z
e_00000beb,2026-06-23T22:19:25Z
e_00000c01,2026-06-23T23:02:16Z
e_00000af9,2026-06-24T00:00:24Z
e_00000bff,2026-06-24T00:05:58Z
e_00000bf4,2026-06-24T00:23:45Z
e_00000ad8,2026-06-24T00:21:30Z
e_00000ad7,2026-06-24T01:22:15Z
e_00000bbc,2026-06-24T02:03:40Z
e_00000c32,2026-06-24T02:13:13Z
e_00000b03,2026-06-24T02:10:32Z
e_00000bdb,2026-06-24T02:31:07Z
e_00000c3a,2026-06-24T02:51:58Z
e_00000c17,2026-06-24T03:48:15Z
e_00000c31,2026-06-24T04:01:41Z
e_00000adc,2026-06-24T04:28:58Z
e_00000c39,2026-06-24T05:10:47Z
e_00000afa,2026-06-24T05:26:40Z
e_00000c44,2026-06-24T05:51:26Z
e_00000b41,2026-06-24T05:57:53Z
e_00000c2b,2026-06-24T06:26:27Z
e_00000c1a,2026-06-24T06:56:24Z
e_00000b86,2026-06-24T07:22:49Z
e_00000b16,2026-06-24T07:46:09Z
e_00000ae4,2026-06-24T07:55:25Z
e_00000bf9,2026-06-24T08:20:31Z
e_00000c33,2026-06-24T09:11:35Z
e_00000c2a,2026-06-24T09:10:33Z
e_00000c18,2026-06-24T09:30:13Z
e_00000c19,2026-06-24T09:35:11Z
e_00000c26,2026-06-24T10:29:33Z
e_00000b82,2026-06-24T10:38:08Z
e_00000c3b,2026-06-24T11:56:57Z
e_00000c25,2026-06-24T11:58:10Z
e_00000c30,2026-06-24T12:35:42Z
e_00000bf7,2026-06-24T13:20:36Z
e_00000c1b,2026-06-24T13:21:53Z
e_00000ad6,2026-06-24T13:31:28Z
e_00000c4f,2026-06-24T13:58:36Z
e_00000c40,2026-06-24T14:46:11Z
e_00000bc1,2026-06-24T14:53:52Z
e_00000c4e,2026-06-24T15:03:04Z
e_00000af6,2026-06-24T15:18:28Z
e_00000c35,2026-06-24T15:33:13Z
e_00000bf8,2026-06-24T15:34:58Z
e_00000c4a,2026-06-24T17:14:37Z
e_00000c43,2026-06-24T17:31:18Z
e_00000a92,2026-06-24T17:48:59Z
e_00000b61,2026-06-24T19:37:34Z
e_00000be6,2026-06-24T20:10:39Z
e_00000b32,2026-06-24T20:17:09Z
e_00000c50,2026-06-24T20:28:59Z
e_00000c20,2026-06-24T20:33:40Z
e_00000b0f,2026-06-24T20:46:06Z
e_00000c0b,2026-06-24T22:00:35Z
e_00000bd5,2026-06-24T22:30:29Z
e_00000c29,2026-06-24T22:44:18Z
e_00000c14,2026-06-24T23:05:10Z
e_00000c41,2026-06-24T23:18:03Z
e_00000c56,2026-06-24T23:44:30Z
e_00000c42,2026-06-25T00:05:53Z
e_00000c45,2026-06-25T00:06:13Z
e_00000c24,2026-06-25T00:30:13Z
e_00000c8c,2026-06-25T00:40:03Z
e_00000aee,2026-06-25T00:48:49Z
e_00000c77,2026-06-25T02:31:19Z
e_00000bc9,2026-06-25T03:37:37Z
e_00000c83,2026-06-25T03:57:21Z
e_00000a6e,2026-06-25T04:22:38Z
e_00000c78,2026-06-25T04:33:40Z
e_00000b6e,2026-06-25T04:31:27Z
e_00000c6d,2026-06-25T04:48:25Z
e_00000b55,2026-06-25T05:04:42Z
e_00000c86,2026-06-25T05:01:05Z
e_00000a7d,2026-06-25T05:06:07Z
e_00000c90,2026-06-25T06:40:37Z
e_00000c05,2026-06-25T06:50:15Z
e_00000aaa,2026-06-25T07:28:13Z
e_00000ad0,2026-06-25T08:03:51Z
e_00000b9a,2026-06-25T08:08:56Z
e_00000c85,2026-06-25T08:58:16Z
e_00000c82,2026-06-25T10:01:20Z
e_00000c7a,2026-06-25T10:21:44Z
e_00000c79,2026-06-25T10:21:14Z
e_00000c27,2026-06-25T11:25:39Z
e_000009ae,2026-06-25T11:25:29Z
e_00000c7c,2026-06-25T11:43:43Z
e_00000c81,2026-06-25T12:49:15Z
e_00000c6c,2026-06-25T13:13:14Z
e_00000c6a,2026-06-25T13:20:17Z
e_00000c95,2026-06-25T13:19:45Z
e_00000c99,2026-06-25T14:06:55Z
e_00000b73,2026-06-25T14:35:39Z
e_00000c92,2026-06-25T14:47:36Z
e_00000c64,2026-06-25T15:14:43Z
e_00000ab6,2026-06-25T15:57:47Z
e_00000b8c,2026-06-25T16:59:30Z
e_00000c57,2026-06-25T17:05:14Z
e_00000c2e,2026-06-25T17:19:56Z
e_00000c8b,2026-06-25T17:42:59Z
e_00000c97,2026-06-25T17:45:58Z
e_00000b87,2026-06-25T17:50:49Z
e_00000c67,2026-06-25T17:51:53Z
e_00000c9b,2026-06-25T18:42:45Z
e_00000993,2026-06-25T19:02:47Z
e_00000c8a,2026-06-25T19:35:42Z
e_00000b6f,2026-06-25T19:56:09Z
e_00000c28,2026-06-25T20:15:54Z
e_00000bba,2026-06-25T20:13:54Z
e_00000c63,2026-06-25T20:28:53Z
e_00000c5a,2026-06-25T20:41:10Z
e_00000c72,2026-06-25T21:26:34Z
e_00000b77,2026-06-25T21:48:01Z
e_00000c8d,2026-06-25T21:42:12Z
e_00000a24,2026-06-25T22:11:11Z
e_00000c59,2026-06-25T22:38:48Z
e_00000c8f,2026-06-25T23:51:12Z
e_00000c5e,2026-06-26T00:03:01Z
e_00000c1f,2026-06-26T00:34:56Z
e_00000b1f,2026-06-26T00:40:18Z
e_00000b2f,2026-06-26T00:42:10Z
e_00000cc9,2026-06-26T00:56:14Z
e_00000cbd,2026-06-26T01:20:26Z
e_00000cb2,2026-06-26T02:29:16Z
e_0000094f,2026-06-26T02:29:31Z
e_00000bb5,2026-06-26T02:48:30Z
e_00000b64,2026-06-26T04:02:26Z
e_00000c4d,2026-06-26T04:08:00Z
e_00000cd8,2026-06-26T04:33:03Z
e_00000cc8,2026-06-26T05:21:29Z
e_00000cc4,2026-06-26T05:38:01Z
e_00000c3e,2026-06-26T06:28:29Z
e_00000ca5,2026-06-26T06:33:22Z
e_00000c36,2026-06-26T06:36:02Z
e_00000ccf,2026-06-26T06:41:28Z
e_00000b8d,2026-06-26T06:46:31Z
e_00000c9d,2026-06-26T07:16:13Z
e_00000cc2,2026-06-26T07:11:11Z
e_00000bb3,2026-06-26T07:21:16Z
e_00000ccd,2026-06-26T08:03:56Z
e_00000c9f,2026-06-26T08:21:33Z
e_00000b58,2026-06-26T08:26:49Z
e_00000ca4,2026-06-26T09:28:20Z
e_00000ba2,2026-06-26T10:02:47Z
e_00000cad,2026-06-26T10:22:02Z
e_00000cb7,2026-06-26T10:29:18Z
e_00000cc6,2026-06-26T11:03:10Z
e_00000b89,2026-06-26T11:17:19Z
e_00000cb1,2026-06-26T11:26:16Z
e_00000cd6,2026-06-26T12:44:48Z
e_00000c2d,2026-06-26T13:25:14Z
e_00000caa,2026-06-26T13:21:46Z
e_00000b5a,2026-06-26T13:41:06Z
e_00000ccc,2026-06-26T14:01:08Z
e_00000cb8,2026-06-26T14:09:29Z
e_00000ca0,2026-06-26T14:26:04Z
e_00000cc5,2026-06-26T14:24:19Z
e_00000bdf,2026-06-26T15:20:11Z
e_00000c84,2026-06-26T15:26:29Z
e_00000cb6,2026-06-26T15:34:20Z
e_00000b60,2026-06-26T15:39:38Z
e_00000caf,2026-06-26T15:55:36Z
e_00000b17,2026-06-26T16:25:23Z
e_00000b40,2026-06-26T16:22:09Z
e_00000cce,2026-06-26T16:32:05Z
e_00000cac,2026-06-26T18:03:12Z
e_00000b69,2026-06-26T18:16:41Z
e_00000bb0,2026-06-26T18:29:50Z
e_00000c69,2026-06-26T18:30:59Z
e_00000cab,2026-06-26T19:40:10Z
e_00000cc3,2026-06-26T19:48:50Z
e_00000ca2,2026-06-26T19:55:58Z
e_00000cbc,2026-06-26T20:11:47Z
e_00000cc7,2026-06-26T21:26:53Z
e_000009ec,2026-06-26T21:42:26Z
e_00000cd7,2026-06-26T22:39:48Z
e_00000cd3,2026-06-26T22:56:24Z
e_00000c1e,2026-06-26T23:15:53Z
e_00000c2f,2026-06-26T23:28:42Z
e_00000cc1,2026-06-26T23:33:32Z
e_00000c1c,2026-06-26T23:52:35Z
e_00000ca1,2026-06-27T00:00:36Z
e_00000c9c,2026-06-27T00:10:27Z
e_00000ce1,2026-06-27T00:38:58Z
e_00000cfd,2026-06-27T00:59:27Z
e_00000cf3,2026-06-27T01:06:50Z
e_00000cee,2026-06-27T01:14:42Z
e_00000d04,2026-06-27T01:13:27Z
e_00000b54,2026-06-27T01:31:06Z
e_00000c37,2026-06-27T01:40:18Z
e_00000cfe,2026-06-27T01:36:10Z
e_00000cdd,2026-06-27T02:17:29Z
e_00000ba3,2026-06-27T02:30:24Z
e_00000c93,2026-06-27T03:50:19Z
e_00000bac,2026-06-27T03:57:12Z
e_00000d0e,2026-06-27T04:48:49Z
e_00000d0d,2026-06-27T04:43:58Z
e_00000ce9,2026-06-27T06:43:39Z
e_00000d14,2026-06-27T06:46:43Z
e_00000d16,2026-06-27T07:01:53Z
e_00000cde,2026-06-27T07:14:16Z
e_00000bb4,2026-06-27T08:16:50Z
e_00000bd8,2026-06-27T08:37:46Z
e_00000d15,2026-06-27T08:44:02Z
e_00000c89,2026-06-27T09:40:06Z
e_00000cfc,2026-06-27T10:05:43Z
e_00000b88,2026-06-27T10:20:31Z
e_00000c5b,2026-06-27T10:26:12Z
e_00000bae,2026-06-27T11:01:35Z
e_00000bef,2026-06-27T11:37:55Z
e_00000bc8,2026-06-27T12:39:35Z
e_00000ce8,2026-06-27T13:35:50Z
e_00000d03,2026-06-27T13:39:54Z
e_00000d13,2026-06-27T13:44:03Z
e_00000ce6,2026-06-27T13:59:02Z
e_00000cbe,2026-06-27T14:29:59Z
e_00000cd9,2026-06-27T14:32:12Z
e_00000ce0,2026-06-27T14:38:49Z
e_00000c61,2026-06-27T14:41:04Z
e_00000c60,2026-06-27T14:46:51Z
e_00000cdc,2026-06-27T14:48:23Z
e_00000d0a,2026-06-27T14:56:12Z
e_00000bbb,2026-06-27T15:03:51Z
e_00000cf0,2026-06-27T15:28:55Z
e_00000ca8,2026-06-27T15:39:00Z
e_00000c3d,2026-06-27T15:53:58Z
e_00000d12,2026-06-27T16:00:57Z
e_00000a33,2026-06-27T16:02:52Z
e_00000c80,2026-06-27T16:07:15Z
e_00000cf2,2026-06-27T16:20:12Z
e_00000c46,2026-06-27T16:23:06Z
e_00000cf4,2026-06-27T16:39:31Z
e_00000bab,2026-06-27T17:41:42Z
e_00000d05,2026-06-27T17:45:38Z
e_00000c4c,2026-06-27T18:22:52Z
e_00000d07,2026-06-27T18:58:32Z
e_00000d00,2026-06-27T19:27:33Z
e_00000cf7,2026-06-27T19:55:42Z
e_00000cf1,2026-06-27T20:13:22Z
e_00000c0c,2026-06-27T20:53:59Z
e_00000ce7,2026-06-27T21:53:32Z
e_00000cb9,2026-06-27T22:13:24Z
e_00000cbb,2026-06-27T22:29:17Z
e_00000c51,2026-06-27T23:27:35Z
e_00000bd3,2026-06-27T23:47:06Z
e_00000a9d,2026-06-28T00:21:36Z
e_00000c38,2026-06-28T00:22:44Z
e_00000b8e,2026-06-28T00:40:11Z
e_00000d5b,2026-06-28T00:37:39Z
e_00000d06,2026-06-28T00:57:16Z
e_00000d3e,2026-06-28T00:58:34Z
e_00000d5e,2026-06-28T01:19:14Z
e_00000c23,2026-06-28T01:42:04Z
e_00000cca,2026-06-28T01:56:50Z
e_00000d42,2026-06-28T02:07:32Z
e_00000baa,2026-06-28T02:58:10Z
e_00000d29,2026-06-28T03:59:20Z
e_00000d3a,2026-06-28T04:20:50Z
e_00000bd6,2026-06-28T04:26:49Z
e_00000d1b,2026-06-28T04:59:18Z
e_00000d43,2026-06-28T06:07:06Z
e_00000b7d,2026-06-28T06:23:51Z
e_00000d2e,2026-06-28T06:25:45Z
e_00000d55,2026-06-28T06:20:22Z
e_00000d17,2026-06-28T06:45:44Z
e_00000d18,2026-06-28T07:19:52Z
e_00000d5a,2026-06-28T07:37:58Z
e_00000b1d,2026-06-28T08:25:15Z
e_00000cd0,2026-06-28T08:42:29Z
e_00000a03,2026-06-28T09:24:17Z
e_00000bb9,2026-06-28T10:02:40Z
e_00000d38,2026-06-28T09:56:05Z
e_00000cec,2026-06-28T10:42:43Z
e_00000d1d,2026-06-28T10:55:41Z
e_00000bd4,2026-06-28T11:16:25Z
e_00000d4c,2026-06-28T11:45:01Z
e_00000d3d,2026-06-28T12:06:57Z
e_00000d61,2026-06-28T12:02:14Z
e_00000d2a,2026-06-28T13:03:11Z
e_00000d32,2026-06-28T13:35:00Z
e_00000bd0,2026-06-28T14:44:03Z
e_00000d2d,2026-06-28T14:36:37Z
e_00000d1a,2026-06-28T14:53:18Z
e_00000c21,2026-06-28T14:50:29Z
e_00000c53,2026-06-28T15:07:51Z
e_00000d48,2026-06-28T15:17:37Z
e_00000cbf,2026-06-28T15:25:52Z
e_00000d27,2026-06-28T15:56:04Z
e_00000c6e,2026-06-28T17:12:32Z
e_00000d2b,2026-06-28T17:16:03Z
e_00000d3c,2026-06-28T17:31:34Z
e_00000d0f,2026-06-28T17:46:15Z
e_00000d53,2026-06-28T18:13:38Z
e_00000d26,2026-06-28T18:14:07Z
e_00000d1c,2026-06-28T18:38:41Z
e_00000be7,2026-06-28T18:51:56Z
e_00000d37,2026-06-28T19:00:06Z
e_00000be9,2026-06-28T18:56:45Z
e_00000c0d,2026-06-28T19:07:18Z
e_00000d21,2026-06-28T19:18:03Z
e_00000ce4,2026-06-28T19:47:32Z
e_00000cf9,2026-06-28T21:25:58Z
e_00000d2c,2026-06-28T22:02:54Z
e_00000d51,2026-06-28T22:25:48Z
e_00000d25,2026-06-28T23:22:53Z
e_00000d33,2026-06-28T23:25:13Z
e_00000d52,2026-06-28T23:36:58Z
e_00000cf5,2026-06-28T23:48:50Z
e_00000bc5,2026-06-28T23:46:22Z
e_00000d4d,2026-06-29T00:36:37Z
e_00000ced,2026-06-29T01:26:45Z
e_00000ca3,2026-06-29T01:35:18Z
e_00000d63,2026-06-29T01:46:58Z
e_00000c49,2026-06-29T01:55:37Z
e_00000d70,2026-06-29T02:04:48Z
e_00000ce5,2026-06-29T02:18:51Z
e_00000cb0,2026-06-29T02:23:58Z
e_00000d79,2026-06-29T02:50:18Z
e_00000d62,2026-06-29T03:27:17Z
e_00000d7b,2026-06-29T03:39:25Z
e_00000c7e,2026-06-29T03:49:39Z
e_00000bda,2026-06-29T04:30:03Z
e_00000be0,2026-06-29T04:37:34Z
e_00000c47,2026-06-29T04:33:58Z
e_00000d89,2026-06-29T05:07:52Z
e_00000cb4,2026-06-29T05:25:17Z
e_00000ba9,2026-06-29T05:52:51Z
e_00000d87,2026-06-29T05:55:32Z
e_00000d46,2026-06-29T07:25:35Z
e_00000d6e,2026-06-29T08:50:47Z
e_00000cea,2026-06-29T08:51:53Z
e_00000d69,2026-06-29T09:08:21Z
e_00000cd1,2026-06-29T09:23:21Z
e_00000d74,2026-06-29T09:29:09Z
e_00000d78,2026-06-29T09:34:02Z
e_00000b4c,2026-06-29T10:44:21Z
e_00000d6d,2026-06-29T11:16:35Z
e_00000c2c,2026-06-29T11:33:44Z
e_00000c6f,2026-06-29T12:34:49Z
e_00000d5c,2026-06-29T12:44:04Z
e_00000d77,2026-06-29T12:57:16Z
e_00000d45,2026-06-29T13:30:42Z
e_00000d7d,2026-06-29T13:38:25Z
e_00000d01,2026-06-29T13:39:14Z
e_00000cd2,2026-06-29T13:43:09Z
e_00000bd9,2026-06-29T13:55:32Z
e_00000c1d,2026-06-29T14:08:40Z
e_00000b5e,2026-06-29T14:55:13Z
e_00000d88,2026-06-29T15:09:15Z
e_00000d83,2026-06-29T15:16:11Z
e_00000cd5,2026-06-29T15:58:37Z
e_00000d66,2026-06-29T16:35:04Z
e_00000d7e,2026-06-29T17:22:38Z
e_00000c4b,2026-06-29T17:38:34Z
e_00000bc0,2026-06-29T17:33:23Z
e_00000d76,2026-06-29T18:28:17Z
e_00000d85,2026-06-29T18:32:19Z
e_00000bf6,2026-06-29T18:51:02Z
e_00000d08,2026-06-29T18:57:13Z
e_00000d84,2026-06-29T19:13:25Z
e_00000d80,2026-06-29T19:33:14Z
e_00000cb5,2026-06-29T20:29:08Z
e_00000d7a,2026-06-29T20:47:49Z
e_00000b3c,2026-06-29T20:53:01Z
e_00000c8e,2026-06-29T20:57:47Z
e_00000d7f,2026-06-29T21:08:55Z
e_00000ba4,2026-06-29T22:09:30Z
e_00000c65,2026-06-29T22:47:01Z
e_00000dc1,2026-06-30T00:36:18Z
e_00000d8c,2026-06-30T01:44:41Z
e_00000a98,2026-06-30T01:47:37Z
e_00000d98,2026-06-30T02:49:05Z
e_00000c16,2026-06-30T02:50:31Z
e_00000db4,2026-06-30T03:05:50Z
e_00000dc7,2026-06-30T04:12:17Z
e_00000da3,2026-06-30T05:11:54Z
e_00000dbc,2026-06-30T05:48:35Z
e_00000da6,2026-06-30T05:51:34Z
e_00000d73,2026-06-30T05:49:38Z
e_00000da4,2026-06-30T07:43:54Z
e_00000cf8,2026-06-30T07:45:24Z
e_00000a3e,2026-06-30T07:45:18Z
e_00000db1,2026-06-30T08:21:12Z
e_00000c68,2026-06-30T08:27:46Z
e_00000d91,2026-06-30T08:25:26Z
e_00000c22,2026-06-30T08:30:23Z
e_00000d49,2026-06-30T08:41:52Z
e_00000d95,2026-06-30T08:59:26Z
e_00000db8,2026-06-30T09:21:23Z
e_00000ca9,2026-06-30T09:44:59Z
e_00000b8a,2026-06-30T09:48:58Z
e_00000d10,2026-06-30T09:55:40Z
e_00000c52,2026-06-30T10:03:40Z
e_00000db0,2026-06-30T11:31:48Z
e_00000d58,2026-06-30T11:53:00Z
e_00000dc3,2026-06-30T11:58:17Z
e_00000b67,2026-06-30T13:12:18Z
e_00000d9a,2026-06-30T13:12:23Z
e_00000d59,2026-06-30T13:13:20Z
e_00000d9e,2026-06-30T13:28:02Z
e_00000da0,2026-06-30T13:37:10Z
e_00000d6a,2026-06-30T13:40:54Z
e_00000d34,2026-06-30T13:46:04Z
e_00000d99,2026-06-30T13:54:21Z
e_00000c70,2026-06-30T14:57:43Z
e_00000dba,2026-06-30T14:59:11Z
e_00000c71,2026-06-30T15:08:15Z
e_00000dab,2026-06-30T15:24:36Z
e_00000d1f,2026-06-30T15:40:20Z
e_00000c48,2026-06-30T17:03:06Z
e_00000da1,2026-06-30T17:18:59Z
e_00000c87,2026-06-30T17:22:49Z
e_00000d92,2026-06-30T17:26:33Z
e_00000c7f,2026-06-30T17:47:10Z
e_00000d97,2026-06-30T17:58:48Z
e_00000d23,2026-06-30T18:29:07Z
e_00000db2,2026-06-30T18:56:54Z
e_00000d90,2026-06-30T19:00:29Z
e_00000d96,2026-06-30T18:58:40Z
e_00000c7d,2026-06-30T19:30:30Z
e_00000daf,2026-06-30T22:45:31Z
e_00000db3,2026-06-30T23:54:12Z
e_00000dd8,2026-07-01T03:10:33Z
e_00000dd2,2026-07-01T03:16:28Z
e_00000c3c,2026-07-01T03:54:09Z
e_00000db5,2026-07-01T04:51:16Z
e_00000b7a,2026-07-01T05:08:01Z
e_00000e03,2026-07-01T05:20:29Z
e_00000dff,2026-07-01T05:20:23Z
e_00000d40,2026-07-01T05:40:45Z
e_00000dc9,2026-07-01T05:41:42Z
e_00000df2,2026-07-01T06:02:23Z
e_00000c3f,2026-07-01T06:06:11Z
e_00000de4,2026-07-01T06:33:47Z
e_00000ce3,2026-07-01T06:31:35Z
e_00000d56,2026-07-01T07:40:32Z
e_00000dcd,2026-07-01T07:59:47Z
e_00000c76,2026-07-01T08:08:59Z
e_00000cba,2026-07-01T09:32:58Z
e_00000c73,2026-07-01T09:48:36Z
e_00000d82,2026-07-01T10:30:53Z
e_00000dfc,2026-07-01T10:44:08Z
e_00000dca,2026-07-01T11:01:59Z
e_00000dd6,2026-07-01T11:12:08Z
e_00000db7,2026-07-01T11:15:53Z
e_00000df9,2026-07-01T11:35:12Z
e_00000dec,2026-07-01T11:42:50Z
e_00000dcb,2026-07-01T12:11:32Z
e_00000d6b,2026-07-01T12:24:34Z
e_00000b6c,2026-07-01T12:26:14Z
e_00000dce,2026-07-01T13:38:02Z
e_00000ddd,2026-07-01T14:16:49Z
e_00000dc8,2026-07-01T14:17:00Z
e_00000c54,2026-07-01T14:21:43Z
e_00000dd5,2026-07-01T14:30:36Z
e_00000c15,2026-07-01T14:28:22Z
e_00000dd4,2026-07-01T15:06:51Z
e_00000dd3,2026-07-01T15:08:36Z
e_00000df1,2026-07-01T15:39:46Z
e_00000df7,2026-07-01T16:26:45Z
e_00000de3,2026-07-01T17:59:18Z
e_00000dfa,2026-07-01T18:28:53Z
e_00000dfb,2026-07-01T18:37:53Z
e_00000c88,2026-07-01T19:06:14Z
e_00000de1,2026-07-01T19:38:08Z
e_00000d2f,2026-07-01T19:45:25Z
e_00000df8,2026-07-01T20:57:21Z
e_00000dea,2026-07-01T21:02:51Z
e_00000d4b,2026-07-01T21:12:03Z
e_00000de9,2026-07-01T22:03:29Z
e_00000de0,2026-07-01T22:26:57Z
e_00000dd7,2026-07-01T23:02:35Z
e_00000da8,2026-07-01T23:02:09Z
e_00000c75,2026-07-01T23:09:49Z
e_00000d02,2026-07-01T23:10:32Z
e_00000c94,2026-07-01T23:20:41Z
e_00000dd1,2026-07-01T23:25:50Z
e_00000e07,2026-07-01T23:37:52Z
e_00000dd9,2026-07-01T23:38:30Z
e_00000e00,2026-07-01T23:42:35Z
e_00000e2a,2026-07-02T01:23:46Z
e_00000dbd,2026-07-02T01:25:04Z
e_00000ceb,2026-07-02T01:38:18Z
e_00000d30,2026-07-02T02:19:28Z
e_00000e0f,2026-07-02T02:42:58Z
e_00000e1b,2026-07-02T03:34:33Z
e_00000d6c,2026-07-02T03:58:38Z
e_00000d8d,2026-07-02T04:39:56Z
e_00000c5f,2026-07-02T04:53:10Z
e_00000d41,2026-07-02T04:58:51Z
e_00000cb3,2026-07-02T05:20:52Z
e_00000d64,2026-07-02T05:58:00Z
e_00000e16,2026-07-02T06:21:37Z
e_00000df6,2026-07-02T06:39:29Z
e_00000d35,2026-07-02T06:54:48Z
e_00000df5,2026-07-02T06:54:58Z
e_00000e24,2026-07-02T07:09:08Z
e_00000d9b,2026-07-02T08:03:17Z
e_00000e18,2026-07-02T08:10:39Z
e_00000cd4,2026-07-02T09:21:35Z
e_00000c66,2026-07-02T09:24:32Z
e_00000ca6,2026-07-02T09:22:38Z
e_00000e26,2026-07-02T10:01:51Z
e_00000e2c,2026-07-02T10:04:11Z
e_00000e13,2026-07-02T10:10:54Z
e_00000e15,2026-07-02T10:17:57Z
e_00000c5c,2026-07-02T10:54:10Z
e_00000ccb,2026-07-02T11:20:02Z
e_00000e27,2026-07-02T11:26:32Z
e_00000d9c,2026-07-02T12:52:27Z
e_00000d3f,2026-07-02T12:57:37Z
e_00000c74,2026-07-02T13:03:22Z
e_00000d65,2026-07-02T13:05:41Z
e_00000df3,2026-07-02T14:03:33Z
e_00000b5b,2026-07-02T14:00:05Z
e_00000e12,2026-07-02T14:18:03Z
e_00000ca7,2026-07-02T14:21:07Z
e_00000e25,2026-07-02T14:21:07Z
e_00000e0a,2026-07-02T14:46:15Z
e_00000e23,2026-07-02T14:45:45Z
e_00000cc0,2026-07-02T15:02:55Z
e_00000b2a,2026-07-02T15:14:08Z
e_00000e0e,2026-07-02T15:22:16Z
e_00000c0f,2026-07-02T15:21:21Z
e_00000cda,2026-07-02T15:31:45Z
e_00000dbf,2026-07-02T15:40:56Z
e_00000e19,2026-07-02T15:43:01Z
e_00000e1c,2026-07-02T16:53:34Z
e_00000d0b,2026-07-02T17:01:01Z
e_00000d20,2026-07-02T17:28:30Z
e_00000e1f,2026-07-02T17:54:27Z
e_00000b43,2026-07-02T18:16:19Z
e_00000e11,2026-07-02T18:19:20Z
e_00000e2d,2026-07-02T18:59:19Z
e_00000d5f,2026-07-02T18:58:14Z
e_00000d31,2026-07-02T19:02:16Z
e_00000e17,2026-07-02T19:40:22Z
e_00000e1e,2026-07-02T20:28:38Z
e_00000dfe,2026-07-02T21:29:09Z
e_00000d7c,2026-07-02T22:26:53Z
e_00000cae,2026-07-02T23:27:24Z
e_00000e2e,2026-07-03T00:09:16Z
e_00000e7b,2026-07-03T01:06:43Z
e_00000ce2,2026-07-03T01:44:15Z
e_00000e4a,2026-07-03T01:45:32Z
e_00000d72,2026-07-03T02:22:00Z
e_00000e5c,2026-07-03T02:22:23Z
e_00000d8f,2026-07-03T03:02:16Z
e_00000e4b,2026-07-03T03:39:05Z
e_00000e4f,2026-07-03T04:29:25Z
e_00000e70,2026-07-03T05:18:13Z
e_00000e75,2026-07-03T05:40:31Z
e_00000e4e,2026-07-03T06:19:30Z
e_00000d71,2026-07-03T06:26:01Z
e_00000e3f,2026-07-03T06:46:38Z
e_00000dae,2026-07-03T07:14:11Z
e_00000e44,2026-07-03T07:59:29Z
e_00000e6f,2026-07-03T08:32:41Z
e_00000e33,2026-07-03T08:37:53Z
e_00000dde,2026-07-03T08:52:17Z
e_00000d24,2026-07-03T09:12:04Z
e_00000e49,2026-07-03T09:42:59Z
e_00000bca,2026-07-03T09:47:43Z
e_00000b05,2026-07-03T10:18:44Z
e_00000cf6,2026-07-03T10:18:39Z
e_00000cfa,2026-07-03T10:45:30Z
e_00000e39,2026-07-03T10:49:57Z
e_00000e63,2026-07-03T11:04:42Z
e_00000ddb,2026-07-03T11:14:40Z
e_00000e79,2026-07-03T11:39:07Z
e_00000e32,2026-07-03T11:39:06Z
e_00000e38,2026-07-03T11:43:15Z
e_00000e58,2026-07-03T11:51:08Z
e_00000db9,2026-07-03T12:18:25Z
e_00000e4d,2026-07-03T12:54:58Z
e_00000e3a,2026-07-03T13:18:51Z
e_00000e60,2026-07-03T13:32:48Z
e_00000e82,2026-07-03T13:49:42Z
e_00000e14,2026-07-03T14:01:11Z
e_00000e86,2026-07-03T14:11:55Z
e_00000e87,2026-07-03T14:37:24Z
e_00000e6d,2026-07-03T15:19:56Z
e_00000e30,2026-07-03T16:20:44Z
e_00000e6b,2026-07-03T16:27:23Z
e_00000e72,2026-07-03T16:29:27Z
e_00000de5,2026-07-03T18:19:12Z
e_00000e68,2026-07-03T18:24:18Z
e_00000e53,2026-07-03T19:06:13Z
e_00000def,2026-07-03T20:15:56Z
e_00000d4a,2026-07-03T20:39:03Z
e_00000dbe,2026-07-03T20:58:42Z
e_00000d11,2026-07-03T21:05:36Z
e_00000e4c,2026-07-03T21:12:05Z
e_00000e40,2026-07-03T22:05:25Z
e_00000e41,2026-07-03T22:33:39Z
e_00000e2f,2026-07-03T23:01:04Z
e_00000e7d,2026-07-03T23:03:13Z
e_00000daa,2026-07-03T23:04:01Z
e_00000cfb,2026-07-03T23:35:38Z
e_00000e71,2026-07-04T00:13:27Z
e_00000e8d,2026-07-04T00:57:11Z
e_00000d60,2026-07-04T01:29:14Z
e_00000ea6,2026-07-04T01:41:07Z
e_00000dda,2026-07-04T03:11:13Z
e_00000ea7,2026-07-04T03:11:16Z
e_00000e8f,2026-07-04T03:20:12Z
e_00000eaa,2026-07-04T03:39:46Z
e_00000dad,2026-07-04T03:50:01Z
e_00000eb5,2026-07-04T04:42:19Z
e_00000c9a,2026-07-04T04:43:06Z
e_00000eba,2026-07-04T05:16:21Z
e_00000eae,2026-07-04T05:50:07Z
e_00000bf2,2026-07-04T05:54:57Z
e_00000ea5,2026-07-04T05:59:22Z
e_00000c5d,2026-07-04T06:18:49Z
e_00000d44,2026-07-04T06:24:16Z
e_00000dc2,2026-07-04T06:39:42Z
e_00000bb7,2026-07-04T07:45:20Z
e_00000ebc,2026-07-04T08:09:24Z
e_00000ea2,2026-07-04T08:38:06Z
e_00000ea4,2026-07-04T08:44:47Z
e_00000eaf,2026-07-04T08:45:25Z
e_00000e89,2026-07-04T08:42:57Z
e_00000d36,2026-07-04T09:59:06Z
e_00000d4f,2026-07-04T10:28:01Z
e_00000d1e,2026-07-04T10:34:33Z
e_00000d47,2026-07-04T10:45:29Z
e_00000eb9,2026-07-04T11:14:20Z
e_00000eb6,2026-07-04T11:23:47Z
e_00000d09,2026-07-04T11:35:18Z
e_00000bec,2026-07-04T11:48:12Z
e_00000e04,2026-07-04T12:06:13Z
e_00000e95,2026-07-04T15:02:16Z
e_00000eb0,2026-07-04T15:34:38Z
e_00000c98,2026-07-04T15:32:55Z
e_00000e51,2026-07-04T15:40:18Z
e_00000e9a,2026-07-04T15:39:20Z
e_00000b95,2026-07-04T15:51:56Z
e_00000eac,2026-07-04T16:36:04Z
e_00000ea0,2026-07-04T16:52:35Z
e_00000e8e,2026-07-04T17:51:42Z
e_00000d5d,2026-07-04T19:07:32Z
e_00000ea3,2026-07-04T19:34:10Z
e_00000e78,2026-07-04T19:47:28Z
e_00000e9c,2026-07-04T19:56:46Z
e_00000d57,2026-07-04T20:45:36Z
e_00000dfd,2026-07-04T20:59:07Z
e_00000ea9,2026-07-04T21:49:25Z
e_00000de6,2026-07-04T22:01:57Z
e_00000e62,2026-07-04T22:32:20Z
e_00000d8a,2026-07-04T22:52:10Z
e_00000e9f,2026-07-04T23:13:02Z
e_00000eb4,2026-07-04T23:24:49Z
e_00000be1,2026-07-04T23:51:01Z
e_00000eab,2026-07-05T00:10:55Z
e_00000ee4,2026-07-05T00:36:44Z
e_00000ee7,2026-07-05T02:00:00Z
e_00000d68,2026-07-05T02:35:23Z
e_00000dc5,2026-07-05T02:44:02Z
e_00000ef6,2026-07-05T02:55:06Z
e_00000d4e,2026-07-05T03:35:58Z
e_00000ec6,2026-07-05T03:42:59Z
e_00000eda,2026-07-05T04:19:14Z
e_00000ed2,2026-07-05T04:54:53Z
e_00000ee1,2026-07-05T05:14:39Z
e_00000db6,2026-07-05T06:54:46Z
e_00000ef3,2026-07-05T07:09:54Z
e_00000dc4,2026-07-05T07:13:02Z
e_00000d22,2026-07-05T07:45:51Z
e_00000ed1,2026-07-05T08:33:44Z
e_00000ec1,2026-07-05T09:13:46Z
e_00000e0d,2026-07-05T09:21:08Z
e_00000eef,2026-07-05T09:31:26Z
e_00000d28,2026-07-05T09:37:46Z
e_00000ef7,2026-07-05T11:30:00Z
e_00000d54,2026-07-05T11:33:52Z
e_00000ec0,2026-07-05T12:02:13Z
e_00000dcc,2026-07-05T12:15:31Z
e_00000edd,2026-07-05T13:15:57Z
e_00000dc6,2026-07-05T13:44:29Z
e_00000e05,2026-07-05T13:51:29Z
e_00000b83,2026-07-05T14:10:29Z
e_00000ec4,2026-07-05T14:20:10Z
e_00000d50,2026-07-05T14:22:04Z
e_00000e7e,2026-07-05T14:36:36Z
e_00000e37,2026-07-05T14:58:52Z
e_00000ef5,2026-07-05T15:19:07Z
e_00000eea,2026-07-05T15:48:46Z
e_00000ee0,2026-07-05T16:16:02Z
e_00000e7f,2026-07-05T16:28:41Z
e_00000ef2,2026-07-05T16:29:22Z
e_00000ed9,2026-07-05T17:00:27Z
e_00000e96,2026-07-05T16:53:00Z
e_00000ed4,2026-07-05T17:00:05Z
e_00000eee,2026-07-05T17:40:47Z
e_00000ede,2026-07-05T18:28:21Z
e_00000ee2,2026-07-05T18:54:02Z
e_00000e77,2026-07-05T18:57:47Z
e_00000d67,2026-07-05T19:19:37Z
e_00000ebb,2026-07-05T19:27:18Z
e_00000ed3,2026-07-05T19:47:52Z
e_00000ecc,2026-07-05T20:17:36Z
e_00000ec7,2026-07-05T20:19:38Z
e_00000de7,2026-07-05T20:25:24Z
e_00000ef0,2026-07-05T21:59:39Z
e_00000ee3,2026-07-05T22:02:14Z
e_00000dee,2026-07-05T22:17:23Z
e_00000de2,2026-07-05T22:32:54Z
e_00000d81,2026-07-05T22:55:51Z
e_00000ee6,2026-07-05T23:36:01Z
e_00000de8,2026-07-05T23:43:41Z
e_00000c91,2026-07-06T00:05:55Z
e_00000e81,2026-07-06T00:21:51Z
e_00000f10,2026-07-06T00:18:31Z
e_00000df4,2026-07-06T00:40:16Z
e_00000d9d,2026-07-06T00:52:41Z
e_00000e80,2026-07-06T01:05:07Z
e_00000ef9,2026-07-06T01:11:57Z
e_00000e8c,2026-07-06T01:20:56Z
e_00000da9,2026-07-06T01:27:02Z
e_00000d94,2026-07-06T01:45:23Z
e_00000e64,2026-07-06T02:42:30Z
e_00000f07,2026-07-06T02:45:51Z
e_00000e01,2026-07-06T02:53:00Z
e_00000f22,2026-07-06T03:42:54Z
e_00000e29,2026-07-06T04:39:50Z
e_00000e59,2026-07-06T04:51:26Z
e_00000f09,2026-07-06T05:11:57Z
e_00000e3d,2026-07-06T05:50:08Z
e_00000e20,2026-07-06T05:51:24Z
e_00000bfe,2026-07-06T06:00:04Z
e_00000d8e,2026-07-06T06:09:12Z
e_00000dc0,2026-07-06T06:06:27Z
e_00000f01,2026-07-06T06:32:39Z
e_00000e73,2026-07-06T08:01:08Z
e_00000da7,2026-07-06T08:16:37Z
e_00000f08,2026-07-06T09:09:11Z
e_00000f1c,2026-07-06T09:10:39Z
e_00000f25,2026-07-06T10:42:00Z
e_00000c34,2026-07-06T11:00:24Z
e_00000efa,2026-07-06T11:10:53Z
e_00000efb,2026-07-06T11:27:45Z
e_00000f12,2026-07-06T12:01:42Z
e_00000e55,2026-07-06T12:03:49Z
e_00000f13,2026-07-06T12:28:34Z
e_00000f1b,2026-07-06T12:58:02Z
e_00000ee8,2026-07-06T14:56:52Z
e_00000cff,2026-07-06T15:15:27Z
e_00000f24,2026-07-06T15:23:17Z
e_00000d3b,2026-07-06T15:31:09Z
e_00000e02,2026-07-06T16:01:38Z
e_00000e99,2026-07-06T16:16:13Z
e_00000f21,2026-07-06T16:39:27Z
e_00000f18,2026-07-06T17:13:25Z
e_00000f0f,2026-07-06T17:22:51Z
e_00000e76,2026-07-06T17:46:05Z
e_00000f04,2026-07-06T18:07:33Z
e_00000e5e,2026-07-06T18:29:46Z
e_00000dac,2026-07-06T19:21:23Z
e_00000e28,2026-07-06T19:25:53Z
e_00000f1e,2026-07-06T19:37:30Z
e_00000e5b,2026-07-06T20:09:29Z
e_00000e57,2026-07-06T20:34:53Z
e_00000f02,2026-07-06T20:39:34Z
e_00000ef8,2026-07-06T20:45:55Z
e_00000f0e,2026-07-06T20:56:58Z
e_00000c9e,2026-07-06T21:08:19Z
e_00000f03,2026-07-06T23:34:16Z
e_00000ebf,2026-07-07T00:11:35Z
e_00000f47,2026-07-07T00:40:27Z
e_00000f67,2026-07-07T01:41:10Z
e_00000ece,2026-07-07T02:14:59Z
e_00000f3f,2026-07-07T02:49:18Z
e_00000e93,2026-07-07T03:14:54Z
e_00000deb,2026-07-07T04:06:09Z
e_00000eb1,2026-07-07T04:18:52Z
e_00000f6c,2026-07-07T04:12:43Z
e_00000d93,2026-07-07T04:22:00Z
e_00000eeb,2026-07-07T04:14:55Z
e_00000f62,2026-07-07T04:41:28Z
e_00000f48,2026-07-07T06:45:07Z
e_00000f5c,2026-07-07T07:13:58Z
e_00000f4f,2026-07-07T07:34:03Z
e_00000c62,2026-07-07T07:33:41Z
e_00000bfb,2026-07-07T08:38:44Z
e_00000f50,2026-07-07T08:46:43Z
e_00000e84,2026-07-07T08:42:46Z
e_00000f6d,2026-07-07T09:21:12Z
e_00000f53,2026-07-07T10:08:24Z
e_00000f2b,2026-07-07T10:44:22Z
e_00000cef,2026-07-07T11:25:13Z
e_00000f57,2026-07-07T11:58:39Z
e_00000ebe,2026-07-07T12:15:06Z
e_00000c96,2026-07-07T13:19:51Z
e_00000e90,2026-07-07T13:49:52Z
e_00000dcf,2026-07-07T13:49:05Z
e_00000f3d,2026-07-07T14:06:16Z
e_00000f38,2026-07-07T14:13:02Z
e_00000c58,2026-07-07T14:06:56Z
e_00000eb7,2026-07-07T14:37:09Z
e_00000d6f,2026-07-07T14:33:13Z
e_00000e45,2026-07-07T14:57:06Z
e_00000f41,2026-07-07T15:23:13Z
e_00000d39,2026-07-07T15:30:59Z
e_00000f36,2026-07-07T15:44:48Z
e_00000efc,2026-07-07T16:10:39Z
e_00000df0,2026-07-07T16:48:08Z
e_00000f30,2026-07-07T17:07:51Z
e_00000ded,2026-07-07T17:09:58Z
e_00000e34,2026-07-07T17:25:22Z
e_00000f45,2026-07-07T17:33:02Z
e_00000f52,2026-07-07T17:48:02Z
e_00000f34,2026-07-07T17:54:19Z
e_00000e2b,2026-07-07T17:54:37Z
e_00000e1a,2026-07-07T18:01:22Z
e_00000f5f,2026-07-07T18:07:33Z
e_00000f69,2026-07-07T18:13:48Z
e_00000e3e,2026-07-07T18:23:26Z
e_00000f26,2026-07-07T18:47:11Z
e_00000f6a,2026-07-07T19:03:37Z
e_00000f3e,2026-07-07T19:06:28Z
e_00000ed5,2026-07-07T20:33:58Z
e_00000f0d,2026-07-07T20:47:35Z
e_00000f60,2026-07-07T20:47:30Z
e_00000e3b,2026-07-07T20:52:54Z
e_00000e0b,2026-07-07T20:55:41Z
e_00000f5e,2026-07-07T21:23:43Z
e_00000f68,2026-07-07T21:35:09Z
e_00000f40,2026-07-07T22:03:50Z
e_00000e21,2026-07-07T22:26:45Z
e_00000f56,2026-07-07T22:57:46Z
e_00000f49,2026-07-07T23:21:06Z
e_00000dd0,2026-07-07T23:24:00Z
e_00000f2c,2026-07-08T00:08:54Z
e_00000f1a,2026-07-08T00:07:43Z
e_00000f90,2026-07-08T00:24:05Z
e_00000ed0,2026-07-08T00:26:50Z
e_00000fa8,2026-07-08T00:40:57Z
e_00000f73,2026-07-08T01:23:25Z
e_00000ec8,2026-07-08T01:34:14Z
e_00000f72,2026-07-08T01:39:21Z
e_00000eb3,2026-07-08T02:00:32Z
e_00000fa0,2026-07-08T02:05:37Z
e_00000ddf,2026-07-08T02:12:23Z
e_00000f75,2026-07-08T02:40:25Z
e_00000faa,2026-07-08T02:40:27Z
e_00000e47,2026-07-08T03:25:47Z
e_00000d75,2026-07-08T03:32:07Z
e_00000f7c,2026-07-08T04:05:04Z
e_00000f74,2026-07-08T04:58:47Z
e_00000f1f,2026-07-08T05:02:45Z
e_00000e0c,2026-07-08T05:11:08Z
e_00000f7d,2026-07-08T05:19:42Z
e_00000e08,2026-07-08T06:00:07Z
e_00000f9f,2026-07-08T06:01:02Z
e_00000f0b,2026-07-08T06:17:19Z
e_00000e9d,2026-07-08T07:06:38Z
e_00000e5d,2026-07-08T07:29:35Z
e_00000e6a,2026-07-08T08:18:45Z
e_00000f77,2026-07-08T08:34:31Z
e_00000f97,2026-07-08T10:01:17Z
e_00000e46,2026-07-08T10:40:08Z
e_00000e42,2026-07-08T10:39:11Z
e_00000ddc,2026-07-08T10:57:18Z
e_00000f98,2026-07-08T11:16:59Z
e_00000fa2,2026-07-08T11:56:09Z
e_00000f8b,2026-07-08T12:37:05Z
e_00000c55,2026-07-08T13:16:39Z
e_00000f83,2026-07-08T13:34:58Z
e_00000f76,2026-07-08T13:46:17Z
e_00000e7c,2026-07-08T13:59:00Z
e_00000f95,2026-07-08T14:24:37Z
e_00000f0a,2026-07-08T15:02:04Z
e_00000f94,2026-07-08T15:07:39Z
e_00000f0c,2026-07-08T15:17:39Z
e_00000f43,2026-07-08T15:16:20Z
e_00000f5a,2026-07-08T15:41:08Z
e_00000e85,2026-07-08T16:03:53Z
e_00000f9d,2026-07-08T16:06:41Z
e_00000f71,2026-07-08T16:31:29Z
e_00000f7b,2026-07-08T16:38:24Z
e_00000efd,2026-07-08T16:39:20Z
e_00000e91,2026-07-08T16:37:47Z
e_00000e65,2026-07-08T17:12:01Z
e_00000e8a,2026-07-08T20:51:01Z
e_00000f85,2026-07-08T20:53:03Z
e_00000e69,2026-07-08T21:12:37Z
e_00000eca,2026-07-08T21:20:27Z
e_00000e48,2026-07-08T21:26:32Z
e_00000d0c,2026-07-08T22:15:03Z
e_00000f96,2026-07-08T22:43:27Z
e_00000f8a,2026-07-08T22:35:28Z
e_00000f1d,2026-07-08T22:45:48Z
e_00000c7b,2026-07-08T23:10:00Z
e_00000edf,2026-07-08T23:09:57Z
e_00000f84,2026-07-08T23:27:01Z
e_00000e66,2026-07-09T00:27:02Z
e_00000fcb,2026-07-09T00:55:23Z
e_00000fc1,2026-07-09T01:19:22Z
e_00000e36,2026-07-09T01:36:21Z
e_00000eff,2026-07-09T01:49:21Z
e_00000fc3,2026-07-09T02:43:19Z
e_00000ef1,2026-07-09T02:44:35Z
e_00000fd7,2026-07-09T03:20:39Z
e_00000e50,2026-07-09T05:04:39Z
e_00000ecb,2026-07-09T05:10:14Z
e_00000fd0,2026-07-09T05:18:03Z
e_00000e54,2026-07-09T05:30:12Z
e_00000f2a,2026-07-09T06:35:26Z
e_00000c6b,2026-07-09T06:46:54Z
e_00000e97,2026-07-09T07:17:46Z
e_00000fc2,2026-07-09T09:51:00Z
e_00000fc4,2026-07-09T10:21:27Z
e_00000e5f,2026-07-09T10:29:57Z
e_00000fba,2026-07-09T10:41:01Z
e_00000fcf,2026-07-09T12:31:59Z
e_00000e92,2026-07-09T12:55:36Z
e_00000f2d,2026-07-09T13:01:08Z
e_00000fdc,2026-07-09T13:45:31Z
e_00000fdb,2026-07-09T13:54:50Z
e_00000e83,2026-07-09T14:07:06Z
e_00000efe,2026-07-09T15:19:47Z
e_00000e35,2026-07-09T15:23:02Z
e_00000fc5,2026-07-09T16:55:10Z
e_00000fb2,2026-07-09T17:28:28Z
e_00000e5a,2026-07-09T17:48:16Z
e_00000fc6,2026-07-09T17:58:50Z
e_00000fd2,2026-07-09T18:15:22Z
e_00000fae,2026-07-09T18:52:40Z
e_00000fb9,2026-07-09T18:53:23Z
e_00000fda,2026-07-09T19:35:54Z
e_00000fbf,2026-07-09T19:50:52Z
e_00000fb3,2026-07-09T20:00:51Z
e_00000eec,2026-07-09T19:54:45Z
e_00000e61,2026-07-09T20:11:20Z
e_00000e52,2026-07-09T20:14:02Z
e_00000fcd,2026-07-09T20:11:44Z
e_00000fb0,2026-07-09T21:26:48Z
e_00000faf,2026-07-09T21:34:57Z
e_00000fc0,2026-07-09T23:26:32Z
e_00000fb8,2026-07-09T23:40:08Z
e_00000fce,2026-07-09T23:36:06Z
e_00000f92,2026-07-10T00:16:10Z
e_00000fd6,2026-07-10T00:12:30Z
e_00000e88,2026-07-10T00:53:18Z
e_00000fa1,2026-07-10T01:45:38Z
e_00000e74,2026-07-10T02:17:04Z
e_00000fe3,2026-07-10T02:28:46Z
e_00000fe1,2026-07-10T02:42:48Z
e_00000f5b,2026-07-10T02:36:41Z
e_00000fac,2026-07-10T02:52:04Z
e_00000f4a,2026-07-10T03:08:54Z
e_00000ffb,2026-07-10T03:16:55Z
e_00000ff6,2026-07-10T03:15:58Z
e_00000eb8,2026-07-10T03:17:02Z
e_00000e8b,2026-07-10T03:50:42Z
e_0000100c,2026-07-10T03:59:39Z
e_00000f19,2026-07-10T04:04:55Z
e_00000f87,2026-07-10T04:38:18Z
e_00000ecf,2026-07-10T04:39:58Z
e_00000fe9,2026-07-10T04:54:57Z
e_00000d8b,2026-07-10T05:05:32Z
e_00000f4c,2026-07-10T05:28:37Z
e_00000fe0,2026-07-10T05:35:45Z
e_00001004,2026-07-10T06:16:35Z
e_00000e56,2026-07-10T06:27:41Z
e_00000ff1,2026-07-10T06:30:56Z
e_00000ee9,2026-07-10T06:35:49Z
e_00000e3c,2026-07-10T06:41:25Z
e_00000ff9,2026-07-10T06:51:41Z
e_00000feb,2026-07-10T06:57:08Z
e_00000e09,2026-07-10T09:41:53Z
e_00000f88,2026-07-10T11:10:22Z
e_00000cdb,2026-07-10T11:21:32Z
e_00000edc,2026-07-10T11:22:39Z
e_00000ff4,2026-07-10T11:28:35Z
e_00000fff,2026-07-10T12:18:18Z
e_00000f15,2026-07-10T12:55:49Z
e_00000ff2,2026-07-10T14:17:47Z
e_00001006,2026-07-10T14:30:47Z
e_00000ec2,2026-07-10T14:39:19Z
e_00000fed,2026-07-10T15:28:53Z
e_00000f3a,2026-07-10T15:36:34Z
e_00000fd9,2026-07-10T15:47:59Z
e_00000fe4,2026-07-10T16:04:48Z
e_00000fe2,2026-07-10T16:20:27Z
e_00000e43,2026-07-10T16:30:15Z
e_00000f91,2026-07-10T16:37:20Z
e_00001000,2026-07-10T16:36:34Z
e_00000fdf,2026-07-10T17:04:58Z
e_00000e98,2026-07-10T17:20:10Z
e_00000ea1,2026-07-10T17:41:55Z
e_0000100b,2026-07-10T17:50:51Z
e_00000fe8,2026-07-10T18:37:02Z
e_00000fdd,2026-07-10T18:55:39Z
e_00000f63,2026-07-10T19:11:13Z
e_00001002,2026-07-10T19:42:35Z
e_00000ff8,2026-07-10T20:02:53Z
e_00000f9b,2026-07-10T20:02:16Z
e_00000fec,2026-07-10T20:17:08Z
e_00000ff7,2026-07-10T20:42:11Z
e_00000fea,2026-07-10T22:07:38Z
e_00000ecd,2026-07-10T22:16:45Z
e_00000fb5,2026-07-10T22:28:09Z
e_00000ebd,2026-07-10T22:33:19Z
e_00001001,2026-07-10T23:02:42Z
e_00000ed6,2026-07-10T23:40:07Z
e_00000eed,2026-07-10T23:41:49Z
e_00000f6f,2026-07-11T00:22:51Z
e_00000eb2,2026-07-11T00:45:38Z
e_00001039,2026-07-11T01:01:06Z
e_00001026,2026-07-11T01:16:16Z
e_00000f9a,2026-07-11T01:27:33Z
e_00000cdf,2026-07-11T02:07:48Z
e_0000102a,2026-07-11T02:25:15Z
e_00000f14,2026-07-11T02:28:53Z
e_00000fd3,2026-07-11T04:07:10Z
e_00001023,2026-07-11T04:19:57Z
e_00001031,2026-07-11T04:21:30Z
e_00000f17,2026-07-11T04:37:33Z
e_0000102b,2026-07-11T04:41:47Z
e_00001030,2026-07-11T05:01:21Z
e_00000e9e,2026-07-11T05:04:02Z
e_00001025,2026-07-11T05:41:46Z
e_00000f31,2026-07-11T05:42:32Z
e_0000103f,2026-07-11T06:34:01Z
e_00001035,2026-07-11T06:41:21Z
e_0000103e,2026-07-11T06:52:01Z
e_00001036,2026-07-11T07:09:54Z
e_0000103a,2026-07-11T07:23:53Z
e_00000f81,2026-07-11T08:31:17Z
e_00001043,2026-07-11T08:47:34Z
e_00001044,2026-07-11T08:54:15Z
e_00000dbb,2026-07-11T08:52:09Z
e_00000e06,2026-07-11T09:05:24Z
e_00000da2,2026-07-11T09:14:00Z
e_00000f29,2026-07-11T09:44:06Z
e_00000ee5,2026-07-11T09:57:38Z
e_00001017,2026-07-11T10:02:33Z
e_00001010,2026-07-11T10:43:05Z
e_00000f64,2026-07-11T11:06:49Z
e_00001038,2026-07-11T11:23:00Z
e_0000101e,2026-07-11T11:58:47Z
e_0000103c,2026-07-11T12:31:30Z
e_00001011,2026-07-11T12:37:39Z
e_00000da5,2026-07-11T13:18:45Z
e_00001024,2026-07-11T13:45:39Z
e_0000100d,2026-07-11T13:49:37Z
e_0000102d,2026-07-11T14:24:59Z
e_00001034,2026-07-11T14:31:56Z
e_00000ec9,2026-07-11T15:12:16Z
e_00001033,2026-07-11T15:21:14Z
e_00001018,2026-07-11T15:31:19Z
e_00000fab,2026-07-11T16:20:43Z
e_0000102f,2026-07-11T16:27:09Z
e_00000f2e,2026-07-11T16:41:44Z
e_00001016,2026-07-11T17:11:49Z
e_00001032,2026-07-11T17:17:38Z
e_00001037,2026-07-11T17:52:16Z
e_0000103b,2026-07-11T18:57:24Z
e_0000102e,2026-07-11T19:08:06Z
e_00000edb,2026-07-11T19:10:09Z
e_00000f7f,2026-07-11T21:10:31Z
e_00000f42,2026-07-11T22:34:37Z
e_00000fa6,2026-07-11T22:42:55Z
e_00000f8e,2026-07-11T23:38:06Z
e_00000fbd,2026-07-11T23:58:51Z
e_0000102c,2026-07-12T00:00:56Z
e_00000f8f,2026-07-12T00:28:36Z
e_00001022,2026-07-12T00:40:59Z
e_00000ed7,2026-07-12T00:52:17Z
e_00000e7a,2026-07-12T01:17:36Z
e_00001046,2026-07-12T01:26:27Z
e_00000f39,2026-07-12T02:25:52Z
e_00000f8c,2026-07-12T02:34:49Z
e_00000fc7,2026-07-12T02:54:12Z
e_00000ec3,2026-07-12T03:14:17Z
e_00001065,2026-07-12T03:32:13Z
e_00000f4b,2026-07-12T03:55:47Z
e_0000104d,2026-07-12T04:54:06Z
e_00001062,2026-07-12T05:11:31Z
e_0000105f,2026-07-12T05:58:04Z
e_00000fad,2026-07-12T06:57:02Z
e_00000f65,2026-07-12T09:50:22Z
e_00000f6e,2026-07-12T10:26:30Z
e_0000106d,2026-07-12T10:55:20Z
e_00000e22,2026-07-12T11:09:29Z
e_00000f54,2026-07-12T11:19:44Z
e_00000f2f,2026-07-12T11:36:22Z
e_00000f89,2026-07-12T11:50:26Z
e_00001064,2026-07-12T12:07:50Z
e_00000f55,2026-07-12T12:43:18Z
e_00001027,2026-07-12T12:41:03Z
e_0000104c,2026-07-12T12:48:44Z
e_00000f05,2026-07-12T12:53:01Z
e_0000105d,2026-07-12T13:16:58Z
e_00001070,2026-07-12T13:28:20Z
e_0000104b,2026-07-12T13:31:44Z
e_0000104a,2026-07-12T14:24:54Z
e_0000106c,2026-07-12T14:32:18Z
e_0000104f,2026-07-12T14:58:14Z
e_00001042,2026-07-12T14:53:47Z
e_00001055,2026-07-12T15:18:03Z
e_00000f44,2026-07-12T16:35:12Z
e_00001068,2026-07-12T16:39:48Z
e_00001069,2026-07-12T16:45:38Z
e_00000ead,2026-07-12T17:08:16Z
e_00000ff0,2026-07-12T17:47:19Z
e_00000f16,2026-07-12T17:50:08Z
e_00001066,2026-07-12T18:03:54Z
e_00000d19,2026-07-12T17:58:37Z
e_00001051,2026-07-12T18:21:56Z
e_00000f93,2026-07-12T19:35:01Z
e_00001048,2026-07-12T20:33:21Z
e_00001061,2026-07-12T20:27:10Z
e_0000105e,2026-07-12T20:45:28Z
e_00000fa3,2026-07-12T20:57:57Z
e_00001060,2026-07-12T21:33:00Z
e_00000fa5,2026-07-12T21:49:00Z
e_00001053,2026-07-12T22:05:01Z
e_00000f9c,2026-07-12T22:27:43Z
e_00001052,2026-07-12T22:36:29Z
e_00001054,2026-07-12T22:51:22Z
e_00000f27,2026-07-12T22:51:46Z
e_00001059,2026-07-12T22:57:00Z
e_00001063,2026-07-12T23:23:28Z
e_00001076,2026-07-13T02:10:55Z
e_00001079,2026-07-13T02:58:14Z
e_00001099,2026-07-13T03:17:14Z
e_00001086,2026-07-13T03:27:34Z
e_00001014,2026-07-13T04:06:07Z
e_0000100e,2026-07-13T04:58:22Z
e_0000108e,2026-07-13T04:56:06Z
e_00001084,2026-07-13T04:59:31Z
e_00000f06,2026-07-13T05:19:56Z
e_00000fe5,2026-07-13T05:35:08Z
e_0000108b,2026-07-13T06:20:45Z
e_00000f66,2026-07-13T06:19:40Z
e_00000f58,2026-07-13T06:40:16Z
e_00001078,2026-07-13T06:48:21Z
e_00001015,2026-07-13T06:57:52Z
e_00001075,2026-07-13T07:19:15Z
e_00000f3c,2026-07-13T07:57:39Z
e_0000108a,2026-07-13T08:00:16Z
e_00000f86,2026-07-13T08:19:43Z
e_00000f3b,2026-07-13T08:22:07Z
e_00001077,2026-07-13T08:57:34Z
e_0000107c,2026-07-13T10:28:35Z
e_00000f70,2026-07-13T10:32:21Z
e_00000fe6,2026-07-13T10:39:42Z
e_0000107d,2026-07-13T12:42:46Z
e_00000f59,2026-07-13T13:56:09Z
e_0000108f,2026-07-13T15:30:22Z
e_00000ffc,2026-07-13T16:25:52Z
e_00001073,2026-07-13T16:45:01Z
e_00000f8d,2026-07-13T16:46:05Z
e_00000f7a,2026-07-13T16:58:29Z
e_00000fee,2026-07-13T17:46:51Z
e_00001098,2026-07-13T18:19:01Z
e_00001094,2026-07-13T18:23:08Z
e_00001082,2026-07-13T18:36:56Z
e_00000d9f,2026-07-13T18:57:29Z
e_00001089,2026-07-13T19:02:57Z
e_00000fd8,2026-07-13T19:24:06Z
e_00000f28,2026-07-13T21:24:13Z
e_00001072,2026-07-13T21:55:25Z
e_00001092,2026-07-13T22:14:35Z
e_00000e1d,2026-07-13T22:12:25Z
e_0000107b,2026-07-13T22:30:02Z
e_00000d86,2026-07-13T23:03:41Z
e_00001097,2026-07-13T23:18:57Z
e_00000ef4,2026-07-13T23:19:25Z
e_00001090,2026-07-14T00:04:17Z
e_00000fbe,2026-07-14T00:38:42Z
e_00001040,2026-07-14T00:40:27Z
e_00000ea8,2026-07-14T01:18:09Z
e_00000fa4,2026-07-14T01:45:05Z
e_000010c5,2026-07-14T01:42:46Z
e_00000fa9,2026-07-14T02:11:00Z
e_00000f32,2026-07-14T03:11:42Z
e_000010bd,2026-07-14T03:12:09Z
e_000010b4,2026-07-14T03:14:04Z
e_000010c1,2026-07-14T03:22:02Z
e_0000109e,2026-07-14T04:03:06Z
e_000010cc,2026-07-14T04:02:34Z
e_000010ac,2026-07-14T04:35:14Z
e_00001012,2026-07-14T05:11:03Z
e_000010b3,2026-07-14T05:55:25Z
e_000010a5,2026-07-14T05:58:59Z
e_00000f4d,2026-07-14T06:04:26Z
e_0000109a,2026-07-14T06:14:33Z
e_00000fcc,2026-07-14T07:23:32Z
e_000010b6,2026-07-14T07:24:23Z
e_000010cf,2026-07-14T07:33:29Z
e_0000109f,2026-07-14T07:51:57Z
e_000010bc,2026-07-14T09:01:57Z
e_0000101c,2026-07-14T09:32:03Z
e_000010a0,2026-07-14T09:53:50Z
e_000010c4,2026-07-14T10:22:22Z
e_00000ffd,2026-07-14T10:31:06Z
e_000010d2,2026-07-14T10:49:41Z
e_000010ca,2026-07-14T11:02:49Z
e_000010c3,2026-07-14T11:31:41Z
e_000010b5,2026-07-14T12:19:34Z
e_00000e10,2026-07-14T12:41:16Z
e_000010a1,2026-07-14T13:37:03Z
e_000010c9,2026-07-14T13:38:53Z
e_000010d0,2026-07-14T14:24:40Z
e_0000109b,2026-07-14T15:25:49Z
e_000010aa,2026-07-14T15:40:21Z
e_000010d3,2026-07-14T16:23:05Z
e_000010ad,2026-07-14T17:21:48Z
e_000010ab,2026-07-14T17:35:57Z
e_00000fbb,2026-07-14T18:01:39Z
e_00000f9e,2026-07-14T18:13:20Z
e_000010a2,2026-07-14T18:28:25Z
e_00000f80,2026-07-14T18:31:07Z
e_00000fc8,2026-07-14T19:47:02Z
e_00001020,2026-07-14T19:51:48Z
e_000010d1,2026-07-14T20:55:40Z
e_000010b0,2026-07-14T20:57:53Z
e_0000101a,2026-07-14T21:23:32Z
e_000010a8,2026-07-14T21:46:45Z
e_000010ba,2026-07-14T21:57:07Z
e_00000f79,2026-07-14T22:35:55Z
e_00000f7e,2026-07-14T23:58:06Z
e_000010cd,2026-07-14T23:57:09Z
e_00000f78,2026-07-15T00:11:09Z
e_00001058,2026-07-15T01:44:07Z
e_0000100a,2026-07-15T02:15:07Z
e_000010ee,2026-07-15T02:30:20Z
e_000010f2,2026-07-15T02:34:07Z
e_000010eb,2026-07-15T03:24:59Z
e_00000f99,2026-07-15T03:44:37Z
e_00001103,2026-07-15T04:41:50Z
e_00001109,2026-07-15T04:59:34Z
e_000010ff,2026-07-15T05:10:13Z
e_00000fb4,2026-07-15T05:38:50Z
e_000010e3,2026-07-15T06:04:59Z
e_00000fb6,2026-07-15T06:14:56Z
e_00001106,2026-07-15T06:19:19Z
e_00000fc9,2026-07-15T06:25:45Z
e_000010d4,2026-07-15T06:35:20Z
e_0000108d,2026-07-15T06:42:07Z
e_000010c7,2026-07-15T06:59:28Z
e_00001108,2026-07-15T07:17:38Z
e_000010e5,2026-07-15T07:24:46Z
e_000010ef,2026-07-15T07:33:08Z
e_000010ea,2026-07-15T08:17:13Z
e_0000110e,2026-07-15T08:20:04Z
e_00001116,2026-07-15T09:36:35Z
e_00001008,2026-07-15T10:00:25Z
e_00000fca,2026-07-15T09:58:39Z
e_000010fc,2026-07-15T10:21:08Z
e_000010ed,2026-07-15T10:46:22Z
e_00001114,2026-07-15T10:45:57Z
e_00000fd5,2026-07-15T10:47:48Z
e_00001115,2026-07-15T10:56:31Z
e_000010fa,2026-07-15T11:36:18Z
e_000010f4,2026-07-15T11:54:42Z
e_000010d7,2026-07-15T11:55:34Z
e_00001085,2026-07-15T12:01:16Z
e_00000e94,2026-07-15T12:11:04Z
e_000010f9,2026-07-15T12:34:42Z
e_000010e4,2026-07-15T13:21:45Z
e_00001105,2026-07-15T13:40:01Z
e_00001021,2026-07-15T14:31:03Z
e_000010dc,2026-07-15T14:34:51Z
e_000010e6,2026-07-15T15:23:09Z
e_000010d8,2026-07-15T15:22:36Z
e_00000ff3,2026-07-15T15:39:04Z
e_0000110f,2026-07-15T15:58:59Z
e_00000e6c,2026-07-15T16:15:00Z
e_0000101b,2026-07-15T17:07:11Z
e_000010fb,2026-07-15T18:32:47Z
e_000010e0,2026-07-15T19:01:57Z
e_00000fbc,2026-07-15T19:15:33Z
e_00001104,2026-07-15T19:38:46Z
e_000010d6,2026-07-15T20:12:22Z
e_000010f1,2026-07-15T20:30:58Z
e_00001007,2026-07-15T21:24:43Z
e_00000ffe,2026-07-15T22:22:59Z
e_00001013,2026-07-15T22:41:18Z
e_000010ec,2026-07-15T23:03:01Z
e_000010fd,2026-07-15T23:18:33Z
e_0000112a,2026-07-16T00:23:07Z
e_0000111c,2026-07-16T00:52:46Z
e_0000112b,2026-07-16T00:51:44Z
e_00000fd4,2026-07-16T01:15:34Z
e_000010b2,2026-07-16T01:42:02Z
e_00001151,2026-07-16T02:40:44Z
e_00001145,2026-07-16T02:50:53Z
e_00001139,2026-07-16T03:35:22Z
e_0000109d,2026-07-16T04:17:47Z
e_0000112d,2026-07-16T04:21:37Z
e_00001125,2026-07-16T04:34:22Z
e_0000114e,2026-07-16T04:47:22Z
e_0000112c,2026-07-16T05:06:20Z
e_00001146,2026-07-16T05:06:32Z
e_00000fe7,2026-07-16T06:27:35Z
e_000010d5,2026-07-16T07:20:49Z
e_00001028,2026-07-16T08:22:47Z
e_0000114f,2026-07-16T08:38:57Z
e_0000113f,2026-07-16T09:08:22Z
e_00000fb7,2026-07-16T09:06:06Z
e_00001140,2026-07-16T09:19:02Z
e_0000110b,2026-07-16T09:41:33Z
e_00001133,2026-07-16T09:40:16Z
e_00000e67,2026-07-16T09:45:51Z
e_00001118,2026-07-16T09:48:55Z
e_00001127,2026-07-16T11:05:14Z
e_00001107,2026-07-16T11:30:02Z
e_00001049,2026-07-16T11:40:10Z
e_00001147,2026-07-16T11:49:42Z
e_000010b1,2026-07-16T13:25:43Z
e_00001087,2026-07-16T13:49:49Z
e_000010bf,2026-07-16T14:16:11Z
e_0000114b,2026-07-16T14:17:55Z
e_00001155,2026-07-16T14:18:13Z
e_00001122,2026-07-16T15:05:06Z
e_0000111e,2026-07-16T16:23:03Z
e_00001126,2026-07-16T16:47:55Z
e_00001148,2026-07-16T17:38:33Z
e_00001041,2026-07-16T18:23:13Z
e_00001157,2026-07-16T19:08:25Z
e_00000fde,2026-07-16T19:27:23Z
e_00001119,2026-07-16T19:56:25Z
e_0000113a,2026-07-16T20:02:17Z
e_00001156,2026-07-16T20:10:19Z
e_00001149,2026-07-16T20:22:28Z
e_00000f33,2026-07-16T21:00:46Z
e_000010af,2026-07-16T21:09:57Z
e_0000114a,2026-07-16T21:49:58Z
e_0000112e,2026-07-16T21:48:32Z
e_00001093,2026-07-16T21:55:17Z
e_0000114d,2026-07-16T21:59:25Z
e_0000101f,2026-07-16T22:55:53Z
e_0000111d,2026-07-16T23:20:59Z
e_00001124,2026-07-16T23:39:51Z
e_00000f00,2026-07-17T00:38:47Z
e_0000116e,2026-07-17T00:50:52Z
e_000010b7,2026-07-17T01:07:43Z
e_0000115f,2026-07-17T01:19:34Z
e_00000fef,2026-07-17T01:44:48Z
e_00000e31,2026-07-17T02:11:35Z
e_000010b9,2026-07-17T02:38:17Z
e_00001161,2026-07-17T02:52:35Z
e_00001167,2026-07-17T03:02:26Z
e_000010e7,2026-07-17T03:40:59Z
e_00001160,2026-07-17T05:56:07Z
e_0000106a,2026-07-17T06:09:05Z
e_00001163,2026-07-17T06:30:47Z
e_000010e8,2026-07-17T08:33:11Z
e_000010be,2026-07-17T08:38:45Z
e_00001009,2026-07-17T08:42:38Z
e_00001173,2026-07-17T09:13:09Z
e_00001142,2026-07-17T09:19:34Z
e_0000115a,2026-07-17T09:30:43Z
e_00001176,2026-07-17T09:34:17Z
e_0000116a,2026-07-17T09:46:00Z
e_0000115d,2026-07-17T10:16:29Z
e_0000115c,2026-07-17T10:31:00Z
e_00001168,2026-07-17T10:43:50Z
e_0000117f,2026-07-17T12:20:57Z
e_00000f46,2026-07-17T12:22:27Z
e_000010f8,2026-07-17T13:24:36Z
e_0000106f,2026-07-17T14:03:01Z
e_00001100,2026-07-17T14:08:40Z
e_00001166,2026-07-17T14:43:40Z
e_00000e6e,2026-07-17T15:17:34Z
e_00001159,2026-07-17T15:10:37Z
e_00001162,2026-07-17T15:29:40Z
e_00001045,2026-07-17T15:45:17Z
e_0000104e,2026-07-17T15:47:38Z
e_0000116d,2026-07-17T15:56:13Z
e_00001180,2026-07-17T16:17:28Z
e_0000115e,2026-07-17T16:35:39Z
e_0000110c,2026-07-17T17:47:46Z
e_0000117b,2026-07-17T18:13:26Z
e_00001158,2026-07-17T18:09:51Z
e_00001169,2026-07-17T18:58:10Z
e_00001029,2026-07-17T19:01:51Z
e_000010f3,2026-07-17T19:14:53Z
e_00001185,2026-07-17T20:48:53Z
e_00000f61,2026-07-17T21:19:34Z
e_000010de,2026-07-17T21:42:21Z
e_00000f82,2026-07-17T22:08:59Z
e_00001141,2026-07-17T22:33:48Z
e_00000f5d,2026-07-17T22:42:06Z
e_0000115b,2026-07-17T22:57:34Z
e_0000117a,2026-07-17T23:40:09Z
e_00001117,2026-07-18T00:32:40Z
e_000011b9,2026-07-18T00:40:36Z
e_00001197,2026-07-18T01:22:12Z
e_00001199,2026-07-18T01:25:40Z
e_00001111,2026-07-18T02:28:23Z
e_00001130,2026-07-18T03:06:59Z
e_00001198,2026-07-18T03:20:45Z
e_000011b0,2026-07-18T03:20:16Z
e_000011c2,2026-07-18T03:32:09Z
e_00001187,2026-07-18T03:37:25Z
e_000010c6,2026-07-18T03:57:57Z
e_00001153,2026-07-18T04:07:21Z
e_00000f4e,2026-07-18T04:19:10Z
e_00001189,2026-07-18T04:27:24Z
e_00001019,2026-07-18T04:45:51Z
e_00000ec5,2026-07-18T06:08:28Z
e_0000119e,2026-07-18T06:09:29Z
e_00001188,2026-07-18T06:25:21Z
e_00000f23,2026-07-18T06:30:10Z
e_00000f6b,2026-07-18T06:35:11Z
e_00001190,2026-07-18T07:09:40Z
e_000011c0,2026-07-18T07:05:08Z
e_00001120,2026-07-18T07:15:04Z
e_000011c3,2026-07-18T07:48:38Z
e_000011b8,2026-07-18T08:01:39Z
e_00001081,2026-07-18T08:11:07Z
e_00001057,2026-07-18T08:45:37Z
e_0000118c,2026-07-18T08:39:16Z
e_000011ac,2026-07-18T09:22:19Z
e_00001121,2026-07-18T09:33:40Z
e_00001088,2026-07-18T09:50:22Z
e_0000118f,2026-07-18T09:50:02Z
e_00001134,2026-07-18T09:59:31Z
e_0000119a,2026-07-18T10:04:43Z
e_000011ab,2026-07-18T12:56:59Z
e_00001191,2026-07-18T13:20:29Z
e_0000119d,2026-07-18T13:31:05Z
e_000010a4,2026-07-18T13:43:12Z
e_000011c6,2026-07-18T14:51:03Z
e_00001192,2026-07-18T15:59:15Z
e_00001102,2026-07-18T16:10:32Z
e_000011a6,2026-07-18T16:39:07Z
e_00001128,2026-07-18T16:58:56Z
e_0000105c,2026-07-18T17:01:26Z
e_000011a3,2026-07-18T17:23:05Z
e_0000116b,2026-07-18T17:30:10Z
e_000011b3,2026-07-18T17:55:11Z
e_000010a7,2026-07-18T17:57:43Z
e_000010df,2026-07-18T18:28:46Z
e_000011a7,2026-07-18T18:48:49Z
e_00001135,2026-07-18T19:41:23Z
e_000010b8,2026-07-18T19:47:00Z
e_000011aa,2026-07-18T20:33:47Z
e_00001096,2026-07-18T22:35:55Z
e_000011a8,2026-07-18T22:42:30Z
e_00001193,2026-07-18T22:45:36Z
e_0000118e,2026-07-18T23:01:50Z
e_0000119c,2026-07-18T23:07:37Z
e_000011a5,2026-07-18T23:24:59Z
e_000011bc,2026-07-18T23:38:56Z
e_000011b2,2026-07-19T00:23:49Z
e_000011f3,2026-07-19T01:20:36Z
e_000011f8,2026-07-19T01:23:12Z
e_000010e9,2026-07-19T01:43:15Z
e_000010db,2026-07-19T01:46:41Z
e_000011ec,2026-07-19T01:58:54Z
e_0000107f,2026-07-19T02:01:52Z
e_000011dd,2026-07-19T02:32:57Z
e_00001179,2026-07-19T03:02:42Z
e_000011ef,2026-07-19T03:26:55Z
e_00001056,2026-07-19T03:46:19Z
e_000011df,2026-07-19T04:03:33Z
e_0000106b,2026-07-19T04:10:16Z
e_000011dc,2026-07-19T04:46:21Z
e_00001113,2026-07-19T05:01:02Z
e_00001095,2026-07-19T04:59:48Z
e_000011f2,2026-07-19T05:48:31Z
e_0000106e,2026-07-19T05:51:38Z
e_000011d8,2026-07-19T05:56:41Z
e_000011f6,2026-07-19T06:54:46Z
e_0000109c,2026-07-19T07:14:27Z
e_000011e0,2026-07-19T07:18:37Z
e_00001110,2026-07-19T07:31:22Z
e_000011d4,2026-07-19T07:35:14Z
e_0000105a,2026-07-19T07:48:54Z
e_00001171,2026-07-19T08:03:42Z
e_000010e1,2026-07-19T08:34:05Z
e_00000fa7,2026-07-19T08:34:46Z
e_00001050,2026-07-19T08:37:24Z
e_000011e8,2026-07-19T08:33:58Z
e_000011f4,2026-07-19T09:20:31Z
e_00000f37,2026-07-19T09:31:19Z
e_00001131,2026-07-19T10:08:02Z
e_0000118d,2026-07-19T10:19:56Z
e_000011d5,2026-07-19T10:45:46Z
e_000011e4,2026-07-19T10:42:18Z
e_0000105b,2026-07-19T10:52:12Z
e_000011c9,2026-07-19T11:16:19Z
e_000011ce,2026-07-19T11:47:11Z
e_000011d6,2026-07-19T11:58:26Z
e_000011f7,2026-07-19T12:30:47Z
e_00000e9b,2026-07-19T12:47:47Z
e_000011ee,2026-07-19T13:02:46Z
e_00001154,2026-07-19T14:54:34Z
e_000011fa,2026-07-19T15:19:05Z
e_000011f9,2026-07-19T15:45:31Z
e_00000f20,2026-07-19T15:52:07Z
e_000011f5,2026-07-19T16:04:39Z
e_000011d2,2026-07-19T17:21:07Z
e_00000f11,2026-07-19T17:27:53Z
e_0000111f,2026-07-19T18:04:28Z
e_000011a0,2026-07-19T18:09:35Z
e_000011c4,2026-07-19T18:11:28Z
e_000011d7,2026-07-19T19:15:46Z
e_000011e3,2026-07-19T19:24:24Z
e_000011d9,2026-07-19T20:16:30Z
e_000011f1,2026-07-19T21:25:57Z
e_000010a6,2026-07-19T21:31:07Z
e_000011b5,2026-07-19T22:20:51Z
e_0000113b,2026-07-19T23:02:47Z
e_000011ed,2026-07-19T23:08:53Z
e_000011ca,2026-07-19T23:36:36Z
e_000011cd,2026-07-19T23:58:14Z
e_0000107e,2026-07-19T23:57:25Z
e_00001205,2026-07-20T00:15:26Z
e_000011be,2026-07-20T00:29:45Z
e_0000122c,2026-07-20T01:08:36Z
e_0000108c,2026-07-20T01:39:21Z
e_00001221,2026-07-20T01:46:38Z
e_00001178,2026-07-20T01:54:43Z
e_00001218,2026-07-20T02:02:08Z
e_00001047,2026-07-20T03:08:35Z
e_0000123d,2026-07-20T03:13:42Z
e_00001228,2026-07-20T03:41:21Z
e_0000123b,2026-07-20T03:59:56Z
e_00000ed8,2026-07-20T04:21:39Z
e_0000111a,2026-07-20T04:26:37Z
e_00001226,2026-07-20T04:23:39Z
e_00001202,2026-07-20T04:41:49Z
e_00001207,2026-07-20T05:10:26Z
e_00001241,2026-07-20T05:19:47Z
e_0000121a,2026-07-20T05:25:47Z
e_000010c8,2026-07-20T05:32:03Z
e_00001080,2026-07-20T05:35:40Z
e_00001219,2026-07-20T06:23:46Z
e_00001237,2026-07-20T06:39:27Z
e_00001181,2026-07-20T07:25:55Z
e_0000123e,2026-07-20T08:22:23Z
e_00001232,2026-07-20T09:18:41Z
e_000011bf,2026-07-20T09:45:13Z
e_000010c0,2026-07-20T10:31:51Z
e_0000110a,2026-07-20T10:47:16Z
e_00001143,2026-07-20T11:29:31Z
e_00001240,2026-07-20T11:52:10Z
e_00001211,2026-07-20T12:11:57Z
e_00001222,2026-07-20T12:52:02Z
e_0000120b,2026-07-20T13:02:20Z
e_000011b7,2026-07-20T13:11:06Z
e_00001231,2026-07-20T13:25:04Z
e_00001238,2026-07-20T13:21:47Z
e_00001201,2026-07-20T13:36:19Z
e_0000120e,2026-07-20T13:45:38Z
e_0000122b,2026-07-20T14:17:26Z
e_0000121d,2026-07-20T14:21:50Z
e_00001129,2026-07-20T15:20:51Z
e_0000120f,2026-07-20T15:31:40Z
e_00001210,2026-07-20T16:09:26Z
e_00001216,2026-07-20T16:35:26Z
e_00001152,2026-07-20T17:07:36Z
e_00001112,2026-07-20T17:41:16Z
e_00001091,2026-07-20T19:13:32Z
e_0000123a,2026-07-20T19:34:59Z
e_0000120c,2026-07-20T19:41:03Z
e_00001165,2026-07-20T19:42:26Z
e_0000121c,2026-07-20T20:45:24Z
e_000010c2,2026-07-20T20:49:39Z
e_000011fb,2026-07-20T21:09:23Z
e_000010a3,2026-07-20T22:17:41Z
e_00001233,2026-07-20T22:44:44Z
e_00001227,2026-07-20T22:43:18Z
e_000010ae,2026-07-20T23:30:13Z
e_000011fd,2026-07-20T23:46:06Z
e_000010dd,2026-07-21T00:07:32Z
e_0000121b,2026-07-21T00:06:02Z
e_000010f6,2026-07-21T01:30:16Z
e_000010e2,2026-07-21T01:42:24Z
e_000010f7,2026-07-21T02:27:53Z
e_00001288,2026-07-21T03:33:12Z
e_0000128b,2026-07-21T04:10:34Z
e_00001251,2026-07-21T04:27:05Z
e_0000111b,2026-07-21T04:29:23Z
e_00001182,2026-07-21T04:34:40Z
e_0000127c,2026-07-21T04:53:48Z
e_00001274,2026-07-21T05:57:32Z
e_00001266,2026-07-21T06:03:37Z
e_0000125d,2026-07-21T07:16:24Z
e_00001170,2026-07-21T07:38:29Z
e_00001262,2026-07-21T09:44:18Z
e_00001272,2026-07-21T10:08:48Z
e_00001267,2026-07-21T11:14:33Z
e_00001248,2026-07-21T11:22:04Z
e_0000113d,2026-07-21T11:33:12Z
e_00001136,2026-07-21T12:12:11Z
e_00001244,2026-07-21T12:29:23Z
e_00000fb1,2026-07-21T12:53:24Z
e_0000124f,2026-07-21T12:54:36Z
e_00001132,2026-07-21T12:54:38Z
e_00000f51,2026-07-21T12:56:59Z
e_00001242,2026-07-21T12:52:09Z
e_0000117e,2026-07-21T13:15:42Z
e_00001164,2026-07-21T13:23:04Z
e_000011d1,2026-07-21T13:24:38Z
e_00000f35,2026-07-21T14:40:59Z
e_00001137,2026-07-21T15:22:56Z
e_00001277,2026-07-21T15:29:11Z
e_00001003,2026-07-21T15:38:18Z
e_0000124e,2026-07-21T16:17:16Z
e_0000126e,2026-07-21T16:30:10Z
e_0000119f,2026-07-21T17:17:55Z
e_00001259,2026-07-21T18:18:46Z
e_00001258,2026-07-21T18:21:44Z
e_000010da,2026-07-21T18:43:25Z
e_00001252,2026-07-21T18:54:43Z
e_00001243,2026-07-21T18:57:20Z
e_00001265,2026-07-21T19:34:47Z
e_00001273,2026-07-21T20:01:04Z
e_0000126b,2026-07-21T20:06:40Z
e_0000118b,2026-07-21T20:52:25Z
e_00001071,2026-07-21T21:33:37Z
e_00001284,2026-07-21T21:42:05Z
e_00001285,2026-07-21T21:54:49Z
e_0000100f,2026-07-21T21:57:50Z
e_00001177,2026-07-21T22:09:15Z
e_00001264,2026-07-21T22:26:03Z
e_00001101,2026-07-21T22:36:57Z
e_0000110d,2026-07-21T22:34:55Z
e_00001271,2026-07-21T22:56:37Z
e_00001224,2026-07-21T23:17:41Z
e_00001275,2026-07-21T23:21:59Z
e_00001281,2026-07-21T23:49:49Z
e_000010f5,2026-07-22T00:22:30Z
e_000010d9,2026-07-22T00:28:00Z
e_00001263,2026-07-22T00:38:24Z
e_000012b4,2026-07-22T00:37:33Z
e_0000129e,2026-07-22T01:03:04Z
e_00001175,2026-07-22T01:23:51Z
e_0000129a,2026-07-22T01:31:27Z
e_000012a7,2026-07-22T01:40:23Z
e_0000113c,2026-07-22T02:01:31Z
e_00001150,2026-07-22T02:39:41Z
e_000012ab,2026-07-22T02:35:18Z
e_000012ac,2026-07-22T03:53:58Z
e_000012b3,2026-07-22T03:50:42Z
e_00001067,2026-07-22T03:58:37Z
e_000011c8,2026-07-22T05:48:34Z
e_000012b2,2026-07-22T05:59:28Z
e_0000129c,2026-07-22T05:51:37Z
e_00001293,2026-07-22T06:01:32Z
e_0000116f,2026-07-22T06:12:33Z
e_00001290,2026-07-22T07:03:46Z
e_000012b1,2026-07-22T07:37:35Z
e_0000123c,2026-07-22T08:17:34Z
e_00001074,2026-07-22T08:56:57Z
e_0000129d,2026-07-22T09:02:44Z
e_0000117c,2026-07-22T09:23:32Z
e_00001292,2026-07-22T10:06:30Z
e_0000113e,2026-07-22T10:09:03Z
e_00001196,2026-07-22T10:24:09Z
e_000012a6,2026-07-22T10:37:40Z
e_00001184,2026-07-22T11:10:20Z
e_0000122d,2026-07-22T13:04:41Z
e_000011ba,2026-07-22T13:15:40Z
e_000011cf,2026-07-22T13:19:03Z
e_0000128c,2026-07-22T13:36:01Z
e_00001005,2026-07-22T13:55:50Z
e_000012a2,2026-07-22T14:10:12Z
e_00001291,2026-07-22T15:59:28Z
e_00001220,2026-07-22T17:00:01Z
e_00001299,2026-07-22T17:27:56Z
e_000011ae,2026-07-22T17:39:03Z
e_00000ff5,2026-07-22T17:43:31Z
e_0000124b,2026-07-22T18:02:50Z
e_0000114c,2026-07-22T18:41:25Z
e_000012a1,2026-07-22T18:54:31Z
e_0000128d,2026-07-22T20:03:57Z
e_00001298,2026-07-22T20:01:36Z
e_00001186,2026-07-22T21:44:21Z
e_0000128e,2026-07-22T23:00:51Z
e_00001282,2026-07-23T00:08:29Z
e_0000128f,2026-07-23T00:49:13Z
e_000011cb,2026-07-23T01:27:59Z
e_000012d8,2026-07-23T01:25:04Z
e_0000112f,2026-07-23T02:23:09Z
e_0000127b,2026-07-23T02:58:09Z
e_00001174,2026-07-23T03:17:52Z
e_000012c9,2026-07-23T03:42:22Z
e_00001249,2026-07-23T04:02:57Z
e_000012ca,2026-07-23T04:03:44Z
e_00001225,2026-07-23T04:10:35Z
e_000012cc,2026-07-23T04:07:51Z
e_000012be,2026-07-23T04:24:54Z
e_000012a0,2026-07-23T05:01:03Z
e_000012de,2026-07-23T05:04:39Z
e_000012d2,2026-07-23T05:07:33Z
e_000012d5,2026-07-23T05:52:48Z
e_000011b1,2026-07-23T05:56:47Z
e_000012d0,2026-07-23T06:14:32Z
e_000012cb,2026-07-23T07:13:55Z
e_00001280,2026-07-23T07:08:55Z
e_0000107a,2026-07-23T07:45:07Z
e_000012d6,2026-07-23T08:09:43Z
e_000011eb,2026-07-23T08:20:55Z
e_000012cf,2026-07-23T08:25:25Z
e_00000fd1,2026-07-23T08:42:42Z
e_000012c6,2026-07-23T09:27:52Z
e_0000117d,2026-07-23T09:33:10Z
e_000012d9,2026-07-23T09:46:58Z
e_000011b4,2026-07-23T11:16:50Z
e_0000125a,2026-07-23T13:30:21Z
e_000012b9,2026-07-23T13:44:54Z
e_00001295,2026-07-23T14:49:23Z
e_000011e7,2026-07-23T15:08:52Z
e_000012a9,2026-07-23T15:22:58Z
e_000011de,2026-07-23T15:31:27Z
e_000011a1,2026-07-23T15:44:40Z
e_000012d7,2026-07-23T16:06:27Z
e_000010ce,2026-07-23T18:14:03Z
e_000011bd,2026-07-23T18:17:02Z
e_000011a2,2026-07-23T18:26:08Z
e_000012bc,2026-07-23T18:33:09Z
e_000012c8,2026-07-23T18:39:13Z
e_000012c5,2026-07-23T18:39:56Z
e_000012c1,2026-07-23T18:49:40Z
e_0000103d,2026-07-23T19:30:30Z
e_000012cd,2026-07-23T20:07:07Z
e_000012c0,2026-07-23T20:35:18Z
e_000012ae,2026-07-23T20:50:04Z
e_000011e9,2026-07-23T20:59:03Z
e_000012bd,2026-07-23T21:53:46Z
e_000012df,2026-07-23T22:55:06Z
e_000012c4,2026-07-23T23:15:36Z
e_0000127e,2026-07-23T23:53:09Z
e_000012d4,2026-07-24T00:19:59Z
e_000012b8,2026-07-24T00:27:16Z
e_00001297,2026-07-24T00:57:13Z
e_00001183,2026-07-24T01:11:46Z
e_0000129f,2026-07-24T02:07:18Z
e_000012e2,2026-07-24T02:09:09Z
e_00001194,2026-07-24T02:37:14Z
e_00001305,2026-07-24T02:54:16Z
e_0000116c,2026-07-24T03:17:59Z
e_000012fe,2026-07-24T03:57:32Z
e_00001287,2026-07-24T04:09:26Z
e_0000130d,2026-07-24T04:26:36Z
e_000012ed,2026-07-24T04:32:19Z
e_00001326,2026-07-24T04:50:27Z
e_00001195,2026-07-24T04:50:12Z
e_000012fb,2026-07-24T05:10:21Z
e_000012b6,2026-07-24T06:07:31Z
e_0000101d,2026-07-24T06:13:17Z
e_00001327,2026-07-24T06:24:10Z
e_000011c7,2026-07-24T06:35:21Z
e_0000127a,2026-07-24T07:14:51Z
e_000012ef,2026-07-24T07:40:09Z
e_00001325,2026-07-24T08:14:02Z
e_00001300,2026-07-24T08:18:02Z
e_0000122e,2026-07-24T08:36:16Z
e_00001313,2026-07-24T08:41:30Z
e_000012f0,2026-07-24T08:48:42Z
e_000011b6,2026-07-24T09:22:03Z
e_000012aa,2026-07-24T09:27:22Z
e_000012dc,2026-07-24T09:53:44Z
e_000012ff,2026-07-24T10:39:01Z
e_000012e3,2026-07-24T11:04:36Z
e_0000127f,2026-07-24T11:44:41Z
e_00001245,2026-07-24T13:01:23Z
e_000011da,2026-07-24T13:15:46Z
e_00001203,2026-07-24T13:29:04Z
e_00001317,2026-07-24T13:59:06Z
e_000012fa,2026-07-24T14:13:01Z
e_0000131a,2026-07-24T14:12:13Z
e_000012f4,2026-07-24T14:11:12Z
e_000011ad,2026-07-24T14:18:01Z
e_00001247,2026-07-24T14:13:23Z
e_000012ee,2026-07-24T14:38:02Z
e_00001323,2026-07-24T14:58:52Z
e_000012fc,2026-07-24T15:40:16Z
e_00001307,2026-07-24T15:43:34Z
e_0000118a,2026-07-24T16:15:28Z
e_000012ec,2026-07-24T16:56:48Z
e_00001312,2026-07-24T17:28:49Z
e_00001270,2026-07-24T18:01:07Z
e_0000130c,2026-07-24T18:03:21Z
e_000011c5,2026-07-24T18:22:31Z
e_0000120a,2026-07-24T18:37:27Z
e_000012f3,2026-07-24T18:56:41Z
e_000012e7,2026-07-24T19:35:20Z
e_0000131e,2026-07-24T19:52:49Z
e_0000125b,2026-07-24T19:58:35Z
e_00000ffa,2026-07-24T19:57:50Z
e_0000125f,2026-07-24T20:12:34Z
e_0000130e,2026-07-24T20:49:36Z
e_0000132c,2026-07-24T20:54:06Z
e_00001278,2026-07-24T21:27:43Z
e_000011e6,2026-07-24T22:10:45Z
e_000012f5,2026-07-24T22:44:03Z
e_00001269,2026-07-24T23:18:05Z
e_00001253,2026-07-24T23:37:38Z
e_00001223,2026-07-24T23:44:56Z
e_00001208,2026-07-25T00:20:11Z
e_000012e6,2026-07-25T00:20:16Z
e_00001268,2026-07-25T00:32:13Z
e_0000124c,2026-07-25T00:54:40Z
e_00001337,2026-07-25T01:07:30Z
e_0000135c,2026-07-25T01:26:56Z
e_000011e1,2026-07-25T02:16:48Z
e_0000134c,2026-07-25T02:28:23Z
e_00001361,2026-07-25T03:18:21Z
e_0000134b,2026-07-25T03:51:52Z
e_0000135e,2026-07-25T05:14:44Z
e_00001352,2026-07-25T05:48:58Z
e_0000133b,2026-07-25T05:54:24Z
e_0000126d,2026-07-25T05:55:56Z
e_0000121e,2026-07-25T06:05:54Z
e_00001354,2026-07-25T06:26:44Z
e_000011e2,2026-07-25T06:51:33Z
e_00001331,2026-07-25T07:44:02Z
e_00001236,2026-07-25T07:53:02Z
e_0000133e,2026-07-25T08:38:28Z
e_000011db,2026-07-25T09:09:38Z
e_00001343,2026-07-25T10:04:21Z
e_00001286,2026-07-25T10:33:16Z
e_00001350,2026-07-25T10:50:38Z
e_0000126f,2026-07-25T11:03:19Z
e_00001279,2026-07-25T10:59:29Z
e_000011e5,2026-07-25T11:40:13Z
e_00001256,2026-07-25T11:40:50Z
e_00001351,2026-07-25T11:52:31Z
e_0000135a,2026-07-25T11:53:20Z
e_00001359,2026-07-25T11:53:29Z
e_00001360,2026-07-25T11:58:08Z
e_000011a4,2026-07-25T12:32:04Z
e_0000133a,2026-07-25T12:41:55Z
e_00001365,2026-07-25T12:34:41Z
e_00001353,2026-07-25T13:23:38Z
e_000012ad,2026-07-25T14:12:18Z
e_00001338,2026-07-25T14:14:10Z
e_00001213,2026-07-25T14:14:38Z
e_00001356,2026-07-25T14:25:41Z
e_00001341,2026-07-25T15:41:56Z
e_00001318,2026-07-25T16:21:43Z
e_0000134f,2026-07-25T16:51:59Z
e_0000125c,2026-07-25T17:24:22Z
e_000011a9,2026-07-25T17:24:26Z
e_00001347,2026-07-25T17:36:35Z
e_00001332,2026-07-25T18:19:29Z
e_00001319,2026-07-25T19:24:10Z
e_0000134e,2026-07-25T19:23:50Z
e_0000135f,2026-07-25T20:28:22Z
e_0000135b,2026-07-25T20:39:19Z
e_000011ea,2026-07-25T21:37:30Z
e_00001315,2026-07-25T21:49:26Z
e_00001254,2026-07-25T22:52:49Z
e_0000134d,2026-07-25T23:35:32Z
e_0000130a,2026-07-25T23:43:42Z
e_000012f7,2026-07-26T01:01:41Z
e_000011d0,2026-07-26T01:09:38Z
e_0000136b,2026-07-26T01:12:02Z
e_0000136e,2026-07-26T02:52:34Z
e_000012a5,2026-07-26T04:01:48Z
e_00001320,2026-07-26T04:03:05Z
e_00001384,2026-07-26T04:12:41Z
e_000011d3,2026-07-26T04:47:49Z
e_00001083,2026-07-26T05:20:16Z
e_0000126a,2026-07-26T05:25:26Z
e_00001229,2026-07-26T05:51:40Z
e_00001366,2026-07-26T05:51:40Z
e_00001370,2026-07-26T06:13:59Z
e_00001328,2026-07-26T06:22:41Z
e_00001138,2026-07-26T06:25:45Z
e_0000136f,2026-07-26T06:43:12Z
e_0000137e,2026-07-26T06:51:31Z
e_00001379,2026-07-26T07:15:35Z
e_0000122f,2026-07-26T07:53:14Z
e_000012af,2026-07-26T07:52:12Z
e_00001369,2026-07-26T08:07:43Z
e_00001204,2026-07-26T08:30:13Z
e_000011ff,2026-07-26T08:51:14Z
e_000010bb,2026-07-26T09:06:57Z
e_0000138c,2026-07-26T09:51:40Z
e_00001373,2026-07-26T10:13:05Z
e_00001329,2026-07-26T10:12:32Z
e_0000126c,2026-07-26T10:36:02Z
e_00001383,2026-07-26T10:40:11Z
e_0000136a,2026-07-26T10:56:03Z
e_000012e8,2026-07-26T11:03:33Z
e_00001378,2026-07-26T11:23:16Z
e_00001212,2026-07-26T11:43:55Z
e_0000138d,2026-07-26T13:13:50Z
e_00001368,2026-07-26T13:23:21Z
e_0000123f,2026-07-26T13:57:13Z
e_0000138f,2026-07-26T14:51:19Z
e_00001386,2026-07-26T15:52:47Z
e_000012e1,2026-07-26T16:03:01Z
e_00001381,2026-07-26T16:36:30Z
e_0000138e,2026-07-26T16:33:58Z
e_0000133f,2026-07-26T17:02:34Z
e_0000121f,2026-07-26T17:09:28Z
e_00001374,2026-07-26T17:30:15Z
e_00001390,2026-07-26T18:05:45Z
e_0000136c,2026-07-26T18:12:39Z
e_00001372,2026-07-26T19:26:37Z
e_00001367,2026-07-26T19:30:14Z
e_000012da,2026-07-26T20:20:55Z
e_00001209,2026-07-26T20:26:25Z
e_00001380,2026-07-26T21:28:47Z
e_00001375,2026-07-26T21:40:05Z
e_00001376,2026-07-26T22:12:10Z
e_0000136d,2026-07-26T23:39:12Z
e_0000138b,2026-07-26T23:53:52Z
e_00001382,2026-07-27T00:17:58Z
e_000013a9,2026-07-27T00:35:16Z
e_000013a1,2026-07-27T01:33:25Z
e_000013a8,2026-07-27T02:18:56Z
e_00001398,2026-07-27T02:52:00Z
e_00001399,2026-07-27T03:03:15Z
e_000013a7,2026-07-27T03:19:42Z
e_00001214,2026-07-27T03:20:11Z
e_00001289,2026-07-27T03:40:37Z
e_0000139b,2026-07-27T03:43:09Z
e_0000132e,2026-07-27T03:41:28Z
e_0000130b,2026-07-27T05:54:21Z
e_000011fe,2026-07-27T06:22:14Z
e_00001215,2026-07-27T06:38:48Z
e_00001235,2026-07-27T07:04:14Z
e_000010a9,2026-07-27T07:35:47Z
e_00001302,2026-07-27T07:52:45Z
e_000013bd,2026-07-27T09:06:50Z
e_000013a6,2026-07-27T10:27:24Z
e_00001344,2026-07-27T10:26:20Z
e_000013bb,2026-07-27T11:14:15Z
e_0000127d,2026-07-27T11:18:59Z
e_00001330,2026-07-27T11:28:53Z
e_000013be,2026-07-27T11:32:47Z
e_00001296,2026-07-27T12:13:36Z
e_00001397,2026-07-27T12:18:45Z
e_00001396,2026-07-27T12:48:04Z
e_000012a8,2026-07-27T12:44:31Z
e_00001234,2026-07-27T13:44:39Z
e_0000125e,2026-07-27T13:41:17Z
e_000013ab,2026-07-27T13:40:59Z
e_0000124a,2026-07-27T13:46:24Z
e_0000137d,2026-07-27T14:36:23Z
e_00001144,2026-07-27T14:51:43Z
e_000013b9,2026-07-27T15:40:49Z
e_00001200,2026-07-27T15:46:36Z
e_000013aa,2026-07-27T15:55:51Z
e_0000139a,2026-07-27T16:26:31Z
e_00001294,2026-07-27T16:44:14Z
e_000013b5,2026-07-27T17:38:47Z
e_000012e5,2026-07-27T18:03:12Z
e_000012b5,2026-07-27T18:13:01Z
e_000012ba,2026-07-27T18:48:38Z
e_000013a2,2026-07-27T18:50:23Z
e_00001260,2026-07-27T21:21:21Z
e_00001362,2026-07-27T22:08:47Z
e_000013a5,2026-07-27T22:14:44Z
e_000013b0,2026-07-27T22:50:12Z
e_000013b7,2026-07-27T22:56:06Z
e_000013b4,2026-07-27T23:03:24Z
e_000013ba,2026-07-27T23:32:03Z
e_00001358,2026-07-27T23:44:39Z
e_00001246,2026-07-28T00:06:40Z
e_00001310,2026-07-28T00:18:30Z
e_0000139d,2026-07-28T00:39:14Z
e_000013e9,2026-07-28T01:17:32Z
e_000013f9,2026-07-28T01:20:58Z
e_00001276,2026-07-28T01:27:50Z
e_000011af,2026-07-28T01:36:20Z
e_0000131b,2026-07-28T01:56:22Z
e_000013e1,2026-07-28T02:08:31Z
e_000013cb,2026-07-28T02:09:39Z
e_00001255,2026-07-28T02:40:38Z
e_000010f0,2026-07-28T03:36:15Z
e_000013bf,2026-07-28T03:47:00Z
e_000013cf,2026-07-28T03:51:13Z
e_000013f0,2026-07-28T03:45:42Z
e_00001335,2026-07-28T04:22:39Z
e_000013d8,2026-07-28T04:37:30Z
e_000013c1,2026-07-28T04:41:18Z
e_00001309,2026-07-28T05:21:12Z
e_000013de,2026-07-28T05:14:13Z
e_000013d0,2026-07-28T05:28:12Z
e_00001333,2026-07-28T06:15:09Z
e_000013e2,2026-07-28T06:34:52Z
e_000013ca,2026-07-28T06:48:51Z
e_00001348,2026-07-28T06:51:54Z
e_0000131c,2026-07-28T07:21:48Z
e_00001357,2026-07-28T07:51:43Z
e_000012a3,2026-07-28T07:55:47Z
e_000012eb,2026-07-28T08:03:33Z
e_00001304,2026-07-28T08:35:38Z
e_0000130f,2026-07-28T09:45:02Z
e_000013d2,2026-07-28T09:45:33Z
e_000013ec,2026-07-28T10:15:58Z
e_000013d7,2026-07-28T10:25:29Z
e_000013e0,2026-07-28T11:14:42Z
e_000012b0,2026-07-28T11:30:27Z
e_000012c3,2026-07-28T11:37:19Z
e_000013e8,2026-07-28T11:58:03Z
e_000013db,2026-07-28T12:02:19Z
e_00001316,2026-07-28T12:38:38Z
e_000012dd,2026-07-28T12:34:38Z
e_000013cd,2026-07-28T14:49:53Z
e_000012a4,2026-07-28T15:06:50Z
e_000013c0,2026-07-28T15:08:23Z
e_0000132d,2026-07-28T15:33:24Z
e_000010cb,2026-07-28T15:39:36Z
e_000013dd,2026-07-28T16:04:46Z
e_0000133c,2026-07-28T17:05:38Z
e_000013ff,2026-07-28T17:30:24Z
e_00001400,2026-07-28T17:42:28Z
e_0000132b,2026-07-28T17:50:12Z
e_00001283,2026-07-28T18:22:14Z
e_000013d1,2026-07-28T18:45:04Z
e_000013eb,2026-07-28T19:14:33Z
e_000013e3,2026-07-28T20:32:13Z
e_000013e4,2026-07-28T21:40:25Z
e_000013fd,2026-07-28T22:18:25Z
e_000013df,2026-07-28T22:45:16Z
e_000013c5,2026-07-28T22:39:46Z
e_000013f5,2026-07-29T00:11:52Z
e_000013fe,2026-07-29T00:41:39Z
e_00001406,2026-07-29T01:03:01Z
e_00001401,2026-07-29T01:11:34Z
e_0000131f,2026-07-29T02:04:05Z
e_0000131d,2026-07-29T02:08:06Z
e_00001392,2026-07-29T02:56:57Z
e_0000135d,2026-07-29T03:09:46Z
e_00001410,2026-07-29T03:13:23Z
e_000012e4,2026-07-29T03:24:16Z
e_00001423,2026-07-29T03:40:19Z
e_00001408,2026-07-29T04:38:47Z
e_00001439,2026-07-29T05:20:37Z
e_0000142c,2026-07-29T05:26:41Z
e_00001346,2026-07-29T06:00:42Z
e_0000142b,2026-07-29T06:05:26Z
e_0000119b,2026-07-29T06:18:14Z
e_0000140e,2026-07-29T06:43:14Z
e_0000140b,2026-07-29T07:30:13Z
e_00001431,2026-07-29T07:55:38Z
e_000012f9,2026-07-29T08:11:42Z
e_00001123,2026-07-29T08:30:13Z
e_0000137c,2026-07-29T08:40:27Z
e_00001409,2026-07-29T08:43:57Z
e_00001334,2026-07-29T10:42:48Z
e_00001345,2026-07-29T11:11:16Z
e_000013b8,2026-07-29T11:20:55Z
e_00001412,2026-07-29T11:53:49Z
e_00001414,2026-07-29T12:00:03Z
e_0000142a,2026-07-29T12:08:05Z
e_00001402,2026-07-29T12:30:02Z
e_0000143b,2026-07-29T12:32:46Z
e_00001411,2026-07-29T12:36:18Z
e_000013da,2026-07-29T12:45:56Z
e_00001427,2026-07-29T12:40:08Z
e_00001391,2026-07-29T13:11:21Z
e_00001422,2026-07-29T13:29:49Z
e_0000141d,2026-07-29T14:09:22Z
e_00001311,2026-07-29T14:48:37Z
e_00001387,2026-07-29T14:58:07Z
e_00001303,2026-07-29T15:24:05Z
e_0000143a,2026-07-29T16:14:25Z
e_00001429,2026-07-29T16:22:24Z
e_0000142d,2026-07-29T17:38:27Z
e_00001385,2026-07-29T17:57:56Z
e_000010fe,2026-07-29T18:12:54Z
e_000013c4,2026-07-29T18:25:25Z
e_00001415,2026-07-29T18:53:17Z
e_00001426,2026-07-29T19:25:02Z
e_000012c2,2026-07-29T19:54:41Z
e_00001349,2026-07-29T19:58:29Z
e_00001394,2026-07-29T20:09:50Z
e_00001425,2026-07-29T20:18:16Z
e_000013d5,2026-07-29T21:03:17Z
e_000013ac,2026-07-29T21:12:49Z
e_0000141a,2026-07-29T21:58:27Z
e_00001239,2026-07-29T21:59:19Z
e_0000140a,2026-07-29T22:04:43Z
e_0000141b,2026-07-29T22:29:27Z
e_00001428,2026-07-29T23:03:13Z
e_000013b2,2026-07-29T22:59:45Z
e_00001404,2026-07-29T23:31:00Z
e_00001433,2026-07-29T23:43:03Z
e_0000140f,2026-07-30T00:02:59Z
e_00001434,2026-07-30T00:13:31Z
e_00001407,2026-07-30T00:29:03Z
e_000012db,2026-07-30T00:58:21Z
e_00001464,2026-07-30T01:32:08Z
e_00001230,2026-07-30T01:42:18Z
e_000012f6,2026-07-30T02:44:35Z
e_00001308,2026-07-30T02:49:26Z
e_00001440,2026-07-30T03:00:44Z
e_00001445,2026-07-30T03:15:58Z
e_0000145b,2026-07-30T03:20:10Z
e_00001363,2026-07-30T03:27:54Z
e_0000146c,2026-07-30T03:35:07Z
e_00001448,2026-07-30T03:40:26Z
e_00001468,2026-07-30T03:37:04Z
e_000013f1,2026-07-30T04:21:24Z
e_0000145c,2026-07-30T04:42:02Z
e_0000146b,2026-07-30T05:07:13Z
e_0000143f,2026-07-30T06:52:54Z
e_000013e7,2026-07-30T07:07:15Z
e_00001460,2026-07-30T07:10:42Z
e_000011f0,2026-07-30T07:12:34Z
e_0000120d,2026-07-30T08:13:30Z
e_00001452,2026-07-30T08:46:03Z
e_000012e0,2026-07-30T08:53:49Z
e_000012f1,2026-07-30T09:31:59Z
e_000013d9,2026-07-30T09:47:31Z
e_0000145f,2026-07-30T09:45:08Z
e_000012e9,2026-07-30T10:05:23Z
e_00001301,2026-07-30T10:10:26Z
e_000012ea,2026-07-30T12:09:00Z
e_00001447,2026-07-30T12:21:12Z
e_00001477,2026-07-30T12:21:38Z
e_0000144b,2026-07-30T12:34:36Z
e_0000132a,2026-07-30T13:02:25Z
e_000011c1,2026-07-30T13:39:37Z
e_00001364,2026-07-30T13:38:41Z
e_00001321,2026-07-30T14:16:53Z
e_00001455,2026-07-30T14:33:47Z
e_00001172,2026-07-30T15:12:29Z
e_000013ae,2026-07-30T16:26:13Z
e_00001471,2026-07-30T17:02:00Z
e_00001449,2026-07-30T17:10:11Z
e_00001458,2026-07-30T17:24:19Z
e_00001451,2026-07-30T17:54:44Z
e_0000144a,2026-07-30T18:30:26Z
e_00001462,2026-07-30T19:12:48Z
e_00001446,2026-07-30T19:24:59Z
e_000013a3,2026-07-30T20:01:32Z
e_00001459,2026-07-30T21:47:26Z
e_00001403,2026-07-30T22:21:58Z
e_00001472,2026-07-30T22:21:07Z
e_0000144c,2026-07-30T23:52:45Z
e_0000145d,2026-07-30T23:55:40Z
e_00001485,2026-07-31T00:50:15Z
e_0000141e,2026-07-31T01:53:41Z
e_0000148f,2026-07-31T01:49:23Z
e_0000148b,2026-07-31T01:57:29Z
e_000013ef,2026-07-31T02:14:42Z
e_00001430,2026-07-31T02:08:18Z
e_00001314,2026-07-31T02:21:38Z
e_00001488,2026-07-31T03:00:18Z
e_000012f8,2026-07-31T03:15:36Z
e_0000149a,2026-07-31T05:59:43Z
e_000013e5,2026-07-31T05:59:44Z
e_00001322,2026-07-31T07:59:58Z
e_00001389,2026-07-31T08:16:34Z
e_000012d1,2026-07-31T09:27:10Z
e_0000138a,2026-07-31T09:28:56Z
e_0000132f,2026-07-31T09:51:02Z
e_000014a7,2026-07-31T09:50:27Z
e_00001466,2026-07-31T10:16:09Z
e_00001493,2026-07-31T10:48:52Z
e_00001487,2026-07-31T10:53:21Z
e_000013c6,2026-07-31T10:57:26Z
e_00001479,2026-07-31T11:32:16Z
e_00001438,2026-07-31T11:38:46Z
e_00001478,2026-07-31T11:44:34Z
e_0000149c,2026-07-31T12:03:11Z
e_00001436,2026-07-31T12:23:29Z
e_000014a1,2026-07-31T13:00:06Z
e_00001486,2026-07-31T13:43:33Z
e_00001498,2026-07-31T14:29:29Z
e_00001444,2026-07-31T14:35:22Z
e_00001470,2026-07-31T15:16:47Z
e_000013d3,2026-07-31T16:18:48Z
e_0000149f,2026-07-31T16:34:03Z
e_0000137b,2026-07-31T17:00:35Z
e_0000133d,2026-07-31T17:04:59Z
e_00001489,2026-07-31T17:44:03Z
e_0000147d,2026-07-31T17:49:48Z
e_0000147c,2026-07-31T18:57:15Z
e_0000148d,2026-07-31T19:23:05Z
e_000014a2,2026-07-31T19:41:30Z
e_0000148e,2026-07-31T19:49:11Z
e_0000149b,2026-07-31T20:08:20Z
e_00001257,2026-07-31T20:23:58Z
e_000014a8,2026-07-31T20:21:52Z
e_0000148c,2026-07-31T20:37:12Z
e_00001463,2026-07-31T21:47:32Z
e_000012b7,2026-07-31T21:52:33Z
e_00001494,2026-07-31T22:24:19Z
e_00001483,2026-07-31T22:50:54Z
e_000013ee,2026-07-31T23:03:09Z
e_00001450,2026-07-31T23:33:38Z
e_0000147e,2026-07-31T23:57:55Z
e_00002165,2026-08-01T00:47:56Z
e_0000218c,2026-08-01T01:15:11Z
e_000014dc,2026-08-01T01:13:30Z
e_00002183,2026-08-01T01:19:29Z
e_000014aa,2026-08-01T01:33:50Z
e_000014d4,2026-08-01T01:55:37Z
e_0000217c,2026-08-01T02:59:58Z
e_000014c5,2026-08-01T03:23:25Z
e_000011bb,2026-08-01T03:33:37Z
e_00002163,2026-08-01T03:45:21Z
e_000014a9,2026-08-01T04:25:07Z
e_00001457,2026-08-01T04:46:38Z
e_000013ce,2026-08-01T05:35:19Z
e_000029ca,2026-08-01T05:36:14Z
e_00001388,2026-08-01T05:54:06Z
e_000029c0,2026-08-01T06:21:28Z
e_000029cc,2026-08-01T06:17:03Z
e_00001e8c,2026-08-01T06:30:04Z
e_0000216d,2026-08-01T06:27:43Z
e_00001e8b,2026-08-01T06:25:44Z
e_000029d4,2026-08-01T06:32:24Z
e_000029c9,2026-08-01T06:44:37Z
e_00002185,2026-08-01T06:50:44Z
e_000014d5,2026-08-01T07:02:43Z
e_00001e84,2026-08-01T07:08:41Z
e_00001e92,2026-08-01T07:20:20Z
e_000014b3,2026-08-01T07:12:29Z
e_00002167,2026-08-01T07:12:07Z
e_00002179,2026-08-01T07:18:56Z
e_00001e8a,2026-08-01T07:40:30Z
e_000014c3,2026-08-01T07:53:40Z
e_000014ac,2026-08-01T07:48:36Z
e_000029be,2026-08-01T08:19:47Z
e_000029d1,2026-08-01T08:20:34Z
e_000029d3,2026-08-01T08:49:25Z
e_00001e83,2026-08-01T08:50:46Z
e_00001e8f,2026-08-01T08:52:26Z
e_00001342,2026-08-01T09:13:41Z
e_0000137a,2026-08-01T09:16:35Z
e_000013c2,2026-08-01T09:31:37Z
e_00001e91,2026-08-01T09:33:41Z
e_00002168,2026-08-01T11:05:02Z
e_00001393,2026-08-01T11:39:30Z
e_000013fb,2026-08-01T12:12:36Z
e_000029c4,2026-08-01T12:07:47Z
e_0000134a,2026-08-01T12:20:41Z
e_000029d2,2026-08-01T12:18:22Z
e_00001e86,2026-08-01T12:25:55Z
e_00002169,2026-08-01T12:39:51Z
e_00002189,2026-08-01T12:46:23Z
e_00001e90,2026-08-01T12:44:37Z
e_000014d9,2026-08-01T12:47:41Z
e_00002181,2026-08-01T13:11:24Z
e_000014af,2026-08-01T13:28:35Z
e_000014cd,2026-08-01T13:41:32Z
e_00002182,2026-08-01T13:47:23Z
e_0000216f,2026-08-01T13:47:55Z
e_00002173,2026-08-01T14:10:35Z
e_000014b5,2026-08-01T14:34:06Z
e_000014ba,2026-08-01T14:36:39Z
e_000014d0,2026-08-01T14:41:44Z
e_000029c7,2026-08-01T14:49:10Z
e_00002177,2026-08-01T14:52:25Z
e_000014c2,2026-08-01T14:57:51Z
e_00001e88,2026-08-01T15:11:04Z
e_0000216b,2026-08-01T15:11:36Z
e_000014b2,2026-08-01T15:16:10Z
e_000013cc,2026-08-01T15:41:50Z
e_00002186,2026-08-01T15:54:55Z
e_00001261,2026-08-01T15:57:17Z
e_00001473,2026-08-01T16:12:47Z
e_000029cd,2026-08-01T16:34:23Z
e_0000216e,2026-08-01T16:46:34Z
e_0000218a,2026-08-01T16:44:05Z
e_0000143d,2026-08-01T17:01:30Z
e_00002175,2026-08-01T16:56:58Z
e_0000217f,2026-08-01T17:06:11Z
e_00001e8d,2026-08-01T17:08:31Z
e_000029bf,2026-08-01T17:11:07Z
e_000014da,2026-08-01T17:13:12Z
e_000014bd,2026-08-01T17:48:33Z
e_000014c8,2026-08-01T17:47:17Z
e_00001420,2026-08-01T17:57:40Z
e_0000139e,2026-08-01T18:24:06Z
e_000029ce,2026-08-01T18:23:39Z
e_000029c2,2026-08-01T19:27:34Z
e_000029c6,2026-08-01T19:42:08Z
e_0000218e,2026-08-01T19:49:19Z
e_0000217d,2026-08-01T19:59:52Z
e_000014c7,2026-08-01T19:52:46Z
e_00002166,2026-08-01T19:59:59Z
e_0000217a,2026-08-01T20:09:51Z
e_00001e87,2026-08-01T20:12:21Z
e_00001e85,2026-08-01T20:10:58Z
e_000014c4,2026-08-01T20:13:22Z
e_0000140c,2026-08-01T20:36:47Z
e_000013a4,2026-08-01T20:33:05Z
e_00001443,2026-08-01T20:38:04Z
e_000029c8,2026-08-01T20:45:41Z
e_000014de,2026-08-01T20:46:13Z
e_00002171,2026-08-01T20:54:33Z
e_00001456,2026-08-01T20:53:15Z
e_00001467,2026-08-01T20:56:01Z
e_00001e89,2026-08-01T21:08:24Z
e_000014b6,2026-08-01T21:22:18Z
e_000013af,2026-08-01T22:28:36Z
e_00001206,2026-08-01T22:32:59Z
e_000029cf,2026-08-01T23:00:36Z
e_00001e8e,2026-08-01T23:32:43Z
e_00002187,2026-08-01T23:44:48Z
e_000014d7,2026-08-02T00:09:33Z
e_0000218f,2026-08-02T00:13:00Z
e_000014df,2026-08-02T00:46:02Z
e_0000219b,2026-08-02T00:51:02Z
e_00002184,2026-08-02T01:22:07Z
e_000014ef,2026-08-02T01:33:28Z
e_00002197,2026-08-02T02:49:02Z
e_00002198,2026-08-02T03:03:42Z
e_000014e3,2026-08-02T03:24:01Z
e_000013fa,2026-08-02T03:28:22Z
e_000014e7,2026-08-02T03:41:25Z
e_000021bb,2026-08-02T04:04:56Z
e_00001511,2026-08-02T04:12:01Z
e_00001416,2026-08-02T04:39:57Z
e_000021b6,2026-08-02T05:07:33Z
e_0000124d,2026-08-02T05:15:14Z
e_0000150b,2026-08-02T05:35:39Z
e_00002174,2026-08-02T06:13:11Z
e_00001eb5,2026-08-02T06:07:36Z
e_000029f6,2026-08-02T06:09:38Z
e_000021a7,2026-08-02T06:19:50Z
e_000029e1,2026-08-02T06:53:15Z
e_000014ff,2026-08-02T07:04:27Z
e_00001e94,2026-08-02T06:59:42Z
e_000013f6,2026-08-02T07:00:14Z
e_00001442,2026-08-02T07:19:40Z
e_00001490,2026-08-02T07:17:24Z
e_000029e5,2026-08-02T07:26:29Z
e_0000129b,2026-08-02T07:28:00Z
e_0000144d,2026-08-02T07:38:54Z
e_00001ea3,2026-08-02T07:48:03Z
e_00001eab,2026-08-02T07:48:54Z
e_00001417,2026-08-02T07:55:29Z
e_000021ae,2026-08-02T07:59:32Z
e_00002170,2026-08-02T07:54:13Z
e_00001506,2026-08-02T08:12:36Z
e_00001421,2026-08-02T08:19:17Z
e_00002199,2026-08-02T08:37:08Z
e_000029d0,2026-08-02T09:31:33Z
e_000029e3,2026-08-02T09:42:36Z
e_000021ab,2026-08-02T09:46:16Z
e_000021a6,2026-08-02T10:00:06Z
e_00001502,2026-08-02T10:19:30Z
e_000014fd,2026-08-02T10:24:21Z
e_00001ea7,2026-08-02T10:29:36Z
e_00002191,2026-08-02T10:42:10Z
e_000029f0,2026-08-02T11:09:44Z
e_00001eb1,2026-08-02T11:21:56Z
e_000014e0,2026-08-02T11:26:55Z
e_000029cb,2026-08-02T11:35:20Z
e_000029f5,2026-08-02T11:45:12Z
e_0000144f,2026-08-02T11:56:58Z
e_00001eb4,2026-08-02T12:06:45Z
e_000021c0,2026-08-02T12:10:54Z
e_00001514,2026-08-02T12:29:36Z
e_000029eb,2026-08-02T12:36:50Z
e_0000219d,2026-08-02T12:37:37Z
e_000029ed,2026-08-02T13:01:20Z
e_00001eaf,2026-08-02T13:10:19Z
e_000014f2,2026-08-02T13:05:58Z
e_0000149e,2026-08-02T13:12:32Z
e_00002180,2026-08-02T13:14:35Z
e_00002195,2026-08-02T13:17:33Z
e_00001306,2026-08-02T13:22:39Z
e_00001eae,2026-08-02T13:32:14Z
e_000021ac,2026-08-02T13:49:48Z
e_0000122a,2026-08-02T13:53:51Z
e_000014e2,2026-08-02T14:08:53Z
e_00001510,2026-08-02T14:15:33Z
e_000021ba,2026-08-02T14:17:32Z
e_000013f4,2026-08-02T14:23:07Z
e_0000219a,2026-08-02T14:22:10Z
e_000029ef,2026-08-02T14:21:57Z
e_00001505,2026-08-02T14:29:00Z
e_000013d6,2026-08-02T14:36:38Z
e_000014e9,2026-08-02T14:43:48Z
e_000021bc,2026-08-02T14:58:39Z
e_000029dc,2026-08-02T15:11:30Z
e_00001eb0,2026-08-02T15:21:23Z
e_00001e9f,2026-08-02T15:17:24Z
e_000029f4,2026-08-02T15:39:12Z
e_00002164,2026-08-02T16:01:36Z
e_00001eb3,2026-08-02T16:00:08Z
e_0000218d,2026-08-02T16:37:30Z
e_00001476,2026-08-02T16:53:54Z
e_0000144e,2026-08-02T17:07:54Z
e_000021b7,2026-08-02T17:25:20Z
e_000029df,2026-08-02T17:29:53Z
e_000029c5,2026-08-02T17:34:59Z
e_000029f2,2026-08-02T17:30:14Z
e_0000150d,2026-08-02T17:35:32Z
e_000029e9,2026-08-02T17:54:00Z
e_000029d8,2026-08-02T17:48:01Z
e_00001ead,2026-08-02T17:54:17Z
e_00001eb2,2026-08-02T18:08:58Z
e_000021a1,2026-08-02T18:05:30Z
e_00001ea1,2026-08-02T18:09:11Z
e_000021bd,2026-08-02T18:16:46Z
e_00001e9c,2026-08-02T18:28:38Z
e_00001432,2026-08-02T18:31:36Z
e_000029d6,2026-08-02T18:34:58Z
e_00001e99,2026-08-02T18:39:38Z
e_00002178,2026-08-02T18:41:34Z
e_000029e7,2026-08-02T18:47:23Z
e_00001512,2026-08-02T18:51:55Z
e_00002193,2026-08-02T18:51:40Z
e_000014f4,2026-08-02T19:07:03Z
e_00001eac,2026-08-02T19:01:14Z
e_000029e0,2026-08-02T19:17:38Z
e_000014e1,2026-08-02T19:12:38Z
e_000029de,2026-08-02T19:31:00Z
e_00001ea2,2026-08-02T19:36:40Z
e_000021b5,2026-08-02T19:51:41Z
e_0000139c,2026-08-02T20:00:13Z
e_0000150a,2026-08-02T20:09:31Z
e_000021a3,2026-08-02T20:03:59Z
e_00001ea0,2026-08-02T20:13:05Z
e_000014a6,2026-08-02T20:29:17Z
e_000021a5,2026-08-02T20:41:00Z
e_000014f5,2026-08-02T20:37:27Z
e_000014fb,2026-08-02T20:42:19Z
e_000021af,2026-08-02T20:40:57Z
e_000029d5,2026-08-02T20:46:48Z
e_000029da,2026-08-02T21:05:04Z
e_000021b8,2026-08-02T21:10:44Z
e_00001507,2026-08-02T21:14:28Z
e_00001e9e,2026-08-02T21:26:31Z
e_000029d7,2026-08-02T21:33:35Z
e_00001e97,2026-08-02T21:41:48Z
e_0000150e,2026-08-02T21:49:23Z
e_000013f3,2026-08-02T21:48:44Z
e_0000219f,2026-08-02T22:09:48Z
e_0000147a,2026-08-02T22:11:00Z
e_00002190,2026-08-02T22:10:20Z
e_000021b3,2026-08-02T22:24:38Z
e_000021be,2026-08-02T22:31:47Z
e_00001509,2026-08-02T22:29:22Z
e_000014f3,2026-08-02T22:38:25Z
e_000021a9,2026-08-02T22:46:59Z
e_00002176,2026-08-02T22:51:34Z
e_00001454,2026-08-02T22:51:22Z
e_000021b1,2026-08-02T22:51:12Z
e_00001501,2026-08-02T23:12:48Z
e_00001513,2026-08-02T23:14:59Z
e_000013d4,2026-08-02T23:15:12Z
e_000013c3,2026-08-02T23:19:23Z
e_00001508,2026-08-02T23:34:46Z
e_00002172,2026-08-03T00:01:09Z
e_0000217b,2026-08-03T00:23:41Z
e_000014ce,2026-08-03T00:44:58Z
e_000014ca,2026-08-03T01:12:38Z
e_000021d1,2026-08-03T01:38:34Z
e_000021b4,2026-08-03T01:34:42Z
e_0000152a,2026-08-03T01:55:25Z
e_000029e2,2026-08-03T02:32:03Z
e_000021bf,2026-08-03T03:02:37Z
e_000021c3,2026-08-03T03:02:38Z
e_0000143c,2026-08-03T03:03:41Z
e_0000216a,2026-08-03T03:18:27Z
e_00001516,2026-08-03T03:51:04Z
e_000021db,2026-08-03T04:04:51Z
e_000014d1,2026-08-03T04:31:49Z
e_000029c1,2026-08-03T04:31:51Z
e_000014bb,2026-08-03T04:30:49Z
e_00001536,2026-08-03T05:03:05Z
e_00001250,2026-08-03T04:59:58Z
e_000013f2,2026-08-03T05:05:01Z
e_000021d9,2026-08-03T05:27:10Z
e_000021c9,2026-08-03T05:39:53Z
e_00001521,2026-08-03T05:50:40Z
e_000029ec,2026-08-03T06:02:41Z
e_000021da,2026-08-03T06:09:24Z
e_00001531,2026-08-03T06:11:14Z
e_000029db,2026-08-03T06:12:53Z
e_000029d9,2026-08-03T06:21:47Z
e_000011fc,2026-08-03T06:30:18Z
e_000029e8,2026-08-03T06:28:23Z
e_000021c7,2026-08-03T06:41:02Z
e_000021a4,2026-08-03T06:41:29Z
e_00001532,2026-08-03T06:50:29Z
e_000021d2,2026-08-03T06:52:04Z
e_00001e95,2026-08-03T07:09:58Z
e_00001520,2026-08-03T07:18:51Z
e_00002196,2026-08-03T07:28:09Z
e_000013ad,2026-08-03T07:37:00Z
e_000011cc,2026-08-03T07:39:19Z
e_000021c5,2026-08-03T07:41:57Z
e_0000152c,2026-08-03T07:49:07Z
e_000021cc,2026-08-03T07:59:19Z
e_00002a09,2026-08-03T08:02:08Z
e_00001ec0,2026-08-03T08:06:18Z
e_00002a05,2026-08-03T08:12:29Z
e_0000151b,2026-08-03T08:22:11Z
e_000021c2,2026-08-03T08:21:17Z
e_00001ebe,2026-08-03T08:31:17Z
e_00001527,2026-08-03T08:32:41Z
e_00001515,2026-08-03T08:32:17Z
e_000021a2,2026-08-03T08:43:52Z
e_000029ea,2026-08-03T08:47:26Z
e_0000218b,2026-08-03T08:54:32Z
e_0000219e,2026-08-03T09:00:49Z
e_000014d6,2026-08-03T08:57:17Z
e_0000216c,2026-08-03T09:08:55Z
e_000021d6,2026-08-03T09:02:14Z
e_0000152f,2026-08-03T09:22:33Z
e_000021dd,2026-08-03T09:24:27Z
e_000021de,2026-08-03T09:29:56Z
e_000021b0,2026-08-03T09:33:54Z
e_00002a03,2026-08-03T09:42:04Z
e_0000140d,2026-08-03T09:34:35Z
e_0000153c,2026-08-03T09:46:09Z
e_00001ebd,2026-08-03T09:47:48Z
e_0000139f,2026-08-03T09:50:40Z
e_00002a01,2026-08-03T09:56:12Z
e_00001ea4,2026-08-03T09:58:54Z
e_000021df,2026-08-03T10:05:41Z
e_00001537,2026-08-03T10:08:10Z
e_000021cf,2026-08-03T10:07:43Z
e_0000153d,2026-08-03T10:12:10Z
e_00001ebc,2026-08-03T10:19:53Z
e_00001529,2026-08-03T10:31:07Z
e_000029fa,2026-08-03T10:46:37Z
e_000029c3,2026-08-03T10:49:39Z
e_00001eb8,2026-08-03T10:57:57Z
e_000029e4,2026-08-03T11:08:06Z
e_00002a07,2026-08-03T11:10:43Z
e_00001ebf,2026-08-03T11:25:01Z
e_00002a16,2026-08-03T11:28:55Z
e_000013fc,2026-08-03T11:53:55Z
e_00001ecb,2026-08-03T12:03:57Z
e_000021cb,2026-08-03T12:21:13Z
e_000013b1,2026-08-03T12:20:50Z
e_000021c1,2026-08-03T12:32:24Z
e_000021c4,2026-08-03T12:42:13Z
e_00001522,2026-08-03T12:43:00Z
e_000021d3,2026-08-03T12:39:09Z
e_000013e6,2026-08-03T12:49:18Z
e_000021a0,2026-08-03T12:57:33Z
e_000013a0,2026-08-03T13:00:52Z
e_0000151a,2026-08-03T12:58:39Z
e_00002a15,2026-08-03T13:07:58Z
e_00002a00,2026-08-03T13:15:31Z
e_00001ebb,2026-08-03T13:22:39Z
e_0000146d,2026-08-03T13:31:22Z
e_000013c7,2026-08-03T13:37:50Z
e_0000219c,2026-08-03T13:42:02Z
e_00002a10,2026-08-03T13:45:02Z
e_00001ec5,2026-08-03T13:48:08Z
e_000021d7,2026-08-03T13:45:36Z
e_00001530,2026-08-03T13:55:41Z
e_00001eca,2026-08-03T13:57:43Z
e_000021dc,2026-08-03T14:32:01Z
e_000029f8,2026-08-03T14:55:39Z
e_0000217e,2026-08-03T15:07:03Z
e_00001eb7,2026-08-03T15:28:48Z
e_00002194,2026-08-03T15:29:33Z
e_000029e6,2026-08-03T15:31:17Z
e_000021a8,2026-08-03T16:14:33Z
e_000021cd,2026-08-03T16:16:45Z
e_00002a11,2026-08-03T16:31:48Z
e_00001340,2026-08-03T16:33:47Z
e_000029fe,2026-08-03T16:57:12Z
e_000021e3,2026-08-03T16:59:34Z
e_00001528,2026-08-03T16:55:13Z
e_00001eba,2026-08-03T17:22:53Z
e_00001ec6,2026-08-03T17:28:01Z
e_00002a12,2026-08-03T17:32:55Z
e_0000153f,2026-08-03T17:28:42Z
e_000021ce,2026-08-03T17:33:11Z
e_000029ee,2026-08-03T17:42:20Z
e_000021e1,2026-08-03T17:54:54Z
e_0000153e,2026-08-03T18:11:08Z
e_00001ec8,2026-08-03T18:17:43Z
e_000029ff,2026-08-03T18:26:48Z
e_000029f7,2026-08-03T18:27:20Z
e_00002188,2026-08-03T18:30:28Z
e_000021ad,2026-08-03T18:40:42Z
e_00001eb6,2026-08-03T18:49:47Z
e_00002a0b,2026-08-03T19:00:55Z
e_00002a0f,2026-08-03T19:02:36Z
e_00001ec1,2026-08-03T19:21:17Z
e_000021e5,2026-08-03T19:24:20Z
e_00002a0d,2026-08-03T19:25:36Z
e_00002a14,2026-08-03T19:39:37Z
e_0000143e,2026-08-03T19:51:52Z
e_00001ec3,2026-08-03T19:58:51Z
e_00001540,2026-08-03T20:03:07Z
e_00001ec2,2026-08-03T20:23:00Z
e_000029fc,2026-08-03T20:34:10Z
e_00001ec9,2026-08-03T20:33:35Z
e_000014ed,2026-08-03T21:14:34Z
e_00001eb9,2026-08-03T21:18:54Z
e_000021d4,2026-08-03T21:18:49Z
e_000013dc,2026-08-03T22:12:58Z
e_0000152e,2026-08-03T22:09:15Z
e_000029f9,2026-08-03T23:00:44Z
e_00002a0c,2026-08-03T23:08:52Z
e_000021fa,2026-08-04T00:21:02Z
e_000013ed,2026-08-04T00:36:02Z
e_000029f3,2026-08-04T00:33:45Z
e_00002200,2026-08-04T00:40:55Z
e_00002208,2026-08-04T00:46:18Z
e_0000142f,2026-08-04T00:58:08Z
e_000021fd,2026-08-04T01:10:30Z
e_0000155a,2026-08-04T01:16:34Z
e_00001564,2026-08-04T01:15:22Z
e_0000155e,2026-08-04T01:22:01Z
e_00001560,2026-08-04T01:38:48Z
e_000014dd,2026-08-04T01:48:51Z
e_000021e8,2026-08-04T01:57:19Z
e_00001547,2026-08-04T01:55:31Z
e_00001437,2026-08-04T01:56:24Z
e_00002192,2026-08-04T01:56:49Z
e_000021aa,2026-08-04T01:58:08Z
e_00002a02,2026-08-04T03:42:08Z
e_00002219,2026-08-04T04:24:15Z
e_000021f4,2026-08-04T04:55:36Z
e_0000157e,2026-08-04T05:15:44Z
e_00002a0e,2026-08-04T05:16:16Z
e_00001550,2026-08-04T05:47:10Z
e_0000146e,2026-08-04T05:58:36Z
e_000029f1,2026-08-04T06:12:47Z
e_00002204,2026-08-04T06:57:39Z
e_00001562,2026-08-04T07:13:38Z
e_00002a27,2026-08-04T07:51:18Z
e_00002a1d,2026-08-04T07:53:03Z
e_0000221b,2026-08-04T07:56:42Z
e_00002209,2026-08-04T07:54:32Z
e_000021f6,2026-08-04T08:03:39Z
e_00001551,2026-08-04T08:07:21Z
e_00002a25,2026-08-04T08:16:55Z
e_00002216,2026-08-04T08:22:10Z
e_00001ed7,2026-08-04T08:23:07Z
e_00002a0a,2026-08-04T08:25:27Z
e_00001217,2026-08-04T08:23:53Z
e_00001582,2026-08-04T08:44:34Z
e_00001edf,2026-08-04T08:45:25Z
e_00001565,2026-08-04T08:49:54Z
e_000021d8,2026-08-04T09:05:21Z
e_00001edd,2026-08-04T09:06:42Z
e_000021d0,2026-08-04T09:11:31Z
e_000014a3,2026-08-04T09:14:23Z
e_00001578,2026-08-04T09:18:25Z
e_0000141f,2026-08-04T09:29:39Z
e_0000220d,2026-08-04T09:35:10Z
e_00002211,2026-08-04T09:48:56Z
e_0000156e,2026-08-04T09:44:53Z
e_00002a17,2026-08-04T10:19:08Z
e_00001567,2026-08-04T10:21:11Z
e_00001475,2026-08-04T10:22:02Z
e_00002a1a,2026-08-04T10:28:17Z
e_000021b2,2026-08-04T10:34:35Z
e_00001518,2026-08-04T10:50:45Z
e_00001ed5,2026-08-04T11:03:07Z
e_000021f0,2026-08-04T11:13:00Z
e_0000154e,2026-08-04T11:30:05Z
e_00002a08,2026-08-04T11:51:57Z
e_00002215,2026-08-04T12:03:32Z
e_00002a1b,2026-08-04T12:10:42Z
e_00001491,2026-08-04T12:12:37Z
e_000021ee,2026-08-04T12:31:56Z
e_000021ec,2026-08-04T12:28:50Z
e_00002a21,2026-08-04T12:42:27Z
e_00001465,2026-08-04T12:43:48Z
e_0000220f,2026-08-04T12:45:13Z
e_00001538,2026-08-04T12:48:20Z
e_00001ed6,2026-08-04T12:46:08Z
e_000021e7,2026-08-04T12:52:23Z
e_00001577,2026-08-04T12:48:47Z
e_0000156c,2026-08-04T12:50:29Z
e_0000154a,2026-08-04T12:50:59Z
e_00002202,2026-08-04T12:57:26Z
e_00001549,2026-08-04T13:00:13Z
e_000021e6,2026-08-04T13:07:58Z
e_000012c7,2026-08-04T13:05:05Z
e_000029dd,2026-08-04T13:12:18Z
e_00001496,2026-08-04T13:15:35Z
e_00001561,2026-08-04T13:19:23Z
e_000021f2,2026-08-04T13:37:19Z
e_000021fb,2026-08-04T13:32:56Z
e_000021d5,2026-08-04T13:30:56Z
e_00001eda,2026-08-04T13:36:26Z
e_00001542,2026-08-04T13:37:48Z
e_000021f7,2026-08-04T13:41:19Z
e_00002a26,2026-08-04T13:36:09Z
e_00001541,2026-08-04T13:45:06Z
e_00002a23,2026-08-04T13:58:10Z
e_000013f7,2026-08-04T14:06:41Z
e_00002201,2026-08-04T14:05:51Z
e_0000155b,2026-08-04T14:06:03Z
e_00002a06,2026-08-04T14:08:22Z
e_00001ede,2026-08-04T14:19:28Z
e_0000154f,2026-08-04T14:23:04Z
e_00001edb,2026-08-04T14:23:12Z
e_000014f8,2026-08-04T14:29:49Z
e_00001453,2026-08-04T14:39:46Z
e_00002a1f,2026-08-04T14:54:38Z
e_0000221e,2026-08-04T14:57:34Z
e_00002206,2026-08-04T15:02:35Z
e_00001563,2026-08-04T15:06:04Z
e_00001ed9,2026-08-04T15:14:56Z
e_00001584,2026-08-04T15:16:10Z
e_0000221f,2026-08-04T15:12:03Z
e_00002218,2026-08-04T15:21:10Z
e_0000157b,2026-08-04T15:25:06Z
e_000021e4,2026-08-04T15:24:30Z
e_00002a1e,2026-08-04T15:27:03Z
e_00002214,2026-08-04T15:34:51Z
e_00001ed8,2026-08-04T15:35:11Z
e_000021e0,2026-08-04T15:50:11Z
e_000021ff,2026-08-04T15:59:54Z
e_00001572,2026-08-04T16:03:12Z
e_00002a24,2026-08-04T16:05:38Z
e_00001edc,2026-08-04T16:00:43Z
e_0000155f,2026-08-04T16:01:42Z
e_000021f8,2026-08-04T16:17:32Z
e_0000220a,2026-08-04T16:09:24Z
e_00001555,2026-08-04T16:27:20Z
e_00001ea6,2026-08-04T17:00:29Z
e_00002a28,2026-08-04T17:37:38Z
e_0000220b,2026-08-04T17:42:34Z
e_000013c8,2026-08-04T17:53:53Z
e_00002a2a,2026-08-04T17:45:58Z
e_000021b9,2026-08-04T17:55:30Z
e_00001566,2026-08-04T18:14:24Z
e_00001ee2,2026-08-04T18:45:31Z
e_0000149d,2026-08-04T18:53:28Z
e_00001324,2026-08-04T19:45:19Z
e_000014bf,2026-08-04T19:42:53Z
e_000021ea,2026-08-04T19:43:54Z
e_0000146f,2026-08-04T20:00:05Z
e_000012f2,2026-08-04T20:17:07Z
e_00001548,2026-08-04T20:41:03Z
e_0000128a,2026-08-04T20:52:49Z
e_00001ee0,2026-08-04T21:03:23Z
e_00002a29,2026-08-04T21:01:44Z
e_00002203,2026-08-04T21:05:25Z
e_00002213,2026-08-04T21:42:46Z
e_00002a1c,2026-08-04T21:45:49Z
e_000021f1,2026-08-04T21:56:27Z
e_0000147b,2026-08-04T22:11:12Z
e_000021e2,2026-08-04T22:12:20Z
e_0000156f,2026-08-04T22:06:23Z
e_00001461,2026-08-04T22:09:32Z
e_0000221c,2026-08-04T23:15:28Z
e_000021ca,2026-08-04T23:23:06Z
e_000014ae,2026-08-04T23:40:09Z
e_000021c8,2026-08-04T23:56:43Z
e_00001583,2026-08-05T00:01:57Z
e_00002a18,2026-08-05T00:02:43Z
e_00001ed0,2026-08-05T00:13:32Z
e_000021ed,2026-08-05T00:19:34Z
e_00002250,2026-08-05T00:43:07Z
e_000014b4,2026-08-05T01:23:35Z
e_000015af,2026-08-05T01:21:55Z
e_000021c6,2026-08-05T01:24:40Z
e_00001e9d,2026-08-05T01:39:38Z
e_0000222c,2026-08-05T02:00:53Z
e_00001594,2026-08-05T02:16:05Z
e_00002a04,2026-08-05T02:16:17Z
e_0000223b,2026-08-05T02:29:57Z
e_000029fb,2026-08-05T02:48:03Z
e_00001418,2026-08-05T02:56:38Z
e_0000159f,2026-08-05T03:11:43Z
e_00002223,2026-08-05T03:30:31Z
e_00002235,2026-08-05T03:38:39Z
e_0000158b,2026-08-05T03:44:32Z
e_0000159a,2026-08-05T04:01:24Z
e_0000224a,2026-08-05T04:08:47Z
e_000015ab,2026-08-05T04:15:12Z
e_00002a13,2026-08-05T04:22:36Z
e_000012d3,2026-08-05T04:59:03Z
e_00002a36,2026-08-05T05:18:57Z
e_0000224e,2026-08-05T05:42:24Z
e_000021fe,2026-08-05T05:47:37Z
e_000015ae,2026-08-05T05:48:24Z
e_0000221a,2026-08-05T06:06:57Z
e_00001eed,2026-08-05T06:13:56Z
e_0000225e,2026-08-05T06:31:17Z
e_0000222d,2026-08-05T06:52:53Z
e_000021e9,2026-08-05T06:56:06Z
e_000015bb,2026-08-05T07:14:39Z
e_00002251,2026-08-05T07:22:57Z
e_000014cb,2026-08-05T07:24:44Z
e_00001596,2026-08-05T07:25:24Z
e_00001523,2026-08-05T07:34:05Z
e_000015b0,2026-08-05T07:29:47Z
e_00002a20,2026-08-05T07:54:13Z
e_00002a39,2026-08-05T08:01:31Z
e_00002210,2026-08-05T08:13:59Z
e_00001469,2026-08-05T08:13:56Z
e_000012ce,2026-08-05T08:22:30Z
e_00002229,2026-08-05T08:42:10Z
e_00001eef,2026-08-05T08:42:27Z
e_00002a3a,2026-08-05T09:04:28Z
e_00002253,2026-08-05T09:04:32Z
e_00001591,2026-08-05T09:09:54Z
e_00002a34,2026-08-05T09:32:01Z
e_000015b1,2026-08-05T09:36:02Z
e_00001ef2,2026-08-05T09:50:59Z
e_00001eec,2026-08-05T10:00:13Z
e_00002220,2026-08-05T10:02:41Z
e_00002258,2026-08-05T10:09:56Z
e_00002246,2026-08-05T10:22:43Z
e_000015b5,2026-08-05T10:25:57Z
e_000015a9,2026-08-05T10:29:33Z
e_00001585,2026-08-05T10:41:48Z
e_00002231,2026-08-05T10:51:18Z
e_0000225a,2026-08-05T10:57:11Z
e_000015b6,2026-08-05T11:03:44Z
e_00001598,2026-08-05T11:19:41Z
e_0000220c,2026-08-05T11:35:53Z
e_00002256,2026-08-05T11:40:27Z
e_0000156a,2026-08-05T11:47:08Z
e_000015b4,2026-08-05T12:08:47Z
e_00001339,2026-08-05T12:11:09Z
e_00002a3c,2026-08-05T12:21:23Z
e_0000142e,2026-08-05T12:27:24Z
e_00002222,2026-08-05T12:27:43Z
e_0000158a,2026-08-05T12:34:20Z
e_000021f9,2026-08-05T12:37:27Z
e_00001ef4,2026-08-05T12:43:56Z
e_00002a3b,2026-08-05T12:59:34Z
e_00002242,2026-08-05T13:29:46Z
e_00002a30,2026-08-05T13:27:11Z
e_000014e6,2026-08-05T13:29:34Z
e_0000225c,2026-08-05T13:38:49Z
e_0000223f,2026-08-05T13:36:08Z
e_0000154b,2026-08-05T13:42:28Z
e_00001441,2026-08-05T13:42:30Z
e_00002a35,2026-08-05T13:45:05Z
e_00001ef3,2026-08-05T13:47:05Z
e_00002a32,2026-08-05T13:46:26Z
e_00001435,2026-08-05T13:56:05Z
e_00001ee9,2026-08-05T13:48:10Z
e_0000221d,2026-08-05T13:53:45Z
e_00001eea,2026-08-05T14:03:38Z
e_000015a1,2026-08-05T14:05:46Z
e_00002233,2026-08-05T14:07:18Z
e_000015b7,2026-08-05T14:08:26Z
e_000021eb,2026-08-05T14:19:42Z
e_000021ef,2026-08-05T14:16:30Z
e_000015a5,2026-08-05T14:22:44Z
e_00001ea5,2026-08-05T14:34:03Z
e_00001599,2026-08-05T14:43:05Z
e_0000151c,2026-08-05T14:59:49Z
e_00002205,2026-08-05T15:20:29Z
e_0000147f,2026-08-05T15:15:43Z
e_00001539,2026-08-05T15:41:08Z
e_000014f7,2026-08-05T15:51:01Z
e_000021fc,2026-08-05T16:04:41Z
e_000021f5,2026-08-05T16:10:31Z
e_0000224b,2026-08-05T16:32:02Z
e_00001ece,2026-08-05T16:32:05Z
e_00002243,2026-08-05T16:26:18Z
e_00002226,2026-08-05T16:48:57Z
e_0000158d,2026-08-05T16:56:34Z
e_00002244,2026-08-05T17:04:40Z
e_00001e93,2026-08-05T16:59:03Z
e_00002239,2026-08-05T17:05:50Z
e_000015a6,2026-08-05T17:26:23Z
e_000015a7,2026-08-05T17:36:31Z
e_00002217,2026-08-05T17:41:16Z
e_000014e4,2026-08-05T17:52:55Z
e_0000159e,2026-08-05T17:56:25Z
e_00002a22,2026-08-05T18:38:46Z
e_00002a37,2026-08-05T18:45:54Z
e_0000155c,2026-08-05T18:43:02Z
e_00002225,2026-08-05T18:47:14Z
e_00002254,2026-08-05T18:50:58Z
e_00001556,2026-08-05T18:56:19Z
e_00001eee,2026-08-05T19:00:30Z
e_0000158c,2026-08-05T19:11:00Z
e_000015b3,2026-08-05T19:07:50Z
e_000029fd,2026-08-05T19:52:50Z
e_00001517,2026-08-05T20:15:36Z
e_00002a33,2026-08-05T20:19:17Z
e_00001eeb,2026-08-05T21:07:21Z
e_0000222f,2026-08-05T21:14:44Z
e_00001597,2026-08-05T21:14:45Z
e_0000224c,2026-08-05T21:25:11Z
e_00002240,2026-08-05T21:26:12Z
e_00001eaa,2026-08-05T21:21:29Z
e_000015a3,2026-08-05T21:36:22Z
e_00002245,2026-08-05T21:30:59Z
e_0000222a,2026-08-05T21:35:00Z
e_00002237,2026-08-05T21:37:53Z
e_0000159d,2026-08-05T21:46:33Z
e_000015ad,2026-08-05T21:49:20Z
e_00002a3e,2026-08-05T21:52:00Z
e_00002a2e,2026-08-05T22:01:55Z
e_00001ef5,2026-08-05T21:54:40Z
e_00002a40,2026-08-05T22:07:40Z
e_00001ee8,2026-08-05T22:18:39Z
e_00001593,2026-08-05T22:24:29Z
e_00002248,2026-08-05T22:29:25Z
e_00002227,2026-08-05T22:36:40Z
e_00002a2c,2026-08-05T22:47:27Z
e_000021f3,2026-08-05T22:51:08Z
e_0000158e,2026-08-05T22:45:58Z
e_00002207,2026-08-05T22:43:51Z
e_00001ef6,2026-08-05T22:53:50Z
e_000015aa,2026-08-05T23:02:28Z
e_00002a19,2026-08-05T23:27:38Z
e_000014b8,2026-08-05T23:31:34Z
e_00001ee7,2026-08-05T23:29:14Z
e_00001580,2026-08-05T23:28:41Z
e_0000223d,2026-08-05T23:39:53Z
e_00002a2b,2026-08-05T23:47:44Z
e_00001ee6,2026-08-06T00:04:22Z
e_000015a0,2026-08-06T00:19:10Z
e_000014a0,2026-08-06T00:46:09Z
e_000012bf,2026-08-06T01:00:47Z
e_00001525,2026-08-06T01:15:33Z
e_00001482,2026-08-06T01:23:45Z
e_00001575,2026-08-06T02:19:48Z
e_0000153a,2026-08-06T02:48:17Z
e_0000226a,2026-08-06T02:58:32Z
e_000014cc,2026-08-06T03:06:15Z
e_000015ca,2026-08-06T03:00:21Z
e_0000228b,2026-08-06T03:13:32Z
e_000012bb,2026-08-06T03:37:21Z
e_000013b6,2026-08-06T03:49:01Z
e_000015e7,2026-08-06T03:49:00Z
e_000012fd,2026-08-06T04:52:42Z
e_00002249,2026-08-06T05:13:14Z
e_000014a5,2026-08-06T05:16:24Z
e_00002273,2026-08-06T05:28:08Z
e_000014e8,2026-08-06T05:35:06Z
e_000015d4,2026-08-06T05:39:37Z
e_00002212,2026-08-06T05:51:58Z
e_00001e9b,2026-08-06T06:04:09Z
e_00002264,2026-08-06T06:48:12Z
e_00002a5f,2026-08-06T07:03:30Z
e_000015c5,2026-08-06T06:59:36Z
e_00001f14,2026-08-06T07:19:46Z
e_00002a4d,2026-08-06T07:41:37Z
e_00001f05,2026-08-06T08:07:55Z
e_000014ea,2026-08-06T08:16:35Z
e_0000151f,2026-08-06T08:32:19Z
e_00002a42,2026-08-06T08:41:14Z
e_00002a45,2026-08-06T08:51:13Z
e_00002a49,2026-08-06T09:10:11Z
e_00001ef7,2026-08-06T09:19:31Z
e_00001f02,2026-08-06T09:21:37Z
e_0000220e,2026-08-06T09:32:33Z
e_00001efd,2026-08-06T09:29:12Z
e_0000228d,2026-08-06T09:36:38Z
e_00001355,2026-08-06T09:42:51Z
e_00001574,2026-08-06T09:50:44Z
e_00002a61,2026-08-06T09:50:52Z
e_000015e8,2026-08-06T10:03:54Z
e_00002a56,2026-08-06T10:14:06Z
e_00001f15,2026-08-06T10:25:55Z
e_0000227f,2026-08-06T10:43:07Z
e_00002a59,2026-08-06T10:41:34Z
e_00001f0a,2026-08-06T10:50:16Z
e_000015dd,2026-08-06T10:59:51Z
e_00002a4b,2026-08-06T10:59:11Z
e_00001f03,2026-08-06T10:59:36Z
e_00002a4a,2026-08-06T11:04:41Z
e_00001f0c,2026-08-06T11:31:27Z
e_00002230,2026-08-06T11:36:15Z
e_0000223a,2026-08-06T11:35:04Z
e_00002285,2026-08-06T11:45:13Z
e_000015e3,2026-08-06T11:47:21Z
e_0000226d,2026-08-06T11:50:39Z
e_00002a50,2026-08-06T12:21:00Z
e_00002228,2026-08-06T12:27:33Z
e_000015cc,2026-08-06T12:31:41Z
e_00001546,2026-08-06T12:48:08Z
e_00001f07,2026-08-06T13:02:51Z
e_00002a57,2026-08-06T13:13:34Z
e_000014cf,2026-08-06T13:15:42Z
e_00001f0b,2026-08-06T13:22:43Z
e_00001595,2026-08-06T13:27:10Z
e_00002287,2026-08-06T13:35:38Z
e_00002268,2026-08-06T13:42:34Z
e_000015e4,2026-08-06T13:58:03Z
e_00002257,2026-08-06T14:07:58Z
e_000015c9,2026-08-06T14:18:01Z
e_00002247,2026-08-06T14:15:09Z
e_000014b7,2026-08-06T14:23:38Z
e_00001474,2026-08-06T14:30:40Z
e_00001e96,2026-08-06T14:47:28Z
e_0000226b,2026-08-06T15:11:20Z
e_00002a54,2026-08-06T15:09:06Z
e_00002252,2026-08-06T15:19:58Z
e_00002224,2026-08-06T15:20:12Z
e_00001f09,2026-08-06T15:37:42Z
e_00001ecf,2026-08-06T15:39:19Z
e_00002276,2026-08-06T15:48:20Z
e_00002a52,2026-08-06T15:44:44Z
e_000015d6,2026-08-06T16:04:45Z
e_00002274,2026-08-06T16:20:29Z
e_00002a62,2026-08-06T16:25:31Z
e_00001f08,2026-08-06T16:35:05Z
e_0000228e,2026-08-06T16:41:25Z
e_0000225f,2026-08-06T16:49:10Z
e_00002a43,2026-08-06T16:52:47Z
e_000015e9,2026-08-06T17:05:05Z
e_00001efc,2026-08-06T17:02:28Z
e_00002265,2026-08-06T17:04:57Z
e_000015d5,2026-08-06T17:17:30Z
e_00002266,2026-08-06T17:40:54Z
e_000015c0,2026-08-06T17:42:58Z
e_00002289,2026-08-06T17:42:30Z
e_00002a4c,2026-08-06T18:00:06Z
e_000015e6,2026-08-06T18:11:26Z
e_000015e2,2026-08-06T18:13:18Z
e_00002283,2026-08-06T18:10:21Z
e_0000227c,2026-08-06T18:15:48Z
e_0000226f,2026-08-06T18:29:12Z
e_00002a41,2026-08-06T18:35:10Z
e_000015c6,2026-08-06T18:37:59Z
e_00001f04,2026-08-06T18:35:53Z
e_000015db,2026-08-06T18:39:40Z
e_000014c1,2026-08-06T18:58:24Z
e_000015cd,2026-08-06T19:06:11Z
e_0000226c,2026-08-06T19:37:38Z
e_0000227e,2026-08-06T19:37:40Z
e_000014bc,2026-08-06T19:48:54Z
e_00002a5b,2026-08-06T19:59:17Z
e_00001f12,2026-08-06T19:55:27Z
e_0000227a,2026-08-06T20:03:54Z
e_000015d8,2026-08-06T20:01:28Z
e_000015cb,2026-08-06T20:18:10Z
e_000015dc,2026-08-06T20:31:22Z
e_00002262,2026-08-06T20:38:31Z
e_000015c4,2026-08-06T20:39:22Z
e_0000227b,2026-08-06T20:41:45Z
e_0000137f,2026-08-06T20:45:24Z
e_00002267,2026-08-06T21:11:00Z
e_0000227d,2026-08-06T21:10:21Z
e_00002271,2026-08-06T21:48:01Z
e_00002269,2026-08-06T21:47:14Z
e_00002a53,2026-08-06T21:45:39Z
e_000015c7,2026-08-06T21:53:46Z
e_00002a31,2026-08-06T21:58:10Z
e_00002a4f,2026-08-06T22:05:44Z
e_00001f06,2026-08-06T22:08:57Z
e_000015ba,2026-08-06T22:13:51Z
e_000015d2,2026-08-06T22:22:28Z
e_00002278,2026-08-06T22:27:44Z
e_00002221,2026-08-06T22:43:14Z
e_0000224f,2026-08-06T22:42:02Z
e_00002261,2026-08-06T22:45:36Z
e_00001568,2026-08-06T22:51:02Z
e_00002236,2026-08-06T22:54:31Z
e_0000225b,2026-08-06T22:54:04Z
e_000015d7,2026-08-06T23:00:41Z
e_0000223c,2026-08-06T23:06:26Z
e_00002a5d,2026-08-06T23:06:27Z
e_00002280,2026-08-06T23:12:48Z
e_00002232,2026-08-06T23:15:01Z
e_00001f11,2026-08-06T23:21:32Z
e_00002a5a,2026-08-06T23:20:02Z
e_00002a47,2026-08-06T23:19:07Z
e_000015c2,2026-08-06T23:24:00Z
e_00002263,2026-08-06T23:27:33Z
e_00001eff,2026-08-06T23:32:38Z
e_00001f13,2026-08-06T23:41:49Z
e_00002281,2026-08-06T23:52:46Z
e_00002a38,2026-08-06T23:58:31Z
e_000022af,2026-08-07T00:05:40Z
e_0000229d,2026-08-07T00:16:25Z
e_00002277,2026-08-07T00:21:55Z
e_00001481,2026-08-07T00:41:48Z
e_000015e1,2026-08-07T00:38:55Z
e_000015fd,2026-08-07T00:53:26Z
e_0000160b,2026-08-07T00:53:00Z
e_00002255,2026-08-07T01:03:42Z
e_00002a2d,2026-08-07T01:07:12Z
e_0000222e,2026-08-07T01:20:33Z
e_00002234,2026-08-07T01:23:26Z
e_000022bd,2026-08-07T01:16:21Z
e_000014ad,2026-08-07T01:40:31Z
e_0000161a,2026-08-07T01:39:36Z
e_00001554,2026-08-07T02:04:34Z
e_000022a2,2026-08-07T02:21:56Z
e_000022a1,2026-08-07T02:53:02Z
e_00002272,2026-08-07T02:49:11Z
e_00001600,2026-08-07T02:52:00Z
e_000022b4,2026-08-07T02:52:07Z
e_0000225d,2026-08-07T03:07:30Z
e_00001613,2026-08-07T03:07:06Z
e_00002a2f,2026-08-07T03:05:26Z
e_00002a60,2026-08-07T03:18:33Z
e_0000157d,2026-08-07T03:30:49Z
e_000015ff,2026-08-07T03:37:09Z
e_00002284,2026-08-07T04:09:03Z
e_0000156b,2026-08-07T04:20:12Z
e_00002259,2026-08-07T04:33:42Z
e_00002297,2026-08-07T05:05:06Z
e_000015f7,2026-08-07T05:05:46Z
e_00001519,2026-08-07T05:44:10Z
e_00002a68,2026-08-07T05:48:16Z
e_000022a8,2026-08-07T05:52:23Z
e_00001605,2026-08-07T05:47:04Z
e_00002a6e,2026-08-07T05:59:42Z
e_00001f1a,2026-08-07T06:11:00Z
e_000022c3,2026-08-07T06:14:22Z
e_0000161e,2026-08-07T06:13:16Z
e_00001534,2026-08-07T06:28:44Z
e_000014d2,2026-08-07T06:41:17Z
e_000022b5,2026-08-07T06:39:07Z
e_00001f25,2026-08-07T06:47:20Z
e_00002241,2026-08-07T06:41:49Z
e_00002294,2026-08-07T07:23:22Z
e_00001f1b,2026-08-07T07:22:51Z
e_00002a6a,2026-08-07T07:25:33Z
e_00002a6b,2026-08-07T08:03:09Z
e_000015f5,2026-08-07T08:08:24Z
e_00002a73,2026-08-07T08:37:08Z
e_00002a3d,2026-08-07T08:29:59Z
e_0000159c,2026-08-07T08:42:07Z
e_000022aa,2026-08-07T08:53:12Z
e_00001607,2026-08-07T08:55:34Z
e_00001f1f,2026-08-07T09:08:31Z
e_00002a6d,2026-08-07T09:16:29Z
e_00002238,2026-08-07T09:13:19Z
e_00001f2c,2026-08-07T09:20:44Z
e_00002a67,2026-08-07T09:19:41Z
e_00002291,2026-08-07T09:24:31Z
e_00001f18,2026-08-07T09:39:31Z
e_000022a4,2026-08-07T09:47:18Z
e_00001495,2026-08-07T09:59:19Z
e_00002a3f,2026-08-07T10:00:04Z
e_00001f21,2026-08-07T10:01:58Z
e_00002288,2026-08-07T10:06:38Z
e_0000228a,2026-08-07T10:13:29Z
e_000015ee,2026-08-07T10:15:49Z
e_000022b1,2026-08-07T10:26:56Z
e_00001603,2026-08-07T10:34:20Z
e_0000160d,2026-08-07T10:40:17Z
e_000014a4,2026-08-07T10:36:45Z
e_00001419,2026-08-07T10:42:00Z
e_000022ae,2026-08-07T10:39:27Z
e_0000160a,2026-08-07T10:50:10Z
e_000022bb,2026-08-07T11:12:29Z
e_00001f0e,2026-08-07T11:21:32Z
e_00001619,2026-08-07T11:15:33Z
e_00002290,2026-08-07T11:29:16Z
e_000015ed,2026-08-07T11:31:16Z
e_00002a76,2026-08-07T11:40:14Z
e_00002a46,2026-08-07T11:46:56Z
e_00001f32,2026-08-07T12:06:17Z
e_00002a70,2026-08-07T12:23:31Z
e_000022a6,2026-08-07T12:32:55Z
e_00002296,2026-08-07T12:44:16Z
e_00001604,2026-08-07T12:52:00Z
e_000015f6,2026-08-07T13:01:07Z
e_000022b9,2026-08-07T13:09:34Z
e_0000223e,2026-08-07T13:16:18Z
e_00001f26,2026-08-07T13:30:34Z
e_000022c4,2026-08-07T13:31:34Z
e_00001618,2026-08-07T13:46:54Z
e_0000228f,2026-08-07T13:59:01Z
e_0000154c,2026-08-07T13:59:38Z
e_00001480,2026-08-07T14:02:32Z
e_000022a3,2026-08-07T14:15:20Z
e_00002a63,2026-08-07T14:23:51Z
e_0000229f,2026-08-07T14:49:05Z
e_000022ac,2026-08-07T14:59:06Z
e_000015fe,2026-08-07T15:10:30Z
e_00001f16,2026-08-07T15:27:48Z
e_00002a6f,2026-08-07T15:23:50Z
e_00002a4e,2026-08-07T15:32:27Z
e_00001497,2026-08-07T15:30:05Z
e_00001608,2026-08-07T15:42:59Z
e_000022c1,2026-08-07T15:50:04Z
e_0000157f,2026-08-07T15:49:38Z
e_000014ec,2026-08-07T16:01:02Z
e_00001544,2026-08-07T16:16:29Z
e_0000161d,2026-08-07T16:32:33Z
e_000022be,2026-08-07T16:31:51Z
e_00002a75,2026-08-07T17:51:08Z
e_00001377,2026-08-07T18:06:09Z
e_0000159b,2026-08-07T18:46:15Z
e_00001f2d,2026-08-07T18:47:37Z
e_00002a55,2026-08-07T19:04:45Z
e_00002a65,2026-08-07T19:27:20Z
e_0000222b,2026-08-07T19:25:45Z
e_00002299,2026-08-07T19:29:27Z
e_00001f17,2026-08-07T19:36:48Z
e_00001503,2026-08-07T19:36:24Z
e_000022b8,2026-08-07T19:50:25Z
e_00002a71,2026-08-07T19:50:23Z
e_00002a51,2026-08-07T19:53:09Z
e_000015f8,2026-08-07T20:02:09Z
e_000013f8,2026-08-07T20:05:27Z
e_0000224d,2026-08-07T20:09:14Z
e_00001ec7,2026-08-07T20:15:07Z
e_00001f2a,2026-08-07T20:18:54Z
e_00001617,2026-08-07T20:23:51Z
e_00002260,2026-08-07T20:45:59Z
e_00002a5c,2026-08-07T20:58:56Z
e_0000229b,2026-08-07T20:58:43Z
e_00001ea8,2026-08-07T21:06:53Z
e_000015f9,2026-08-07T21:06:03Z
e_000014c0,2026-08-07T21:25:04Z
e_00002279,2026-08-07T21:30:27Z
e_00001543,2026-08-07T21:40:59Z
e_000022b7,2026-08-07T21:52:59Z
e_000022bf,2026-08-07T22:14:49Z
e_000022b3,2026-08-07T22:18:52Z
e_000014b0,2026-08-07T22:25:39Z
e_00002286,2026-08-07T22:31:24Z
e_00001615,2026-08-07T22:33:29Z
e_0000161b,2026-08-07T22:39:49Z
e_0000160e,2026-08-07T22:45:46Z
e_00002a6c,2026-08-07T22:46:52Z
e_00002a77,2026-08-07T23:00:45Z
e_000015bd,2026-08-07T22:57:41Z
e_000022b0,2026-08-07T23:14:20Z
e_000015be,2026-08-07T23:23:13Z
e_00001559,2026-08-07T23:23:58Z
e_00001f33,2026-08-07T23:35:20Z
e_00001f20,2026-08-07T23:37:48Z
e_00002292,2026-08-07T23:47:06Z
e_00001ecc,2026-08-07T23:53:18Z
e_000022b6,2026-08-08T00:04:12Z
e_000015d9,2026-08-07T23:58:21Z
e_000015f0,2026-08-08T00:05:04Z
e_00002275,2026-08-08T00:09:34Z
e_00002a5e,2026-08-08T00:14:58Z
e_000022e9,2026-08-08T00:25:24Z
e_00001614,2026-08-08T00:20:44Z
e_000022a0,2026-08-08T00:28:28Z
e_0000228c,2026-08-08T00:28:19Z
e_000015ce,2026-08-08T01:00:50Z
e_00001649,2026-08-08T00:58:27Z
e_00001ee3,2026-08-08T01:29:04Z
e_00002a74,2026-08-08T01:39:11Z
e_0000226e,2026-08-08T01:42:41Z
e_00002295,2026-08-08T02:08:54Z
e_000015a4,2026-08-08T02:19:38Z
e_00001579,2026-08-08T02:14:13Z
e_000014fc,2026-08-08T03:06:56Z
e_00002a44,2026-08-08T02:59:53Z
e_0000151e,2026-08-08T03:06:53Z
e_00001573,2026-08-08T03:31:50Z
e_000022dc,2026-08-08T04:47:57Z
e_000022eb,2026-08-08T04:52:46Z
e_0000154d,2026-08-08T04:50:50Z
e_000022e6,2026-08-08T04:56:54Z
e_0000164a,2026-08-08T05:13:00Z
e_00001647,2026-08-08T05:09:53Z
e_000022db,2026-08-08T05:16:13Z
e_00002a93,2026-08-08T05:21:26Z
e_00001639,2026-08-08T05:19:12Z
e_000022c5,2026-08-08T05:21:57Z
e_00001e9a,2026-08-08T05:28:35Z
e_000014be,2026-08-08T05:36:51Z
e_00001f48,2026-08-08T05:45:40Z
e_0000161f,2026-08-08T06:06:03Z
e_00001635,2026-08-08T06:01:50Z
e_000022d1,2026-08-08T06:13:22Z
e_00001526,2026-08-08T06:16:19Z
e_00001628,2026-08-08T06:22:59Z
e_00002a79,2026-08-08T06:36:38Z
e_000022e3,2026-08-08T06:38:51Z
e_000022e1,2026-08-08T06:44:45Z
e_00001ed4,2026-08-08T06:51:09Z
e_00001644,2026-08-08T06:51:13Z
e_000014c9,2026-08-08T06:59:22Z
e_00001f34,2026-08-08T07:04:32Z
e_00001643,2026-08-08T07:12:15Z
e_00001371,2026-08-08T07:17:32Z
e_000022d7,2026-08-08T07:24:54Z
e_00001545,2026-08-08T07:53:37Z
e_0000157c,2026-08-08T07:57:14Z
e_0000162c,2026-08-08T08:01:17Z
e_000022dd,2026-08-08T08:00:35Z
e_000022e7,2026-08-08T08:32:43Z
e_00002a94,2026-08-08T08:35:11Z
e_0000163b,2026-08-08T08:41:45Z
e_00002a78,2026-08-08T09:02:12Z
e_000014f0,2026-08-08T09:09:17Z
e_000022c6,2026-08-08T09:16:25Z
e_00001648,2026-08-08T09:18:37Z
e_0000229c,2026-08-08T09:26:00Z
e_00001f49,2026-08-08T09:30:12Z
e_00001620,2026-08-08T09:30:18Z
e_00002a58,2026-08-08T09:33:40Z
e_0000145a,2026-08-08T09:34:36Z
e_00002a7e,2026-08-08T09:53:49Z
e_000022c7,2026-08-08T10:01:40Z
e_00001f39,2026-08-08T10:32:05Z
e_00002a8b,2026-08-08T10:38:04Z
e_00001f41,2026-08-08T10:46:11Z
e_00001622,2026-08-08T10:48:13Z
e_00002a69,2026-08-08T10:58:40Z
e_00002a7c,2026-08-08T11:00:11Z
e_000015eb,2026-08-08T11:02:29Z
e_00002a7a,2026-08-08T11:27:11Z
e_0000229e,2026-08-08T11:29:44Z
e_00001f36,2026-08-08T11:35:02Z
e_000022c9,2026-08-08T12:00:04Z
e_00001f35,2026-08-08T11:57:35Z
e_00001571,2026-08-08T12:15:24Z
e_000022e2,2026-08-08T12:21:31Z
e_000022c8,2026-08-08T12:28:53Z
e_00001623,2026-08-08T12:35:59Z
e_00002270,2026-08-08T13:21:14Z
e_00001ecd,2026-08-08T13:16:33Z
e_00002a48,2026-08-08T13:31:21Z
e_00001ed2,2026-08-08T13:36:22Z
e_00001ea9,2026-08-08T14:09:48Z
e_00002a92,2026-08-08T14:22:53Z
e_00002a7f,2026-08-08T14:16:45Z
e_000022de,2026-08-08T14:23:09Z
e_00001f3a,2026-08-08T14:28:30Z
e_0000163f,2026-08-08T14:30:25Z
e_00001588,2026-08-08T14:40:11Z
e_00001f47,2026-08-08T14:40:07Z
e_000022d9,2026-08-08T15:00:12Z
e_000022d5,2026-08-08T14:57:32Z
e_00001504,2026-08-08T15:05:53Z
e_000022c2,2026-08-08T15:18:26Z
e_000022d4,2026-08-08T15:19:50Z
e_0000162a,2026-08-08T15:33:59Z
e_00001631,2026-08-08T15:32:53Z
e_0000162b,2026-08-08T15:53:28Z
e_00002a81,2026-08-08T16:25:29Z
e_00002a89,2026-08-08T17:02:14Z
e_00002a8d,2026-08-08T17:08:28Z
e_00002a66,2026-08-08T17:19:35Z
e_00001f3c,2026-08-08T17:18:43Z
e_00002a99,2026-08-08T17:28:11Z
e_00001f44,2026-08-08T17:31:10Z
e_00002a8e,2026-08-08T17:35:14Z
e_00001f45,2026-08-08T17:37:46Z
e_00001395,2026-08-08T17:43:48Z
e_00001f40,2026-08-08T17:44:31Z
e_000022d3,2026-08-08T18:06:31Z
e_00001f4d,2026-08-08T18:21:19Z
e_00001629,2026-08-08T18:26:47Z
e_000022ab,2026-08-08T18:42:20Z
e_00001576,2026-08-08T18:36:53Z
e_000022ec,2026-08-08T18:43:49Z
e_000022cf,2026-08-08T19:26:33Z
e_000022a9,2026-08-08T19:32:28Z
e_00002282,2026-08-08T19:44:11Z
e_000014f1,2026-08-08T19:39:49Z
e_00001627,2026-08-08T20:11:17Z
e_000022ad,2026-08-08T20:22:08Z
e_00002a64,2026-08-08T20:39:34Z
e_0000153b,2026-08-08T20:45:21Z
e_00002a90,2026-08-08T20:58:03Z
e_00002a85,2026-08-08T21:19:56Z
e_00001f46,2026-08-08T21:19:11Z
e_000014eb,2026-08-08T21:25:47Z
e_000022bc,2026-08-08T21:34:50Z
e_000022cd,2026-08-08T21:37:15Z
e_00002a95,2026-08-08T21:44:49Z
e_00002a7b,2026-08-08T21:47:33Z
e_000022ea,2026-08-08T22:01:58Z
e_00001ef1,2026-08-08T22:03:13Z
e_00001f3e,2026-08-08T22:02:14Z
e_00001336,2026-08-08T22:04:43Z
e_00001626,2026-08-08T22:13:05Z
e_0000151d,2026-08-08T22:19:33Z
e_00002a83,2026-08-08T22:21:48Z
e_00001f4a,2026-08-08T22:28:40Z
e_000014e5,2026-08-08T22:47:42Z
e_00002a98,2026-08-08T22:58:45Z
e_00002a96,2026-08-08T22:59:20Z
e_00001f3d,2026-08-08T23:03:15Z
e_000022e5,2026-08-08T23:13:28Z
e_00001f4c,2026-08-08T23:31:31Z
e_00001f0d,2026-08-08T23:44:57Z
e_00001f4b,2026-08-08T23:40:47Z
e_00002a87,2026-08-08T23:41:25Z
e_00001646,2026-08-08T23:47:41Z
e_000022da,2026-08-08T23:46:57Z
e_000022df,2026-08-09T00:02:31Z
e_000022cb,2026-08-09T00:00:07Z
e_000022a5,2026-08-09T00:06:31Z
e_000022fc,2026-08-09T00:06:28Z
e_00002a84,2026-08-09T00:07:50Z
e_00002300,2026-08-09T00:13:32Z
e_00001662,2026-08-09T00:17:33Z
e_00001ee5,2026-08-09T00:16:06Z
e_00001f3f,2026-08-09T00:38:32Z
e_00001642,2026-08-09T00:33:47Z
e_0000165f,2026-08-09T00:39:07Z
e_00001625,2026-08-09T00:42:46Z
e_00002a91,2026-08-09T00:51:27Z
e_000014f6,2026-08-09T01:02:54Z
e_00001558,2026-08-09T01:07:56Z
e_000015fb,2026-08-09T01:34:30Z
e_00002a72,2026-08-09T01:39:53Z
e_00002317,2026-08-09T01:55:50Z
e_00001ef8,2026-08-09T02:01:34Z
e_00001efe,2026-08-09T02:07:21Z
e_00001f1c,2026-08-09T02:25:51Z
e_000022ca,2026-08-09T02:41:16Z
e_000022f8,2026-08-09T02:41:03Z
e_0000165c,2026-08-09T02:44:19Z
e_00001675,2026-08-09T02:55:42Z
e_00002298,2026-08-09T03:00:55Z
e_00002309,2026-08-09T03:03:02Z
e_000022d8,2026-08-09T03:15:06Z
e_000022ba,2026-08-09T03:24:26Z
e_000022f4,2026-08-09T03:29:59Z
e_00002305,2026-08-09T03:49:44Z
e_00001667,2026-08-09T04:02:11Z
e_00002313,2026-08-09T04:03:28Z
e_00001672,2026-08-09T04:15:26Z
e_00001658,2026-08-09T04:29:30Z
e_00002316,2026-08-09T04:31:35Z
e_00001665,2026-08-09T04:40:55Z
e_00002315,2026-08-09T04:47:15Z
e_000022a7,2026-08-09T04:59:43Z
e_00001674,2026-08-09T05:05:13Z
e_00001557,2026-08-09T05:06:51Z
e_00001673,2026-08-09T05:24:55Z
e_000022ed,2026-08-09T05:43:44Z
e_0000164e,2026-08-09T06:09:37Z
e_000022fe,2026-08-09T06:06:15Z
e_0000230e,2026-08-09T06:13:06Z
e_00001f30,2026-08-09T06:12:04Z
e_00002aae,2026-08-09T06:44:26Z
e_0000166a,2026-08-09T06:53:27Z
e_00001ee1,2026-08-09T07:02:55Z
e_00001661,2026-08-09T07:10:47Z
e_00001f60,2026-08-09T07:19:12Z
e_00002a9f,2026-08-09T07:50:52Z
e_000022e8,2026-08-09T08:04:35Z
e_00002301,2026-08-09T08:11:10Z
e_00002aa6,2026-08-09T08:27:38Z
e_00001f5a,2026-08-09T08:34:17Z
e_00001f52,2026-08-09T08:26:24Z
e_000022f3,2026-08-09T08:48:40Z
e_00002307,2026-08-09T08:59:43Z
e_000022b2,2026-08-09T09:09:57Z
e_0000230f,2026-08-09T09:24:45Z
e_00002293,2026-08-09T09:22:27Z
e_00002314,2026-08-09T09:22:18Z
e_00001666,2026-08-09T09:26:55Z
e_00001657,2026-08-09T09:39:36Z
e_00002a9a,2026-08-09T09:42:13Z
e_00001f4e,2026-08-09T09:44:58Z
e_000013ea,2026-08-09T10:11:04Z
e_000014f9,2026-08-09T10:18:42Z
e_00002312,2026-08-09T10:20:25Z
e_000015ec,2026-08-09T10:28:04Z
e_0000163d,2026-08-09T10:30:48Z
e_000022d0,2026-08-09T10:33:05Z
e_00002302,2026-08-09T10:51:44Z
e_000022fa,2026-08-09T10:55:53Z
e_00001671,2026-08-09T10:58:21Z
e_0000165d,2026-08-09T11:27:21Z
e_00001663,2026-08-09T11:46:53Z
e_000022e4,2026-08-09T11:48:32Z
e_0000157a,2026-08-09T12:03:17Z
e_00001533,2026-08-09T12:13:30Z
e_00001586,2026-08-09T12:28:48Z
e_000022d2,2026-08-09T12:39:23Z
e_00001e98,2026-08-09T12:57:30Z
e_000022ee,2026-08-09T12:58:21Z
e_0000230b,2026-08-09T13:05:48Z
e_00001668,2026-08-09T13:10:23Z
e_0000229a,2026-08-09T13:40:03Z
e_00001484,2026-08-09T14:07:01Z
e_00002a7d,2026-08-09T15:09:06Z
e_00002a97,2026-08-09T15:21:28Z
e_00002a8f,2026-08-09T15:46:57Z
e_00002aa1,2026-08-09T15:57:29Z
e_000015b8,2026-08-09T16:04:01Z
e_00001f54,2026-08-09T16:27:07Z
e_00002aa0,2026-08-09T17:26:14Z
e_00002303,2026-08-09T17:31:15Z
e_00001664,2026-08-09T17:36:49Z
e_00002aa7,2026-08-09T17:39:15Z
e_00001424,2026-08-09T17:45:20Z
e_00002a86,2026-08-09T17:41:13Z
e_000022d6,2026-08-09T17:50:31Z
e_00001f53,2026-08-09T17:47:02Z
e_00002aa9,2026-08-09T18:00:16Z
e_000022cc,2026-08-09T18:12:08Z
e_0000230c,2026-08-09T18:06:27Z
e_00001669,2026-08-09T18:12:06Z
e_00001f5d,2026-08-09T18:15:57Z
e_000015e0,2026-08-09T18:34:28Z
e_00001f5c,2026-08-09T18:38:19Z
e_00002a8c,2026-08-09T18:40:00Z
e_000022fd,2026-08-09T18:35:53Z
e_00001660,2026-08-09T18:59:13Z
e_0000230a,2026-08-09T19:10:02Z
e_00001f22,2026-08-09T19:07:41Z
e_000022c0,2026-08-09T19:09:14Z
e_00001587,2026-08-09T19:25:17Z
e_00002a80,2026-08-09T19:36:18Z
e_000022f1,2026-08-09T20:19:55Z
e_00002a9c,2026-08-09T20:29:42Z
e_00001652,2026-08-09T20:30:16Z
e_00002aa3,2026-08-09T20:37:38Z
e_00001f55,2026-08-09T20:40:00Z
e_000022f6,2026-08-09T20:41:58Z
e_000022e0,2026-08-09T20:53:19Z
e_000022ef,2026-08-09T20:56:14Z
e_00001f4f,2026-08-09T21:13:00Z
e_00001535,2026-08-09T21:12:53Z
e_0000165b,2026-08-09T21:30:44Z
e_00002aaa,2026-08-09T21:43:04Z
e_00002aab,2026-08-09T21:49:37Z
e_00001553,2026-08-09T21:56:46Z
e_0000164f,2026-08-09T21:58:41Z
e_00001f5e,2026-08-09T22:19:04Z
e_00001610,2026-08-09T23:04:45Z
e_00002aa4,2026-08-09T23:06:33Z
e_00002a9e,2026-08-09T23:22:03Z
e_00001f38,2026-08-09T23:28:07Z
e_00002310,2026-08-09T23:46:52Z
e_00002aad,2026-08-09T23:58:08Z
e_00001f59,2026-08-10T00:06:25Z
e_00001f51,2026-08-10T00:14:07Z
e_0000166f,2026-08-10T00:21:34Z
e_00001f5f,2026-08-10T00:42:18Z
e_00002332,2026-08-10T00:37:42Z
e_00002308,2026-08-10T00:46:56Z
e_0000168a,2026-08-10T00:52:52Z
e_00002337,2026-08-10T01:17:32Z
e_0000168e,2026-08-10T01:15:04Z
e_000015fa,2026-08-10T01:27:11Z
e_00001f1d,2026-08-10T01:25:43Z
e_00001524,2026-08-10T01:56:01Z
e_000022f9,2026-08-10T02:06:26Z
e_00002330,2026-08-10T02:57:38Z
e_000015de,2026-08-10T03:01:11Z
e_00001ee4,2026-08-10T02:57:29Z
e_00001efb,2026-08-10T03:09:17Z
e_00002a82,2026-08-10T03:13:28Z
e_00002334,2026-08-10T03:19:58Z
e_00001689,2026-08-10T03:21:14Z
e_00001f3b,2026-08-10T03:30:41Z
e_0000168b,2026-08-10T03:39:22Z
e_00002327,2026-08-10T03:45:33Z
e_00002341,2026-08-10T04:07:15Z
e_0000231f,2026-08-10T04:07:02Z
e_00002331,2026-08-10T04:23:05Z
e_000013bc,2026-08-10T04:32:02Z
e_00001682,2026-08-10T04:45:55Z
e_0000167c,2026-08-10T04:46:55Z
e_0000169d,2026-08-10T04:46:35Z
e_00002a9d,2026-08-10T04:58:26Z
e_0000232e,2026-08-10T05:10:17Z
e_00001688,2026-08-10T05:13:50Z
e_00001f10,2026-08-10T05:14:55Z
e_00002ac8,2026-08-10T05:40:34Z
e_0000231d,2026-08-10T06:00:15Z
e_0000167b,2026-08-10T06:01:58Z
e_00001f6e,2026-08-10T06:21:38Z
e_00002acd,2026-08-10T06:17:19Z
e_0000233e,2026-08-10T06:46:11Z
e_00002318,2026-08-10T06:50:09Z
e_00002ac0,2026-08-10T06:50:17Z
e_00002abb,2026-08-10T06:58:29Z
e_000022f5,2026-08-10T07:08:31Z
e_00001f67,2026-08-10T07:06:22Z
e_00001f6a,2026-08-10T07:12:28Z
e_00001f71,2026-08-10T07:14:59Z
e_000015bf,2026-08-10T07:33:33Z
e_00002ac6,2026-08-10T07:36:47Z
e_0000232a,2026-08-10T07:39:53Z
e_00001696,2026-08-10T07:42:12Z
e_0000148a,2026-08-10T08:00:34Z
e_000013b3,2026-08-10T08:02:37Z
e_00001685,2026-08-10T08:02:14Z
e_00001f6d,2026-08-10T08:12:20Z
e_00002a8a,2026-08-10T08:47:26Z
e_00002ad2,2026-08-10T09:20:49Z
e_00002348,2026-08-10T09:12:54Z
e_00002ad0,2026-08-10T09:40:34Z
e_00002aaf,2026-08-10T09:50:02Z
e_00001f74,2026-08-10T09:52:45Z
e_000016a8,2026-08-10T10:08:24Z
e_00001f73,2026-08-10T10:16:09Z
e_00001641,2026-08-10T10:18:03Z
e_0000232b,2026-08-10T10:26:40Z
e_00002ac4,2026-08-10T10:31:27Z
e_00001f6c,2026-08-10T10:51:16Z
e_000015ea,2026-08-10T10:55:14Z
e_00001ec4,2026-08-10T11:06:45Z
e_00001f1e,2026-08-10T11:58:56Z
e_00001638,2026-08-10T12:35:14Z
e_000022ce,2026-08-10T12:31:50Z
e_00002ac2,2026-08-10T12:56:44Z
e_00002319,2026-08-10T12:53:22Z
e_00002339,2026-08-10T13:04:53Z
e_00001677,2026-08-10T13:13:00Z
e_00001f6b,2026-08-10T13:12:01Z
e_00002ab4,2026-08-10T13:16:15Z
e_00002ac5,2026-08-10T13:26:32Z
e_00001691,2026-08-10T13:38:55Z
e_00002ace,2026-08-10T13:34:27Z
e_00002aa8,2026-08-10T13:39:55Z
e_00002336,2026-08-10T13:47:24Z
e_00001f63,2026-08-10T13:49:30Z
e_00002a9b,2026-08-10T13:49:30Z
e_0000155d,2026-08-10T13:59:02Z
e_0000146a,2026-08-10T14:01:51Z
e_000015b9,2026-08-10T14:13:39Z
e_000022ff,2026-08-10T14:10:00Z
e_00002345,2026-08-10T14:15:18Z
e_00001f72,2026-08-10T14:36:34Z
e_0000233d,2026-08-10T14:40:57Z
e_0000168d,2026-08-10T14:38:44Z
e_00002346,2026-08-10T14:55:13Z
e_000016a4,2026-08-10T14:54:37Z
e_000014b9,2026-08-10T15:15:22Z
e_00002ad3,2026-08-10T15:14:12Z
e_00001695,2026-08-10T15:27:22Z
e_00002329,2026-08-10T15:28:37Z
e_000016a7,2026-08-10T15:32:12Z
e_000015f4,2026-08-10T15:41:11Z
e_00001683,2026-08-10T15:46:31Z
e_000022f0,2026-08-10T15:57:31Z
e_0000231b,2026-08-10T16:07:42Z
e_00002ab6,2026-08-10T16:11:03Z
e_00002ab2,2026-08-10T16:13:40Z
e_00001678,2026-08-10T16:19:33Z
e_00001633,2026-08-10T16:27:07Z
e_00001f62,2026-08-10T16:32:54Z
e_00002a88,2026-08-10T16:48:58Z
e_00001f64,2026-08-10T17:01:42Z
e_0000231a,2026-08-10T16:55:44Z
e_00002ac9,2026-08-10T17:56:10Z
e_00002344,2026-08-10T18:22:21Z
e_000022f2,2026-08-10T18:28:17Z
e_000014ee,2026-08-10T18:59:12Z
e_0000169f,2026-08-10T19:14:11Z
e_000015f3,2026-08-10T19:08:33Z
e_00002abd,2026-08-10T19:24:39Z
e_00001f68,2026-08-10T19:47:53Z
e_000014d3,2026-08-10T20:02:30Z
e_00002342,2026-08-10T20:37:57Z
e_00002ab0,2026-08-10T20:44:59Z
e_00002abf,2026-08-10T20:47:48Z
e_00002323,2026-08-10T20:59:09Z
e_0000233b,2026-08-10T21:00:23Z
e_00001f61,2026-08-10T21:02:47Z
e_0000169e,2026-08-10T21:02:32Z
e_00001f69,2026-08-10T20:58:56Z
e_00002338,2026-08-10T21:09:57Z
e_0000167e,2026-08-10T21:22:17Z
e_00001694,2026-08-10T21:23:36Z
e_00002ab1,2026-08-10T21:23:07Z
e_000022fb,2026-08-10T21:35:18Z
e_00002335,2026-08-10T21:47:31Z
e_00001ef9,2026-08-10T21:53:43Z
e_00002abe,2026-08-10T21:58:20Z
e_0000168c,2026-08-10T22:07:08Z
e_00002349,2026-08-10T22:01:36Z
e_000016a9,2026-08-10T22:05:19Z
e_0000233f,2026-08-10T22:17:58Z
e_00002333,2026-08-10T22:37:24Z
e_00002aca,2026-08-10T22:36:28Z
e_00001552,2026-08-10T22:44:55Z
e_00002ab5,2026-08-10T22:51:51Z
e_0000169b,2026-08-10T23:10:37Z
e_000014db,2026-08-10T23:18:59Z
e_00001f6f,2026-08-10T23:15:40Z
e_00001650,2026-08-10T23:24:03Z
e_0000166c,2026-08-10T23:28:47Z
e_0000232c,2026-08-10T23:45:54Z
e_00002aa2,2026-08-10T23:47:04Z
e_00002ab9,2026-08-10T23:43:21Z
e_00002321,2026-08-10T23:49:48Z
e_00002325,2026-08-10T23:49:29Z
e_00002acb,2026-08-11T00:00:00Z
e_00002ab8,2026-08-11T00:00:37Z
e_000015f2,2026-08-11T00:05:34Z
e_00001f66,2026-08-11T00:07:43Z
e_00001f2f,2026-08-11T00:16:03Z
e_0000167f,2026-08-11T00:10:16Z
e_00001f65,2026-08-11T00:14:43Z
e_00001687,2026-08-11T00:24:39Z
e_0000167d,2026-08-11T00:26:16Z
e_00002320,2026-08-11T00:35:59Z
e_0000236e,2026-08-11T00:44:51Z
e_00001f70,2026-08-11T00:51:50Z
e_0000237e,2026-08-11T00:58:03Z
e_0000235d,2026-08-11T01:03:57Z
e_000016db,2026-08-11T01:21:01Z
e_000016c1,2026-08-11T01:31:55Z
e_000016ec,2026-08-11T01:42:34Z
e_00001690,2026-08-11T02:10:24Z
e_00002365,2026-08-11T02:21:08Z
e_00002ac3,2026-08-11T02:27:58Z
e_0000230d,2026-08-11T02:28:41Z
e_00001f29,2026-08-11T02:54:29Z
e_000016cc,2026-08-11T02:59:03Z
e_00002354,2026-08-11T03:08:57Z
e_00002311,2026-08-11T03:09:06Z
e_00002306,2026-08-11T03:12:02Z
e_000014b1,2026-08-11T03:27:38Z
e_000016b6,2026-08-11T03:28:15Z
e_00001f23,2026-08-11T03:36:03Z
e_0000165a,2026-08-11T03:53:23Z
e_00002371,2026-08-11T03:58:30Z
e_0000235a,2026-08-11T04:09:22Z
e_00002351,2026-08-11T04:14:58Z
e_000016de,2026-08-11T04:12:02Z
e_00001efa,2026-08-11T04:13:29Z
e_00001f28,2026-08-11T04:17:24Z
e_00002350,2026-08-11T04:27:02Z
e_000016b3,2026-08-11T04:43:58Z
e_00002352,2026-08-11T04:45:31Z
e_000016bf,2026-08-11T04:45:49Z
e_00001569,2026-08-11T04:56:33Z
e_000016b2,2026-08-11T05:17:47Z
e_000016b4,2026-08-11T05:24:30Z
e_00002adb,2026-08-11T05:45:05Z
e_0000235f,2026-08-11T06:13:27Z
e_00002363,2026-08-11T06:15:12Z
e_00002ae2,2026-08-11T06:26:34Z
e_00001f83,2026-08-11T06:21:13Z
e_00002362,2026-08-11T06:32:45Z
e_000016cb,2026-08-11T06:41:20Z
e_000016c5,2026-08-11T06:44:59Z
e_00001f7b,2026-08-11T06:47:29Z
e_00001590,2026-08-11T06:41:40Z
e_000015fc,2026-08-11T06:53:29Z
e_00002375,2026-08-11T06:58:08Z
e_000016ca,2026-08-11T06:57:35Z
e_0000237c,2026-08-11T07:08:16Z
e_000016e8,2026-08-11T07:43:05Z
e_000016e3,2026-08-11T07:50:02Z
e_00002ae0,2026-08-11T08:05:58Z
e_00001f7f,2026-08-11T08:06:28Z
e_00002304,2026-08-11T08:18:02Z
e_0000236a,2026-08-11T08:33:16Z
e_0000237d,2026-08-11T08:40:27Z
e_00002373,2026-08-11T08:46:13Z
e_0000164c,2026-08-11T08:59:13Z
e_00002379,2026-08-11T09:07:39Z
e_00002326,2026-08-11T09:16:44Z
e_000016d1,2026-08-11T09:14:40Z
e_000016e1,2026-08-11T09:21:55Z
e_000016e6,2026-08-11T09:14:59Z
e_00001637,2026-08-11T09:25:00Z
e_000016e9,2026-08-11T09:29:26Z
e_00002328,2026-08-11T09:30:23Z
e_00002ad6,2026-08-11T09:31:51Z
e_00001f77,2026-08-11T09:31:24Z
e_00001601,2026-08-11T09:32:53Z
e_00002322,2026-08-11T09:37:35Z
e_0000158f,2026-08-11T09:43:18Z
e_00002347,2026-08-11T09:49:24Z
e_0000236b,2026-08-11T09:55:58Z
e_000016d5,2026-08-11T10:03:19Z
e_00002374,2026-08-11T10:08:50Z
e_000015bc,2026-08-11T10:39:26Z
e_00001ed3,2026-08-11T10:44:14Z
e_0000162e,2026-08-11T10:59:50Z
e_000016b5,2026-08-11T11:24:58Z
e_00002353,2026-08-11T11:20:43Z
e_0000232f,2026-08-11T11:27:34Z
e_00001492,2026-08-11T11:33:12Z
e_000015df,2026-08-11T11:41:18Z
e_0000234b,2026-08-11T11:59:19Z
e_0000237f,2026-08-11T12:05:21Z
e_000015c1,2026-08-11T12:02:10Z
e_00001ed1,2026-08-11T12:06:56Z
e_00002aed,2026-08-11T12:08:19Z
e_00002ae9,2026-08-11T12:15:00Z
e_00001f8b,2026-08-11T12:22:37Z
e_00002356,2026-08-11T12:27:16Z
e_000015d0,2026-08-11T12:33:42Z
e_000016aa,2026-08-11T12:37:01Z
e_00001f7a,2026-08-11T12:37:48Z
e_00002355,2026-08-11T12:35:07Z
e_00002ada,2026-08-11T12:41:39Z
e_00002357,2026-08-11T12:40:23Z
e_00001f88,2026-08-11T12:59:02Z
e_000013c9,2026-08-11T13:01:06Z
e_00001589,2026-08-11T12:56:50Z
e_000016b9,2026-08-11T13:23:11Z
e_000016b7,2026-08-11T13:24:10Z
e_00001f57,2026-08-11T13:40:01Z
e_0000237a,2026-08-11T14:08:50Z
e_00002360,2026-08-11T14:30:21Z
e_00002adc,2026-08-11T14:40:35Z
e_00002ac1,2026-08-11T14:36:03Z
e_0000234f,2026-08-11T14:48:30Z
e_000016e7,2026-08-11T14:49:54Z
e_00001f7c,2026-08-11T14:50:39Z
e_00002aac,2026-08-11T15:01:43Z
e_0000235c,2026-08-11T14:58:49Z
e_00002358,2026-08-11T15:07:05Z
e_000016c6,2026-08-11T15:14:28Z
e_00002aeb,2026-08-11T15:13:01Z
e_000016ba,2026-08-11T15:19:01Z
e_00002aba,2026-08-11T15:29:27Z
e_000016b1,2026-08-11T15:37:24Z
e_00001f89,2026-08-11T15:38:38Z
e_000016c0,2026-08-11T15:45:51Z
e_00002366,2026-08-11T15:58:47Z
e_0000232d,2026-08-11T16:00:13Z
e_000015d3,2026-08-11T16:11:11Z
e_00002ae7,2026-08-11T16:14:30Z
e_00001f87,2026-08-11T16:31:45Z
e_00002add,2026-08-11T16:34:59Z
e_0000236c,2026-08-11T16:51:40Z
e_00002377,2026-08-11T16:51:11Z
e_00001570,2026-08-11T16:49:42Z
e_00001f7d,2026-08-11T16:59:02Z
e_00001640,2026-08-11T17:00:56Z
e_00002ae6,2026-08-11T17:20:24Z
e_000016da,2026-08-11T17:27:02Z
e_00002ad7,2026-08-11T17:47:56Z
e_00001f85,2026-08-11T17:47:06Z
e_000016e5,2026-08-11T17:52:45Z
e_00001f24,2026-08-11T17:51:27Z
e_00002ad4,2026-08-11T17:52:37Z
e_00001f78,2026-08-11T18:16:03Z
e_00001f76,2026-08-11T18:25:00Z
e_0000235e,2026-08-11T18:43:09Z
e_0000141c,2026-08-11T18:43:56Z
e_00002adf,2026-08-11T18:38:02Z
e_00001f7e,2026-08-11T18:45:10Z
e_00002376,2026-08-11T18:50:27Z
e_00002372,2026-08-11T18:56:43Z
e_000022f7,2026-08-11T19:05:51Z
e_00002ae4,2026-08-11T19:07:16Z
e_00001f84,2026-08-11T19:16:20Z
e_000016e4,2026-08-11T19:20:12Z
e_00002367,2026-08-11T19:35:48Z
e_000016cd,2026-08-11T19:57:33Z
e_00002aa5,2026-08-11T20:30:29Z
e_00002368,2026-08-11T21:07:58Z
e_00002ad8,2026-08-11T21:21:26Z
e_00001621,2026-08-11T21:22:28Z
e_00001f42,2026-08-11T21:23:09Z
e_00001f37,2026-08-11T21:40:32Z
e_000016ce,2026-08-11T21:53:49Z
e_0000236f,2026-08-11T21:54:28Z
e_00001f79,2026-08-11T22:02:28Z
e_000016dd,2026-08-11T22:45:40Z
e_00002ad1,2026-08-11T23:20:19Z
e_0000234d,2026-08-11T23:23:23Z
e_00001654,2026-08-11T23:30:08Z
e_00001632,2026-08-11T23:31:18Z
e_000016ab,2026-08-11T23:51:14Z
e_00001f27,2026-08-12T00:15:54Z
e_0000239c,2026-08-12T00:17:04Z
e_000015b2,2026-08-12T00:32:18Z
e_00001708,2026-08-12T00:34:00Z
e_0000234a,2026-08-12T00:35:13Z
e_0000238d,2026-08-12T01:28:55Z
e_00001679,2026-08-12T01:42:08Z
e_000016f9,2026-08-12T01:40:24Z
e_00001ef0,2026-08-12T01:57:32Z
e_000023a8,2026-08-12T02:09:33Z
e_00002abc,2026-08-12T02:14:53Z
e_00002386,2026-08-12T02:42:50Z
e_0000231e,2026-08-12T02:49:05Z
e_0000150c,2026-08-12T02:55:29Z
e_0000171d,2026-08-12T02:57:30Z
e_000016f2,2026-08-12T03:18:04Z
e_000023ac,2026-08-12T03:38:52Z
e_000016a0,2026-08-12T04:15:31Z
e_00001723,2026-08-12T04:22:15Z
e_00001693,2026-08-12T04:29:02Z
e_000023a1,2026-08-12T04:49:58Z
e_000016a1,2026-08-12T04:48:27Z
e_0000238b,2026-08-12T04:55:33Z
e_00002390,2026-08-12T04:55:24Z
e_000016fd,2026-08-12T05:18:38Z
e_00002ac7,2026-08-12T05:19:23Z
e_00002ab7,2026-08-12T05:30:38Z
e_000016f8,2026-08-12T05:39:49Z
e_00001712,2026-08-12T05:36:39Z
e_0000238e,2026-08-12T06:02:08Z
e_000016fb,2026-08-12T06:16:43Z
e_000023a9,2026-08-12T06:15:27Z
e_00002380,2026-08-12T06:32:27Z
e_000016ed,2026-08-12T06:35:22Z
e_0000233a,2026-08-12T06:43:01Z
e_000023a7,2026-08-12T06:59:03Z
e_00001676,2026-08-12T07:14:24Z
e_0000238f,2026-08-12T07:28:29Z
e_00001717,2026-08-12T07:33:30Z
e_00002ae1,2026-08-12T07:51:48Z
e_0000233c,2026-08-12T07:50:01Z
e_00002aff,2026-08-12T07:52:03Z
e_000014fa,2026-08-12T07:55:42Z
e_0000237b,2026-08-12T08:11:17Z
e_000016fc,2026-08-12T08:19:52Z
e_00002afd,2026-08-12T08:30:03Z
e_00001f99,2026-08-12T08:38:17Z
e_00002383,2026-08-12T08:42:39Z
e_0000234c,2026-08-12T09:08:34Z
e_000016ef,2026-08-12T09:09:59Z
e_00001f98,2026-08-12T09:13:13Z
e_00002b01,2026-08-12T09:13:17Z
e_000023a3,2026-08-12T09:19:44Z
e_00001f00,2026-08-12T09:29:31Z
e_00001714,2026-08-12T09:41:46Z
e_0000160f,2026-08-12T09:50:41Z
e_00001f9e,2026-08-12T09:49:44Z
e_0000239a,2026-08-12T09:58:48Z
e_00002394,2026-08-12T10:47:56Z
e_00002af0,2026-08-12T10:54:48Z
e_00001f2e,2026-08-12T10:49:04Z
e_00001707,2026-08-12T10:55:00Z
e_00001f91,2026-08-12T10:55:04Z
e_00001f0f,2026-08-12T11:03:59Z
e_00002afb,2026-08-12T11:09:49Z
e_00002aec,2026-08-12T11:07:37Z
e_0000239f,2026-08-12T11:39:09Z
e_00001702,2026-08-12T11:40:12Z
e_00001f97,2026-08-12T12:00:01Z
e_00001710,2026-08-12T12:08:37Z
e_00002acf,2026-08-12T12:18:34Z
e_0000231c,2026-08-12T12:25:32Z
e_00002b02,2026-08-12T12:30:05Z
e_00001f9f,2026-08-12T12:38:08Z
e_000015cf,2026-08-12T12:38:44Z
e_00002324,2026-08-12T12:56:54Z
e_00001680,2026-08-12T13:12:51Z
e_00002ab3,2026-08-12T13:17:10Z
e_00002391,2026-08-12T13:17:45Z
e_00002395,2026-08-12T13:23:42Z
e_000023aa,2026-08-12T13:39:30Z
e_00001f80,2026-08-12T13:46:11Z
e_000023ad,2026-08-12T13:54:50Z
e_00001724,2026-08-12T14:03:30Z
e_00001700,2026-08-12T14:08:16Z
e_00002afc,2026-08-12T14:30:54Z
e_00002af8,2026-08-12T14:36:02Z
e_0000171e,2026-08-12T14:37:15Z
e_00002acc,2026-08-12T14:35:55Z
e_00001f95,2026-08-12T15:11:01Z
e_0000165e,2026-08-12T15:27:45Z
e_00002387,2026-08-12T15:31:27Z
e_00001f2b,2026-08-12T15:32:54Z
e_00002340,2026-08-12T15:48:38Z
e_00002aee,2026-08-12T15:43:32Z
e_000016f3,2026-08-12T15:53:32Z
e_00002ade,2026-08-12T15:52:39Z
e_0000238c,2026-08-12T15:58:29Z
e_00001f8e,2026-08-12T16:40:40Z
e_00001611,2026-08-12T16:46:31Z
e_000023a5,2026-08-12T16:48:51Z
e_00002af1,2026-08-12T16:57:53Z
e_00002343,2026-08-12T17:19:30Z
e_00001716,2026-08-12T17:33:27Z
e_0000238a,2026-08-12T17:41:31Z
e_000014c6,2026-08-12T17:38:47Z
e_00002384,2026-08-12T17:45:21Z
e_0000168f,2026-08-12T17:41:32Z
e_000016f0,2026-08-12T18:10:35Z
e_000016f6,2026-08-12T18:19:30Z
e_00002aef,2026-08-12T18:33:06Z
e_00002b00,2026-08-12T18:39:33Z
e_00002369,2026-08-12T19:00:24Z
e_00001f8f,2026-08-12T19:12:11Z
e_00002afa,2026-08-12T19:15:19Z
e_0000162d,2026-08-12T19:28:51Z
e_00001636,2026-08-12T19:34:24Z
e_00002392,2026-08-12T19:46:03Z
e_00002396,2026-08-12T19:49:25Z
e_00001f96,2026-08-12T19:53:33Z
e_00002399,2026-08-12T20:12:07Z
e_00001703,2026-08-12T20:27:25Z
e_000016d3,2026-08-12T20:42:16Z
e_00001706,2026-08-12T20:39:02Z
e_00001701,2026-08-12T20:45:48Z
e_000023a2,2026-08-12T20:45:44Z
e_00002ae3,2026-08-12T20:59:37Z
e_0000235b,2026-08-12T21:12:28Z
e_000023a6,2026-08-12T21:12:18Z
e_000023a0,2026-08-12T21:15:59Z
e_00002af4,2026-08-12T21:28:36Z
e_0000239b,2026-08-12T21:30:36Z
e_00002b04,2026-08-12T21:44:16Z
e_00002b03,2026-08-12T21:45:44Z
e_0000239d,2026-08-12T22:07:24Z
e_00001f93,2026-08-12T22:12:17Z
e_00002381,2026-08-12T22:20:12Z
e_000016ee,2026-08-12T22:25:30Z
e_00002361,2026-08-12T22:29:50Z
e_00001fa0,2026-08-12T22:29:50Z
e_0000170b,2026-08-12T22:30:18Z
e_0000234e,2026-08-12T22:39:10Z
e_00002389,2026-08-12T22:46:26Z
e_00002af2,2026-08-12T22:56:03Z
e_00002af6,2026-08-12T22:57:58Z
e_00001413,2026-08-12T23:07:37Z
e_000016f4,2026-08-12T23:26:32Z
e_00001f92,2026-08-12T23:24:44Z
e_00001f94,2026-08-12T23:31:57Z
e_00002397,2026-08-13T00:00:48Z
e_00002388,2026-08-13T00:36:13Z
e_0000162f,2026-08-13T00:44:16Z
e_000023ce,2026-08-13T00:43:07Z
e_000014d8,2026-08-13T01:01:07Z
e_00001705,2026-08-13T00:59:04Z
e_0000163c,2026-08-13T01:04:10Z
e_000016a6,2026-08-13T01:02:16Z
e_0000174a,2026-08-13T01:20:37Z
e_00002364,2026-08-13T01:25:19Z
e_00002af7,2026-08-13T01:49:11Z
e_00001499,2026-08-13T02:34:27Z
e_00001697,2026-08-13T02:43:00Z
e_00002aea,2026-08-13T02:49:33Z
e_000023c5,2026-08-13T02:51:56Z
e_00002ae8,2026-08-13T03:05:15Z
e_000016a5,2026-08-13T03:07:53Z
e_00001744,2026-08-13T03:35:48Z
e_0000156d,2026-08-13T03:44:36Z
e_00001f19,2026-08-13T03:50:09Z
e_00001405,2026-08-13T04:40:48Z
e_0000236d,2026-08-13T05:16:00Z
e_00002385,2026-08-13T05:28:10Z
e_000023a4,2026-08-13T05:40:27Z
e_00001755,2026-08-13T05:57:21Z
e_000023da,2026-08-13T05:57:19Z
e_000015f1,2026-08-13T06:08:19Z
e_000023bd,2026-08-13T06:06:32Z
e_0000173b,2026-08-13T06:15:55Z
e_00001681,2026-08-13T06:13:30Z
e_00002359,2026-08-13T06:31:11Z
e_00002b0d,2026-08-13T06:33:40Z
e_00002b09,2026-08-13T06:43:09Z
e_00001fa3,2026-08-13T07:04:47Z
e_000015ac,2026-08-13T06:59:13Z
e_00002b08,2026-08-13T07:09:01Z
e_000023d0,2026-08-13T07:08:02Z
e_00001fa2,2026-08-13T07:19:13Z
e_00002afe,2026-08-13T07:23:33Z
e_00001fa5,2026-08-13T07:32:48Z
e_0000174b,2026-08-13T07:49:12Z
e_000023db,2026-08-13T08:01:27Z
e_000023ae,2026-08-13T08:29:41Z
e_00001f01,2026-08-13T08:40:19Z
e_00001756,2026-08-13T08:48:24Z
e_000023bc,2026-08-13T08:55:09Z
e_000023b2,2026-08-13T08:59:40Z
e_0000172f,2026-08-13T09:27:18Z
e_0000171a,2026-08-13T09:26:44Z
e_0000173a,2026-08-13T09:24:14Z
e_0000145e,2026-08-13T09:43:24Z
e_00001f31,2026-08-13T09:50:25Z
e_00002b19,2026-08-13T09:52:01Z
e_00001fad,2026-08-13T10:38:47Z
e_000023b4,2026-08-13T10:43:31Z
e_00002b17,2026-08-13T10:58:55Z
e_000023be,2026-08-13T10:58:12Z
e_00002b1a,2026-08-13T11:14:41Z
e_00001fae,2026-08-13T11:22:54Z
e_000016d9,2026-08-13T11:23:33Z
e_00001fac,2026-08-13T11:34:59Z
e_0000173c,2026-08-13T11:38:49Z
e_00001730,2026-08-13T11:42:45Z
e_000023cc,2026-08-13T11:54:07Z
e_00001f5b,2026-08-13T11:55:53Z
e_000015d1,2026-08-13T11:59:36Z
e_00001f50,2026-08-13T12:18:22Z
e_00002ae5,2026-08-13T12:19:08Z
e_00001749,2026-08-13T12:28:53Z
e_000023d1,2026-08-13T12:36:58Z
e_000023b8,2026-08-13T12:45:12Z
e_000016d7,2026-08-13T13:00:25Z
e_00001736,2026-08-13T13:10:34Z
e_000023cf,2026-08-13T13:24:48Z
e_00002b1c,2026-08-13T13:29:20Z
e_00002b10,2026-08-13T13:37:21Z
e_000023d4,2026-08-13T14:09:17Z
e_00001750,2026-08-13T14:12:24Z
e_00002ad9,2026-08-13T14:11:40Z
e_00002b14,2026-08-13T14:23:12Z
e_00001fa7,2026-08-13T14:26:57Z
e_00002b15,2026-08-13T14:23:06Z
e_00001faf,2026-08-13T14:25:07Z
e_00002af3,2026-08-13T14:37:06Z
e_00001faa,2026-08-13T14:41:27Z
e_00001f9b,2026-08-13T14:49:35Z
e_00002378,2026-08-13T15:07:13Z
e_000023c0,2026-08-13T16:06:31Z
e_000023b0,2026-08-13T16:37:29Z
e_00002ad5,2026-08-13T16:41:45Z
e_0000173d,2026-08-13T16:42:16Z
e_000023d6,2026-08-13T17:02:37Z
e_0000172a,2026-08-13T17:10:33Z
e_00001751,2026-08-13T17:11:55Z
e_000023af,2026-08-13T17:29:59Z
e_000023c4,2026-08-13T17:37:20Z
e_00001729,2026-08-13T17:37:16Z
e_00002370,2026-08-13T17:41:33Z
e_0000169a,2026-08-13T17:44:33Z
e_000023d8,2026-08-13T17:50:29Z
e_000023c6,2026-08-13T17:44:35Z
e_00002b16,2026-08-13T17:48:09Z
e_00001745,2026-08-13T17:55:24Z
e_000023c8,2026-08-13T17:51:38Z
e_000023b6,2026-08-13T18:01:34Z
e_00001735,2026-08-13T18:00:08Z
e_00001fab,2026-08-13T18:01:00Z
e_00001743,2026-08-13T18:05:00Z
e_00001752,2026-08-13T18:08:23Z
e_00001747,2026-08-13T18:12:05Z
e_00002b12,2026-08-13T18:28:27Z
e_00002af5,2026-08-13T18:32:36Z
e_00001fa9,2026-08-13T18:32:29Z
e_000023c7,2026-08-13T18:42:18Z
e_000023ca,2026-08-13T18:44:34Z
e_00001748,2026-08-13T19:20:00Z
e_00001726,2026-08-13T19:44:12Z
e_000023ba,2026-08-13T19:59:25Z
e_000023d2,2026-08-13T20:14:34Z
e_00001739,2026-08-13T20:21:31Z
e_00002b0a,2026-08-13T20:16:04Z
e_00002b05,2026-08-13T20:39:18Z
e_0000174c,2026-08-13T20:41:55Z
e_0000166b,2026-08-13T21:00:27Z
e_000016bc,2026-08-13T21:01:28Z
e_000023c2,2026-08-13T21:26:19Z
e_000023dc,2026-08-13T21:35:15Z
e_0000173e,2026-08-13T21:27:50Z
e_00002382,2026-08-13T21:38:10Z
e_00001757,2026-08-13T21:44:02Z
e_0000164d,2026-08-13T21:39:22Z
e_000023dd,2026-08-13T22:12:00Z
e_00002b0b,2026-08-13T22:58:35Z
e_00002b11,2026-08-13T23:01:15Z
e_00001500,2026-08-13T23:06:16Z
e_00001fa4,2026-08-13T23:10:50Z
e_00002b06,2026-08-13T23:16:23Z
e_00001fa1,2026-08-13T23:14:22Z
e_0000239e,2026-08-13T23:26:42Z
e_00001fa8,2026-08-13T23:24:39Z
e_00002b1e,2026-08-13T23:41:19Z
e_00002b0f,2026-08-13T23:42:05Z
e_0000163a,2026-08-13T23:43:00Z
e_000016c8,2026-08-13T23:54:58Z
e_000023d5,2026-08-14T00:10:35Z
e_00002af9,2026-08-14T00:07:54Z
e_000016bd,2026-08-14T00:16:29Z
e_00001fb0,2026-08-14T00:28:09Z
e_00001fa6,2026-08-14T00:34:09Z
e_0000176a,2026-08-14T00:40:35Z
e_000023ef,2026-08-14T00:37:08Z
e_000016a2,2026-08-14T01:11:20Z
e_000023d9,2026-08-14T01:47:31Z
e_000023e3,2026-08-14T01:57:02Z
e_00001592,2026-08-14T01:59:43Z
e_000023f2,2026-08-14T02:33:36Z
e_0000163e,2026-08-14T02:26:04Z
e_0000175e,2026-08-14T02:36:42Z
e_0000176f,2026-08-14T02:41:18Z
e_000016af,2026-08-14T02:58:51Z
e_00002411,2026-08-14T03:54:43Z
e_0000178a,2026-08-14T04:57:58Z
e_000023cd,2026-08-14T04:58:08Z
e_00001728,2026-08-14T05:30:49Z
e_00002402,2026-08-14T05:27:12Z
e_000023f0,2026-08-14T05:44:21Z
e_0000177c,2026-08-14T05:49:13Z
e_00002408,2026-08-14T06:04:24Z
e_00001785,2026-08-14T06:11:52Z
e_00002406,2026-08-14T06:24:56Z
e_00002b3e,2026-08-14T06:39:06Z
e_0000170d,2026-08-14T06:43:12Z
e_00001fc5,2026-08-14T06:50:20Z
e_00001780,2026-08-14T06:52:22Z
e_000023ec,2026-08-14T07:04:36Z
e_00002b33,2026-08-14T07:13:36Z
e_000023cb,2026-08-14T07:28:34Z
e_000023de,2026-08-14T07:30:17Z
e_00001fbf,2026-08-14T07:43:23Z
e_00001759,2026-08-14T07:40:53Z
e_000023f8,2026-08-14T07:56:31Z
e_00001767,2026-08-14T08:01:05Z
e_000023b3,2026-08-14T08:18:13Z
e_000016bb,2026-08-14T08:32:21Z
e_00001772,2026-08-14T08:46:15Z
e_00002405,2026-08-14T09:52:43Z
e_00001f58,2026-08-14T09:57:11Z
e_00002b1f,2026-08-14T10:05:50Z
e_00002b3c,2026-08-14T10:12:08Z
e_000023f4,2026-08-14T10:10:46Z
e_000023f1,2026-08-14T10:28:31Z
e_00002b30,2026-08-14T10:38:23Z
e_0000177f,2026-08-14T10:49:12Z
e_00001fc4,2026-08-14T10:53:17Z
e_00001770,2026-08-14T10:50:47Z
e_000023fa,2026-08-14T10:53:11Z
e_00001fbd,2026-08-14T11:04:12Z
e_000023c1,2026-08-14T11:04:35Z
e_00002b32,2026-08-14T11:10:59Z
e_0000176b,2026-08-14T11:17:52Z
e_00002393,2026-08-14T11:17:44Z
e_00002b31,2026-08-14T11:23:35Z
e_00001776,2026-08-14T11:43:19Z
e_00001fbe,2026-08-14T12:00:55Z
e_000023ab,2026-08-14T12:28:36Z
e_00002400,2026-08-14T12:33:36Z
e_00002398,2026-08-14T12:39:34Z
e_000016d4,2026-08-14T12:43:50Z
e_0000177b,2026-08-14T12:46:04Z
e_00002b3a,2026-08-14T13:03:30Z
e_000023e0,2026-08-14T13:00:53Z
e_000023e7,2026-08-14T13:28:13Z
e_00001fc3,2026-08-14T13:23:40Z
e_0000175c,2026-08-14T13:42:18Z
e_00002b38,2026-08-14T13:50:56Z
e_00001630,2026-08-14T13:49:04Z
e_00001fc2,2026-08-14T14:09:49Z
e_00001760,2026-08-14T14:13:33Z
e_000023fd,2026-08-14T14:14:18Z
e_00002b1d,2026-08-14T14:27:16Z
e_000016ae,2026-08-14T14:44:41Z
e_000023fc,2026-08-14T14:47:28Z
e_0000164b,2026-08-14T14:51:07Z
e_00001778,2026-08-14T14:58:35Z
e_00002b13,2026-08-14T15:10:43Z
e_00001777,2026-08-14T15:30:32Z
e_000016c4,2026-08-14T15:39:16Z
e_000016c2,2026-08-14T15:37:03Z
e_00002b07,2026-08-14T15:44:27Z
e_000023e1,2026-08-14T15:42:51Z
e_0000175d,2026-08-14T16:05:06Z
e_0000240d,2026-08-14T16:03:52Z
e_00001788,2026-08-14T16:27:53Z
e_00001709,2026-08-14T16:34:40Z
e_000023e5,2026-08-14T16:50:46Z
e_00002b24,2026-08-14T16:55:26Z
e_00002b3d,2026-08-14T17:07:40Z
e_000023f6,2026-08-14T17:14:27Z
e_00001771,2026-08-14T17:22:03Z
e_00002b36,2026-08-14T17:27:51Z
e_00001fb3,2026-08-14T17:30:24Z
e_0000175f,2026-08-14T17:34:51Z
e_00001fc1,2026-08-14T17:37:58Z
e_0000166e,2026-08-14T18:02:42Z
e_0000170c,2026-08-14T18:01:33Z
e_000023f3,2026-08-14T18:09:04Z
e_000023eb,2026-08-14T18:37:18Z
e_000023d7,2026-08-14T18:45:49Z
e_00001f9a,2026-08-14T18:56:27Z
e_00002b2e,2026-08-14T19:05:49Z
e_00002b35,2026-08-14T19:10:54Z
e_00001766,2026-08-14T19:04:25Z
e_00001624,2026-08-14T19:13:19Z
e_00002b39,2026-08-14T19:12:33Z
e_00001fbc,2026-08-14T19:37:09Z
e_000023ff,2026-08-14T19:40:15Z
e_00002b2b,2026-08-14T19:43:35Z
e_00002b22,2026-08-14T19:48:17Z
e_00001779,2026-08-14T19:52:58Z
e_00001fc0,2026-08-14T20:03:30Z
e_00002403,2026-08-14T19:59:35Z
e_0000177d,2026-08-14T20:18:52Z
e_00001f43,2026-08-14T20:19:24Z
e_00001fba,2026-08-14T20:35:18Z
e_00001fb2,2026-08-14T20:36:02Z
e_0000240f,2026-08-14T20:58:42Z
e_00001789,2026-08-14T21:19:14Z
e_0000240c,2026-08-14T21:34:16Z
e_00002b29,2026-08-14T21:56:50Z
e_00001787,2026-08-14T22:11:59Z
e_000023ed,2026-08-14T22:13:57Z
e_000023e9,2026-08-14T22:37:32Z
e_00002b26,2026-08-14T22:42:04Z
e_00001fb4,2026-08-14T22:42:27Z
e_00001fb6,2026-08-14T22:49:19Z
e_00001768,2026-08-14T22:59:27Z
e_000016ea,2026-08-14T22:58:48Z
e_00002b27,2026-08-14T22:58:46Z
e_00001764,2026-08-14T23:02:22Z
e_00001fb5,2026-08-14T23:13:36Z
e_00002b0e,2026-08-14T23:14:52Z
e_000023bf,2026-08-14T23:20:46Z
e_00002b2d,2026-08-14T23:31:19Z
e_00001f8d,2026-08-14T23:38:07Z
e_00002b20,2026-08-14T23:44:49Z
e_00001fbb,2026-08-14T23:48:58Z
e_0000240a,2026-08-14T23:50:15Z
e_000016d2,2026-08-15T00:02:28Z
e_000014fe,2026-08-15T00:08:37Z
e_00001fb1,2026-08-15T00:09:33Z
e_00001786,2026-08-15T00:08:31Z
e_0000242b,2026-08-15T00:20:38Z
e_00002434,2026-08-15T00:29:59Z
e_00001f82,2026-08-15T00:36:23Z
e_000017a1,2026-08-15T00:42:24Z
e_000023b5,2026-08-15T00:54:29Z
e_000017ad,2026-08-15T01:25:29Z
e_000023f5,2026-08-15T01:24:16Z
e_000023d3,2026-08-15T01:30:50Z
e_000023df,2026-08-15T01:27:06Z
e_00002447,2026-08-15T01:33:42Z
e_00002407,2026-08-15T01:44:28Z
e_000017c3,2026-08-15T01:48:50Z
e_00002b1b,2026-08-15T01:59:44Z
e_00002b23,2026-08-15T02:05:52Z
e_00001734,2026-08-15T02:29:35Z
e_00002b18,2026-08-15T02:24:35Z
e_000023b7,2026-08-15T02:37:44Z
e_000016cf,2026-08-15T02:43:24Z
e_000023c9,2026-08-15T02:57:06Z
e_000023bb,2026-08-15T02:59:52Z
e_00001f9c,2026-08-15T03:35:06Z
e_00002432,2026-08-15T03:31:05Z
e_00002446,2026-08-15T03:30:55Z
e_000017be,2026-08-15T03:34:16Z
e_000017aa,2026-08-15T03:53:59Z
e_000023b9,2026-08-15T04:23:02Z
e_00001659,2026-08-15T04:22:32Z
e_00002b0c,2026-08-15T04:48:24Z
e_00002435,2026-08-15T05:07:30Z
e_000023c3,2026-08-15T05:26:22Z
e_00002b34,2026-08-15T05:44:18Z
e_00001655,2026-08-15T05:56:26Z
e_00002b50,2026-08-15T05:53:57Z
e_000023f7,2026-08-15T06:07:27Z
e_00001602,2026-08-15T06:19:04Z
e_00001fd2,2026-08-15T06:20:09Z
e_0000241a,2026-08-15T06:22:27Z
e_00001740,2026-08-15T06:20:37Z
e_00002437,2026-08-15T07:17:42Z
e_00001791,2026-08-15T07:18:49Z
e_00002b21,2026-08-15T07:19:51Z
e_000017b2,2026-08-15T07:24:35Z
e_0000241e,2026-08-15T07:31:00Z
e_00001634,2026-08-15T07:26:52Z
e_00002442,2026-08-15T07:54:29Z
e_000017bb,2026-08-15T07:59:12Z
e_00001793,2026-08-15T08:16:18Z
e_00002416,2026-08-15T09:03:50Z
e_0000178e,2026-08-15T09:04:33Z
e_00002418,2026-08-15T09:28:35Z
e_00002422,2026-08-15T09:29:38Z
e_00001f56,2026-08-15T09:37:01Z
e_00001796,2026-08-15T09:47:09Z
e_00002b40,2026-08-15T09:45:06Z
e_00002413,2026-08-15T09:56:17Z
e_00001790,2026-08-15T09:55:45Z
e_00002427,2026-08-15T09:57:30Z
e_0000241f,2026-08-15T10:07:36Z
e_00002431,2026-08-15T10:35:45Z
e_0000179f,2026-08-15T10:34:17Z
e_0000178c,2026-08-15T10:36:15Z
e_00001fc6,2026-08-15T10:46:40Z
e_00002425,2026-08-15T10:54:23Z
e_00002b54,2026-08-15T10:57:48Z
e_000017a9,2026-08-15T10:57:10Z
e_00002423,2026-08-15T11:12:28Z
e_00001797,2026-08-15T11:18:08Z
e_0000179c,2026-08-15T11:30:01Z
e_0000242e,2026-08-15T11:37:11Z
e_00001fd7,2026-08-15T11:43:25Z
e_000017a7,2026-08-15T12:00:26Z
e_00002b2a,2026-08-15T12:11:30Z
e_00002b41,2026-08-15T12:12:17Z
e_00001653,2026-08-15T12:27:03Z
e_000023ea,2026-08-15T12:39:00Z
e_00001f75,2026-08-15T12:59:30Z
e_0000242d,2026-08-15T12:57:21Z
e_0000166d,2026-08-15T13:11:12Z
e_00002404,2026-08-15T13:12:41Z
e_00002b58,2026-08-15T13:15:40Z
e_00002436,2026-08-15T13:22:30Z
e_00002420,2026-08-15T13:30:07Z
e_00001fde,2026-08-15T13:42:37Z
e_000017ae,2026-08-15T13:46:29Z
e_00002b49,2026-08-15T13:42:59Z
e_000017a3,2026-08-15T13:51:32Z
e_00002b57,2026-08-15T14:06:04Z
e_00001fce,2026-08-15T14:05:55Z
e_00002426,2026-08-15T14:07:12Z
e_00001794,2026-08-15T14:08:23Z
e_00001737,2026-08-15T14:10:07Z
e_0000179e,2026-08-15T14:10:21Z
e_0000243f,2026-08-15T14:18:22Z
e_00001fcd,2026-08-15T14:21:58Z
e_00002b47,2026-08-15T14:25:29Z
e_00001fdd,2026-08-15T14:27:15Z
e_000017b6,2026-08-15T14:38:58Z
e_00001722,2026-08-15T14:45:58Z
e_0000242f,2026-08-15T15:00:59Z
e_000023b1,2026-08-15T15:01:36Z
e_000017a8,2026-08-15T15:09:53Z
e_00002b45,2026-08-15T15:43:01Z
e_00002421,2026-08-15T16:02:04Z
e_00002b55,2026-08-15T16:03:16Z
e_00002401,2026-08-15T16:09:54Z
e_00001fcc,2026-08-15T16:26:19Z
e_00001fdc,2026-08-15T16:42:26Z
e_00002444,2026-08-15T16:48:50Z
e_00001795,2026-08-15T16:52:49Z
e_0000152b,2026-08-15T17:06:58Z
e_00002b4f,2026-08-15T17:13:24Z
e_00002b37,2026-08-15T17:10:51Z
e_000017bd,2026-08-15T17:17:17Z
e_00001fd1,2026-08-15T17:30:35Z
e_00002b48,2026-08-15T17:49:56Z
e_0000176d,2026-08-15T18:06:10Z
e_00002b44,2026-08-15T18:06:44Z
e_00001754,2026-08-15T18:10:58Z
e_00002424,2026-08-15T18:09:56Z
e_00001fcb,2026-08-15T18:36:46Z
e_0000243d,2026-08-15T18:47:18Z
e_00002448,2026-08-15T18:52:53Z
e_00002b4b,2026-08-15T18:53:09Z
e_000017b5,2026-08-15T19:03:50Z
e_00002440,2026-08-15T19:23:43Z
e_00001fcf,2026-08-15T19:30:24Z
e_00002445,2026-08-15T19:38:41Z
e_000023e4,2026-08-15T19:39:52Z
e_00002439,2026-08-15T20:00:36Z
e_000017b9,2026-08-15T19:58:39Z
e_000017b3,2026-08-15T19:58:44Z
e_000023e6,2026-08-15T20:06:38Z
e_0000243a,2026-08-15T20:27:55Z
e_000014ab,2026-08-15T20:45:43Z
e_00002b4d,2026-08-15T20:57:53Z
e_000023e8,2026-08-15T21:00:29Z
e_00002414,2026-08-15T21:25:17Z
e_00002b52,2026-08-15T21:26:18Z
e_00002b42,2026-08-15T21:28:48Z
e_0000178d,2026-08-15T21:33:09Z
e_00001fca,2026-08-15T21:32:41Z
e_00001fd0,2026-08-15T21:50:03Z
e_00001fd6,2026-08-15T21:48:15Z
e_000023f9,2026-08-15T21:47:03Z
e_00002b2c,2026-08-15T21:51:51Z
e_00001719,2026-08-15T22:09:53Z
e_0000241c,2026-08-15T22:16:27Z
e_00002443,2026-08-15T22:18:14Z
e_000017bc,2026-08-15T22:18:53Z
e_00001792,2026-08-15T22:22:03Z
e_000017a0,2026-08-15T23:12:05Z
e_00002429,2026-08-15T23:15:02Z
e_0000243b,2026-08-15T23:18:19Z
e_00001732,2026-08-15T23:21:48Z
e_000017b4,2026-08-15T23:27:37Z
e_00001f81,2026-08-15T23:28:48Z
e_00001651,2026-08-15T23:34:47Z
e_00001612,2026-08-15T23:53:42Z
e_0000172e,2026-08-16T00:02:07Z
e_0000241b,2026-08-16T00:02:44Z
e_00001773,2026-08-16T00:06:54Z
e_00002b28,2026-08-16T00:09:51Z
e_000023fb,2026-08-16T00:27:28Z
e_00002b3f,2026-08-16T00:28:55Z
e_00002b3b,2026-08-16T00:45:36Z
e_00002b56,2026-08-16T00:50:04Z
e_00002412,2026-08-16T01:10:38Z
e_00002466,2026-08-16T01:10:49Z
e_00002450,2026-08-16T01:14:32Z
e_000017cd,2026-08-16T01:32:23Z
e_00002453,2026-08-16T01:29:57Z
e_000017ed,2026-08-16T01:35:39Z
e_000017d4,2026-08-16T01:43:02Z
e_00001765,2026-08-16T01:46:10Z
e_00002463,2026-08-16T01:55:28Z
e_00002b2f,2026-08-16T02:01:04Z
e_0000243c,2026-08-16T01:58:44Z
e_000017eb,2026-08-16T02:00:34Z
e_0000244a,2026-08-16T02:23:37Z
e_0000245a,2026-08-16T02:25:12Z
e_000017e1,2026-08-16T02:27:55Z
e_00002b51,2026-08-16T02:31:37Z
e_00002473,2026-08-16T02:51:04Z
e_000017ff,2026-08-16T02:48:50Z
e_00002433,2026-08-16T02:54:51Z
e_000016a3,2026-08-16T03:05:42Z
e_0000245d,2026-08-16T03:09:03Z
e_000017e7,2026-08-16T03:11:03Z
e_000017c6,2026-08-16T03:07:29Z
e_000016c3,2026-08-16T03:15:35Z
e_00002b4a,2026-08-16T04:10:14Z
e_00002428,2026-08-16T04:23:11Z
e_0000242a,2026-08-16T04:57:03Z
e_00002409,2026-08-16T05:03:03Z
e_0000246c,2026-08-16T04:58:32Z
e_00002475,2026-08-16T05:06:46Z
e_00002410,2026-08-16T05:08:02Z
e_000017f4,2026-08-16T05:11:41Z
e_00001800,2026-08-16T05:43:31Z
e_00002b61,2026-08-16T05:55:22Z
e_00001fe7,2026-08-16T05:57:10Z
e_0000170f,2026-08-16T06:33:45Z
e_00002b53,2026-08-16T07:21:16Z
e_00002b63,2026-08-16T07:25:51Z
e_00001fe9,2026-08-16T07:35:19Z
e_0000171b,2026-08-16T07:40:44Z
e_0000240e,2026-08-16T07:46:34Z
e_000023fe,2026-08-16T07:51:59Z
e_0000247b,2026-08-16T08:07:12Z
e_00002b5b,2026-08-16T08:13:27Z
e_00002b6d,2026-08-16T08:14:17Z
e_0000172d,2026-08-16T08:12:04Z
e_000023e2,2026-08-16T08:18:15Z
e_0000172b,2026-08-16T08:27:11Z
e_00001803,2026-08-16T08:31:15Z
e_00002b4e,2026-08-16T08:32:34Z
e_00001ff5,2026-08-16T08:42:29Z
e_00001fe2,2026-08-16T08:42:03Z
e_000023ee,2026-08-16T10:03:23Z
e_0000242c,2026-08-16T10:55:49Z
e_000016d8,2026-08-16T11:33:34Z
e_0000246a,2026-08-16T11:30:49Z
e_00002b67,2026-08-16T11:48:34Z
e_00002b5f,2026-08-16T11:50:03Z
e_00001fed,2026-08-16T11:59:57Z
e_000017f0,2026-08-16T12:02:49Z
e_00001fe6,2026-08-16T12:03:39Z
e_000016ad,2026-08-16T12:05:54Z
e_0000244d,2026-08-16T12:22:52Z
e_00002b62,2026-08-16T12:26:37Z
e_00002456,2026-08-16T12:34:43Z
e_00002b6a,2026-08-16T12:49:42Z
e_0000160c,2026-08-16T12:59:57Z
e_00002472,2026-08-16T13:03:49Z
e_00001fe8,2026-08-16T13:11:06Z
e_000017c8,2026-08-16T13:15:25Z
e_000017da,2026-08-16T13:23:23Z
e_000017fe,2026-08-16T13:28:54Z
e_0000246e,2026-08-16T13:28:09Z
e_00002449,2026-08-16T13:39:34Z
e_0000245b,2026-08-16T13:45:25Z
e_00001fef,2026-08-16T13:42:33Z
e_000017f7,2026-08-16T13:49:36Z
e_000017c4,2026-08-16T13:48:13Z
e_00002417,2026-08-16T14:28:47Z
e_00002b59,2026-08-16T14:37:18Z
e_0000246f,2026-08-16T14:35:51Z
e_000017e3,2026-08-16T14:33:48Z
e_00002b65,2026-08-16T14:44:30Z
e_00001fec,2026-08-16T14:51:39Z
e_000017f8,2026-08-16T14:53:31Z
e_00002b25,2026-08-16T15:05:32Z
e_00002477,2026-08-16T15:22:44Z
e_00002b5c,2026-08-16T15:31:28Z
e_00002458,2026-08-16T15:37:19Z
e_0000243e,2026-08-16T15:45:25Z
e_00001801,2026-08-16T15:38:36Z
e_00001fe3,2026-08-16T15:47:09Z
e_000017dc,2026-08-16T16:08:10Z
e_00002b5e,2026-08-16T17:02:26Z
e_0000176e,2026-08-16T16:59:45Z
e_00002b43,2026-08-16T17:08:45Z
e_000016d6,2026-08-16T17:04:34Z
e_00001f8c,2026-08-16T17:34:33Z
e_00001fe4,2026-08-16T17:43:29Z
e_00002457,2026-08-16T17:52:52Z
e_0000152d,2026-08-16T17:53:41Z
e_000016c7,2026-08-16T17:49:09Z
e_00002b6b,2026-08-16T17:59:23Z
e_000016df,2026-08-16T18:00:42Z
e_00001699,2026-08-16T18:10:50Z
e_00001774,2026-08-16T18:14:59Z
e_00001ff4,2026-08-16T18:10:22Z
e_00002464,2026-08-16T18:24:45Z
e_00002467,2026-08-16T18:28:32Z
e_0000240b,2026-08-16T18:33:01Z
e_00002469,2026-08-16T18:33:06Z
e_000017ef,2026-08-16T18:50:12Z
e_000017ec,2026-08-16T18:44:49Z
e_00002b6e,2026-08-16T18:54:44Z
e_0000241d,2026-08-16T18:52:55Z
e_00001ff6,2026-08-16T18:59:03Z
e_0000244f,2026-08-16T19:07:57Z
e_000017ee,2026-08-16T19:16:32Z
e_0000245f,2026-08-16T19:20:42Z
e_000017e8,2026-08-16T19:17:27Z
e_000017cc,2026-08-16T19:28:20Z
e_00002470,2026-08-16T19:41:46Z
e_00002460,2026-08-16T19:59:15Z
e_000017e9,2026-08-16T20:21:40Z
e_000017f9,2026-08-16T20:17:26Z
e_00002b69,2026-08-16T20:34:38Z
e_0000244b,2026-08-16T20:49:54Z
e_0000178b,2026-08-16T20:53:11Z
e_00002454,2026-08-16T20:54:37Z
e_000017c7,2026-08-16T21:01:43Z
e_000017d5,2026-08-16T21:09:24Z
e_00001fee,2026-08-16T21:11:26Z
e_00002462,2026-08-16T21:23:06Z
e_000017ea,2026-08-16T21:44:02Z
e_0000244e,2026-08-16T21:58:23Z
e_00002479,2026-08-16T22:07:03Z
e_0000167a,2026-08-16T22:33:15Z
e_00002b68,2026-08-16T22:34:30Z
e_000017ab,2026-08-16T22:33:10Z
e_00001802,2026-08-16T22:59:18Z
e_00002419,2026-08-16T22:57:31Z
e_00001698,2026-08-16T23:19:57Z
e_00002451,2026-08-16T23:27:46Z
e_00001781,2026-08-16T23:27:03Z
e_00002b66,2026-08-16T23:41:56Z
e_00002b5a,2026-08-16T23:51:18Z
e_000017d3,2026-08-17T00:02:24Z
e_00001fe1,2026-08-17T00:06:16Z
e_00001727,2026-08-17T00:16:01Z
e_0000247d,2026-08-17T00:35:41Z
e_00001808,2026-08-17T00:43:40Z
e_000017cf,2026-08-17T02:32:44Z
e_0000247e,2026-08-17T02:40:03Z
e_0000174d,2026-08-17T02:46:00Z
e_00002488,2026-08-17T02:53:34Z
e_000016f1,2026-08-17T03:07:42Z
e_0000180c,2026-08-17T03:22:59Z
e_00001818,2026-08-17T03:38:24Z
e_00002459,2026-08-17T03:39:10Z
e_00002495,2026-08-17T03:50:06Z
e_00002438,2026-08-17T03:53:12Z
e_00002b46,2026-08-17T04:09:12Z
e_00001827,2026-08-17T04:13:09Z
e_00002493,2026-08-17T04:35:41Z
e_00001645,2026-08-17T04:41:33Z
e_00001692,2026-08-17T04:49:48Z
e_00001826,2026-08-17T05:17:51Z
e_0000247c,2026-08-17T05:27:08Z
e_00001738,2026-08-17T05:45:59Z
e_00001804,2026-08-17T05:51:01Z
e_00001fb7,2026-08-17T05:44:17Z
e_0000249f,2026-08-17T05:57:13Z
e_000016ff,2026-08-17T06:01:25Z
e_00001832,2026-08-17T06:04:08Z
e_00002480,2026-08-17T06:40:26Z
e_00001811,2026-08-17T07:00:10Z
e_00002b85,2026-08-17T07:25:35Z
e_00001f90,2026-08-17T07:36:26Z
e_00002b79,2026-08-17T07:39:02Z
e_000024a9,2026-08-17T07:47:18Z
e_00002486,2026-08-17T07:54:32Z
e_00002008,2026-08-17T08:05:07Z
e_0000248f,2026-08-17T08:09:16Z
e_00001817,2026-08-17T08:10:54Z
e_00002b77,2026-08-17T08:13:23Z
e_00001ffd,2026-08-17T08:28:42Z
e_0000248b,2026-08-17T08:27:08Z
e_00001841,2026-08-17T08:32:44Z
e_000024a6,2026-08-17T08:47:49Z
e_00001ffc,2026-08-17T08:57:03Z
e_00001820,2026-08-17T09:02:58Z
e_0000244c,2026-08-17T09:00:12Z
e_0000181a,2026-08-17T08:58:29Z
e_0000183e,2026-08-17T09:28:41Z
e_00002b83,2026-08-17T09:34:18Z
e_00002004,2026-08-17T09:59:35Z
e_00001fc7,2026-08-17T09:54:21Z
e_00002465,2026-08-17T10:03:41Z
e_000016f5,2026-08-17T10:15:22Z
e_00002490,2026-08-17T10:33:30Z
e_000017d1,2026-08-17T10:40:13Z
e_0000183b,2026-08-17T10:49:27Z
e_000024a5,2026-08-17T10:43:59Z
e_00002b8c,2026-08-17T11:08:02Z
e_00002484,2026-08-17T11:25:17Z
e_0000245e,2026-08-17T11:31:30Z
e_0000200c,2026-08-17T11:51:27Z
e_00001606,2026-08-17T11:52:08Z
e_00001775,2026-08-17T11:53:52Z
e_0000246d,2026-08-17T12:00:51Z
e_00001816,2026-08-17T12:10:02Z
e_000016d0,2026-08-17T12:10:51Z
e_000017c9,2026-08-17T12:52:12Z
e_00002b7c,2026-08-17T12:53:19Z
e_000024a3,2026-08-17T13:04:14Z
e_00002b7a,2026-08-17T13:02:31Z
e_00002430,2026-08-17T13:03:13Z
e_00001ffe,2026-08-17T13:14:49Z
e_0000161c,2026-08-17T13:07:04Z
e_00001836,2026-08-17T13:24:11Z
e_00001fff,2026-08-17T13:21:27Z
e_00002b7f,2026-08-17T13:33:11Z
e_000024a4,2026-08-17T13:34:23Z
e_00001718,2026-08-17T13:38:41Z
e_00002485,2026-08-17T13:58:11Z
e_00002001,2026-08-17T14:16:35Z
e_000024ac,2026-08-17T14:20:20Z
e_00002b4c,2026-08-17T14:34:16Z
e_00001844,2026-08-17T14:56:57Z
e_000024a1,2026-08-17T15:13:37Z
e_00001834,2026-08-17T15:24:49Z
e_00002461,2026-08-17T15:29:54Z
e_0000248d,2026-08-17T15:34:07Z
e_00001fd3,2026-08-17T15:56:03Z
e_0000247a,2026-08-17T16:13:37Z
e_00002482,2026-08-17T16:32:47Z
e_0000181f,2026-08-17T16:35:06Z
e_000017f2,2026-08-17T16:50:42Z
e_00002b82,2026-08-17T16:57:11Z
e_00002b81,2026-08-17T17:13:49Z
e_00002002,2026-08-17T17:18:23Z
e_00001815,2026-08-17T17:16:25Z
e_00002441,2026-08-17T17:15:52Z
e_0000247f,2026-08-17T17:28:54Z
e_00002b7e,2026-08-17T17:33:48Z
e_00002003,2026-08-17T17:36:13Z
e_00002000,2026-08-17T17:33:37Z
e_00002415,2026-08-17T17:36:47Z
e_00002494,2026-08-17T17:45:46Z
e_0000249b,2026-08-17T17:47:05Z
e_00002476,2026-08-17T17:47:51Z
e_000016e0,2026-08-17T18:19:26Z
e_0000182f,2026-08-17T18:18:27Z
e_0000170a,2026-08-17T18:34:01Z
e_00001f86,2026-08-17T18:33:18Z
e_00002b70,2026-08-17T18:36:24Z
e_000017ce,2026-08-17T18:39:27Z
e_00002b6c,2026-08-17T18:48:32Z
e_0000150f,2026-08-17T18:47:47Z
e_0000246b,2026-08-17T18:53:43Z
e_00002b72,2026-08-17T18:55:08Z
e_00001ff9,2026-08-17T18:59:58Z
e_00002489,2026-08-17T19:07:48Z
e_00001ff8,2026-08-17T19:12:24Z
e_00001fd9,2026-08-17T19:37:53Z
e_00001819,2026-08-17T19:48:52Z
e_00002499,2026-08-17T20:13:03Z
e_00002b64,2026-08-17T20:10:31Z
e_000024aa,2026-08-17T20:24:41Z
e_0000182c,2026-08-17T20:17:23Z
e_000015c3,2026-08-17T20:34:58Z
e_00002b88,2026-08-17T20:34:25Z
e_00001842,2026-08-17T20:40:55Z
e_00001f8a,2026-08-17T20:49:23Z
e_0000200a,2026-08-17T20:44:44Z
e_00002b6f,2026-08-17T21:46:08Z
e_00002b76,2026-08-17T21:47:36Z
e_000024a8,2026-08-17T21:45:53Z
e_0000176c,2026-08-17T21:50:39Z
e_0000249d,2026-08-17T22:03:51Z
e_00001ffb,2026-08-17T22:08:14Z
e_00001ff7,2026-08-17T22:09:24Z
e_00001f9d,2026-08-17T22:15:31Z
e_00001831,2026-08-17T22:23:07Z
e_0000183f,2026-08-17T22:26:11Z
e_00002b74,2026-08-17T22:40:51Z
e_00002468,2026-08-17T22:50:27Z
e_00002b86,2026-08-17T22:50:09Z
e_000017d7,2026-08-17T23:03:34Z
e_00001ffa,2026-08-17T23:08:16Z
e_00002009,2026-08-17T23:16:39Z
e_00002497,2026-08-17T23:14:21Z
e_00001828,2026-08-17T23:27:19Z
e_00002478,2026-08-17T23:36:30Z
e_00002b8a,2026-08-17T23:40:32Z
e_00002491,2026-08-17T23:43:33Z
e_00001670,2026-08-17T23:50:36Z
e_000024ad,2026-08-18T00:05:55Z
e_00001822,2026-08-18T00:26:37Z
e_0000200b,2026-08-18T00:28:03Z
e_000017e4,2026-08-18T00:44:49Z
e_00002b89,2026-08-18T00:47:39Z
e_00001845,2026-08-18T00:45:34Z
e_00001731,2026-08-18T01:05:16Z
e_00001609,2026-08-18T01:08:08Z
e_00002474,2026-08-18T01:23:00Z
e_000024c5,2026-08-18T01:28:06Z
e_00001863,2026-08-18T01:30:49Z
e_000017b1,2026-08-18T01:38:03Z
e_000017fd,2026-08-18T02:38:50Z
e_000024b2,2026-08-18T02:53:34Z
e_000017de,2026-08-18T03:02:36Z
e_00002487,2026-08-18T03:37:38Z
e_0000184d,2026-08-18T03:39:55Z
e_000024a0,2026-08-18T03:47:10Z
e_00002498,2026-08-18T03:44:26Z
e_000024bc,2026-08-18T03:48:43Z
e_000016eb,2026-08-18T04:07:40Z
e_000024bb,2026-08-18T04:13:43Z
e_000024ca,2026-08-18T04:17:55Z
e_0000185c,2026-08-18T04:28:15Z
e_0000185d,2026-08-18T04:38:52Z
e_000024a7,2026-08-18T05:02:58Z
e_000024b7,2026-08-18T04:58:30Z
e_00002b87,2026-08-18T05:02:26Z
e_00002b75,2026-08-18T05:00:57Z
e_00001869,2026-08-18T05:06:06Z
e_00001854,2026-08-18T05:28:20Z
e_000024ae,2026-08-18T05:37:22Z
e_00002471,2026-08-18T05:37:12Z
e_00002b98,2026-08-18T05:45:19Z
e_0000201a,2026-08-18T05:51:45Z
e_00002b71,2026-08-18T06:01:55Z
e_000024c0,2026-08-18T06:08:25Z
e_000024af,2026-08-18T06:20:43Z
e_000024b0,2026-08-18T06:25:20Z
e_000016c9,2026-08-18T06:34:36Z
e_0000179a,2026-08-18T06:51:28Z
e_00001860,2026-08-18T06:55:07Z
e_0000184a,2026-08-18T06:56:46Z
e_00001720,2026-08-18T07:06:24Z
e_00001846,2026-08-18T07:13:26Z
e_00002b93,2026-08-18T07:32:42Z
e_000024da,2026-08-18T07:32:51Z
e_00001873,2026-08-18T07:38:32Z
e_00002ba6,2026-08-18T07:42:27Z
e_000024b1,2026-08-18T07:50:27Z
e_00002b94,2026-08-18T07:56:18Z
e_0000184b,2026-08-18T08:04:03Z
e_00002024,2026-08-18T08:08:15Z
e_0000180d,2026-08-18T08:05:45Z
e_00002014,2026-08-18T08:17:45Z
e_00002ba9,2026-08-18T08:21:21Z
e_00002026,2026-08-18T08:26:22Z
e_00002b9f,2026-08-18T08:30:30Z
e_000024c2,2026-08-18T08:27:14Z
e_00002ba1,2026-08-18T08:28:59Z
e_00001feb,2026-08-18T08:32:28Z
e_000024c4,2026-08-18T08:39:00Z
e_00001861,2026-08-18T08:39:57Z
e_00001862,2026-08-18T08:39:37Z
e_00002015,2026-08-18T08:49:13Z
e_0000201f,2026-08-18T08:48:55Z
e_00002020,2026-08-18T08:59:27Z
e_0000171f,2026-08-18T08:55:41Z
e_00002b60,2026-08-18T09:32:25Z
e_00001742,2026-08-18T09:37:27Z
e_00002ba5,2026-08-18T09:47:00Z
e_000024c6,2026-08-18T09:51:26Z
e_00002492,2026-08-18T09:53:08Z
e_00002007,2026-08-18T10:03:16Z
e_000024b3,2026-08-18T10:12:58Z
e_00002023,2026-08-18T10:21:37Z
e_0000184e,2026-08-18T10:31:09Z
e_00001865,2026-08-18T10:49:21Z
e_0000245c,2026-08-18T10:52:28Z
e_00001fc8,2026-08-18T10:55:45Z
e_000024c8,2026-08-18T10:53:58Z
e_0000170e,2026-08-18T11:04:28Z
e_00002b5d,2026-08-18T11:17:33Z
e_00001868,2026-08-18T11:36:58Z
e_000024a2,2026-08-18T12:23:38Z
e_000016fe,2026-08-18T12:18:38Z
e_000016ac,2026-08-18T12:32:10Z
e_000024b6,2026-08-18T12:57:59Z
e_000024cb,2026-08-18T12:57:05Z
e_00001850,2026-08-18T13:02:33Z
e_000024d3,2026-08-18T13:11:45Z
e_00002b8d,2026-08-18T13:17:10Z
e_000017a6,2026-08-18T13:18:03Z
e_00001ff3,2026-08-18T13:23:39Z
e_00002496,2026-08-18T13:22:13Z
e_000017d9,2026-08-18T13:28:58Z
e_0000186f,2026-08-18T13:37:40Z
e_00001ff0,2026-08-18T13:55:00Z
e_00002ba4,2026-08-18T14:00:21Z
e_0000200d,2026-08-18T14:08:16Z
e_00002ba3,2026-08-18T14:08:33Z
e_0000248a,2026-08-18T14:31:11Z
e_000024cc,2026-08-18T14:33:24Z
e_00002022,2026-08-18T14:39:46Z
e_00002b99,2026-08-18T14:53:28Z
e_000017f1,2026-08-18T15:01:30Z
e_00002021,2026-08-18T14:57:11Z
e_00002b91,2026-08-18T15:03:46Z
e_00002013,2026-08-18T15:05:38Z
e_0000186a,2026-08-18T15:12:37Z
e_00002455,2026-08-18T15:23:47Z
e_00001813,2026-08-18T15:31:55Z
e_0000201b,2026-08-18T15:36:39Z
e_00001769,2026-08-18T15:51:29Z
e_000024cd,2026-08-18T15:48:20Z
e_000024cf,2026-08-18T15:52:30Z
e_00002452,2026-08-18T15:57:43Z
e_000024b4,2026-08-18T15:57:24Z
e_0000186c,2026-08-18T16:00:25Z
e_0000184f,2026-08-18T16:04:53Z
e_00002b9b,2026-08-18T16:19:58Z
e_00002b97,2026-08-18T16:26:16Z
e_0000186b,2026-08-18T16:46:15Z
e_0000201c,2026-08-18T16:56:46Z
e_000024d8,2026-08-18T17:05:00Z
e_00002019,2026-08-18T17:14:50Z
e_000015a2,2026-08-18T17:22:34Z
e_00002b9e,2026-08-18T17:39:18Z
e_00001872,2026-08-18T17:46:03Z
e_00002b7d,2026-08-18T18:07:09Z
e_0000201e,2026-08-18T18:20:19Z
e_00002b80,2026-08-18T18:20:40Z
e_0000249c,2026-08-18T18:38:14Z
e_00002ba7,2026-08-18T18:40:50Z
e_0000180e,2026-08-18T19:20:28Z
e_00002025,2026-08-18T19:23:55Z
e_000024be,2026-08-18T19:32:48Z
e_000024d7,2026-08-18T19:31:37Z
e_0000172c,2026-08-18T20:07:42Z
e_0000185e,2026-08-18T20:11:41Z
e_00001871,2026-08-18T20:21:53Z
e_00002005,2026-08-18T20:37:54Z
e_00002b9c,2026-08-18T20:40:49Z
e_00002bab,2026-08-18T20:50:01Z
e_0000248c,2026-08-18T20:58:41Z
e_000024ce,2026-08-18T21:03:29Z
e_00002027,2026-08-18T21:04:26Z
e_000024d5,2026-08-18T21:09:31Z
e_000024c7,2026-08-18T21:15:33Z
e_00001870,2026-08-18T21:16:33Z
e_000024dc,2026-08-18T21:18:08Z
e_0000201d,2026-08-18T21:23:54Z
e_000024b9,2026-08-18T21:26:11Z
e_00001761,2026-08-18T21:34:32Z
e_00001857,2026-08-18T21:37:22Z
e_000024d2,2026-08-18T21:35:37Z
e_00001874,2026-08-18T22:01:45Z
e_00001867,2026-08-18T22:10:45Z
e_0000186e,2026-08-18T22:14:49Z
e_0000248e,2026-08-18T22:20:08Z
e_00002b78,2026-08-18T22:27:12Z
e_00002b8f,2026-08-18T23:12:02Z
e_000024d1,2026-08-18T23:19:56Z
e_0000186d,2026-08-18T23:29:05Z
e_00001721,2026-08-18T23:35:58Z
e_00002b95,2026-08-18T23:39:40Z
e_00002012,2026-08-18T23:48:20Z
e_00001733,2026-08-19T00:15:55Z
e_00002016,2026-08-19T00:40:41Z
e_0000183a,2026-08-19T01:00:20Z
e_000024f0,2026-08-19T01:03:14Z
e_000024f7,2026-08-19T01:01:16Z
e_0000177e,2026-08-19T01:02:41Z
e_000024f5,2026-08-19T01:13:25Z
e_00002514,2026-08-19T01:28:33Z
e_000024dd,2026-08-19T01:40:23Z
e_000018ab,2026-08-19T01:38:39Z
e_0000188f,2026-08-19T01:44:01Z
e_00001875,2026-08-19T01:49:13Z
e_00001894,2026-08-19T01:48:37Z
e_000024ec,2026-08-19T02:04:55Z
e_00001892,2026-08-19T02:09:19Z
e_000024e5,2026-08-19T02:24:58Z
e_000017fc,2026-08-19T02:22:55Z
e_00001581,2026-08-19T02:38:26Z
e_000024ea,2026-08-19T02:37:25Z
e_0000188b,2026-08-19T02:47:29Z
e_0000188a,2026-08-19T02:56:49Z
e_00001725,2026-08-19T02:56:47Z
e_000024f9,2026-08-19T03:04:30Z
e_00001895,2026-08-19T03:06:10Z
e_00002ba2,2026-08-19T03:11:24Z
e_00001837,2026-08-19T03:10:27Z
e_0000179b,2026-08-19T03:11:55Z
e_00001880,2026-08-19T03:18:38Z
e_000024ab,2026-08-19T03:25:05Z
e_000017a5,2026-08-19T03:29:03Z
e_000024e9,2026-08-19T03:27:50Z
e_000024fd,2026-08-19T03:38:06Z
e_000024f3,2026-08-19T03:40:08Z
e_00002b96,2026-08-19T03:39:58Z
e_00001891,2026-08-19T03:40:01Z
e_00002481,2026-08-19T03:51:22Z
e_0000189c,2026-08-19T03:57:48Z
e_00001885,2026-08-19T03:58:36Z
e_00002b84,2026-08-19T04:05:34Z
e_0000250b,2026-08-19T04:21:12Z
e_000024e6,2026-08-19T04:57:14Z
e_000018a4,2026-08-19T05:24:53Z
e_000024c9,2026-08-19T05:25:49Z
e_000024ee,2026-08-19T05:57:24Z
e_0000188e,2026-08-19T06:05:33Z
e_00002baa,2026-08-19T06:28:49Z
e_00002bbc,2026-08-19T06:39:14Z
e_00002033,2026-08-19T06:36:43Z
e_000024fa,2026-08-19T06:49:58Z
e_00001763,2026-08-19T07:08:16Z
e_000024ef,2026-08-19T07:02:53Z
e_00002505,2026-08-19T07:10:44Z
e_000018a0,2026-08-19T07:59:44Z
e_00002ba0,2026-08-19T08:09:43Z
e_00002bb4,2026-08-19T08:11:32Z
e_000024e4,2026-08-19T08:29:18Z
e_000024eb,2026-08-19T08:39:11Z
e_0000202e,2026-08-19T08:37:22Z
e_00002bbf,2026-08-19T08:41:40Z
e_000024d4,2026-08-19T08:43:15Z
e_0000180b,2026-08-19T08:43:56Z
e_000024de,2026-08-19T08:47:46Z
e_00002036,2026-08-19T09:00:45Z
e_0000187f,2026-08-19T09:11:42Z
e_00002bb0,2026-08-19T09:12:27Z
e_00001877,2026-08-19T09:17:27Z
e_00002515,2026-08-19T09:14:32Z
e_000024f1,2026-08-19T09:22:32Z
e_00001890,2026-08-19T09:26:07Z
e_00002bbd,2026-08-19T09:30:54Z
e_0000202b,2026-08-19T09:38:48Z
e_000024c3,2026-08-19T09:43:19Z
e_00001856,2026-08-19T10:05:41Z
e_000018ac,2026-08-19T10:10:48Z
e_00002034,2026-08-19T10:10:23Z
e_000017f6,2026-08-19T10:13:45Z
e_00002483,2026-08-19T10:16:22Z
e_000024bd,2026-08-19T10:42:19Z
e_000017c2,2026-08-19T11:09:57Z
e_00001783,2026-08-19T11:14:20Z
e_000017bf,2026-08-19T11:40:07Z
e_00002b7b,2026-08-19T11:42:15Z
e_00001741,2026-08-19T12:03:37Z
e_0000250c,2026-08-19T12:13:28Z
e_000024fb,2026-08-19T12:20:27Z
e_000017d8,2026-08-19T12:38:09Z
e_00001fd4,2026-08-19T12:41:09Z
e_00001753,2026-08-19T12:44:04Z
e_00001fe5,2026-08-19T12:52:09Z
e_00002038,2026-08-19T12:56:29Z
e_00002bc2,2026-08-19T12:55:56Z
e_00001899,2026-08-19T12:54:14Z
e_00002bad,2026-08-19T12:58:45Z
e_00002b73,2026-08-19T13:23:44Z
e_00002029,2026-08-19T13:42:34Z
e_0000249e,2026-08-19T13:56:30Z
e_00002bae,2026-08-19T14:06:12Z
e_000024df,2026-08-19T14:21:47Z
e_000024e7,2026-08-19T14:24:53Z
e_0000202a,2026-08-19T14:31:08Z
e_00001805,2026-08-19T14:48:31Z
e_000015da,2026-08-19T14:57:34Z
e_00001884,2026-08-19T14:57:04Z
e_0000187b,2026-08-19T14:55:32Z
e_00002bb2,2026-08-19T15:28:23Z
e_00002bbe,2026-08-19T15:24:28Z
e_00002bba,2026-08-19T15:48:04Z
e_00002035,2026-08-19T15:59:51Z
e_0000202d,2026-08-19T16:03:30Z
e_00002512,2026-08-19T16:11:31Z
e_0000189d,2026-08-19T16:31:47Z
e_000024ff,2026-08-19T16:35:49Z
e_00002031,2026-08-19T16:41:18Z
e_00002bb8,2026-08-19T16:53:23Z
e_000018aa,2026-08-19T17:00:54Z
e_0000183c,2026-08-19T17:02:39Z
e_00002030,2026-08-19T17:02:31Z
e_000017d0,2026-08-19T17:07:25Z
e_00001821,2026-08-19T17:10:31Z
e_0000181e,2026-08-19T17:14:53Z
e_00002bb9,2026-08-19T17:50:43Z
e_00002bb5,2026-08-19T17:55:54Z
e_000024d0,2026-08-19T18:18:36Z
e_00002bc1,2026-08-19T18:29:14Z
e_000024e1,2026-08-19T18:45:06Z
e_00002037,2026-08-19T18:37:43Z
e_00002bb3,2026-08-19T19:07:26Z
e_00002503,2026-08-19T19:18:50Z
e_0000187c,2026-08-19T19:20:05Z
e_000024c1,2026-08-19T19:24:38Z
e_0000249a,2026-08-19T19:32:39Z
e_0000189f,2026-08-19T20:04:08Z
e_00001fdf,2026-08-19T20:03:43Z
e_0000250f,2026-08-19T20:06:51Z
e_00002506,2026-08-19T20:24:04Z
e_000024b8,2026-08-19T20:24:54Z
e_00002bac,2026-08-19T20:30:10Z
e_000018a6,2026-08-19T20:37:00Z
e_000024f2,2026-08-19T20:45:51Z
e_00002bb1,2026-08-19T20:56:54Z
e_0000202c,2026-08-19T21:01:02Z
e_000024f6,2026-08-19T21:17:22Z
e_000024e0,2026-08-19T21:22:29Z
e_00002028,2026-08-19T21:28:41Z
e_000017d6,2026-08-19T21:45:56Z
e_0000250d,2026-08-19T21:45:46Z
e_00001893,2026-08-19T21:47:52Z
e_000024e3,2026-08-19T22:11:14Z
e_000018a5,2026-08-19T22:16:45Z
e_00001814,2026-08-19T22:29:07Z
e_00002bb6,2026-08-19T22:28:11Z
e_0000202f,2026-08-19T22:25:08Z
e_00002507,2026-08-19T22:43:29Z
e_0000187e,2026-08-19T22:54:22Z
e_00001784,2026-08-19T22:58:41Z
e_000018a1,2026-08-19T23:07:22Z
e_00002b8b,2026-08-19T23:17:48Z
e_000017ca,2026-08-19T23:21:14Z
e_00002509,2026-08-19T23:49:44Z
e_00002501,2026-08-19T23:48:11Z
e_00002511,2026-08-19T23:51:59Z
e_000024ed,2026-08-20T00:05:15Z
e_00002018,2026-08-20T00:03:21Z
e_000018a7,2026-08-20T00:18:25Z
e_000017b0,2026-08-20T00:20:39Z
e_0000174f,2026-08-20T00:22:00Z
e_000018a2,2026-08-20T00:22:40Z
e_0000182b,2026-08-20T00:29:18Z
e_000024db,2026-08-20T00:26:17Z
e_00002527,2026-08-20T00:38:27Z
e_0000189e,2026-08-20T00:44:29Z
e_00002534,2026-08-20T00:50:13Z
e_0000188c,2026-08-20T00:56:37Z
e_000018c7,2026-08-20T00:59:20Z
e_000018d4,2026-08-20T01:15:47Z
e_00001616,2026-08-20T01:18:55Z
e_00002b9a,2026-08-20T01:31:22Z
e_00002545,2026-08-20T01:44:54Z
e_00001839,2026-08-20T01:46:19Z
e_0000250e,2026-08-20T01:56:37Z
e_000018ed,2026-08-20T01:57:18Z
e_00002504,2026-08-20T02:05:33Z
e_000024b5,2026-08-20T02:14:32Z
e_0000181c,2026-08-20T02:32:18Z
e_00001876,2026-08-20T02:57:56Z
e_00002ba8,2026-08-20T03:20:57Z
e_00001fda,2026-08-20T03:36:25Z
e_00001fb9,2026-08-20T03:32:56Z
e_00001866,2026-08-20T03:36:18Z
e_00002528,2026-08-20T04:09:18Z
e_000018c8,2026-08-20T04:21:12Z
e_00002513,2026-08-20T04:25:21Z
e_0000254b,2026-08-20T04:26:56Z
e_000015e5,2026-08-20T04:28:43Z
e_0000253a,2026-08-20T04:37:37Z
e_000018dd,2026-08-20T04:34:37Z
e_000018f6,2026-08-20T04:33:12Z
e_000015ef,2026-08-20T04:52:31Z
e_000024e8,2026-08-20T05:13:54Z
e_00002523,2026-08-20T05:46:31Z
e_000018c0,2026-08-20T05:50:50Z
e_00001746,2026-08-20T05:56:53Z
e_0000251c,2026-08-20T06:16:17Z
e_000024d6,2026-08-20T06:26:42Z
e_00001fd5,2026-08-20T06:42:51Z
e_0000174e,2026-08-20T06:51:20Z
e_00002b8e,2026-08-20T06:53:49Z
e_000018b8,2026-08-20T06:49:43Z
e_00002bcd,2026-08-20T06:55:50Z
e_00002bcc,2026-08-20T06:56:52Z
e_00001888,2026-08-20T07:07:09Z
e_00002bde,2026-08-20T07:37:45Z
e_00002054,2026-08-20T07:43:59Z
e_000024d9,2026-08-20T07:47:15Z
e_0000203f,2026-08-20T07:50:30Z
e_00002baf,2026-08-20T07:50:23Z
e_0000203e,2026-08-20T07:53:04Z
e_00002bd1,2026-08-20T07:57:38Z
e_0000251d,2026-08-20T07:58:39Z
e_00002bda,2026-08-20T08:05:04Z
e_00002041,2026-08-20T08:05:59Z
e_0000204b,2026-08-20T08:32:15Z
e_00002542,2026-08-20T08:36:27Z
e_000018e6,2026-08-20T08:49:18Z
e_00001829,2026-08-20T09:01:13Z
e_0000254d,2026-08-20T09:03:14Z
e_00002bc4,2026-08-20T09:21:39Z
e_00002bd7,2026-08-20T09:31:49Z
e_000018fa,2026-08-20T09:31:07Z
e_00002045,2026-08-20T09:50:23Z
e_0000251a,2026-08-20T09:55:16Z
e_00002540,2026-08-20T10:06:06Z
e_00002039,2026-08-20T10:21:18Z
e_00002be0,2026-08-20T10:18:52Z
e_000018e4,2026-08-20T10:26:31Z
e_00002538,2026-08-20T10:30:57Z
e_00002055,2026-08-20T10:37:42Z
e_000018b3,2026-08-20T10:56:36Z
e_000024fe,2026-08-20T10:56:05Z
e_000018dc,2026-08-20T10:56:53Z
e_0000187a,2026-08-20T10:56:11Z
e_00001782,2026-08-20T11:15:40Z
e_00002bca,2026-08-20T11:14:07Z
e_00002bd3,2026-08-20T11:32:49Z
e_00002bcb,2026-08-20T11:42:49Z
e_0000203d,2026-08-20T11:43:26Z
e_00002500,2026-08-20T11:53:03Z
e_00002518,2026-08-20T12:03:17Z
e_0000203c,2026-08-20T12:03:04Z
e_00002043,2026-08-20T12:15:27Z
e_0000252e,2026-08-20T12:10:44Z
e_000018b1,2026-08-20T12:28:00Z
e_0000175b,2026-08-20T12:31:49Z
e_000018cd,2026-08-20T12:30:45Z
e_000017c1,2026-08-20T12:41:43Z
e_000024bf,2026-08-20T12:47:48Z
e_0000252a,2026-08-20T12:43:26Z
e_000017c0,2026-08-20T12:54:25Z
e_00001ff2,2026-08-20T12:58:03Z
e_00002b92,2026-08-20T13:03:09Z
e_000018ca,2026-08-20T12:55:00Z
e_00002532,2026-08-20T13:21:38Z
e_000015a8,2026-08-20T13:35:07Z
e_00002508,2026-08-20T13:55:54Z
e_00002bcf,2026-08-20T14:02:55Z
e_000018d3,2026-08-20T14:02:39Z
e_00002520,2026-08-20T14:11:20Z
e_000018bb,2026-08-20T14:08:59Z
e_00002040,2026-08-20T14:19:52Z
e_00002b9d,2026-08-20T14:41:20Z
e_0000253c,2026-08-20T14:36:40Z
e_000017b8,2026-08-20T14:41:46Z
e_000018de,2026-08-20T14:47:13Z
e_00002bdf,2026-08-20T15:02:24Z
e_00001fb8,2026-08-20T15:05:22Z
e_00002536,2026-08-20T15:15:51Z
e_00002b90,2026-08-20T15:40:54Z
e_00002546,2026-08-20T15:45:07Z
e_00002548,2026-08-20T15:52:19Z
e_000018d7,2026-08-20T16:09:59Z
e_0000173f,2026-08-20T16:16:14Z
e_00002544,2026-08-20T16:14:21Z
e_00002516,2026-08-20T16:26:49Z
e_000018f2,2026-08-20T16:52:53Z
e_00002531,2026-08-20T16:50:55Z
e_00002bdd,2026-08-20T16:55:02Z
e_000018ec,2026-08-20T17:12:39Z
e_00002051,2026-08-20T17:19:15Z
e_000018ad,2026-08-20T17:29:17Z
e_000018d1,2026-08-20T17:40:23Z
e_000024e2,2026-08-20T18:09:49Z
e_00002549,2026-08-20T18:30:12Z
e_0000251b,2026-08-20T18:33:25Z
e_000017df,2026-08-20T18:30:25Z
e_00002547,2026-08-20T18:45:29Z
e_00002bc8,2026-08-20T18:54:37Z
e_0000203b,2026-08-20T19:02:05Z
e_00002524,2026-08-20T19:08:52Z
e_000018ef,2026-08-20T19:25:54Z
e_00002533,2026-08-20T19:22:24Z
e_000024ba,2026-08-20T19:34:20Z
e_00002bd5,2026-08-20T19:35:58Z
e_0000250a,2026-08-20T19:37:36Z
e_000024f8,2026-08-20T19:46:52Z
e_0000175a,2026-08-20T19:43:48Z
e_000018c5,2026-08-20T19:57:47Z
e_0000253e,2026-08-20T20:00:38Z
e_000018e3,2026-08-20T20:05:49Z
e_0000254c,2026-08-20T20:24:33Z
e_00002044,2026-08-20T20:29:15Z
e_00002bc6,2026-08-20T20:36:27Z
e_0000254a,2026-08-20T20:43:24Z
e_00001886,2026-08-20T20:51:07Z
e_000018f9,2026-08-20T21:01:55Z
e_0000203a,2026-08-20T20:53:31Z
e_00002502,2026-08-20T21:01:10Z
e_00001852,2026-08-20T21:03:33Z
e_000018c6,2026-08-20T21:09:42Z
e_00002525,2026-08-20T21:10:12Z
e_000018f4,2026-08-20T21:25:06Z
e_00002521,2026-08-20T21:48:26Z
e_00002543,2026-08-20T21:49:00Z
e_000018bc,2026-08-20T21:52:55Z
e_000018e7,2026-08-20T21:58:31Z
e_00002bc0,2026-08-20T22:00:02Z
e_0000252c,2026-08-20T22:14:20Z
e_0000251e,2026-08-20T22:13:52Z
e_00002526,2026-08-20T22:27:47Z
e_00002bd8,2026-08-20T22:28:13Z
e_00002046,2026-08-20T22:29:32Z
e_000018b9,2026-08-20T22:35:14Z
e_00002530,2026-08-20T22:41:47Z
e_000018cc,2026-08-20T22:36:19Z
e_00002bdb,2026-08-20T23:05:10Z
e_000018ce,2026-08-20T23:04:08Z
e_0000204c,2026-08-20T23:13:12Z
e_000024f4,2026-08-20T23:09:37Z
e_000017a4,2026-08-20T23:29:45Z
e_000017fa,2026-08-20T23:48:05Z
e_00001fe0,2026-08-20T23:54:46Z
e_00002535,2026-08-20T23:59:39Z
e_00002bb7,2026-08-21T00:12:10Z
e_00002bc3,2026-08-21T00:24:28Z
e_00001806,2026-08-21T00:34:03Z
e_00001713,2026-08-21T00:32:31Z
e_00002563,2026-08-21T01:10:43Z
e_00001838,2026-08-21T01:25:40Z
e_0000190f,2026-08-21T01:32:23Z
e_00002bd4,2026-08-21T01:41:59Z
e_00002522,2026-08-21T01:53:16Z
e_00002bd2,2026-08-21T02:36:21Z
e_0000255d,2026-08-21T02:56:57Z
e_00002552,2026-08-21T02:50:57Z
e_00001903,2026-08-21T03:11:52Z
e_00002bd6,2026-08-21T03:27:25Z
e_0000190b,2026-08-21T03:31:02Z
e_00002519,2026-08-21T03:32:30Z
e_0000189b,2026-08-21T04:11:31Z
e_00002bd0,2026-08-21T04:26:07Z
e_000024fc,2026-08-21T04:52:45Z
e_0000253b,2026-08-21T05:07:22Z
e_00002be1,2026-08-21T05:11:17Z
e_00001762,2026-08-21T05:13:03Z
e_0000185b,2026-08-21T05:22:42Z
e_00002056,2026-08-21T05:31:42Z
e_0000252b,2026-08-21T06:06:25Z
e_00001896,2026-08-21T06:14:59Z
e_00002bed,2026-08-21T06:38:05Z
e_00002510,2026-08-21T06:36:01Z
e_00002be3,2026-08-21T06:48:16Z
e_00002556,2026-08-21T07:07:32Z
e_00002057,2026-08-21T07:06:28Z
e_00001906,2026-08-21T07:08:42Z
e_00002572,2026-08-21T07:16:57Z
e_00002bce,2026-08-21T07:14:41Z
e_000018a8,2026-08-21T07:24:06Z
e_00002061,2026-08-21T07:27:14Z
e_00002561,2026-08-21T07:36:13Z
e_00002bf5,2026-08-21T07:30:47Z
e_00002068,2026-08-21T07:40:27Z
e_00002578,2026-08-21T07:45:47Z
e_00001926,2026-08-21T07:46:07Z
e_00001922,2026-08-21T07:46:12Z
e_000018c4,2026-08-21T07:52:11Z
e_00002bf3,2026-08-21T07:56:57Z
e_0000190d,2026-08-21T08:01:25Z
e_00002bc5,2026-08-21T08:09:23Z
e_00002be8,2026-08-21T08:30:40Z
e_00002067,2026-08-21T08:50:15Z
e_00002bef,2026-08-21T08:54:09Z
e_0000255f,2026-08-21T09:13:07Z
e_00002bf1,2026-08-21T09:20:45Z
e_0000205a,2026-08-21T09:14:34Z
e_00002062,2026-08-21T09:28:33Z
e_00002063,2026-08-21T09:24:41Z
e_0000190c,2026-08-21T09:33:15Z
e_0000255a,2026-08-21T11:17:11Z
e_000017f5,2026-08-21T11:48:31Z
e_00002579,2026-08-21T11:40:37Z
e_00002573,2026-08-21T11:49:59Z
e_00001927,2026-08-21T11:59:35Z
e_00002bbb,2026-08-21T11:59:26Z
e_00001908,2026-08-21T12:05:45Z
e_00002550,2026-08-21T12:21:11Z
e_00002554,2026-08-21T12:39:13Z
e_00001905,2026-08-21T12:58:39Z
e_000018ff,2026-08-21T13:17:22Z
e_00002be5,2026-08-21T13:16:33Z
e_00002567,2026-08-21T13:13:53Z
e_00002570,2026-08-21T13:58:11Z
e_00002058,2026-08-21T14:03:13Z
e_00001912,2026-08-21T14:10:34Z
e_00002529,2026-08-21T14:11:38Z
e_00002be7,2026-08-21T14:16:56Z
e_00001921,2026-08-21T14:29:44Z
e_0000253d,2026-08-21T14:52:19Z
e_00002059,2026-08-21T15:04:08Z
e_000017e5,2026-08-21T15:18:55Z
e_00002566,2026-08-21T15:27:59Z
e_00001911,2026-08-21T15:34:33Z
e_00002576,2026-08-21T15:34:37Z
e_00001925,2026-08-21T15:52:09Z
e_00001847,2026-08-21T16:14:29Z
e_0000184c,2026-08-21T16:21:59Z
e_00001799,2026-08-21T16:25:27Z
e_00002541,2026-08-21T16:53:59Z
e_00002006,2026-08-21T17:10:41Z
e_00002bf4,2026-08-21T17:27:08Z
e_00002574,2026-08-21T17:32:41Z
e_00001923,2026-08-21T17:43:11Z
e_000017af,2026-08-21T17:50:41Z
e_00002bf8,2026-08-21T18:02:52Z
e_0000255c,2026-08-21T18:01:47Z
e_0000190a,2026-08-21T18:04:18Z
e_00001fdb,2026-08-21T18:10:53Z
e_00002564,2026-08-21T18:21:40Z
e_0000206b,2026-08-21T18:32:09Z
e_00002bea,2026-08-21T18:44:02Z
e_0000254e,2026-08-21T18:52:39Z
e_0000205c,2026-08-21T18:55:17Z
e_00002be9,2026-08-21T18:52:33Z
e_00002bfa,2026-08-21T18:59:12Z
e_00001910,2026-08-21T18:59:06Z
e_000018fe,2026-08-21T19:35:02Z
e_000017e6,2026-08-21T19:37:39Z
e_000018d6,2026-08-21T19:30:41Z
e_00002569,2026-08-21T19:38:54Z
e_00002558,2026-08-21T19:42:59Z
e_0000206d,2026-08-21T19:53:42Z
e_00001ff1,2026-08-21T20:00:44Z
e_000015c8,2026-08-21T20:08:59Z
e_0000256d,2026-08-21T20:08:21Z
e_00002bec,2026-08-21T20:14:30Z
e_00002bf2,2026-08-21T20:17:51Z
e_00001907,2026-08-21T20:21:58Z
e_00002bf6,2026-08-21T20:20:32Z
e_00001915,2026-08-21T20:20:25Z
e_000018f8,2026-08-21T20:25:07Z
e_00002060,2026-08-21T20:33:56Z
e_00002571,2026-08-21T20:38:27Z
e_000018b5,2026-08-21T20:44:34Z
e_00001889,2026-08-21T21:02:54Z
e_0000206a,2026-08-21T21:01:46Z
e_00002032,2026-08-21T21:10:08Z
e_0000191f,2026-08-21T21:05:17Z
e_00002bc7,2026-08-21T21:19:05Z
e_0000253f,2026-08-21T21:32:47Z
e_00002bf9,2026-08-21T21:46:02Z
e_000018f5,2026-08-21T21:52:53Z
e_0000206c,2026-08-21T21:58:27Z
e_00001704,2026-08-21T22:09:29Z
e_00001fc9,2026-08-21T22:28:18Z
e_00002be2,2026-08-21T22:54:35Z
e_00002517,2026-08-21T22:59:00Z
e_000018e1,2026-08-21T22:58:48Z
e_0000254f,2026-08-21T23:12:46Z
e_00002048,2026-08-21T23:17:20Z
e_000017ba,2026-08-21T23:44:30Z
e_0000256e,2026-08-21T23:46:50Z
e_0000256b,2026-08-22T00:01:08Z
e_00001920,2026-08-22T00:03:15Z
e_0000191a,2026-08-22T00:08:45Z
e_0000258e,2026-08-22T00:27:17Z
e_00002beb,2026-08-22T00:29:53Z
e_0000193e,2026-08-22T00:46:26Z
e_00001798,2026-08-22T01:05:39Z
e_00002589,2026-08-22T01:21:13Z
e_00001fd8,2026-08-22T01:23:36Z
e_0000255b,2026-08-22T01:31:27Z
e_00002553,2026-08-22T01:33:15Z
e_00002590,2026-08-22T02:05:43Z
e_0000193b,2026-08-22T02:19:52Z
e_0000193f,2026-08-22T02:46:27Z
e_00002565,2026-08-22T03:09:04Z
e_00002555,2026-08-22T03:09:27Z
e_00002537,2026-08-22T03:28:36Z
e_000017b7,2026-08-22T04:02:48Z
e_0000204a,2026-08-22T04:00:34Z
e_0000180a,2026-08-22T04:02:43Z
e_0000259e,2026-08-22T04:00:46Z
e_00001881,2026-08-22T04:32:02Z
e_0000257d,2026-08-22T04:39:47Z
e_0000169c,2026-08-22T04:42:41Z
e_0000259a,2026-08-22T04:55:34Z
e_00001955,2026-08-22T04:55:58Z
e_0000192c,2026-08-22T05:01:42Z
e_00001952,2026-08-22T05:08:24Z
e_0000252f,2026-08-22T05:25:12Z
e_00002585,2026-08-22T05:32:20Z
e_000017f3,2026-08-22T05:36:53Z
e_0000200e,2026-08-22T05:41:15Z
e_00002584,2026-08-22T06:00:17Z
e_000018eb,2026-08-22T06:05:07Z
e_00001938,2026-08-22T06:05:24Z
e_000018da,2026-08-22T06:23:10Z
e_00002599,2026-08-22T06:23:44Z
e_00001849,2026-08-22T06:31:14Z
e_00001935,2026-08-22T06:35:13Z
e_00001951,2026-08-22T06:33:22Z
e_00002562,2026-08-22T07:00:44Z
e_0000255e,2026-08-22T07:17:25Z
e_00002551,2026-08-22T07:24:37Z
e_0000200f,2026-08-22T07:28:32Z
e_000025a7,2026-08-22T07:37:30Z
e_00001807,2026-08-22T07:39:25Z
e_00001960,2026-08-22T07:40:47Z
e_00002539,2026-08-22T08:04:45Z
e_00002c0e,2026-08-22T08:07:44Z
e_0000207e,2026-08-22T08:29:50Z
e_00001882,2026-08-22T08:47:36Z
e_0000258b,2026-08-22T09:01:47Z
e_00002597,2026-08-22T09:04:03Z
e_0000193c,2026-08-22T09:09:32Z
e_00002c09,2026-08-22T09:12:25Z
e_00002c11,2026-08-22T09:19:30Z
e_00002080,2026-08-22T09:23:55Z
e_000025a2,2026-08-22T09:29:49Z
e_0000194f,2026-08-22T09:52:23Z
e_00001959,2026-08-22T09:52:33Z
e_0000257f,2026-08-22T10:01:22Z
e_00002bc9,2026-08-22T09:59:03Z
e_0000207b,2026-08-22T10:02:23Z
e_00002587,2026-08-22T10:14:31Z
e_000016dc,2026-08-22T10:27:26Z
e_0000259f,2026-08-22T10:29:37Z
e_00001939,2026-08-22T10:38:45Z
e_0000192f,2026-08-22T10:36:46Z
e_00002591,2026-08-22T10:43:44Z
e_000017e0,2026-08-22T11:03:40Z
e_00002bee,2026-08-22T11:06:17Z
e_00002583,2026-08-22T11:08:14Z
e_00001944,2026-08-22T11:14:13Z
e_00001933,2026-08-22T11:25:15Z
e_0000251f,2026-08-22T11:37:38Z
e_00002c01,2026-08-22T11:52:39Z
e_00002071,2026-08-22T12:06:31Z
e_00002c03,2026-08-22T12:26:56Z
e_00002592,2026-08-22T12:22:50Z
e_00002072,2026-08-22T12:27:17Z
e_00002c04,2026-08-22T12:31:46Z
e_000025a8,2026-08-22T12:38:08Z
e_00002073,2026-08-22T12:42:54Z
e_000018b4,2026-08-22T13:09:31Z
e_000025a3,2026-08-22T13:34:30Z
e_00001879,2026-08-22T13:53:53Z
e_0000252d,2026-08-22T14:25:24Z
e_00002c00,2026-08-22T14:38:21Z
e_00002070,2026-08-22T14:42:55Z
e_00002bdc,2026-08-22T14:50:21Z
e_00002580,2026-08-22T14:44:20Z
e_00002c0f,2026-08-22T14:48:13Z
e_0000257b,2026-08-22T14:52:11Z
e_00001929,2026-08-22T15:08:50Z
e_00002568,2026-08-22T15:24:34Z
e_00002bfc,2026-08-22T15:25:42Z
e_000018bd,2026-08-22T15:33:18Z
e_000025a0,2026-08-22T15:25:47Z
e_00001930,2026-08-22T15:38:43Z
e_0000259c,2026-08-22T15:45:16Z
e_00001956,2026-08-22T15:40:36Z
e_00001686,2026-08-22T15:45:44Z
e_00001809,2026-08-22T15:43:54Z
e_00002595,2026-08-22T15:56:45Z
e_00002bf0,2026-08-22T15:56:34Z
e_00001954,2026-08-22T16:03:58Z
e_00001855,2026-08-22T15:59:49Z
e_0000206e,2026-08-22T16:13:17Z
e_00002c13,2026-08-22T16:20:28Z
e_00002081,2026-08-22T16:26:04Z
e_0000256a,2026-08-22T16:20:55Z
e_0000194a,2026-08-22T16:37:22Z
e_00002581,2026-08-22T16:36:43Z
e_000018ea,2026-08-22T16:51:14Z
e_00001812,2026-08-22T16:47:49Z
e_00002c18,2026-08-22T17:09:39Z
e_0000256f,2026-08-22T17:15:03Z
e_000025a5,2026-08-22T17:19:16Z
e_00002bd9,2026-08-22T17:13:02Z
e_00002010,2026-08-22T17:21:38Z
e_00002c0b,2026-08-22T17:18:33Z
e_0000195f,2026-08-22T17:29:40Z
e_00002593,2026-08-22T17:33:27Z
e_000025a4,2026-08-22T17:35:47Z
e_0000195e,2026-08-22T17:39:26Z
e_00001947,2026-08-22T17:40:09Z
e_00002087,2026-08-22T17:37:17Z
e_00002be6,2026-08-22T17:39:52Z
e_00001851,2026-08-22T17:54:53Z
e_0000207c,2026-08-22T18:00:24Z
e_0000257a,2026-08-22T18:14:03Z
e_00002050,2026-08-22T18:13:07Z
e_00002c15,2026-08-22T18:36:27Z
e_000017dd,2026-08-22T19:07:13Z
e_000016be,2026-08-22T19:16:59Z
e_000016e2,2026-08-22T19:18:56Z
e_00002c06,2026-08-22T19:19:56Z
e_00002082,2026-08-22T19:19:09Z
e_00002077,2026-08-22T19:42:15Z
e_0000257c,2026-08-22T19:54:58Z
e_00002c16,2026-08-22T19:52:29Z
e_00002052,2026-08-22T20:02:17Z
e_00002c10,2026-08-22T20:14:16Z
e_00002086,2026-08-22T20:24:22Z
e_0000207f,2026-08-22T20:39:50Z
e_00002582,2026-08-22T20:58:03Z
e_00002bfb,2026-08-22T21:11:28Z
e_00001fea,2026-08-22T21:18:02Z
e_000018c1,2026-08-22T21:18:22Z
e_0000258c,2026-08-22T21:18:58Z
e_00002c0c,2026-08-22T21:32:33Z
e_00001932,2026-08-22T21:38:37Z
e_00002560,2026-08-22T22:06:33Z
e_0000207d,2026-08-22T22:32:34Z
e_0000256c,2026-08-22T23:00:46Z
e_00002bfe,2026-08-22T23:36:56Z
e_00002c07,2026-08-22T23:45:57Z
e_0000258d,2026-08-22T23:41:25Z
e_0000193d,2026-08-22T23:53:32Z
e_00002be4,2026-08-22T23:57:18Z
e_0000206f,2026-08-23T00:09:37Z
e_00002078,2026-08-23T00:36:02Z
e_00001833,2026-08-23T00:40:13Z
e_000025c2,2026-08-23T01:23:26Z
e_0000197c,2026-08-23T01:27:11Z
e_0000258f,2026-08-23T01:53:33Z
e_000025d6,2026-08-23T02:11:09Z
e_000025cc,2026-08-23T02:18:28Z
e_00002017,2026-08-23T02:26:57Z
e_000025b7,2026-08-23T02:23:26Z
e_00001970,2026-08-23T02:25:42Z
e_000025d5,2026-08-23T02:29:32Z
e_000025d7,2026-08-23T02:38:54Z
e_00001997,2026-08-23T02:49:12Z
e_000018b6,2026-08-23T02:44:54Z
e_0000198b,2026-08-23T03:00:56Z
e_000025a9,2026-08-23T03:08:48Z
e_00001993,2026-08-23T03:20:46Z
e_000016fa,2026-08-23T03:31:32Z
e_0000199b,2026-08-23T03:44:48Z
e_00001965,2026-08-23T03:56:02Z
e_000018ee,2026-08-23T03:54:00Z
e_00001656,2026-08-23T04:52:22Z
e_000025b1,2026-08-23T05:06:27Z
e_00002557,2026-08-23T05:09:32Z
e_00002011,2026-08-23T05:17:25Z
e_0000196a,2026-08-23T05:40:20Z
e_000025d8,2026-08-23T05:57:28Z
e_00002c25,2026-08-23T06:16:22Z
e_0000191c,2026-08-23T06:19:05Z
e_00002c33,2026-08-23T06:21:12Z
e_0000199c,2026-08-23T06:27:07Z
e_000025bc,2026-08-23T06:31:56Z
e_00001824,2026-08-23T06:37:30Z
e_000025cf,2026-08-23T06:31:55Z
e_0000198d,2026-08-23T06:48:33Z
e_00002090,2026-08-23T06:53:13Z
e_00001973,2026-08-23T07:05:39Z
e_00002c24,2026-08-23T07:06:36Z
e_00002c27,2026-08-23T07:02:56Z
e_0000209a,2026-08-23T07:23:17Z
e_00002091,2026-08-23T07:43:37Z
e_00002c32,2026-08-23T07:47:46Z
e_0000191e,2026-08-23T07:44:18Z
e_00002588,2026-08-23T07:56:15Z
e_00002bf7,2026-08-23T07:53:08Z
e_0000208f,2026-08-23T07:53:33Z
e_00002099,2026-08-23T08:17:18Z
e_00001823,2026-08-23T08:17:41Z
e_000025d9,2026-08-23T08:39:02Z
e_00002c17,2026-08-23T08:51:04Z
e_00002053,2026-08-23T08:55:20Z
e_00002c05,2026-08-23T08:57:36Z
e_000018a9,2026-08-23T09:03:01Z
e_000017c5,2026-08-23T09:02:42Z
e_00002c30,2026-08-23T09:20:13Z
e_000017fb,2026-08-23T09:14:57Z
e_0000199d,2026-08-23T09:35:26Z
e_00002bfd,2026-08-23T09:46:08Z
e_00002098,2026-08-23T09:49:22Z
e_000025c9,2026-08-23T09:48:38Z
e_00001887,2026-08-23T09:55:00Z
e_0000204d,2026-08-23T09:48:02Z
e_00002c2e,2026-08-23T09:54:36Z
e_000025b5,2026-08-23T10:04:51Z
e_00002097,2026-08-23T10:01:33Z
e_0000196d,2026-08-23T10:09:46Z
e_00002c1d,2026-08-23T10:20:28Z
e_000018d0,2026-08-23T10:20:22Z
e_0000181d,2026-08-23T10:39:15Z
e_00001983,2026-08-23T10:42:20Z
e_00002c2c,2026-08-23T10:39:43Z
e_000025ad,2026-08-23T10:39:10Z
e_000018e8,2026-08-23T10:43:15Z
e_0000208a,2026-08-23T10:47:05Z
e_00002c1e,2026-08-23T11:17:10Z
e_00002559,2026-08-23T11:19:44Z
e_00002c20,2026-08-23T11:18:19Z
e_00002c14,2026-08-23T11:26:37Z
e_00002c1a,2026-08-23T11:20:39Z
e_00002096,2026-08-23T11:34:30Z
e_00001967,2026-08-23T11:41:39Z
e_0000208c,2026-08-23T11:41:33Z
e_0000183d,2026-08-23T11:51:55Z
e_00002bff,2026-08-23T11:48:32Z
e_000025bd,2026-08-23T11:51:01Z
e_00002088,2026-08-23T11:57:36Z
e_00002575,2026-08-23T12:05:49Z
e_0000208d,2026-08-23T12:13:08Z
e_000025d3,2026-08-23T12:19:08Z
e_000025c5,2026-08-23T12:41:58Z
e_00002598,2026-08-23T12:48:06Z
e_0000197f,2026-08-23T12:55:11Z
e_00001992,2026-08-23T13:05:28Z
e_00001810,2026-08-23T13:24:56Z
e_000025c0,2026-08-23T13:55:15Z
e_000025ba,2026-08-23T14:28:06Z
e_0000195c,2026-08-23T14:31:19Z
e_00001979,2026-08-23T14:41:24Z
e_0000205b,2026-08-23T14:51:20Z
e_00002577,2026-08-23T15:00:15Z
e_00001945,2026-08-23T15:04:08Z
e_0000185a,2026-08-23T14:58:23Z
e_000025b4,2026-08-23T15:06:34Z
e_00001972,2026-08-23T15:27:17Z
e_0000196c,2026-08-23T15:37:55Z
e_00002c12,2026-08-23T15:40:42Z
e_00002c29,2026-08-23T15:53:09Z
e_00002093,2026-08-23T15:48:37Z
e_0000182d,2026-08-23T16:02:00Z
e_00002c22,2026-08-23T16:29:06Z
e_0000208e,2026-08-23T16:54:50Z
e_00002c21,2026-08-23T17:00:17Z
e_000025b2,2026-08-23T17:05:12Z
e_000025be,2026-08-23T17:09:45Z
e_000025ab,2026-08-23T17:35:19Z
e_00001978,2026-08-23T17:34:43Z
e_00001966,2026-08-23T17:36:53Z
e_0000196b,2026-08-23T17:40:04Z
e_000025a1,2026-08-23T17:45:26Z
e_00002c37,2026-08-23T17:48:06Z
e_0000195a,2026-08-23T18:06:15Z
e_00001940,2026-08-23T18:10:15Z
e_0000209d,2026-08-23T18:17:12Z
e_000025cd,2026-08-23T18:32:03Z
e_00001715,2026-08-23T18:35:34Z
e_000025d1,2026-08-23T18:51:24Z
e_0000198e,2026-08-23T18:59:33Z
e_0000180f,2026-08-23T19:13:00Z
e_00001961,2026-08-23T19:38:46Z
e_00002076,2026-08-23T19:38:55Z
e_000025cb,2026-08-23T19:49:50Z
e_00001878,2026-08-23T19:50:18Z
e_00002c2a,2026-08-23T19:52:33Z
e_0000198a,2026-08-23T20:23:12Z
e_00002094,2026-08-23T20:24:20Z
e_000025ca,2026-08-23T20:32:47Z
e_00001985,2026-08-23T20:38:49Z
e_00001942,2026-08-23T20:43:19Z
e_0000181b,2026-08-23T20:48:34Z
e_00002c28,2026-08-23T20:56:21Z
e_000025a6,2026-08-23T21:13:09Z
e_00002092,2026-08-23T21:14:37Z
e_00002c19,2026-08-23T21:12:44Z
e_000025c3,2026-08-23T21:57:34Z
e_0000197d,2026-08-23T21:58:27Z
e_000025c7,2026-08-23T22:11:23Z
e_00001982,2026-08-23T22:31:38Z
e_000025ce,2026-08-23T22:47:36Z
e_000025b6,2026-08-23T22:47:58Z
e_00002c1b,2026-08-23T23:08:33Z
e_000018d9,2026-08-23T23:20:26Z
e_000025af,2026-08-23T23:37:25Z
e_0000198c,2026-08-23T23:36:05Z
e_0000257e,2026-08-23T23:45:52Z
e_000018e2,2026-08-23T23:52:16Z
e_000025b8,2026-08-23T23:53:18Z
e_00001968,2026-08-23T23:53:12Z
e_00002c35,2026-08-24T00:09:08Z
e_00002089,2026-08-24T00:11:10Z
e_0000259d,2026-08-24T00:29:00Z
e_00002c26,2026-08-24T00:30:34Z
e_0000260f,2026-08-24T00:32:47Z
e_0000209c,2026-08-24T00:37:08Z
e_00002596,2026-08-24T00:32:16Z
e_00001971,2026-08-24T00:34:35Z
e_000025e8,2026-08-24T00:41:52Z
e_000019e3,2026-08-24T01:04:16Z
e_0000258a,2026-08-24T01:06:46Z
e_00002c2d,2026-08-24T01:07:22Z
e_000025b0,2026-08-24T01:34:05Z
e_000019b3,2026-08-24T01:34:22Z
e_000018b7,2026-08-24T01:55:29Z
e_00001825,2026-08-24T02:11:43Z
e_000025b3,2026-08-24T02:25:20Z
e_000025f6,2026-08-24T03:01:11Z
e_0000259b,2026-08-24T03:17:50Z
e_000025f7,2026-08-24T03:22:52Z
e_000025ec,2026-08-24T03:25:29Z
e_000025bb,2026-08-24T03:33:59Z
e_00002c02,2026-08-24T03:36:54Z
e_000019c5,2026-08-24T03:42:45Z
e_000019c4,2026-08-24T03:46:46Z
e_00002c1f,2026-08-24T03:52:20Z
e_000019b6,2026-08-24T03:55:28Z
e_00001994,2026-08-24T04:05:16Z
e_00002c0a,2026-08-24T04:16:25Z
e_00002586,2026-08-24T05:01:28Z
e_000020ac,2026-08-24T05:14:43Z
e_00002c49,2026-08-24T05:17:29Z
e_000025bf,2026-08-24T05:35:48Z
e_00002c4d,2026-08-24T06:02:23Z
e_000025e5,2026-08-24T06:17:16Z
e_000019b1,2026-08-24T06:14:14Z
e_000020ae,2026-08-24T06:22:52Z
e_00002c46,2026-08-24T06:28:05Z
e_00002c3c,2026-08-24T06:36:10Z
e_000025df,2026-08-24T06:40:59Z
e_000025da,2026-08-24T06:56:09Z
e_000020aa,2026-08-24T06:49:57Z
e_000025e1,2026-08-24T06:59:21Z
e_0000260d,2026-08-24T06:58:01Z
e_00002601,2026-08-24T07:03:47Z
e_000019a7,2026-08-24T07:12:10Z
e_000019a8,2026-08-24T07:18:12Z
e_000025fd,2026-08-24T07:11:33Z
e_000020a0,2026-08-24T07:14:35Z
e_000019e2,2026-08-24T07:25:58Z
e_000025de,2026-08-24T07:28:38Z
e_000025e6,2026-08-24T07:39:32Z
e_000019cc,2026-08-24T07:43:48Z
e_00002594,2026-08-24T07:42:11Z
e_000025ae,2026-08-24T07:48:15Z
e_00002c36,2026-08-24T07:51:15Z
e_000019a6,2026-08-24T07:54:36Z
e_000019ca,2026-08-24T08:08:13Z
e_000018b0,2026-08-24T08:13:25Z
e_000025f9,2026-08-24T08:20:47Z
e_000019b2,2026-08-24T08:38:23Z
e_000025ee,2026-08-24T08:46:57Z
e_000025b9,2026-08-24T08:51:38Z
e_000019c6,2026-08-24T08:55:00Z
e_00001918,2026-08-24T09:35:52Z
e_000019b8,2026-08-24T09:42:38Z
e_000025e3,2026-08-24T09:51:41Z
e_000019ab,2026-08-24T10:22:25Z
e_000025e4,2026-08-24T10:34:10Z
e_000025f1,2026-08-24T10:34:57Z
e_00002c34,2026-08-24T10:35:14Z
e_00002c0d,2026-08-24T10:40:06Z
e_000019ad,2026-08-24T10:49:30Z
e_0000205f,2026-08-24T10:52:48Z
e_0000192d,2026-08-24T10:57:53Z
e_000025d0,2026-08-24T11:07:59Z
e_000025ea,2026-08-24T11:08:47Z
e_000019b5,2026-08-24T11:06:07Z
e_00002c4e,2026-08-24T11:28:46Z
e_00002c47,2026-08-24T11:30:13Z
e_000019bd,2026-08-24T11:29:31Z
e_000020ab,2026-08-24T11:46:38Z
e_0000199e,2026-08-24T12:03:21Z
e_000020af,2026-08-24T12:08:41Z
e_0000182a,2026-08-24T12:09:43Z
e_0000191b,2026-08-24T12:22:29Z
e_000017e2,2026-08-24T13:16:18Z
e_00001859,2026-08-24T13:30:18Z
e_00002602,2026-08-24T13:38:52Z
e_00002c41,2026-08-24T13:43:22Z
e_00002c3e,2026-08-24T13:48:13Z
e_000020a1,2026-08-24T14:00:48Z
e_000019d2,2026-08-24T14:23:35Z
e_00002c4b,2026-08-24T14:32:50Z
e_000020a3,2026-08-24T14:32:26Z
e_000020ad,2026-08-24T14:31:16Z
e_00002c08,2026-08-24T14:38:57Z
e_000025fb,2026-08-24T14:56:14Z
e_00002605,2026-08-24T15:03:40Z
e_000019d4,2026-08-24T15:09:29Z
e_000019c8,2026-08-24T15:09:09Z
e_000025c1,2026-08-24T15:26:47Z
e_0000260e,2026-08-24T15:33:25Z
e_000025db,2026-08-24T15:39:24Z
e_00002c39,2026-08-24T15:58:48Z
e_000025d4,2026-08-24T16:09:58Z
e_0000209e,2026-08-24T16:11:55Z
e_000019a0,2026-08-24T16:39:21Z
e_00002604,2026-08-24T17:06:11Z
e_000025c8,2026-08-24T17:07:45Z
e_000019d3,2026-08-24T17:06:32Z
e_00002c4c,2026-08-24T17:07:58Z
e_00001943,2026-08-24T17:16:19Z
e_000025aa,2026-08-24T17:46:20Z
e_000025ac,2026-08-24T17:59:50Z
e_000025e9,2026-08-24T17:55:54Z
e_000025ed,2026-08-24T18:15:09Z
e_000025dc,2026-08-24T18:44:24Z
e_00002c2b,2026-08-24T18:53:01Z
e_000019b4,2026-08-24T18:59:00Z
e_000018d5,2026-08-24T18:56:53Z
e_000018f1,2026-08-24T18:53:31Z
e_000019a5,2026-08-24T19:06:36Z
e_000025f3,2026-08-24T19:11:22Z
e_000025f4,2026-08-24T19:20:49Z
e_000025d2,2026-08-24T19:30:59Z
e_00002c3b,2026-08-24T19:43:13Z
e_000019be,2026-08-24T19:58:26Z
e_000019c2,2026-08-24T19:59:17Z
e_00002c42,2026-08-24T20:09:01Z
e_00002c44,2026-08-24T20:19:13Z
e_000020a9,2026-08-24T20:17:18Z
e_0000209f,2026-08-24T20:23:30Z
e_000020a4,2026-08-24T20:27:14Z
e_0000194c,2026-08-24T20:58:08Z
e_00002c4f,2026-08-24T21:02:14Z
e_00001684,2026-08-24T21:11:01Z
e_00002c51,2026-08-24T21:16:40Z
e_0000194b,2026-08-24T21:38:47Z
e_000020b0,2026-08-24T21:43:45Z
e_000020b1,2026-08-24T21:47:42Z
e_00001900,2026-08-24T22:06:32Z
e_000018fd,2026-08-24T22:02:53Z
e_00001848,2026-08-24T22:18:47Z
e_000025ef,2026-08-24T22:24:59Z
e_000025e0,2026-08-24T22:23:46Z
e_00002049,2026-08-24T22:35:59Z
e_000019bc,2026-08-24T22:56:10Z
e_0000198f,2026-08-24T23:04:04Z
e_0000260a,2026-08-24T23:11:14Z
e_000025ff,2026-08-24T23:14:29Z
e_000019cb,2026-08-24T23:21:31Z
e_000016b0,2026-08-24T23:13:53Z
e_00002c40,2026-08-24T23:21:33Z
e_000019de,2026-08-24T23:25:55Z
e_00002606,2026-08-24T23:35:10Z
e_000020a2,2026-08-24T23:36:41Z
e_00002608,2026-08-24T23:58:25Z
e_0000260c,2026-08-25T00:02:55Z
e_000019d5,2026-08-25T00:13:16Z
e_000019d8,2026-08-25T00:24:43Z
e_000019e1,2026-08-25T00:32:48Z
e_00002c31,2026-08-25T00:55:51Z
e_00002c4a,2026-08-25T01:00:10Z
e_0000262e,2026-08-25T01:57:53Z
e_0000192a,2026-08-25T02:06:12Z
e_000025c6,2026-08-25T02:08:27Z
e_00002c23,2026-08-25T02:37:06Z
e_0000196e,2026-08-25T02:51:28Z
e_0000205d,2026-08-25T02:47:10Z
e_00001a07,2026-08-25T02:55:32Z
e_00002610,2026-08-25T03:17:41Z
e_000016f7,2026-08-25T03:18:58Z
e_00002637,2026-08-25T03:21:23Z
e_00002618,2026-08-25T03:37:35Z
e_00002626,2026-08-25T03:56:59Z
e_00001a10,2026-08-25T04:03:06Z
e_00002c3f,2026-08-25T04:07:31Z
e_000019e4,2026-08-25T04:08:08Z
e_0000262d,2026-08-25T04:04:49Z
e_00001883,2026-08-25T04:09:50Z
e_000025fc,2026-08-25T04:10:04Z
e_00001a04,2026-08-25T04:17:07Z
e_000019ed,2026-08-25T04:36:29Z
e_000019fb,2026-08-25T04:40:49Z
e_000025c4,2026-08-25T05:12:00Z
e_0000189a,2026-08-25T05:18:29Z
e_00002c62,2026-08-25T05:42:33Z
e_000020c5,2026-08-25T05:47:55Z
e_00001948,2026-08-25T05:53:23Z
e_0000205e,2026-08-25T06:10:50Z
e_00001986,2026-08-25T06:23:38Z
e_000018d8,2026-08-25T06:48:40Z
e_0000261c,2026-08-25T06:48:26Z
e_00001988,2026-08-25T06:59:17Z
e_00002c2f,2026-08-25T07:00:51Z
e_00002635,2026-08-25T06:59:24Z
e_00001a0f,2026-08-25T07:11:15Z
e_00002c45,2026-08-25T07:41:27Z
e_000019ef,2026-08-25T07:43:27Z
e_00002c67,2026-08-25T07:50:14Z
e_00002075,2026-08-25T07:55:36Z
e_00002621,2026-08-25T08:03:12Z
e_00002c60,2026-08-25T08:06:31Z
e_00002617,2026-08-25T08:18:23Z
e_000020c9,2026-08-25T08:19:40Z
e_00002c1c,2026-08-25T08:32:41Z
e_000020c4,2026-08-25T08:38:51Z
e_00001853,2026-08-25T08:38:02Z
e_000019f8,2026-08-25T08:52:00Z
e_00002620,2026-08-25T08:50:35Z
e_00001991,2026-08-25T08:51:09Z
e_000019eb,2026-08-25T09:07:28Z
e_00002c65,2026-08-25T09:04:14Z
e_00002c59,2026-08-25T09:21:17Z
e_00001958,2026-08-25T09:19:55Z
e_000020c0,2026-08-25T09:27:59Z
e_00002628,2026-08-25T09:40:53Z
e_000019f6,2026-08-25T09:45:03Z
e_000020c7,2026-08-25T09:52:42Z
e_000019ff,2026-08-25T09:56:22Z
e_000019e6,2026-08-25T09:59:17Z
e_00002613,2026-08-25T09:57:30Z
e_00002624,2026-08-25T10:09:39Z
e_00001977,2026-08-25T10:42:53Z
e_000019fa,2026-08-25T10:45:07Z
e_0000261d,2026-08-25T10:42:04Z
e_000019f0,2026-08-25T10:57:45Z
e_00002c5a,2026-08-25T11:06:00Z
e_000020c1,2026-08-25T11:04:59Z
e_00002c48,2026-08-25T11:06:55Z
e_000025dd,2026-08-25T11:05:15Z
e_0000262c,2026-08-25T11:06:14Z
e_00002c56,2026-08-25T11:14:54Z
e_0000171c,2026-08-25T11:16:29Z
e_000020be,2026-08-25T11:32:43Z
e_00001a03,2026-08-25T11:28:56Z
e_00001909,2026-08-25T11:35:00Z
e_00001949,2026-08-25T11:54:20Z
e_00002633,2026-08-25T11:57:34Z
e_00002c69,2026-08-25T12:03:48Z
e_000019ee,2026-08-25T12:05:01Z
e_0000261a,2026-08-25T12:02:23Z
e_00002c58,2026-08-25T12:19:52Z
e_00001a0e,2026-08-25T12:25:31Z
e_00002066,2026-08-25T12:34:37Z
e_000025fa,2026-08-25T12:37:28Z
e_0000262b,2026-08-25T12:39:48Z
e_00001974,2026-08-25T12:40:22Z
e_00002c5c,2026-08-25T12:47:09Z
e_000020ca,2026-08-25T12:44:01Z
e_000020c2,2026-08-25T12:45:10Z
e_00001a01,2026-08-25T12:47:34Z
e_0000187d,2026-08-25T12:49:03Z
e_00002c63,2026-08-25T13:04:18Z
e_000020c6,2026-08-25T13:14:56Z
e_000020bf,2026-08-25T13:16:27Z
e_00002c6d,2026-08-25T13:19:16Z
e_000020cc,2026-08-25T13:21:52Z
e_00002c71,2026-08-25T13:44:21Z
e_00002c5e,2026-08-25T14:00:31Z
e_0000188d,2026-08-25T14:01:51Z
e_00002638,2026-08-25T14:05:33Z
e_000020ce,2026-08-25T14:02:53Z
e_0000190e,2026-08-25T14:32:33Z
e_000020c3,2026-08-25T14:33:00Z
e_00002c38,2026-08-25T16:05:59Z
e_000018f3,2026-08-25T16:10:12Z
e_000025f2,2026-08-25T16:21:49Z
e_0000262f,2026-08-25T16:47:33Z
e_00002c43,2026-08-25T16:55:05Z
e_00001858,2026-08-25T16:54:52Z
e_000018fb,2026-08-25T17:14:42Z
e_000025e7,2026-08-25T17:11:09Z
e_00002623,2026-08-25T17:32:30Z
e_00002611,2026-08-25T17:40:48Z
e_00001964,2026-08-25T17:38:32Z
e_000019f9,2026-08-25T17:45:33Z
e_000025f8,2026-08-25T18:22:27Z
e_00002609,2026-08-25T18:35:35Z
e_000019b9,2026-08-25T18:45:29Z
e_000025e2,2026-08-25T18:47:15Z
e_000018df,2026-08-25T18:56:22Z
e_00002630,2026-08-25T19:22:16Z
e_00002c74,2026-08-25T19:36:49Z
e_0000260b,2026-08-25T19:38:43Z
e_00002c54,2026-08-25T19:49:11Z
e_00002c61,2026-08-25T19:52:04Z
e_00002603,2026-08-25T19:57:56Z
e_00001a08,2026-08-25T20:05:40Z
e_000020ba,2026-08-25T20:09:49Z
e_000020d3,2026-08-25T20:21:19Z
e_00002615,2026-08-25T20:39:47Z
e_00001897,2026-08-25T20:35:25Z
e_000018e0,2026-08-25T20:50:02Z
e_00002c6f,2026-08-25T21:01:57Z
e_00002c66,2026-08-25T21:02:17Z
e_00002085,2026-08-25T21:12:29Z
e_0000261e,2026-08-25T21:25:24Z
e_000019e7,2026-08-25T21:19:52Z
e_00002631,2026-08-25T21:43:59Z
e_000020cd,2026-08-25T21:51:09Z
e_00001a0d,2026-08-25T21:47:15Z
e_00002c50,2026-08-25T21:51:37Z
e_000020c8,2026-08-25T21:59:29Z
e_00002612,2026-08-25T22:03:08Z
e_000019e5,2026-08-25T21:56:42Z
e_000019f1,2026-08-25T22:02:40Z
e_0000262a,2026-08-25T22:10:36Z
e_00001830,2026-08-25T22:13:16Z
e_00002c6a,2026-08-25T22:18:33Z
e_00002627,2026-08-25T22:24:32Z
e_00002600,2026-08-25T22:31:43Z
e_00001a00,2026-08-25T22:48:30Z
e_000019af,2026-08-25T22:52:02Z
e_000019fe,2026-08-25T23:07:44Z
e_00002c52,2026-08-25T23:06:37Z
e_00002c73,2026-08-25T23:11:47Z
e_000020a8,2026-08-25T23:14:24Z
e_00002c6b,2026-08-25T23:19:14Z
e_000020b5,2026-08-25T23:19:37Z
e_00002c68,2026-08-25T23:28:05Z
e_000019df,2026-08-25T23:34:18Z
e_00002c3d,2026-08-25T23:38:37Z
e_000020cb,2026-08-25T23:36:15Z
e_000020d2,2026-08-25T23:38:51Z
e_00002c72,2026-08-25T23:46:24Z
e_00001975,2026-08-25T23:56:12Z
e_000016b8,2026-08-25T23:59:06Z
e_00002064,2026-08-26T00:02:01Z
e_00002653,2026-08-26T00:03:30Z
e_000018cf,2026-08-26T00:15:40Z
e_000025fe,2026-08-26T00:13:04Z
e_00001990,2026-08-26T00:26:58Z
e_00001a3d,2026-08-26T00:35:40Z
e_0000193a,2026-08-26T00:48:58Z
e_00002650,2026-08-26T01:00:14Z
e_00002644,2026-08-26T01:12:05Z
e_000018ae,2026-08-26T01:23:52Z
e_00002655,2026-08-26T01:22:42Z
e_00001a3f,2026-08-26T01:43:24Z
e_00001a29,2026-08-26T01:39:18Z
e_00001a3b,2026-08-26T01:59:59Z
e_00002c64,2026-08-26T02:09:11Z
e_0000199f,2026-08-26T02:17:02Z
e_00002c5f,2026-08-26T02:37:06Z
e_00002042,2026-08-26T02:37:32Z
e_00002649,2026-08-26T03:03:36Z
e_000025eb,2026-08-26T03:33:22Z
e_00002c5d,2026-08-26T03:38:25Z
e_00002657,2026-08-26T03:50:44Z
e_0000263f,2026-08-26T03:56:45Z
e_00001a2f,2026-08-26T03:57:04Z
e_00001a42,2026-08-26T04:12:42Z
e_00001a22,2026-08-26T04:40:33Z
e_000018af,2026-08-26T04:43:29Z
e_000020a7,2026-08-26T05:04:52Z
e_00002641,2026-08-26T05:26:34Z
e_000025f5,2026-08-26T05:46:31Z
e_00001a13,2026-08-26T06:04:56Z
e_00001a26,2026-08-26T06:12:24Z
e_000018c3,2026-08-26T06:19:22Z
e_000018bf,2026-08-26T06:31:30Z
e_00002625,2026-08-26T06:51:30Z
e_000017a2,2026-08-26T07:09:57Z
e_00002c3a,2026-08-26T07:08:59Z
e_00002640,2026-08-26T07:30:08Z
e_00002c97,2026-08-26T07:37:56Z
e_00002095,2026-08-26T07:36:12Z
e_00002c98,2026-08-26T07:56:14Z
e_0000265b,2026-08-26T08:01:27Z
e_00001a23,2026-08-26T08:02:17Z
e_00001a44,2026-08-26T08:15:38Z
e_000025f0,2026-08-26T08:15:07Z
e_000020eb,2026-08-26T08:16:38Z
e_0000263b,2026-08-26T08:17:43Z
e_00002c6e,2026-08-26T08:30:45Z
e_000020ec,2026-08-26T08:22:35Z
e_00001a1a,2026-08-26T08:31:33Z
e_00002c7d,2026-08-26T09:12:53Z
e_000020a6,2026-08-26T09:23:49Z
e_000018c2,2026-08-26T09:20:44Z
e_000020d9,2026-08-26T09:23:16Z
e_00002c8e,2026-08-26T09:24:05Z
e_00002c76,2026-08-26T09:32:31Z
e_000020d4,2026-08-26T09:31:55Z
e_00002c7f,2026-08-26T09:47:17Z
e_000020e6,2026-08-26T09:49:16Z
e_0000264f,2026-08-26T10:12:09Z
e_00001a37,2026-08-26T10:13:43Z
e_000020dd,2026-08-26T10:27:10Z
e_0000208b,2026-08-26T10:26:55Z
e_00002c81,2026-08-26T10:37:00Z
e_000020de,2026-08-26T10:37:45Z
e_00002636,2026-08-26T10:50:06Z
e_00002c90,2026-08-26T11:08:44Z
e_0000264c,2026-08-26T11:24:34Z
e_00002c57,2026-08-26T11:45:38Z
e_000020e7,2026-08-26T11:53:45Z
e_00002629,2026-08-26T11:54:40Z
e_00001a34,2026-08-26T12:11:47Z
e_00002c8c,2026-08-26T12:22:19Z
e_00002632,2026-08-26T12:53:41Z
e_00002645,2026-08-26T13:07:13Z
e_0000204e,2026-08-26T13:18:53Z
e_0000204f,2026-08-26T13:17:37Z
e_000020e5,2026-08-26T13:17:52Z
e_00002c7e,2026-08-26T13:39:10Z
e_00001996,2026-08-26T13:42:29Z
e_00002651,2026-08-26T13:39:22Z
e_000019bb,2026-08-26T13:46:47Z
e_00001917,2026-08-26T13:57:25Z
e_00002c85,2026-08-26T14:06:26Z
e_00001a3c,2026-08-26T14:23:07Z
e_00001711,2026-08-26T14:30:35Z
e_0000263c,2026-08-26T14:37:41Z
e_00002069,2026-08-26T14:42:57Z
e_000018fc,2026-08-26T14:48:36Z
e_0000264b,2026-08-26T14:47:07Z
e_00002074,2026-08-26T14:50:17Z
e_00002c92,2026-08-26T14:47:33Z
e_000020e8,2026-08-26T14:52:29Z
e_000020e0,2026-08-26T15:04:41Z
e_00001a1b,2026-08-26T15:24:29Z
e_00001a33,2026-08-26T15:36:22Z
e_0000209b,2026-08-26T15:32:20Z
e_00002c9a,2026-08-26T15:43:13Z
e_000020ed,2026-08-26T15:50:41Z
e_00002639,2026-08-26T16:03:28Z
e_00001987,2026-08-26T16:07:25Z
e_00001976,2026-08-26T16:15:20Z
e_0000197b,2026-08-26T16:41:56Z
e_00001a14,2026-08-26T16:44:59Z
e_00002c70,2026-08-26T16:59:32Z
e_0000194d,2026-08-26T16:54:28Z
e_000018e9,2026-08-26T17:04:11Z
e_00002648,2026-08-26T17:30:18Z
e_00001a2e,2026-08-26T18:01:39Z
e_00002c77,2026-08-26T18:02:07Z
e_00002607,2026-08-26T18:23:38Z
e_000019ba,2026-08-26T18:31:33Z
e_00002647,2026-08-26T18:54:24Z
e_00001a2c,2026-08-26T19:23:57Z
e_00002659,2026-08-26T19:30:36Z
e_00002c94,2026-08-26T19:40:15Z
e_0000264a,2026-08-26T19:48:12Z
e_00001a43,2026-08-26T20:11:40Z
e_000020e9,2026-08-26T20:13:04Z
e_00002c91,2026-08-26T20:25:15Z
e_00002c96,2026-08-26T20:23:20Z
e_00002656,2026-08-26T20:30:34Z
e_00002643,2026-08-26T20:44:26Z
e_00002c87,2026-08-26T20:41:16Z
e_00002c8a,2026-08-26T20:53:31Z
e_00002c78,2026-08-26T20:56:29Z
e_00002c7a,2026-08-26T20:54:03Z
e_000020e2,2026-08-26T21:01:30Z
e_0000195d,2026-08-26T21:00:34Z
e_000020d7,2026-08-26T21:09:37Z
e_00001a41,2026-08-26T21:04:40Z
e_00002c83,2026-08-26T21:07:24Z
e_00001a28,2026-08-26T21:08:04Z
e_000020ea,2026-08-26T21:19:56Z
e_000020df,2026-08-26T21:17:46Z
e_000020e4,2026-08-26T21:28:16Z
e_0000263a,2026-08-26T21:43:48Z
e_000020d5,2026-08-26T21:58:22Z
e_00002c88,2026-08-26T21:55:42Z
e_00001a19,2026-08-26T22:03:43Z
e_00002c7c,2026-08-26T22:00:09Z
e_000020e3,2026-08-26T22:03:33Z
e_0000264d,2026-08-26T22:04:09Z
e_00001a36,2026-08-26T22:08:52Z
e_000019a4,2026-08-26T22:08:39Z
e_000020d8,2026-08-26T22:33:12Z
e_00002646,2026-08-26T22:59:01Z
e_00001950,2026-08-26T22:57:25Z
e_000020b4,2026-08-26T22:57:11Z
e_00002658,2026-08-26T23:18:43Z
e_00001a2b,2026-08-26T23:18:53Z
e_0000263e,2026-08-26T23:48:46Z
e_00002619,2026-08-26T23:44:16Z
e_000018f7,2026-08-26T23:59:37Z
e_00002683,2026-08-27T00:12:27Z
e_00001a1e,2026-08-27T00:20:12Z
e_00002634,2026-08-27T00:27:24Z
e_00002679,2026-08-27T00:48:43Z
e_00001a8a,2026-08-27T00:53:22Z
e_000019c1,2026-08-27T01:18:05Z
e_00002684,2026-08-27T01:31:36Z
e_00001a73,2026-08-27T01:28:07Z
e_0000265d,2026-08-27T01:37:03Z
e_00001980,2026-08-27T01:46:27Z
e_00001a8b,2026-08-27T01:49:21Z
e_00001a4a,2026-08-27T01:42:43Z
e_00002c5b,2026-08-27T02:03:56Z
e_00002c55,2026-08-27T02:02:16Z
e_000020cf,2026-08-27T02:25:33Z
e_000018be,2026-08-27T02:28:27Z
e_00001998,2026-08-27T02:49:52Z
e_00001957,2026-08-27T02:54:34Z
e_0000265e,2026-08-27T03:23:35Z
e_00001946,2026-08-27T03:32:47Z
e_00002c6c,2026-08-27T03:49:51Z
e_0000207a,2026-08-27T03:50:56Z
e_00002654,2026-08-27T03:58:24Z
e_00001a4c,2026-08-27T04:04:06Z
e_0000261b,2026-08-27T04:41:45Z
e_00002c80,2026-08-27T04:46:36Z
e_00002c99,2026-08-27T04:46:05Z
e_00002675,2026-08-27T04:59:29Z
e_00002c9e,2026-08-27T05:12:29Z
e_000020f4,2026-08-27T05:10:46Z
e_0000267e,2026-08-27T05:18:10Z
e_00002c8b,2026-08-27T05:27:36Z
e_000017ac,2026-08-27T05:39:39Z
e_00002664,2026-08-27T05:41:56Z
e_000019ae,2026-08-27T05:37:47Z
e_00001a70,2026-08-27T05:45:50Z
e_00002614,2026-08-27T05:43:31Z
e_00002cac,2026-08-27T05:49:59Z
e_000018b2,2026-08-27T05:51:44Z
e_0000267a,2026-08-27T05:58:29Z
e_00001a7d,2026-08-27T05:58:13Z
e_0000191d,2026-08-27T06:04:20Z
e_0000261f,2026-08-27T06:08:19Z
e_00002cab,2026-08-27T06:10:42Z
e_000018f0,2026-08-27T06:14:54Z
e_00001a55,2026-08-27T06:22:56Z
e_000020fe,2026-08-27T06:25:25Z
e_00001a78,2026-08-27T06:41:15Z
e_00002622,2026-08-27T06:45:18Z
e_00002cad,2026-08-27T06:59:06Z
e_00002c7b,2026-08-27T07:03:38Z
e_0000267f,2026-08-27T07:00:56Z
e_00002669,2026-08-27T07:05:09Z
e_00002674,2026-08-27T06:58:47Z
e_000020fd,2026-08-27T07:04:00Z
e_00002083,2026-08-27T07:13:11Z
e_000020ff,2026-08-27T07:22:05Z
e_00002642,2026-08-27T07:22:35Z
e_00001a6f,2026-08-27T07:23:53Z
e_00002666,2026-08-27T07:35:45Z
e_00001a62,2026-08-27T07:35:04Z
e_00001a59,2026-08-27T07:44:43Z
e_00001a80,2026-08-27T07:40:40Z
e_00002ca0,2026-08-27T08:16:41Z
e_00001a06,2026-08-27T08:19:43Z
e_0000267c,2026-08-27T08:44:18Z
e_000020f5,2026-08-27T08:51:54Z
e_00001a7a,2026-08-27T08:56:33Z
e_00002616,2026-08-27T09:09:09Z
e_00002681,2026-08-27T09:09:15Z
e_00002668,2026-08-27T09:30:18Z
e_00001a24,2026-08-27T09:46:48Z
e_00001a81,2026-08-27T09:47:36Z
e_00002c8f,2026-08-27T10:08:42Z
e_00001a5d,2026-08-27T10:32:16Z
e_00002677,2026-08-27T10:45:40Z
e_000019f5,2026-08-27T10:49:54Z
e_000018db,2026-08-27T10:59:54Z
e_0000266c,2026-08-27T11:05:07Z
e_00002c9b,2026-08-27T11:06:42Z
e_00001a72,2026-08-27T11:12:59Z
e_00001a66,2026-08-27T11:14:01Z
e_00002682,2026-08-27T11:17:11Z
e_00002047,2026-08-27T11:18:23Z
e_00002079,2026-08-27T11:51:04Z
e_000020b7,2026-08-27T11:54:06Z
e_00001a85,2026-08-27T11:57:14Z
e_000020ef,2026-08-27T11:55:05Z
e_00002663,2026-08-27T11:59:08Z
e_00002ca8,2026-08-27T12:01:38Z
e_00001a54,2026-08-27T12:28:27Z
e_000020fb,2026-08-27T12:45:00Z
e_00001969,2026-08-27T13:07:30Z
e_00001916,2026-08-27T13:34:23Z
e_0000266e,2026-08-27T13:39:20Z
e_00002687,2026-08-27T13:37:20Z
e_00001913,2026-08-27T13:53:35Z
e_00001a8d,2026-08-27T14:10:54Z
e_00002cb5,2026-08-27T14:13:52Z
e_00002105,2026-08-27T14:23:25Z
e_00001a6a,2026-08-27T14:19:34Z
e_00002cb1,2026-08-27T14:20:19Z
e_00002107,2026-08-27T14:24:36Z
e_00002c82,2026-08-27T14:25:39Z
e_0000265c,2026-08-27T14:44:25Z
e_00001a45,2026-08-27T14:54:43Z
e_00002661,2026-08-27T14:50:46Z
e_00002671,2026-08-27T15:15:16Z
e_00002c9d,2026-08-27T15:13:33Z
e_00002ca3,2026-08-27T15:15:10Z
e_00001a52,2026-08-27T15:23:42Z
e_00001a6d,2026-08-27T15:33:56Z
e_00002667,2026-08-27T15:37:32Z
e_00001a5c,2026-08-27T15:35:54Z
e_0000264e,2026-08-27T15:43:13Z
e_000020f7,2026-08-27T15:50:23Z
e_00002ca5,2026-08-27T15:49:05Z
e_00002c8d,2026-08-27T15:48:00Z
e_00002ca7,2026-08-27T15:55:09Z
e_00001936,2026-08-27T16:04:42Z
e_000020f9,2026-08-27T16:11:54Z
e_000020f3,2026-08-27T16:13:21Z
e_0000265f,2026-08-27T16:15:12Z
e_00002685,2026-08-27T16:22:34Z
e_00002cb3,2026-08-27T16:27:13Z
e_00002672,2026-08-27T16:27:49Z
e_000020fa,2026-08-27T16:28:03Z
e_00002caf,2026-08-27T16:38:35Z
e_00001a8c,2026-08-27T16:38:20Z
e_00001a6e,2026-08-27T16:40:15Z
e_00002686,2026-08-27T16:48:45Z
e_00001a51,2026-08-27T17:02:14Z
e_00002065,2026-08-27T17:01:44Z
e_0000266f,2026-08-27T17:05:56Z
e_00002106,2026-08-27T17:12:05Z
e_00002104,2026-08-27T17:26:14Z
e_0000199a,2026-08-27T17:24:47Z
e_000019a2,2026-08-27T17:27:07Z
e_00002cb7,2026-08-27T17:33:29Z
e_00001a6b,2026-08-27T17:43:06Z
e_00001924,2026-08-27T17:44:14Z
e_00002ca4,2026-08-27T17:52:21Z
e_00002c53,2026-08-27T17:53:38Z
e_0000263d,2026-08-27T18:04:10Z
e_0000267d,2026-08-27T18:11:32Z
e_00002676,2026-08-27T18:16:40Z
e_000020f8,2026-08-27T18:21:04Z
e_00002108,2026-08-27T18:24:32Z
e_00002ca1,2026-08-27T18:25:23Z
e_00001a71,2026-08-27T18:28:22Z
e_00002c75,2026-08-27T18:34:43Z
e_000020f6,2026-08-27T18:44:09Z
e_00001a7c,2026-08-27T18:41:59Z
e_00002ca6,2026-08-27T19:27:26Z
e_00002c89,2026-08-27T19:32:20Z
e_0000266a,2026-08-27T19:58:39Z
e_00001a65,2026-08-27T20:03:58Z
e_00002c93,2026-08-27T20:12:43Z
e_0000266d,2026-08-27T20:18:45Z
e_00002084,2026-08-27T20:39:00Z
e_00002cb4,2026-08-27T20:47:23Z
e_00002689,2026-08-27T20:57:43Z
e_00001a91,2026-08-27T21:01:21Z
e_00001902,2026-08-27T21:16:19Z
e_00002c79,2026-08-27T21:23:55Z
e_000020fc,2026-08-27T21:30:32Z
e_00002caa,2026-08-27T21:23:34Z
e_00002670,2026-08-27T21:59:05Z
e_00001a6c,2026-08-27T22:14:26Z
e_000019f2,2026-08-27T22:19:40Z
e_000020b3,2026-08-27T22:41:10Z
e_00002c9f,2026-08-27T22:57:28Z
e_0000192b,2026-08-27T23:20:38Z
e_00001a53,2026-08-27T23:31:51Z
e_00002662,2026-08-27T23:39:21Z
e_00002660,2026-08-27T23:59:49Z
e_000019e0,2026-08-28T00:32:58Z
e_0000268e,2026-08-28T00:32:33Z
e_00001a16,2026-08-28T00:38:21Z
e_000026ab,2026-08-28T00:49:58Z
e_0000267b,2026-08-28T00:50:03Z
e_0000182e,2026-08-28T00:48:53Z
e_00001a0c,2026-08-28T00:55:54Z
e_00001a17,2026-08-28T01:02:15Z
e_00001abc,2026-08-28T01:07:06Z
e_00002c9c,2026-08-28T01:34:40Z
e_00001a96,2026-08-28T01:36:13Z
e_000026c0,2026-08-28T01:34:39Z
e_00001963,2026-08-28T02:02:25Z
e_00002696,2026-08-28T02:07:42Z
e_00001ad7,2026-08-28T02:26:38Z
e_00002c95,2026-08-28T02:30:17Z
e_0000268f,2026-08-28T02:33:26Z
e_000019bf,2026-08-28T02:41:34Z
e_00001a97,2026-08-28T02:49:44Z
e_000026bf,2026-08-28T02:55:22Z
e_000026b2,2026-08-28T02:57:43Z
e_00001ac8,2026-08-28T03:02:36Z
e_00001aa7,2026-08-28T03:10:22Z
e_00001ad5,2026-08-28T03:03:33Z
e_000026a0,2026-08-28T03:11:16Z
e_000026b0,2026-08-28T03:26:43Z
e_000026b9,2026-08-28T03:25:44Z
e_00001ac4,2026-08-28T03:32:38Z
e_00002688,2026-08-28T03:32:51Z
e_000026ac,2026-08-28T03:38:24Z
e_00002c86,2026-08-28T03:49:17Z
e_00001ab3,2026-08-28T03:48:51Z
e_00001a1f,2026-08-28T03:51:57Z
e_00001acc,2026-08-28T03:50:21Z
e_00002cae,2026-08-28T04:03:35Z
e_000026ad,2026-08-28T04:15:31Z
e_00001901,2026-08-28T04:16:54Z
e_00001ac1,2026-08-28T04:29:37Z
e_000026a1,2026-08-28T04:58:41Z
e_00001ab4,2026-08-28T05:01:07Z
e_00002680,2026-08-28T05:12:42Z
e_000026b1,2026-08-28T05:16:01Z
e_00001ac6,2026-08-28T05:44:04Z
e_00002652,2026-08-28T05:56:53Z
e_000019c3,2026-08-28T06:11:00Z
e_00002cce,2026-08-28T06:15:09Z
e_00002cc6,2026-08-28T07:03:25Z
e_0000211a,2026-08-28T07:16:52Z
e_000026bd,2026-08-28T07:38:22Z
e_0000192e,2026-08-28T07:44:21Z
e_00002115,2026-08-28T07:40:55Z
e_00001ad1,2026-08-28T07:40:00Z
e_00002cc9,2026-08-28T07:42:14Z
e_00001914,2026-08-28T07:58:53Z
e_00002117,2026-08-28T08:05:18Z
e_000026a3,2026-08-28T08:19:22Z
e_0000269c,2026-08-28T08:33:48Z
e_000026b5,2026-08-28T08:29:36Z
e_000019a3,2026-08-28T08:29:42Z
e_00001aae,2026-08-28T08:48:30Z
e_00001a57,2026-08-28T08:43:42Z
e_00001ab5,2026-08-28T09:00:10Z
e_00001aca,2026-08-28T09:15:32Z
e_00001a11,2026-08-28T09:26:59Z
e_00002c84,2026-08-28T09:40:47Z
e_0000266b,2026-08-28T09:53:22Z
e_00002ccd,2026-08-28T10:10:56Z
e_000020a5,2026-08-28T10:18:11Z
e_0000179d,2026-08-28T10:31:02Z
e_00001a0b,2026-08-28T10:46:57Z
e_00002119,2026-08-28T11:06:05Z
e_00001962,2026-08-28T11:15:02Z
e_000026b7,2026-08-28T11:17:26Z
e_00001a31,2026-08-28T11:28:44Z
e_00002695,2026-08-28T11:39:34Z
e_00002697,2026-08-28T11:43:18Z
e_00001aa6,2026-08-28T11:56:15Z
e_000020bd,2026-08-28T11:57:09Z
e_00002cc4,2026-08-28T12:07:03Z
e_00001acb,2026-08-28T12:19:21Z
e_00002cba,2026-08-28T12:12:43Z
e_000020bb,2026-08-28T12:17:01Z
e_00001aaa,2026-08-28T12:18:52Z
e_00002cc1,2026-08-28T12:29:46Z
e_0000269b,2026-08-28T12:34:20Z
e_000019ec,2026-08-28T12:32:10Z
e_0000210e,2026-08-28T12:34:18Z
e_00002113,2026-08-28T12:44:02Z
e_00001aad,2026-08-28T12:52:53Z
e_000019b0,2026-08-28T13:07:03Z
e_0000210a,2026-08-28T13:06:51Z
e_00002699,2026-08-28T13:13:31Z
e_000026a7,2026-08-28T13:32:05Z
e_00002cca,2026-08-28T13:43:37Z
e_00001aab,2026-08-28T13:58:27Z
e_00001aba,2026-08-28T14:21:50Z
e_00002cb8,2026-08-28T14:22:24Z
e_00002cc7,2026-08-28T14:42:58Z
e_00002cc0,2026-08-28T14:53:38Z
e_00002109,2026-08-28T14:50:50Z
e_000026a4,2026-08-28T14:51:28Z
e_0000210d,2026-08-28T15:00:30Z
e_00002116,2026-08-28T15:14:15Z
e_000019b7,2026-08-28T15:21:10Z
e_000019d0,2026-08-28T15:31:54Z
e_0000178f,2026-08-28T15:43:46Z
e_00002cbc,2026-08-28T16:23:49Z
e_0000210b,2026-08-28T16:25:49Z
e_0000177a,2026-08-28T16:30:18Z
e_00001898,2026-08-28T16:28:05Z
e_00001999,2026-08-28T16:31:09Z
e_00001a69,2026-08-28T16:34:59Z
e_00002693,2026-08-28T17:01:26Z
e_00001a67,2026-08-28T17:10:51Z
e_000026bb,2026-08-28T17:22:30Z
e_00001acd,2026-08-28T17:38:19Z
e_00001aa1,2026-08-28T17:41:43Z
e_000026ba,2026-08-28T17:44:34Z
e_00002cb6,2026-08-28T18:12:15Z
e_000026a8,2026-08-28T18:35:21Z
e_00002ccb,2026-08-28T18:35:17Z
e_0000265a,2026-08-28T18:40:50Z
e_000026a2,2026-08-28T18:39:34Z
e_00002691,2026-08-28T18:42:40Z
e_00002cb2,2026-08-28T18:47:44Z
e_00002118,2026-08-28T18:49:18Z
e_0000194e,2026-08-28T19:02:35Z
e_0000268c,2026-08-28T18:58:53Z
e_00001a95,2026-08-28T19:11:25Z
e_00001a9d,2026-08-28T19:25:59Z
e_00001995,2026-08-28T19:34:52Z
e_000026b3,2026-08-28T20:21:01Z
e_00002690,2026-08-28T20:22:16Z
e_00001ac9,2026-08-28T20:28:35Z
e_00001a8f,2026-08-28T20:46:50Z
e_00001a9c,2026-08-28T20:46:04Z
e_00001941,2026-08-28T20:52:16Z
e_00001758,2026-08-28T20:59:08Z
e_000026a5,2026-08-28T21:05:40Z
e_000019c0,2026-08-28T21:09:06Z
e_000026ae,2026-08-28T21:17:24Z
e_0000269e,2026-08-28T21:35:28Z
e_0000268a,2026-08-28T21:40:00Z
e_00001a92,2026-08-28T21:32:18Z
e_00001ab8,2026-08-28T21:49:44Z
e_00001ab2,2026-08-28T21:47:43Z
e_00001ac2,2026-08-28T22:00:22Z
e_000026be,2026-08-28T22:07:21Z
e_00002698,2026-08-28T22:03:34Z
e_0000269d,2026-08-28T22:21:11Z
e_0000210f,2026-08-28T22:31:18Z
e_00002cc3,2026-08-28T22:28:17Z
e_00001aaf,2026-08-28T22:38:29Z
e_00002cc5,2026-08-28T22:48:47Z
e_00002114,2026-08-28T23:11:25Z
e_00002cbe,2026-08-28T23:16:55Z
e_000026a9,2026-08-28T23:30:25Z
e_0000210c,2026-08-28T23:30:34Z
e_00002ca2,2026-08-28T23:42:22Z
e_00002ca9,2026-08-29T00:00:07Z
e_00002cbd,2026-08-29T00:11:56Z
e_000026e9,2026-08-29T00:16:51Z
e_00001abb,2026-08-29T00:24:24Z
e_000026c7,2026-08-29T00:25:56Z
e_000020f1,2026-08-29T00:30:37Z
e_00001b0c,2026-08-29T00:53:21Z
e_00002102,2026-08-29T01:18:58Z
e_00001ade,2026-08-29T01:18:39Z
e_00001a83,2026-08-29T01:21:46Z
e_00002692,2026-08-29T01:33:13Z
e_000026c6,2026-08-29T02:16:41Z
e_00001add,2026-08-29T02:22:05Z
e_000026d7,2026-08-29T02:29:00Z
e_00002673,2026-08-29T02:31:04Z
e_00001af4,2026-08-29T03:04:48Z
e_000026c8,2026-08-29T03:18:28Z
e_00002665,2026-08-29T03:15:18Z
e_000026c4,2026-08-29T03:12:36Z
e_00001ae0,2026-08-29T03:15:34Z
e_000026d9,2026-08-29T03:24:23Z
e_00001af5,2026-08-29T03:38:39Z
e_00001adc,2026-08-29T03:43:04Z
e_0000195b,2026-08-29T03:50:38Z
e_000026aa,2026-08-29T03:53:21Z
e_000026cf,2026-08-29T03:57:47Z
e_00001aee,2026-08-29T04:02:07Z
e_00001a4d,2026-08-29T04:51:10Z
e_00002ccf,2026-08-29T05:07:24Z
e_00002ce7,2026-08-29T05:47:07Z
e_00002ce9,2026-08-29T05:49:57Z
e_0000211d,2026-08-29T05:51:58Z
e_000026e5,2026-08-29T05:57:45Z
e_00001b09,2026-08-29T05:58:55Z
e_00002137,2026-08-29T06:24:23Z
e_0000197e,2026-08-29T06:18:40Z
e_000026e3,2026-08-29T06:25:13Z
e_00001a21,2026-08-29T06:24:46Z
e_0000213b,2026-08-29T06:40:49Z
e_000026dc,2026-08-29T06:41:04Z
e_000026af,2026-08-29T06:49:11Z
e_00001b04,2026-08-29T07:11:41Z
e_00001981,2026-08-29T07:16:04Z
e_00002ce6,2026-08-29T07:34:04Z
e_00001afa,2026-08-29T07:33:31Z
e_000026cd,2026-08-29T07:42:46Z
e_00002136,2026-08-29T07:42:03Z
e_000019da,2026-08-29T07:40:41Z
e_000026e4,2026-08-29T07:46:42Z
e_000026da,2026-08-29T07:54:28Z
e_00002cb0,2026-08-29T07:47:51Z
e_00001ae8,2026-08-29T07:54:19Z
e_00001af9,2026-08-29T08:14:03Z
e_000026ce,2026-08-29T08:27:42Z
e_00001aea,2026-08-29T08:51:16Z
e_000017d2,2026-08-29T09:03:23Z
e_000019d9,2026-08-29T09:48:04Z
e_00002678,2026-08-29T10:30:59Z
e_000026ea,2026-08-29T11:13:54Z
e_000026b6,2026-08-29T11:14:42Z
e_000026dd,2026-08-29T11:19:51Z
e_00002cb9,2026-08-29T11:42:50Z
e_00001afd,2026-08-29T11:47:16Z
e_00001b0d,2026-08-29T11:54:11Z
e_000026ec,2026-08-29T12:03:23Z
e_00002ce8,2026-08-29T12:12:35Z
e_00001aa8,2026-08-29T12:33:15Z
e_00001a12,2026-08-29T12:39:56Z
e_00001b12,2026-08-29T12:41:35Z
e_00002cc8,2026-08-29T12:58:14Z
e_00001a77,2026-08-29T13:00:17Z
e_00001a99,2026-08-29T13:13:11Z
e_000020b2,2026-08-29T13:09:54Z
e_000026d1,2026-08-29T13:30:23Z
e_000019cd,2026-08-29T13:49:16Z
e_000026c5,2026-08-29T14:09:35Z
e_00001a64,2026-08-29T14:16:05Z
e_00001aef,2026-08-29T14:32:12Z
e_000019a9,2026-08-29T14:41:58Z
e_00002cbf,2026-08-29T15:05:17Z
e_000019d7,2026-08-29T15:43:07Z
e_00002cdb,2026-08-29T15:49:35Z
e_00002cdf,2026-08-29T15:46:22Z
e_00002cc2,2026-08-29T15:56:37Z
e_0000212e,2026-08-29T16:00:40Z
e_00002ce3,2026-08-29T16:07:03Z
e_00002cd3,2026-08-29T16:01:23Z
e_00002125,2026-08-29T16:14:52Z
e_000026cb,2026-08-29T16:23:39Z
e_00002130,2026-08-29T16:22:25Z
e_0000212c,2026-08-29T16:33:05Z
e_00001ae6,2026-08-29T16:34:47Z
e_0000268d,2026-08-29T16:45:56Z
e_00002ccc,2026-08-29T16:45:30Z
e_00002ce1,2026-08-29T16:46:20Z
e_0000212f,2026-08-29T16:49:25Z
e_00002cd5,2026-08-29T17:08:03Z
e_00001864,2026-08-29T17:12:01Z
e_00001a61,2026-08-29T17:22:53Z
e_000026d3,2026-08-29T17:37:19Z
e_00002128,2026-08-29T17:42:38Z
e_00001af0,2026-08-29T17:46:37Z
e_000019a1,2026-08-29T17:56:45Z
e_00002cd1,2026-08-29T17:55:22Z
e_000026ca,2026-08-29T18:07:32Z
e_000026e0,2026-08-29T18:15:42Z
e_0000211f,2026-08-29T18:25:32Z
e_00001ae5,2026-08-29T18:36:15Z
e_00001b02,2026-08-29T18:40:17Z
e_00002cdd,2026-08-29T18:34:46Z
e_0000212d,2026-08-29T18:54:04Z
e_000026b8,2026-08-29T19:03:38Z
e_000026e1,2026-08-29T19:20:32Z
e_00001a98,2026-08-29T19:28:12Z
e_00001b03,2026-08-29T19:47:48Z
e_00001a7e,2026-08-29T20:01:43Z
e_000026e7,2026-08-29T20:29:19Z
e_000026c1,2026-08-29T20:31:53Z
e_000019cf,2026-08-29T21:18:55Z
e_00001b0a,2026-08-29T21:20:27Z
e_00002cea,2026-08-29T21:43:10Z
e_00002694,2026-08-29T21:45:13Z
e_000026c2,2026-08-29T21:57:16Z
e_00002cd9,2026-08-29T22:00:29Z
e_00002cd7,2026-08-29T22:03:42Z
e_000026d5,2026-08-29T22:07:55Z
e_000026df,2026-08-29T22:14:37Z
e_0000212b,2026-08-29T22:13:27Z
e_000026ed,2026-08-29T22:17:53Z
e_00002129,2026-08-29T22:23:25Z
e_00002cd2,2026-08-29T22:26:24Z
e_000026d6,2026-08-29T22:31:50Z
e_00001af3,2026-08-29T22:38:30Z
e_00001a58,2026-08-29T22:35:44Z
e_00001b01,2026-08-29T22:43:58Z
e_00002120,2026-08-29T22:45:18Z
e_00001adb,2026-08-29T22:58:00Z
e_000019aa,2026-08-29T23:26:51Z
e_000026d4,2026-08-29T23:48:45Z
e_00001af2,2026-08-29T23:55:47Z
e_00002ce4,2026-08-29T23:55:09Z
e_00002cd0,2026-08-29T23:59:24Z
e_00002709,2026-08-30T00:08:53Z
e_0000211e,2026-08-30T00:13:49Z
e_0000269a,2026-08-30T00:15:23Z
e_00001928,2026-08-30T00:29:49Z
e_00002cda,2026-08-30T00:34:57Z
e_00002135,2026-08-30T00:42:21Z
e_000026f1,2026-08-30T00:49:31Z
e_0000197a,2026-08-30T00:47:27Z
e_00001b3b,2026-08-30T01:01:45Z
e_000026c9,2026-08-30T00:59:17Z
e_00001b19,2026-08-30T00:59:04Z
e_00001a1d,2026-08-30T01:49:37Z
e_00002701,2026-08-30T01:56:22Z
e_000019ce,2026-08-30T02:17:10Z
e_00001b2e,2026-08-30T02:24:34Z
e_00001a9f,2026-08-30T02:47:23Z
e_00002712,2026-08-30T02:57:29Z
e_00001b44,2026-08-30T03:04:39Z
e_00001a0a,2026-08-30T03:15:51Z
e_00001a5b,2026-08-30T03:11:52Z
e_00001ad2,2026-08-30T03:13:15Z
e_00001ace,2026-08-30T03:31:17Z
e_0000270f,2026-08-30T03:44:32Z
e_00001b41,2026-08-30T04:04:02Z
e_000026cc,2026-08-30T04:10:46Z
e_000026fe,2026-08-30T04:20:05Z
e_00001b2c,2026-08-30T04:26:38Z
e_000026db,2026-08-30T05:05:11Z
e_00001a8e,2026-08-30T05:41:46Z
e_000026f2,2026-08-30T05:46:40Z
e_00001b1d,2026-08-30T06:11:12Z
e_00002cfb,2026-08-30T06:17:39Z
e_000026f4,2026-08-30T06:13:23Z
e_000026e6,2026-08-30T06:32:30Z
e_00001b1e,2026-08-30T06:37:38Z
e_00002147,2026-08-30T07:11:47Z
e_00001a56,2026-08-30T07:34:56Z
e_00001a48,2026-08-30T08:54:22Z
e_00002cee,2026-08-30T08:55:06Z
e_00002d03,2026-08-30T09:15:45Z
e_0000270d,2026-08-30T09:19:43Z
e_00002103,2026-08-30T09:26:59Z
e_00001a15,2026-08-30T09:22:20Z
e_0000213e,2026-08-30T09:27:20Z
e_00001a74,2026-08-30T09:37:16Z
e_0000214c,2026-08-30T09:57:19Z
e_00002700,2026-08-30T10:06:01Z
e_00001b2d,2026-08-30T10:09:59Z
e_00002707,2026-08-30T10:18:49Z
e_00001b3f,2026-08-30T10:14:12Z
e_0000268b,2026-08-30T10:21:56Z
e_0000269f,2026-08-30T10:23:26Z
e_00002cbb,2026-08-30T10:31:35Z
e_00002cf0,2026-08-30T10:40:21Z
e_00001b3a,2026-08-30T10:52:43Z
e_000019fc,2026-08-30T10:51:15Z
e_0000213a,2026-08-30T11:11:21Z
e_000026f6,2026-08-30T11:28:33Z
e_00002140,2026-08-30T11:27:09Z
e_00001a30,2026-08-30T11:33:01Z
e_00001b21,2026-08-30T12:07:37Z
e_0000270c,2026-08-30T12:14:43Z
e_00002713,2026-08-30T12:26:29Z
e_00002702,2026-08-30T12:25:09Z
e_00002100,2026-08-30T12:41:48Z
e_000026bc,2026-08-30T12:53:40Z
e_00001b3e,2026-08-30T13:05:41Z
e_00001b45,2026-08-30T13:04:13Z
e_00001b31,2026-08-30T13:15:33Z
e_000026b4,2026-08-30T13:31:06Z
e_000019db,2026-08-30T13:44:56Z
e_00002cff,2026-08-30T13:56:34Z
e_00002d00,2026-08-30T14:08:18Z
e_000026d2,2026-08-30T14:17:05Z
e_00002710,2026-08-30T14:22:05Z
e_00002149,2026-08-30T14:34:59Z
e_00001b43,2026-08-30T14:43:33Z
e_0000214a,2026-08-30T15:00:45Z
e_000026e2,2026-08-30T15:07:29Z
e_00001aac,2026-08-30T15:21:56Z
e_00002cd8,2026-08-30T15:30:31Z
e_0000270b,2026-08-30T15:41:29Z
e_00002cf9,2026-08-30T15:40:06Z
e_000026ee,2026-08-30T15:52:55Z
e_00002cf2,2026-08-30T15:54:33Z
e_00002126,2026-08-30T16:15:58Z
e_00001b13,2026-08-30T16:14:25Z
e_000026eb,2026-08-30T16:16:38Z
e_00002146,2026-08-30T16:26:46Z
e_000026a6,2026-08-30T16:22:38Z
e_00002141,2026-08-30T16:30:18Z
e_00002cec,2026-08-30T16:27:01Z
e_00001b3d,2026-08-30T16:37:11Z
e_00002708,2026-08-30T16:43:59Z
e_00001aeb,2026-08-30T16:46:16Z
e_000017db,2026-08-30T16:59:34Z
e_0000213d,2026-08-30T16:58:05Z
e_000019dc,2026-08-30T17:14:50Z
e_00002cf8,2026-08-30T17:36:47Z
e_00001abe,2026-08-30T18:04:18Z
e_00002cef,2026-08-30T18:23:09Z
e_00002145,2026-08-30T18:23:22Z
e_00001ab6,2026-08-30T18:29:03Z
e_0000213f,2026-08-30T18:40:21Z
e_00001af8,2026-08-30T18:41:52Z
e_00002cd6,2026-08-30T18:43:19Z
e_00002cf6,2026-08-30T18:46:41Z
e_00001a76,2026-08-30T18:54:44Z
e_000026fd,2026-08-30T19:05:41Z
e_00002715,2026-08-30T19:06:56Z
e_00001b2b,2026-08-30T19:11:01Z
e_00002143,2026-08-30T19:14:53Z
e_000026ef,2026-08-30T19:52:39Z
e_000026f8,2026-08-30T19:48:52Z
e_00001b46,2026-08-30T19:59:20Z
e_00001b14,2026-08-30T20:00:25Z
e_00001843,2026-08-30T20:12:53Z
e_00001b26,2026-08-30T20:12:27Z
e_00002d02,2026-08-30T20:27:45Z
e_00002cfd,2026-08-30T20:26:08Z
e_00002705,2026-08-30T20:35:14Z
e_00002d05,2026-08-30T20:37:24Z
e_0000214b,2026-08-30T20:34:08Z
e_00001a4e,2026-08-30T20:53:40Z
e_000026fb,2026-08-30T21:00:55Z
e_00002ce2,2026-08-30T20:56:29Z
e_00002cf7,2026-08-30T20:57:15Z
e_00002148,2026-08-30T21:05:28Z
e_00002ceb,2026-08-30T21:14:49Z
e_00001b2a,2026-08-30T21:15:42Z
e_00001b37,2026-08-30T21:17:31Z
e_0000213c,2026-08-30T21:21:18Z
e_000018cb,2026-08-30T21:30:38Z
e_0000214d,2026-08-30T21:29:39Z
e_00002703,2026-08-30T21:45:53Z
e_00002144,2026-08-30T21:57:38Z
e_00002142,2026-08-30T21:59:08Z
e_00002cf4,2026-08-30T21:59:53Z
e_000026fa,2026-08-30T22:06:58Z
e_00001a7f,2026-08-30T22:11:22Z
e_000017cb,2026-08-30T22:19:41Z
e_000026d0,2026-08-30T22:25:11Z
e_00001b36,2026-08-30T22:26:00Z
e_00001b27,2026-08-30T22:36:33Z
e_000019ac,2026-08-30T23:07:56Z
e_00001a39,2026-08-30T23:15:42Z
e_000019ea,2026-08-30T23:20:22Z
e_000026f0,2026-08-30T23:26:58Z
e_000019fd,2026-08-30T23:53:17Z
e_000026d8,2026-08-31T00:04:25Z
e_00001b18,2026-08-31T00:02:28Z
e_00002cde,2026-08-31T00:14:07Z
e_00001a47,2026-08-31T00:57:54Z
e_000026fc,2026-08-31T01:17:49Z
e_000026f7,2026-08-31T01:34:28Z
e_00001ad3,2026-08-31T01:44:50Z
e_00001a38,2026-08-31T02:10:15Z
e_00002743,2026-08-31T02:09:04Z
e_00001b05,2026-08-31T02:09:26Z
e_000026f9,2026-08-31T02:14:46Z
e_00002732,2026-08-31T02:29:23Z
e_00001b86,2026-08-31T02:43:22Z
e_0000272a,2026-08-31T02:55:11Z
e_00002cd4,2026-08-31T03:10:16Z
e_00001b68,2026-08-31T03:20:02Z
e_00001b6f,2026-08-31T03:27:07Z
e_00001a35,2026-08-31T03:51:20Z
e_00002cf3,2026-08-31T04:29:31Z
e_000020da,2026-08-31T05:04:52Z
e_00002734,2026-08-31T05:47:08Z
e_0000272d,2026-08-31T05:43:56Z
e_000026de,2026-08-31T06:00:27Z
e_00001a93,2026-08-31T06:13:33Z
e_00002749,2026-08-31T06:18:06Z
e_00002d0a,2026-08-31T06:18:22Z
e_00001a1c,2026-08-31T06:21:05Z
e_00001b8e,2026-08-31T06:21:44Z
e_00001b77,2026-08-31T06:28:40Z
e_00001ad9,2026-08-31T06:37:36Z
e_00001b07,2026-08-31T06:35:02Z
e_00001b6a,2026-08-31T06:38:03Z
e_00002d08,2026-08-31T06:49:28Z
e_00002152,2026-08-31T06:47:30Z
e_00001a68,2026-08-31T06:56:10Z
e_00002d01,2026-08-31T07:05:25Z
e_00002cfc,2026-08-31T07:04:45Z
e_00002735,2026-08-31T07:16:18Z
e_00002d15,2026-08-31T07:16:59Z
e_00002718,2026-08-31T07:24:35Z
e_00001b78,2026-08-31T07:35:08Z
e_0000214f,2026-08-31T07:39:53Z
e_000020b6,2026-08-31T07:44:56Z
e_0000271d,2026-08-31T07:52:14Z
e_0000215b,2026-08-31T07:54:46Z
e_00001b4a,2026-08-31T08:05:48Z
e_00002d1d,2026-08-31T08:08:37Z
e_00002ced,2026-08-31T08:10:32Z
e_00001b50,2026-08-31T08:17:42Z
e_00001ac0,2026-08-31T08:26:40Z
e_00002719,2026-08-31T08:25:28Z
e_00002160,2026-08-31T08:42:33Z
e_00002ce0,2026-08-31T08:43:44Z
e_0000273a,2026-08-31T08:53:51Z
e_000019f3,2026-08-31T09:13:09Z
e_00001a46,2026-08-31T09:16:29Z
e_00001a50,2026-08-31T09:25:05Z
e_00001b7c,2026-08-31T09:28:43Z
e_00001b42,2026-08-31T09:34:56Z
e_00001ae1,2026-08-31T09:54:21Z
e_00002d0b,2026-08-31T10:10:07Z
e_0000273d,2026-08-31T10:26:35Z
e_00002737,2026-08-31T10:31:17Z
e_00002727,2026-08-31T10:35:16Z
e_00001b7f,2026-08-31T10:36:29Z
e_00002717,2026-08-31T10:43:50Z
e_00001a75,2026-08-31T10:47:24Z
e_00001b79,2026-08-31T10:45:43Z
e_00002740,2026-08-31T10:45:19Z
e_00001b49,2026-08-31T10:52:36Z
e_00002153,2026-08-31T10:55:30Z
e_00001b66,2026-08-31T11:02:51Z
e_00001b82,2026-08-31T11:11:41Z
e_00002cfe,2026-08-31T11:11:59Z
e_0000271e,2026-08-31T11:25:19Z
e_000026f3,2026-08-31T11:40:56Z
e_000019f4,2026-08-31T11:58:28Z
e_00001b54,2026-08-31T12:06:26Z
e_0000271b,2026-08-31T12:17:37Z
e_00001b4e,2026-08-31T12:20:18Z
e_000026f5,2026-08-31T12:27:47Z
e_00002721,2026-08-31T12:37:29Z
e_00001b5e,2026-08-31T13:11:13Z
e_000020bc,2026-08-31T13:08:18Z
e_00002cf5,2026-08-31T13:18:09Z
e_00002731,2026-08-31T13:24:10Z
e_000026ff,2026-08-31T13:36:22Z
e_00002745,2026-08-31T13:51:43Z
e_0000272f,2026-08-31T13:44:19Z
e_00002739,2026-08-31T13:52:27Z
e_00001b6b,2026-08-31T13:49:30Z
e_00001b87,2026-08-31T14:00:41Z
e_00001abd,2026-08-31T14:02:11Z
e_00001b6e,2026-08-31T14:07:05Z
e_000019e9,2026-08-31T14:03:07Z
e_0000270e,2026-08-31T14:10:58Z
e_000026e8,2026-08-31T14:25:07Z
e_00001b7b,2026-08-31T14:30:28Z
e_000019d6,2026-08-31T14:31:12Z
e_000026c3,2026-08-31T15:00:26Z
e_00002d06,2026-08-31T15:07:00Z
e_00001b06,2026-08-31T15:13:44Z
e_00002733,2026-08-31T15:23:51Z
e_00001b74,2026-08-31T15:40:17Z
e_00002d1a,2026-08-31T15:47:56Z
e_00002cdc,2026-08-31T15:47:26Z
e_0000214e,2026-08-31T15:58:36Z
e_0000271a,2026-08-31T16:01:56Z
e_00002ce5,2026-08-31T15:56:05Z
e_00001b4d,2026-08-31T16:06:00Z
e_00001a05,2026-08-31T16:18:31Z
e_00002724,2026-08-31T16:28:49Z
e_0000215e,2026-08-31T16:38:42Z
e_00002744,2026-08-31T16:51:56Z
e_00001b64,2026-08-31T17:04:17Z
e_0000271c,2026-08-31T17:09:39Z
e_00002723,2026-08-31T17:19:22Z
e_00002d1c,2026-08-31T17:21:37Z
e_00001b63,2026-08-31T17:21:20Z
e_000020b9,2026-08-31T17:18:33Z
e_00001b4f,2026-08-31T17:26:45Z
e_0000215f,2026-08-31T17:36:13Z
e_000020d0,2026-08-31T17:51:53Z
e_00002747,2026-08-31T17:53:15Z
e_00002d0e,2026-08-31T18:06:22Z
e_00002d17,2026-08-31T18:19:56Z
e_00002156,2026-08-31T18:24:18Z
e_00001b88,2026-08-31T18:36:54Z
e_0000273c,2026-08-31T18:46:53Z
e_00002714,2026-08-31T18:59:28Z
e_00001b7e,2026-08-31T19:06:43Z
e_0000215c,2026-08-31T19:09:55Z
e_00002d16,2026-08-31T19:30:56Z
e_00001a9e,2026-08-31T19:35:32Z
e_00002d19,2026-08-31T19:36:34Z
e_00001afe,2026-08-31T19:49:26Z
e_00001a3a,2026-08-31T19:49:52Z
e_00002711,2026-08-31T19:59:02Z
e_00002d12,2026-08-31T20:12:00Z
e_00002d0c,2026-08-31T20:12:59Z
e_00001b10,2026-08-31T20:37:58Z
e_0000215d,2026-08-31T20:32:26Z
e_00002cf1,2026-08-31T20:42:59Z
e_00001a88,2026-08-31T20:50:38Z
e_00002158,2026-08-31T20:47:10Z
e_00002728,2026-08-31T21:03:45Z
e_00001b67,2026-08-31T21:04:35Z
e_00002154,2026-08-31T21:02:43Z
e_0000270a,2026-08-31T21:13:40Z
e_00002d09,2026-08-31T21:19:17Z
e_00002150,2026-08-31T21:25:30Z
e_00002d14,2026-08-31T21:31:48Z
e_00002d0d,2026-08-31T21:30:04Z
e_00002d10,2026-08-31T21:32:20Z
e_00002155,2026-08-31T21:37:46Z
e_0000215a,2026-08-31T21:48:38Z
e_00002741,2026-08-31T22:12:23Z
e_0000273f,2026-08-31T22:20:06Z
e_00001b25,2026-08-31T22:17:14Z
e_000020d6,2026-08-31T22:24:54Z
e_00002157,2026-08-31T22:28:53Z
e_00001a25,2026-08-31T22:32:05Z
e_00001b85,2026-08-31T22:31:24Z
e_00002133,2026-08-31T22:43:57Z
e_00001b81,2026-08-31T23:00:03Z
e_0000272b,2026-08-31T23:06:39Z
e_000019e8,2026-08-31T23:12:15Z
e_0000271f,2026-08-31T23:25:51Z
e_00002725,2026-08-31T23:29:55Z
e_00001b69,2026-08-31T23:24:00Z
e_00002748,2026-08-31T23:38:17Z
e_00001b65,2026-08-31T23:44:14Z
e_00001b59,2026-09-01T00:09:46Z
e_00001b8d,2026-09-01T00:22:21Z
e_00002d13,2026-09-01T00:28:24Z
e_0000211b,2026-09-01T00:35:12Z
e_00001aa4,2026-09-01T00:43:00Z
e_00002722,2026-09-01T00:48:26Z
e_00002765,2026-09-01T01:35:56Z
e_00002761,2026-09-01T01:47:28Z
e_00001bbd,2026-09-01T01:54:54Z
e_00001b16,2026-09-01T01:52:57Z
e_00002127,2026-09-01T02:04:45Z
e_0000275f,2026-09-01T02:17:04Z
e_00001bb4,2026-09-01T02:32:39Z
e_00001bb6,2026-09-01T02:39:24Z
e_00001a9b,2026-09-01T02:40:49Z
e_00001835,2026-09-01T02:51:50Z
e_00001a09,2026-09-01T02:56:02Z
e_00002757,2026-09-01T03:23:39Z
e_00002716,2026-09-01T03:27:25Z
e_00002d07,2026-09-01T03:25:28Z
e_00002770,2026-09-01T03:34:35Z
e_00001bc6,2026-09-01T03:50:52Z
e_00002758,2026-09-01T03:57:11Z
e_00002d04,2026-09-01T04:05:09Z
e_00001ba7,2026-09-01T04:19:43Z
e_0000185f,2026-09-01T04:25:27Z
e_000018c9,2026-09-01T04:39:18Z
e_00001ba8,2026-09-06T05:00:00Z
e_00002d1e,2026-09-01T05:32:51Z
e_00002730,2026-09-06T05:00:00Z
e_00002d1f,2026-09-01T06:00:32Z
e_0000275a,2026-09-01T06:03:39Z
e_00001bac,2026-09-01T06:42:28Z
e_00001a20,2026-09-01T07:29:31Z
e_00002720,2026-09-06T05:00:00Z
e_00002d1b,2026-09-01T07:37:36Z
e_00001aa0,2026-09-01T07:42:28Z
e_0000274a,2026-09-01T07:46:33Z
e_00002762,2026-09-06T05:00:00Z
e_00002110,2026-09-01T08:22:31Z
e_00002134,2026-09-01T08:27:49Z
e_00001b8f,2026-09-01T08:24:31Z
e_00001bbb,2026-09-06T05:00:00Z
e_000020d1,2026-09-01T08:55:39Z
e_00001b73,2026-09-01T09:44:41Z
e_0000276e,2026-09-01T10:22:12Z
e_00001af6,2026-09-01T10:27:00Z
e_000020b8,2026-09-01T10:23:18Z
e_00001a63,2026-09-01T10:25:31Z
e_00001b28,2026-09-01T10:31:56Z
e_00001a5e,2026-09-01T10:27:57Z
e_00001919,2026-09-06T05:00:00Z
e_00001b70,2026-09-01T11:21:09Z
e_00001bc5,2026-09-01T11:20:38Z
e_0000276c,2026-09-01T11:17:09Z
e_00002764,2026-09-06T05:00:00Z
e_00001bbc,2026-09-06T05:00:00Z
e_000020db,2026-09-01T11:57:04Z
e_00001b38,2026-09-06T05:00:00Z
e_00002cfa,2026-09-01T12:09:05Z
e_00001aec,2026-09-06T05:00:00Z
e_00001bc3,2026-09-01T12:20:53Z
e_00001aa3,2026-09-06T05:00:00Z
e_0000275b,2026-09-01T13:14:33Z
e_00002139,2026-09-01T13:21:53Z
e_00002753,2026-09-01T13:56:23Z
e_00001ae3,2026-09-06T05:00:00Z
e_00002736,2026-09-01T13:57:15Z
e_00001bad,2026-09-01T13:59:17Z
e_00001b32,2026-09-06T05:00:00Z
e_00002756,2026-09-06T05:00:00Z
e_00001b11,2026-09-01T14:20:10Z
e_0000274e,2026-09-01T14:24:20Z
e_00002704,2026-09-01T14:28:39Z
e_00001b97,2026-09-01T14:25:21Z
e_00001b2f,2026-09-01T14:28:56Z
e_00001b9f,2026-09-01T14:38:57Z
e_00001ba2,2026-09-06T05:00:00Z
e_00001a87,2026-09-01T15:10:50Z
e_00002706,2026-09-06T05:00:00Z
e_0000274b,2026-09-01T15:33:08Z
e_00001b93,2026-09-01T15:43:40Z
e_00001b71,2026-09-01T16:06:35Z
e_00001aed,2026-09-06T05:00:00Z
e_00001840,2026-09-06T05:00:00Z
e_0000273b,2026-09-06T05:00:00Z
e_00002755,2026-09-01T18:16:13Z
e_00001ba1,2026-09-01T18:53:31Z
e_0000275e,2026-09-06T05:00:00Z
e_0000276d,2026-09-06T05:00:00Z
e_0000272e,2026-09-06T05:00:00Z
e_00001bb3,2026-09-06T05:00:00Z
e_00002752,2026-09-01T19:22:07Z
e_00001bc4,2026-09-06T05:00:00Z
e_0000275c,2026-09-06T05:00:00Z
e_00001b9e,2026-09-01T20:08:04Z
e_00001bb2,2026-09-06T05:00:00Z
e_000020dc,2026-09-01T20:22:35Z
e_00002729,2026-09-06T05:00:00Z
e_0000274d,2026-09-01T20:26:34Z
e_0000276b,2026-09-01T20:42:41Z
e_0000276a,2026-09-06T05:00:00Z
e_00001bc2,2026-09-01T20:55:21Z
e_00001b94,2026-09-01T21:02:55Z
e_00001aa5,2026-09-06T05:00:00Z
e_00001acf,2026-09-06T05:00:00Z
e_000018d2,2026-09-01T21:31:10Z
e_00001bc1,2026-09-06T05:00:00Z
e_00002769,2026-09-01T21:40:01Z
e_00002767,2026-09-01T21:53:39Z
e_00002726,2026-09-06T05:00:00Z
e_00001ad4,2026-09-06T05:00:00Z
e_00001bbe,2026-09-01T22:08:00Z
e_00002d18,2026-09-01T22:19:17Z
e_0000275d,2026-09-06T05:00:00Z
e_0000274f,2026-09-01T22:24:21Z
e_00001bbf,2026-09-01T22:30:36Z
e_0000211c,2026-09-01T22:47:24Z
e_00001b98,2026-09-01T22:59:00Z
e_00002751,2026-09-01T23:01:16Z
e_00001b9d,2026-09-01T23:38:00Z
e_00002754,2026-09-01T23:40:58Z
e_00001931,2026-09-06T05:00:00Z
e_00002162,2026-09-02T00:06:38Z
e_00001ab7,2026-09-02T00:20:02Z
e_00002788,2026-09-02T00:21:29Z
e_00002771,2026-09-02T00:29:54Z
e_0000273e,2026-09-02T00:38:33Z
e_00001be5,2026-09-02T00:33:05Z
e_00001bc9,2026-09-02T01:00:21Z
e_00001a89,2026-09-02T01:27:39Z
e_00002760,2026-09-06T05:00:00Z
e_00002776,2026-09-02T01:58:27Z
e_00002161,2026-09-02T02:23:04Z
e_00001bce,2026-09-02T02:37:03Z
e_000018a3,2026-09-06T05:00:00Z
e_00002794,2026-09-02T02:57:48Z
e_00001ad8,2026-09-06T05:00:00Z
e_00001bf5,2026-09-02T03:13:46Z
e_000020e1,2026-09-02T03:14:34Z
e_00002798,2026-09-06T05:00:00Z
e_00001b55,2026-09-06T05:00:00Z
e_00001bfc,2026-09-06T05:00:00Z
e_000020f2,2026-09-02T03:59:28Z
e_00001aa2,2026-09-06T05:00:00Z
e_0000277b,2026-09-02T04:07:06Z
e_00002795,2026-09-02T04:23:47Z
e_0000278e,2026-09-02T04:54:12Z
e_000018e5,2026-09-02T04:59:29Z
e_00001bd5,2026-09-02T05:03:40Z
e_00001a86,2026-09-02T05:18:04Z
e_000020ee,2026-09-02T05:14:23Z
e_00001bf6,2026-09-02T05:16:14Z
e_00001bed,2026-09-02T05:33:12Z
e_0000277a,2026-09-02T05:37:40Z
e_00002746,2026-09-02T05:47:18Z
e_00001bd3,2026-09-02T06:04:07Z
e_00002738,2026-09-02T06:01:17Z
e_00002123,2026-09-02T06:07:15Z
e_00002790,2026-09-02T06:23:07Z
e_00001bee,2026-09-02T06:42:50Z
e_00001af7,2026-09-02T07:19:24Z
e_00001b5b,2026-09-02T07:49:51Z
e_00002791,2026-09-02T07:58:58Z
e_00002789,2026-09-02T07:56:46Z
e_00001bef,2026-09-02T08:27:40Z
e_00002138,2026-09-02T08:47:30Z
e_00001a18,2026-09-02T08:46:35Z
e_00001be6,2026-09-02T08:54:10Z
e_00001bb8,2026-09-02T09:03:08Z
e_0000278f,2026-09-02T09:21:57Z
e_00001989,2026-09-02T10:37:15Z
e_00002777,2026-09-02T10:40:40Z
e_00002750,2026-09-02T10:46:45Z
e_00001b3c,2026-09-02T11:03:42Z
e_000020f0,2026-09-02T11:09:31Z
e_00001bd1,2026-09-02T11:08:11Z
e_00001bc8,2026-09-02T11:14:30Z
e_00002774,2026-09-02T11:12:42Z
e_00001bcc,2026-09-02T11:22:30Z
e_00002d20,2026-09-02T11:26:19Z
e_00002796,2026-09-02T11:27:36Z
e_00002159,2026-09-02T11:23:48Z
e_00001b24,2026-09-02T11:52:00Z
e_0000278d,2026-09-02T11:59:33Z
e_00001bfb,2026-09-02T12:19:06Z
e_00001a5f,2026-09-02T12:12:20Z
e_00001bec,2026-09-02T12:28:36Z
e_00002766,2026-09-02T12:29:46Z
e_00002781,2026-09-02T12:28:35Z
e_00001b35,2026-09-02T12:33:35Z
e_0000277d,2026-09-02T12:52:05Z
e_00001be0,2026-09-02T12:51:26Z
e_00001bda,2026-09-02T13:08:29Z
e_00002782,2026-09-02T13:24:18Z
e_0000278b,2026-09-02T13:37:20Z
e_0000272c,2026-09-02T13:48:28Z
e_0000278a,2026-09-02T13:48:43Z
e_00001be1,2026-09-02T14:18:56Z
e_00002742,2026-09-02T14:22:24Z
e_0000277e,2026-09-02T14:19:58Z
e_00002787,2026-09-02T14:27:09Z
e_00001be4,2026-09-02T14:21:35Z
e_00001bdb,2026-09-02T14:23:53Z
e_00001be8,2026-09-02T14:35:04Z
e_00001be7,2026-09-02T14:46:09Z
e_00002d0f,2026-09-02T14:56:58Z
e_0000277f,2026-09-02T15:03:24Z
e_00001a84,2026-09-02T15:03:52Z
e_00001b60,2026-09-02T15:19:55Z
e_00001bde,2026-09-02T15:53:28Z
e_00001a4f,2026-09-02T15:48:41Z
e_00002112,2026-09-02T15:55:21Z
e_00001904,2026-09-02T15:55:48Z
e_00002799,2026-09-02T16:23:32Z
e_00002792,2026-09-02T16:48:56Z
e_00001baa,2026-09-02T17:15:42Z
e_00002797,2026-09-02T17:13:30Z
e_00001c00,2026-09-02T17:16:11Z
e_00002779,2026-09-02T17:34:05Z
e_00001bd2,2026-09-02T17:47:00Z
e_00001b5c,2026-09-02T17:48:46Z
e_00001a82,2026-09-02T18:20:46Z
e_0000279d,2026-09-02T18:28:28Z
e_00002763,2026-09-02T18:47:45Z
e_0000278c,2026-09-02T18:47:10Z
e_00001be9,2026-09-02T18:48:23Z
e_00001c04,2026-09-02T18:52:59Z
e_00002784,2026-09-02T19:10:29Z
e_00001be2,2026-09-02T19:16:15Z
e_00001a5a,2026-09-02T19:28:21Z
e_0000277c,2026-09-02T19:36:37Z
e_00001b84,2026-09-02T19:37:07Z
e_00002780,2026-09-02T19:54:42Z
e_00001a60,2026-09-02T20:10:44Z
e_00002d11,2026-09-02T20:23:24Z
e_00001bd6,2026-09-02T20:25:04Z
e_00001bdf,2026-09-02T20:32:47Z
e_00001b33,2026-09-02T20:27:27Z
e_0000279c,2026-09-02T20:34:11Z
e_00001c02,2026-09-02T21:02:28Z
e_00001ba3,2026-09-02T21:08:20Z
e_00001afc,2026-09-02T21:38:32Z
e_00002793,2026-09-02T21:55:24Z
e_00001bf0,2026-09-02T22:24:17Z
e_0000279a,2026-09-02T22:38:04Z
e_0000276f,2026-09-02T22:51:00Z
e_00001af1,2026-09-02T22:50:25Z
e_00002786,2026-09-02T22:58:05Z
e_0000274c,2026-09-02T23:00:00Z
e_00001a02,2026-09-02T23:03:47Z
e_00002773,2026-09-02T23:01:26Z
e_00001be3,2026-09-02T22:59:24Z
e_00001bcb,2026-09-02T23:20:54Z
e_00001c01,2026-09-02T23:30:25Z
e_00001b52,2026-09-02T23:47:45Z
e_00002759,2026-09-02T23:56:50Z
e_000027ab,2026-09-03T00:14:11Z
e_00001bb1,2026-09-03T00:21:27Z
e_00001b5a,2026-09-03T00:27:16Z
e_00002101,2026-09-03T00:44:47Z
e_00001c15,2026-09-03T01:07:46Z
e_000027b7,2026-09-03T01:09:01Z
e_00001c21,2026-09-03T01:29:12Z
e_0000279f,2026-09-03T01:40:42Z
e_00001c05,2026-09-03T02:07:17Z
e_00002772,2026-09-03T02:21:10Z
e_00001b1c,2026-09-03T03:00:15Z
e_00001b75,2026-09-03T03:02:45Z
e_000027bc,2026-09-03T03:00:40Z
e_00001aff,2026-09-03T03:18:39Z
e_00001c27,2026-09-03T03:31:18Z
e_0000212a,2026-09-03T03:34:39Z
e_00001b90,2026-09-03T03:46:23Z
e_00001ae4,2026-09-03T04:13:34Z
e_000027b8,2026-09-03T04:22:22Z
e_00001c23,2026-09-03T04:46:01Z
e_000027c7,2026-09-03T05:02:59Z
e_000027aa,2026-09-03T05:07:35Z
e_000027a1,2026-09-03T05:21:22Z
e_00001a90,2026-09-03T05:32:17Z
e_00001bfd,2026-09-03T05:37:30Z
e_00001c14,2026-09-03T05:56:12Z
e_00001c0c,2026-09-03T05:56:30Z
e_000027c3,2026-09-03T06:02:01Z
e_000027c2,2026-09-03T06:59:05Z
e_00001bab,2026-09-03T07:21:24Z
e_000027b3,2026-09-03T07:30:41Z
e_00002768,2026-09-03T07:56:21Z
e_00001c1f,2026-09-03T08:12:13Z
e_000027a0,2026-09-03T08:29:38Z
e_00001c0a,2026-09-03T08:34:58Z
e_000027c8,2026-09-03T08:51:27Z
e_000027bf,2026-09-03T08:59:34Z
e_00001953,2026-09-03T09:01:20Z
e_000027ae,2026-09-03T09:10:57Z
e_00001ab1,2026-09-03T09:30:37Z
e_000027ba,2026-09-03T09:57:24Z
e_00001ab0,2026-09-03T10:00:31Z
e_00002d21,2026-09-03T10:25:59Z
e_000027c5,2026-09-03T10:25:55Z
e_00002785,2026-09-03T10:34:17Z
e_00001c2f,2026-09-03T11:01:03Z
e_000027c0,2026-09-03T11:26:22Z
e_000027be,2026-09-03T11:34:35Z
e_00001c2c,2026-09-03T11:57:24Z
e_000027ac,2026-09-03T12:06:04Z
e_00001c28,2026-09-03T12:09:45Z
e_00001ac5,2026-09-03T12:23:10Z
e_00001b23,2026-09-03T12:41:17Z
e_00001c16,2026-09-03T12:57:40Z
e_000027a5,2026-09-03T13:06:22Z
e_00001b1b,2026-09-03T13:20:19Z
e_00001c10,2026-09-03T13:21:43Z
e_00002775,2026-09-03T13:20:14Z
e_000027af,2026-09-03T13:47:59Z
e_000027b2,2026-09-03T13:46:54Z
e_00001c1c,2026-09-03T13:52:43Z
e_00001c1e,2026-09-03T13:54:25Z
e_000027c6,2026-09-03T14:17:42Z
e_00001b53,2026-09-03T14:26:51Z
e_00001c30,2026-09-03T14:44:21Z
e_00001b34,2026-09-03T15:14:12Z
e_000027a4,2026-09-03T15:32:28Z
e_00001c0f,2026-09-03T15:38:58Z
e_0000279e,2026-09-03T17:01:41Z
e_00002783,2026-09-03T17:14:07Z
e_000027bd,2026-09-03T17:31:56Z
e_00001934,2026-09-03T18:16:17Z
e_000027a6,2026-09-03T18:19:44Z
e_0000279b,2026-09-03T19:18:04Z
e_000027a2,2026-09-03T19:17:33Z
e_000027b5,2026-09-03T19:39:37Z
e_00001c0d,2026-09-03T20:06:22Z
e_00001bb9,2026-09-03T20:31:22Z
e_000027cb,2026-09-03T20:48:52Z
e_00001c3b,2026-09-03T21:42:26Z
e_000019c7,2026-09-03T22:16:45Z
e_000027b0,2026-09-03T22:22:06Z
e_00001c1d,2026-09-03T22:32:11Z
e_000027a7,2026-09-03T22:42:22Z
e_00001afb,2026-09-03T22:42:56Z
e_000027a9,2026-09-03T22:59:56Z
e_00001c13,2026-09-03T23:08:19Z
e_000027b9,2026-09-03T23:09:14Z
e_000027bb,2026-09-03T23:19:48Z
e_00001c26,2026-09-03T23:26:19Z
e_00001c12,2026-09-03T23:45:07Z
e_000027c9,2026-09-03T23:37:00Z
e_00001c24,2026-09-03T23:51:29Z
e_00001c36,2026-09-04T00:06:42Z
e_000027f8,2026-09-04T00:47:52Z
e_00001b57,2026-09-04T01:01:03Z
e_00001c74,2026-09-04T01:13:20Z
e_000027db,2026-09-04T01:43:28Z
e_00001c57,2026-09-04T02:28:55Z
e_000027e8,2026-09-04T03:10:36Z
e_00001c66,2026-09-04T03:54:27Z
e_00001ba4,2026-09-04T05:10:09Z
e_00001b8b,2026-09-04T05:41:39Z
e_000027eb,2026-09-04T06:02:02Z
e_000027f9,2026-09-04T05:56:32Z
e_000027e6,2026-09-04T06:12:38Z
e_00001c68,2026-09-04T06:42:36Z
e_00001c65,2026-09-04T06:46:18Z
e_00001c75,2026-09-04T06:54:02Z
e_000027cc,2026-09-04T06:56:38Z
e_000027ce,2026-09-04T07:08:52Z
e_00001b08,2026-09-04T07:11:15Z
e_00002778,2026-09-04T07:28:19Z
e_000027f7,2026-09-04T07:41:49Z
e_00001c3d,2026-09-04T07:52:03Z
e_00001c73,2026-09-04T07:58:32Z
e_00001ae2,2026-09-04T08:24:15Z
e_00001ac3,2026-09-04T08:55:48Z
e_000027ee,2026-09-04T09:45:02Z
e_00001bf4,2026-09-04T09:52:00Z
e_000027ef,2026-09-04T10:05:46Z
e_00001c6a,2026-09-04T10:05:07Z
e_00001c6d,2026-09-04T10:07:10Z
e_00001ad0,2026-09-04T10:14:52Z
e_000027de,2026-09-04T10:35:36Z
e_00001c59,2026-09-04T10:47:46Z
e_000027ca,2026-09-04T11:12:31Z
e_000027ad,2026-09-04T11:46:06Z
e_000027df,2026-09-04T12:00:12Z
e_000027d0,2026-09-04T12:05:28Z
e_000027ec,2026-09-04T11:59:34Z
e_000027d8,2026-09-04T12:10:17Z
e_00001c69,2026-09-04T12:23:44Z
e_000027cd,2026-09-04T12:22:54Z
e_00001c4f,2026-09-04T12:47:00Z
e_00001c40,2026-09-04T13:03:14Z
e_00001c3c,2026-09-04T13:07:42Z
e_00001b58,2026-09-04T13:43:35Z
e_00001beb,2026-09-04T13:48:35Z
e_000027e0,2026-09-04T13:52:03Z
e_00001c5a,2026-09-04T14:04:59Z
e_00001b6d,2026-09-04T15:34:11Z
e_00001baf,2026-09-04T15:29:50Z
e_000027f6,2026-09-04T16:04:36Z
e_00001adf,2026-09-04T16:07:02Z
e_000027f5,2026-09-04T16:23:01Z
e_00001c71,2026-09-04T16:23:48Z
e_00001c72,2026-09-04T16:19:03Z
e_00002d22,2026-09-04T17:01:04Z
e_000027d9,2026-09-04T16:58:13Z
e_00001c53,2026-09-04T16:59:29Z
e_000027dd,2026-09-04T16:57:59Z
e_00001bb7,2026-09-04T17:03:51Z
e_00001c58,2026-09-04T17:02:17Z
e_000027a8,2026-09-04T17:28:46Z
e_000027e5,2026-09-04T17:41:17Z
e_000027fc,2026-09-04T17:47:03Z
e_000027f3,2026-09-04T17:52:12Z
e_00001c64,2026-09-04T18:09:42Z
e_00001c70,2026-09-04T18:26:35Z
e_0000196f,2026-09-04T18:27:03Z
e_000027d5,2026-09-04T18:27:31Z
e_00001c77,2026-09-04T18:27:52Z
e_00001bb5,2026-09-04T18:33:19Z
e_00001c48,2026-09-04T18:58:46Z
e_000027cf,2026-09-04T18:56:56Z
e_00001c3f,2026-09-04T18:57:01Z
e_00001a4b,2026-09-04T19:51:24Z
e_000027fa,2026-09-04T20:05:43Z
e_000027f0,2026-09-04T20:16:16Z
e_000027d2,2026-09-04T20:34:56Z
e_00001c42,2026-09-04T20:29:36Z
e_000027d3,2026-09-04T20:47:27Z
e_000027d1,2026-09-04T20:51:30Z
e_00001c76,2026-09-04T20:59:44Z
e_000027d7,2026-09-04T21:27:08Z
e_00001bff,2026-09-04T21:33:20Z
e_00001c4b,2026-09-04T21:58:33Z
e_00001c19,2026-09-04T22:32:29Z
e_000027c1,2026-09-04T22:31:43Z
e_000027d4,2026-09-04T22:52:39Z
e_00001b22,2026-09-04T22:53:23Z
e_000027e1,2026-09-04T23:00:26Z
e_000027a3,2026-09-04T23:09:10Z
e_000027f1,2026-09-04T23:35:37Z
e_00001c43,2026-09-04T23:37:08Z
e_000027e3,2026-09-04T23:47:38Z
e_000027e9,2026-09-04T23:52:43Z
e_00001c5b,2026-09-04T23:52:11Z
e_00001c0b,2026-09-05T00:05:38Z
e_000027b4,2026-09-05T00:11:50Z
e_00001c6e,2026-09-05T00:07:45Z
e_000027e2,2026-09-05T00:24:43Z
e_00001c67,2026-09-05T00:32:16Z
e_00001b1f,2026-09-05T00:31:38Z
e_00001c5f,2026-09-05T00:38:10Z
e_000027da,2026-09-05T00:59:38Z
e_00002825,2026-09-05T01:18:15Z
e_00002804,2026-09-05T01:15:43Z
e_00002805,2026-09-05T01:30:42Z
e_00001bf2,2026-09-05T01:32:49Z
e_00001cbc,2026-09-05T01:45:55Z
e_00001c8a,2026-09-05T02:14:21Z
e_00002823,2026-09-05T02:36:09Z
e_00001bdc,2026-09-05T02:52:11Z
e_00001cb8,2026-09-05T03:02:54Z
e_00001b00,2026-09-05T03:35:15Z
e_000027c4,2026-09-05T03:54:24Z
e_00002829,2026-09-05T03:58:30Z
e_00001cbe,2026-09-05T04:25:15Z
e_0000281a,2026-09-05T04:30:09Z
e_000027d6,2026-09-05T04:47:38Z
e_00002801,2026-09-05T04:57:33Z
e_0000280f,2026-09-05T05:13:38Z
e_00002803,2026-09-05T05:16:46Z
e_00001b6c,2026-09-05T05:18:19Z
e_00001c99,2026-09-05T05:34:49Z
e_00001c86,2026-09-05T05:32:06Z
e_00001c83,2026-09-05T05:42:08Z
e_00001bba,2026-09-05T05:45:58Z
e_00001b47,2026-09-05T06:20:20Z
e_00001b1a,2026-09-05T06:27:43Z
e_00001bf1,2026-09-05T06:46:17Z
e_0000280e,2026-09-05T06:52:02Z
e_00001c98,2026-09-05T07:22:10Z
e_00001b48,2026-09-05T08:16:19Z
e_00002806,2026-09-05T08:42:27Z
e_00002811,2026-09-05T08:51:30Z
e_000027fe,2026-09-05T08:58:45Z
e_00001c7d,2026-09-05T08:58:23Z
e_00001c9e,2026-09-05T09:06:04Z
e_0000280b,2026-09-05T09:07:44Z
e_0000281e,2026-09-05T09:22:56Z
e_00001c8b,2026-09-05T09:29:38Z
e_000027dc,2026-09-05T09:33:03Z
e_00001c95,2026-09-05T10:00:36Z
e_00002816,2026-09-05T10:04:55Z
e_00001bf8,2026-09-05T10:27:48Z
e_00002827,2026-09-05T10:35:57Z
e_00001c06,2026-09-05T10:43:26Z
e_00001cbd,2026-09-05T10:46:29Z
e_00001b20,2026-09-05T10:54:21Z
e_00001b30,2026-09-05T11:16:46Z
e_000027b6,2026-09-05T11:48:30Z
e_00002809,2026-09-05T11:54:19Z
e_00001c93,2026-09-05T11:56:48Z
e_000027b1,2026-09-05T12:02:15Z
e_0000281b,2026-09-05T13:46:56Z
e_000027fd,2026-09-05T13:52:28Z
e_00001c51,2026-09-05T13:59:59Z
e_00001c7c,2026-09-05T14:05:59Z
e_00002817,2026-09-05T14:20:06Z
e_00002819,2026-09-05T14:24:13Z
e_00001caa,2026-09-05T14:58:58Z
e_00002822,2026-09-05T15:03:05Z
e_00002800,2026-09-05T15:07:41Z
e_00002d23,2026-09-05T15:20:06Z
e_00002820,2026-09-05T15:13:17Z
e_00001cb7,2026-09-05T15:20:46Z
e_00002814,2026-09-05T15:25:32Z
e_00002824,2026-09-05T15:23:01Z
e_00001ca8,2026-09-05T15:39:34Z
e_00001c82,2026-09-05T15:57:09Z
e_0000280c,2026-09-05T16:31:33Z
e_00001ba5,2026-09-05T17:18:34Z
e_000027e7,2026-09-05T17:58:16Z
e_00001bf7,2026-09-05T18:02:28Z
e_00002812,2026-09-05T17:59:00Z
e_00002813,2026-09-05T18:09:03Z
e_00001ca4,2026-09-05T18:15:43Z
e_00001b91,2026-09-05T18:23:41Z
e_00002828,2026-09-05T18:26:06Z
e_00002802,2026-09-05T18:21:24Z
e_0000280d,2026-09-05T18:37:27Z
e_00001c9f,2026-09-05T18:46:15Z
e_00001a27,2026-09-05T19:29:56Z
e_0000281c,2026-09-05T19:49:31Z
e_0000280a,2026-09-05T20:22:18Z
e_00001c94,2026-09-05T20:36:34Z
e_00001cae,2026-09-05T20:53:08Z
e_00002807,2026-09-05T21:08:17Z
e_0000281f,2026-09-05T21:25:15Z
e_00001b15,2026-09-05T21:42:12Z
e_00001cb4,2026-09-05T21:43:11Z
e_00002810,2026-09-05T22:00:53Z
e_00001bd8,2026-09-05T22:07:14Z
e_00001b39,2026-09-05T22:13:04Z
e_00001c9d,2026-09-05T22:14:53Z
e_000027fb,2026-09-05T22:16:05Z
e_00002835,2026-09-06T01:29:43Z
e_00002841,2026-09-06T01:58:30Z
e_00001cd0,2026-09-06T02:17:42Z
e_00001c09,2026-09-06T02:19:52Z
e_00002830,2026-09-06T02:24:56Z
e_00001cda,2026-09-06T02:47:43Z
e_00002821,2026-09-06T02:53:21Z
e_00002831,2026-09-06T03:10:02Z
e_00001ccc,2026-09-06T03:33:54Z
e_0000282c,2026-09-06T05:08:01Z
e_000027f2,2026-09-06T05:17:14Z
e_00001c1a,2026-09-06T05:23:55Z
e_0000282a,2026-09-06T05:38:59Z
e_00002834,2026-09-06T05:56:14Z
e_00001cce,2026-09-06T06:05:41Z
e_00002851,2026-09-06T06:02:09Z
e_00001cc4,2026-09-06T06:08:10Z
e_00001cbf,2026-09-06T06:12:37Z
e_000027ed,2026-09-06T06:57:39Z
e_00001cef,2026-09-06T06:58:49Z
e_00001ce4,2026-09-06T07:01:56Z
e_00002847,2026-09-06T06:58:33Z
e_0000284a,2026-09-06T07:03:14Z
e_00001ba9,2026-09-06T07:25:15Z
e_00001cea,2026-09-06T07:25:52Z
e_00002838,2026-09-06T07:53:13Z
e_00002848,2026-09-06T07:55:39Z
e_00001cd2,2026-09-06T08:02:17Z
e_00001ce5,2026-09-06T08:12:15Z
e_00001c46,2026-09-06T08:51:31Z
e_0000283a,2026-09-06T09:02:31Z
e_00001b29,2026-09-06T09:30:49Z
e_00001bc7,2026-09-06T09:30:27Z
e_00001cd3,2026-09-06T09:41:21Z
e_00001c4e,2026-09-06T09:45:48Z
e_0000284c,2026-09-06T10:02:15Z
e_00001ceb,2026-09-06T10:13:36Z
e_00001c8d,2026-09-06T10:22:23Z
e_00002842,2026-09-06T10:32:33Z
e_00001c6f,2026-09-06T10:47:17Z
e_00001c56,2026-09-06T10:46:22Z
e_00001b17,2026-09-06T10:46:33Z
e_0000283b,2026-09-06T10:55:39Z
e_00001c44,2026-09-06T11:23:19Z
e_00002843,2026-09-06T11:21:35Z
e_00001cd6,2026-09-06T11:23:58Z
e_00001cdf,2026-09-06T11:44:03Z
e_000027e4,2026-09-06T11:47:14Z
e_00001c34,2026-09-06T11:48:05Z
e_0000283f,2026-09-06T11:53:12Z
e_000019c9,2026-09-06T12:08:17Z
e_00002844,2026-09-06T12:09:15Z
e_000027ea,2026-09-06T12:15:59Z
e_00001ce0,2026-09-06T12:20:54Z
e_00001c84,2026-09-06T12:35:29Z
e_00001cd9,2026-09-06T12:42:11Z
e_0000282b,2026-09-06T13:32:26Z
e_0000284f,2026-09-06T14:24:08Z
e_0000283e,2026-09-06T14:26:15Z
e_00001cee,2026-09-06T14:39:12Z
e_00001cd8,2026-09-06T14:39:41Z
e_00002846,2026-09-06T14:47:40Z
e_00001ce1,2026-09-06T14:47:57Z
e_00002837,2026-09-06T15:02:06Z
e_00002832,2026-09-06T15:06:44Z
e_00001cd1,2026-09-06T15:18:30Z
e_00002845,2026-09-06T15:34:34Z
e_0000284e,2026-09-06T15:36:41Z
e_0000283c,2026-09-06T15:48:13Z
e_0000282e,2026-09-06T15:52:24Z
e_00001ccd,2026-09-06T16:08:19Z
e_000027f4,2026-09-06T16:08:29Z
e_00001cd7,2026-09-06T16:15:02Z
e_00001cec,2026-09-06T16:33:32Z
e_00001cc8,2026-09-06T16:36:48Z
e_00002151,2026-09-06T16:57:16Z
e_00002826,2026-09-06T17:40:23Z
e_00001c5e,2026-09-06T17:50:47Z
e_00001b56,2026-09-06T18:23:36Z
e_00001c54,2026-09-06T18:51:10Z
e_00001c22,2026-09-06T18:57:32Z
e_00001cb3,2026-09-06T19:22:38Z
e_00001c07,2026-09-06T19:33:51Z
e_00001b76,2026-09-06T19:52:47Z
e_00002852,2026-09-06T20:40:42Z
e_00001cf0,2026-09-06T20:39:35Z
e_00001ab9,2026-09-06T20:52:56Z
e_00001b72,2026-09-06T20:59:01Z
e_00001ca7,2026-09-06T21:13:07Z
e_00002850,2026-09-06T22:05:40Z
e_00001c17,2026-09-06T22:52:02Z
e_00001c7f,2026-09-06T22:58:55Z
e_00001b51,2026-09-07T00:10:40Z
e_00001bcd,2026-09-07T00:41:23Z
e_00002808,2026-09-07T00:48:46Z
e_00001ba6,2026-09-07T01:11:22Z
e_0000284d,2026-09-07T01:17:42Z
e_00002d24,2026-09-07T01:47:46Z
e_00002863,2026-09-07T01:55:34Z
e_00001d08,2026-09-07T02:16:20Z
e_00001b8a,2026-09-07T02:29:10Z
e_00001cdb,2026-09-07T02:46:40Z
e_00002872,2026-09-07T03:14:37Z
e_00001c55,2026-09-07T03:16:14Z
e_00001c80,2026-09-07T03:41:45Z
e_0000286b,2026-09-07T03:51:33Z
e_00002888,2026-09-07T03:59:15Z
e_00001d1c,2026-09-07T04:02:46Z
e_00001d24,2026-09-07T04:06:53Z
e_00001d37,2026-09-07T04:22:38Z
e_000019dd,2026-09-07T04:26:33Z
e_000027ff,2026-09-07T04:56:07Z
e_00002874,2026-09-07T05:20:46Z
e_00001b5f,2026-09-07T05:29:24Z
e_00001b0b,2026-09-07T05:27:21Z
e_00001d25,2026-09-07T05:36:49Z
e_00002854,2026-09-07T05:54:53Z
e_0000283d,2026-09-07T06:07:08Z
e_00001b89,2026-09-07T06:15:54Z
e_00001c7b,2026-09-07T06:33:40Z
e_00001cf2,2026-09-07T06:58:02Z
e_00002818,2026-09-07T07:09:31Z
e_00002840,2026-09-07T07:29:10Z
e_00001bd9,2026-09-07T07:24:56Z
e_00001bb0,2026-09-07T07:33:28Z
e_00002860,2026-09-07T07:43:48Z
e_00001bf3,2026-09-07T08:13:03Z
e_00001d05,2026-09-07T08:34:22Z
e_00002815,2026-09-07T08:45:27Z
e_0000285c,2026-09-07T09:00:37Z
e_00002880,2026-09-07T09:01:51Z
e_00001d30,2026-09-07T09:12:52Z
e_00001cfe,2026-09-07T09:18:24Z
e_00002884,2026-09-07T09:45:33Z
e_00002879,2026-09-07T09:54:38Z
e_00001d35,2026-09-07T10:23:40Z
e_00001d29,2026-09-07T10:30:28Z
e_00001c7e,2026-09-07T10:37:54Z
e_00001c0e,2026-09-07T11:03:34Z
e_0000286a,2026-09-07T11:07:51Z
e_00001d1b,2026-09-07T11:22:11Z
e_00002868,2026-09-07T11:26:33Z
e_00001d17,2026-09-07T11:55:38Z
e_0000287e,2026-09-07T12:14:18Z
e_00001ca3,2026-09-07T12:46:10Z
e_00002856,2026-09-07T12:47:53Z
e_00001d2f,2026-09-07T12:48:28Z
e_000019d1,2026-09-07T13:06:44Z
e_00002858,2026-09-07T13:04:20Z
e_00002881,2026-09-07T13:09:19Z
e_00001cf3,2026-09-07T13:11:50Z
e_00001ce7,2026-09-07T13:26:43Z
e_00002866,2026-09-07T13:33:09Z
e_00001cc6,2026-09-07T13:32:45Z
e_00002867,2026-09-07T13:42:35Z
e_00001cf4,2026-09-07T13:53:33Z
e_00002865,2026-09-07T14:04:54Z
e_00001d16,2026-09-07T14:12:26Z
e_00001d11,2026-09-07T14:12:22Z
e_00001c38,2026-09-07T14:28:59Z
e_00001d0d,2026-09-07T14:36:49Z
e_00002849,2026-09-07T15:07:13Z
e_00001b92,2026-09-07T15:28:20Z
e_0000285f,2026-09-07T15:45:30Z
e_00001b5d,2026-09-07T16:16:48Z
e_00002878,2026-09-07T16:27:54Z
e_00001d04,2026-09-07T16:35:47Z
e_00002882,2026-09-07T16:56:16Z
e_00001bae,2026-09-07T16:54:27Z
e_00001d31,2026-09-07T17:01:56Z
e_00001d27,2026-09-07T17:21:36Z
e_00001cac,2026-09-07T17:27:15Z
e_0000286d,2026-09-07T17:35:10Z
e_0000287c,2026-09-07T17:37:46Z
e_0000284b,2026-09-07T17:35:52Z
e_0000282d,2026-09-07T17:38:24Z
e_00001ad6,2026-09-07T17:48:42Z
e_00001c3a,2026-09-07T18:06:31Z
e_00001d2e,2026-09-07T18:12:34Z
e_00001d21,2026-09-07T18:20:01Z
e_00002886,2026-09-07T18:18:54Z
e_0000287a,2026-09-07T18:21:32Z
e_0000286f,2026-09-07T18:26:30Z
e_00002876,2026-09-07T18:42:33Z
e_00001d2d,2026-09-07T18:44:34Z
e_00001d36,2026-09-07T18:51:56Z
e_00001d22,2026-09-07T19:22:27Z
e_00001d26,2026-09-07T19:22:19Z
e_00002877,2026-09-07T19:40:15Z
e_0000281d,2026-09-07T19:50:51Z
e_00002887,2026-09-07T19:57:10Z
e_00002861,2026-09-07T20:47:20Z
e_0000285b,2026-09-07T20:48:16Z
e_00002853,2026-09-07T20:45:11Z
e_0000285a,2026-09-07T20:59:16Z
e_00001cf9,2026-09-07T21:05:30Z
e_00001cbb,2026-09-07T21:08:00Z
e_00001c29,2026-09-07T21:09:16Z
e_0000287f,2026-09-07T21:14:57Z
e_00002870,2026-09-07T21:21:37Z
e_00001cf1,2026-09-07T21:25:35Z
e_00001d06,2026-09-07T21:24:56Z
e_00002836,2026-09-07T21:32:00Z
e_00002883,2026-09-07T21:50:11Z
e_00001cf8,2026-09-07T21:50:10Z
e_00001d23,2026-09-07T21:56:05Z
e_00001cb2,2026-09-07T21:57:40Z
e_00001d34,2026-09-07T22:08:30Z
e_00002885,2026-09-07T22:19:12Z
e_00001bd4,2026-09-07T22:19:37Z
e_00001a32,2026-09-07T22:44:14Z
e_00001c7a,2026-09-07T23:15:13Z
e_00002864,2026-09-07T23:29:28Z
e_00002859,2026-09-07T23:27:39Z
e_0000285e,2026-09-07T23:43:33Z
e_00001d0c,2026-09-07T23:50:39Z
e_00001d03,2026-09-08T00:08:37Z
e_00002833,2026-09-08T00:10:47Z
e_00001c62,2026-09-08T00:23:11Z
e_00001cf7,2026-09-08T00:24:11Z
e_00001b96,2026-09-08T00:34:24Z
e_00002d25,2026-09-08T00:29:12Z
e_000028ac,2026-09-08T00:31:24Z
e_00001d70,2026-09-08T00:42:32Z
e_00002898,2026-09-08T00:54:43Z
e_00001c4c,2026-09-08T01:15:47Z
e_0000288b,2026-09-08T01:20:51Z
e_00001d3a,2026-09-08T01:42:04Z
e_00002839,2026-09-08T01:39:22Z
e_00001d58,2026-09-08T01:52:54Z
e_00002897,2026-09-08T02:14:39Z
e_00001d55,2026-09-08T02:08:45Z
e_00001c52,2026-09-08T02:15:25Z
e_00002857,2026-09-08T02:26:32Z
e_000028b2,2026-09-08T02:43:08Z
e_00001d77,2026-09-08T03:02:10Z
e_0000285d,2026-09-08T02:53:45Z
e_00002891,2026-09-08T03:46:34Z
e_0000282f,2026-09-08T03:50:40Z
e_00001d48,2026-09-08T03:51:32Z
e_00001cb0,2026-09-08T04:14:58Z
e_0000288d,2026-09-08T04:55:03Z
e_00001d3b,2026-09-08T05:04:39Z
e_000028b4,2026-09-08T05:51:24Z
e_000028a7,2026-09-08T05:53:28Z
e_00002896,2026-09-08T05:59:24Z
e_00001d51,2026-09-08T06:03:07Z
e_00001cc7,2026-09-08T06:09:16Z
e_00002892,2026-09-08T06:24:39Z
e_00001d78,2026-09-08T06:30:31Z
e_00001d6b,2026-09-08T06:40:24Z
e_00001cde,2026-09-08T06:51:35Z
e_0000288f,2026-09-08T06:55:02Z
e_00001d49,2026-09-08T07:09:44Z
e_00001d3f,2026-09-08T07:30:04Z
e_000028a1,2026-09-08T07:42:24Z
e_00001d5f,2026-09-08T08:00:25Z
e_00002862,2026-09-08T08:25:55Z
e_00002875,2026-09-08T08:45:46Z
e_00002873,2026-09-08T08:56:03Z
e_00001cdc,2026-09-08T09:23:53Z
e_000028b8,2026-09-08T10:10:49Z
e_00001c81,2026-09-08T10:18:52Z
e_00002889,2026-09-08T10:27:30Z
e_00001d80,2026-09-08T10:27:54Z
e_00001ca6,2026-09-08T10:33:06Z
e_00001d38,2026-09-08T10:38:47Z
e_0000288a,2026-09-08T10:45:25Z
e_00002855,2026-09-08T10:51:36Z
e_00001d39,2026-09-08T10:58:14Z
e_00002871,2026-09-08T10:59:08Z
e_000028b7,2026-09-08T11:56:50Z
e_00001d7f,2026-09-08T11:55:18Z
e_0000286e,2026-09-08T12:12:35Z
e_000028ab,2026-09-08T12:18:25Z
e_00002869,2026-09-08T12:39:42Z
e_0000289b,2026-09-08T13:14:35Z
e_00001d6f,2026-09-08T13:21:46Z
e_00001c6b,2026-09-08T13:28:52Z
e_00001d5a,2026-09-08T13:28:40Z
e_00001bfa,2026-09-08T14:14:01Z
e_000028b0,2026-09-08T14:33:29Z
e_00001aa9,2026-09-08T14:43:19Z
e_00001bd0,2026-09-08T15:02:12Z
e_00001d76,2026-09-08T15:09:20Z
e_00001bc0,2026-09-08T15:27:05Z
e_00001d0f,2026-09-08T15:51:09Z
e_00001a79,2026-09-08T15:54:02Z
e_00001c5d,2026-09-08T15:53:13Z
e_000028ae,2026-09-08T16:25:23Z
e_00001ae9,2026-09-08T16:26:00Z
e_000028a3,2026-09-08T16:34:56Z
e_000028ad,2026-09-08T16:33:41Z
e_00001d63,2026-09-08T16:51:19Z
e_00001d74,2026-09-08T17:00:37Z
e_000028b5,2026-09-08T17:03:01Z
e_00001cb9,2026-09-08T17:12:29Z
e_0000289f,2026-09-08T17:25:10Z
e_00001d5c,2026-09-08T17:25:45Z
e_000028a9,2026-09-08T17:36:15Z
e_00001c6c,2026-09-08T17:42:38Z
e_00001d7b,2026-09-08T18:01:48Z
e_000028a6,2026-09-08T18:15:48Z
e_000028a4,2026-09-08T18:14:31Z
e_00001d6e,2026-09-08T18:16:35Z
e_00001d6a,2026-09-08T18:20:15Z
e_00001bfe,2026-09-08T18:26:58Z
e_00001d65,2026-09-08T18:42:31Z
e_00002899,2026-09-08T18:44:45Z
e_0000287d,2026-09-08T18:54:41Z
e_00001cca,2026-09-08T19:10:46Z
e_00001d59,2026-09-08T19:33:15Z
e_00001a40,2026-09-08T19:49:33Z
e_0000288e,2026-09-08T20:09:20Z
e_00001cb1,2026-09-08T20:19:15Z
e_00001c79,2026-09-08T20:32:00Z
e_000028a2,2026-09-08T20:43:54Z
e_00001d60,2026-09-08T20:49:41Z
e_00002894,2026-09-08T20:50:12Z
e_00001d50,2026-09-08T21:02:51Z
e_00001d3e,2026-09-08T21:03:27Z
e_00002890,2026-09-08T21:28:44Z
e_00001d43,2026-09-08T21:40:48Z
e_00001bf9,2026-09-08T21:50:13Z
e_00002893,2026-09-08T22:06:22Z
e_00001d4e,2026-09-08T22:27:45Z
e_000019f7,2026-09-08T22:41:23Z
e_00001c89,2026-09-08T22:50:51Z
e_0000289d,2026-09-08T22:45:10Z
e_0000286c,2026-09-08T22:48:48Z
e_00001d5b,2026-09-08T22:52:00Z
e_000028a8,2026-09-08T23:02:31Z
e_000028aa,2026-09-08T23:08:16Z
e_00001ada,2026-09-08T23:41:42Z
e_00001d6c,2026-09-08T23:50:21Z
e_000028af,2026-09-08T23:55:01Z
e_000028cb,2026-09-09T00:42:50Z
e_00001d75,2026-09-09T00:44:25Z
e_00002d26,2026-09-09T00:46:30Z
e_000028ca,2026-09-09T00:47:54Z
e_00001d98,2026-09-09T00:55:28Z
e_000028c1,2026-09-09T01:23:08Z
e_00001d99,2026-09-09T01:31:08Z
e_00001d89,2026-09-09T02:23:44Z
e_00001bea,2026-09-09T02:30:18Z
e_000028dd,2026-09-09T03:19:48Z
e_000028d5,2026-09-09T03:41:13Z
e_00001da6,2026-09-09T03:41:28Z
e_000028bb,2026-09-09T03:47:25Z
e_00001db1,2026-09-09T04:21:45Z
e_00001d83,2026-09-09T04:22:01Z
e_000028c8,2026-09-09T04:21:36Z
e_00001a49,2026-09-09T04:22:25Z
e_00001c08,2026-09-09T04:27:12Z
e_000028bc,2026-09-09T04:38:59Z
e_00001d90,2026-09-09T05:10:39Z
e_000028a0,2026-09-09T05:14:23Z
e_00001d84,2026-09-09T05:21:57Z
e_000028cd,2026-09-09T05:28:09Z
e_00001d9b,2026-09-09T05:57:58Z
e_000028b6,2026-09-09T06:22:15Z
e_000028d7,2026-09-09T06:32:35Z
e_00001da9,2026-09-09T06:39:07Z
e_000028da,2026-09-09T06:52:25Z
e_00001dac,2026-09-09T06:52:10Z
e_000028dc,2026-09-09T07:01:42Z
e_00001dad,2026-09-09T07:16:00Z
e_000028e0,2026-09-09T08:17:54Z
e_0000289c,2026-09-09T08:13:41Z
e_000028d3,2026-09-09T08:44:19Z
e_00001db4,2026-09-09T08:42:48Z
e_000028b9,2026-09-09T08:51:31Z
e_000028c9,2026-09-09T08:57:09Z
e_00001da5,2026-09-09T09:07:45Z
e_000028c4,2026-09-09T09:30:33Z
e_00001d93,2026-09-09T09:33:16Z
e_00001cfc,2026-09-09T10:08:41Z
e_00001d8c,2026-09-09T10:26:25Z
e_00001c37,2026-09-09T10:21:36Z
e_00001cba,2026-09-09T10:30:21Z
e_000028d4,2026-09-09T10:49:47Z
e_00001c88,2026-09-09T10:57:37Z
e_000028e1,2026-09-09T12:05:25Z
e_00001db5,2026-09-09T12:01:47Z
e_000028b1,2026-09-09T12:07:41Z
e_00001d71,2026-09-09T12:26:36Z
e_00001d4b,2026-09-09T12:24:02Z
e_00001ae7,2026-09-09T12:33:04Z
e_00001bd7,2026-09-09T12:42:32Z
e_000028e6,2026-09-09T12:50:31Z
e_00001c8c,2026-09-09T12:42:29Z
e_00001dbb,2026-09-09T12:54:58Z
e_000028c3,2026-09-09T12:57:14Z
e_00001d8b,2026-09-09T13:01:03Z
e_000028e8,2026-09-09T13:08:51Z
e_00002895,2026-09-09T13:12:10Z
e_00001d2a,2026-09-09T13:28:05Z
e_00001dbc,2026-09-09T13:31:45Z
e_00001c18,2026-09-09T13:31:12Z
e_00001c45,2026-09-09T14:26:34Z
e_00001d15,2026-09-09T14:59:44Z
e_000028d8,2026-09-09T15:01:52Z
e_00001ce3,2026-09-09T15:18:46Z
e_00001d9f,2026-09-09T15:34:33Z
e_000028d0,2026-09-09T15:34:45Z
e_00001daa,2026-09-09T15:42:12Z
e_00001d81,2026-09-09T15:38:49Z
e_00001cfb,2026-09-09T15:58:28Z
e_00001ce6,2026-09-09T16:27:22Z
e_00001d79,2026-09-09T16:53:15Z
e_00001d10,2026-09-09T16:57:18Z
e_0000287b,2026-09-09T18:02:04Z
e_000028d9,2026-09-09T18:06:45Z
e_00001dab,2026-09-09T18:47:52Z
e_0000288c,2026-09-09T19:01:00Z
e_000028bf,2026-09-09T19:03:10Z
e_00001c60,2026-09-09T19:28:07Z
e_000028df,2026-09-09T19:31:39Z
e_000028e3,2026-09-09T19:26:07Z
e_00001d88,2026-09-09T19:30:08Z
e_000028ba,2026-09-09T19:40:13Z
e_00001d82,2026-09-09T19:37:24Z
e_000028d2,2026-09-09T19:51:28Z
e_000028e2,2026-09-09T20:06:43Z
e_00001da0,2026-09-09T20:03:18Z
e_00001db8,2026-09-09T20:07:35Z
e_00001db2,2026-09-09T20:19:54Z
e_00001db6,2026-09-09T20:21:17Z
e_00001d28,2026-09-09T20:29:43Z
e_000028e5,2026-09-09T20:27:56Z
e_00001dba,2026-09-09T20:35:15Z
e_000028c2,2026-09-09T20:49:50Z
e_00001d8a,2026-09-09T21:02:48Z
e_00001ccf,2026-09-09T21:05:28Z
e_00001c32,2026-09-09T21:14:39Z
e_000028e4,2026-09-09T21:57:13Z
e_000028bd,2026-09-09T22:05:47Z
e_00001db9,2026-09-09T22:09:58Z
e_00001d86,2026-09-09T22:22:46Z
e_00001d45,2026-09-09T22:23:42Z
e_00001c4d,2026-09-09T23:03:24Z
e_000028cf,2026-09-09T23:01:51Z
e_00001c2a,2026-09-09T23:34:00Z
e_000028c7,2026-09-09T23:43:04Z
e_00001d9c,2026-09-09T23:48:13Z
e_00001a7b,2026-09-09T23:50:23Z
e_000028c5,2026-09-09T23:57:59Z
e_00001d8f,2026-09-09T23:57:30Z
e_000028a5,2026-09-10T00:14:38Z
e_00001d8d,2026-09-10T00:13:12Z
e_00002901,2026-09-10T00:20:58Z
e_0000290d,2026-09-10T00:23:17Z
e_00001dd8,2026-09-10T00:35:52Z
e_00001de3,2026-09-10T01:00:53Z
e_00002d27,2026-09-10T01:21:46Z
e_00002912,2026-09-10T01:20:14Z
e_00002909,2026-09-10T01:33:40Z
e_000028f4,2026-09-10T01:50:46Z
e_0000290e,2026-09-10T01:55:43Z
e_00001b7a,2026-09-10T01:59:11Z
e_000028d6,2026-09-10T02:05:47Z
e_00001de6,2026-09-10T01:59:57Z
e_00001dcb,2026-09-10T02:03:32Z
e_00001de4,2026-09-10T02:14:04Z
e_00001dde,2026-09-10T02:11:16Z
e_000028b3,2026-09-10T02:27:25Z
e_0000289a,2026-09-10T02:35:14Z
e_000028c0,2026-09-10T02:46:21Z
e_00001c78,2026-09-10T03:00:11Z
e_00001cd4,2026-09-10T04:11:19Z
e_00001d9a,2026-09-10T05:23:06Z
e_0000289e,2026-09-10T05:20:26Z
e_00001d66,2026-09-10T05:26:13Z
e_000028f0,2026-09-10T05:48:34Z
e_000028f8,2026-09-10T05:56:02Z
e_00001c92,2026-09-10T06:04:28Z
e_000028de,2026-09-10T05:58:13Z
e_00001dc7,2026-09-10T06:10:44Z
e_000028cc,2026-09-10T06:15:46Z
e_00001dd1,2026-09-10T06:18:30Z
e_00001d5e,2026-09-10T06:26:23Z
e_00001d67,2026-09-10T06:33:37Z
e_00001a2d,2026-09-10T06:37:35Z
e_00001cc5,2026-09-10T07:02:31Z
e_00001b80,2026-09-10T07:02:19Z
e_000028fe,2026-09-10T07:39:18Z
e_00001cdd,2026-09-10T08:04:04Z
e_00002910,2026-09-10T08:05:57Z
e_00001dd6,2026-09-10T08:27:57Z
e_00001c9b,2026-09-10T08:35:44Z
e_00001d20,2026-09-10T08:43:37Z
e_00001de5,2026-09-10T08:57:11Z
e_00001ca5,2026-09-10T09:25:09Z
e_000028ef,2026-09-10T10:12:54Z
e_00002914,2026-09-10T10:16:43Z
e_00001dc6,2026-09-10T10:21:31Z
e_00001c9c,2026-09-10T10:31:29Z
e_00001de7,2026-09-10T10:43:06Z
e_00001c3e,2026-09-10T10:46:07Z
e_000028fa,2026-09-10T10:52:25Z
e_00001de2,2026-09-10T11:09:45Z
e_00001dd3,2026-09-10T11:07:29Z
e_0000290f,2026-09-10T11:08:53Z
e_0000290b,2026-09-10T11:08:28Z
e_000028ea,2026-09-10T12:00:21Z
e_00001dbd,2026-09-10T11:54:18Z
e_0000290a,2026-09-10T12:00:26Z
e_00002900,2026-09-10T12:03:39Z
e_00001ddf,2026-09-10T12:30:25Z
e_00001dd7,2026-09-10T12:35:30Z
e_00001d4f,2026-09-10T13:33:27Z
e_000028f3,2026-09-10T14:21:52Z
e_000028ed,2026-09-10T14:34:21Z
e_00001dca,2026-09-10T14:52:50Z
e_00001dc2,2026-09-10T15:00:22Z
e_000028f1,2026-09-10T15:05:58Z
e_00001dc8,2026-09-10T15:26:29Z
e_000028f6,2026-09-10T15:26:38Z
e_00001dcc,2026-09-10T15:50:31Z
e_000028db,2026-09-10T16:06:30Z
e_00001ce9,2026-09-10T16:11:56Z
e_000028e9,2026-09-10T16:27:03Z
e_00002905,2026-09-10T17:02:59Z
e_00001d4a,2026-09-10T17:04:18Z
e_00001d3c,2026-09-10T17:08:15Z
e_00001ddb,2026-09-10T17:15:30Z
e_00001c39,2026-09-10T17:36:18Z
e_00001c9a,2026-09-10T18:08:23Z
e_000028ff,2026-09-10T18:09:14Z
e_000028ce,2026-09-10T18:16:27Z
e_00002907,2026-09-10T18:24:30Z
e_00001d92,2026-09-10T18:44:01Z
e_000028f5,2026-09-10T18:44:25Z
e_000028f9,2026-09-10T19:12:27Z
e_00001ddd,2026-09-10T19:16:47Z
e_00001d53,2026-09-10T19:30:31Z
e_00001d5d,2026-09-10T19:37:42Z
e_00001cc3,2026-09-10T19:53:18Z
e_00001cff,2026-09-10T20:24:14Z
e_000028e7,2026-09-10T20:37:37Z
e_00002916,2026-09-10T20:50:05Z
e_00001de8,2026-09-10T20:58:27Z
e_00001d52,2026-09-10T21:23:35Z
e_00001cc1,2026-09-10T22:00:57Z
e_00001c49,2026-09-10T22:03:14Z
e_000028f7,2026-09-10T22:11:38Z
e_00001dd0,2026-09-10T22:18:33Z
e_00002903,2026-09-10T22:22:21Z
e_000028eb,2026-09-10T22:32:28Z
e_000028fc,2026-09-10T22:44:25Z
e_00001dd9,2026-09-10T22:48:59Z
e_00001dd4,2026-09-10T23:10:40Z
e_00001dbf,2026-09-10T23:19:37Z
e_00002918,2026-09-10T23:49:43Z
e_00001de9,2026-09-11T00:28:32Z
e_00001c50,2026-09-11T00:48:31Z
e_00002911,2026-09-11T00:52:18Z
e_000028ee,2026-09-11T01:14:07Z
e_00001c4a,2026-09-11T01:39:34Z
e_00001d12,2026-09-11T01:51:13Z
e_00001c47,2026-09-11T02:05:26Z
e_0000292c,2026-09-11T02:39:10Z
e_00002919,2026-09-11T02:55:37Z
e_00002924,2026-09-11T02:59:43Z
e_00001d7c,2026-09-11T02:54:47Z
e_000028d1,2026-09-11T03:21:37Z
e_00001e02,2026-09-11T03:27:12Z
e_00001df9,2026-09-11T03:19:37Z
e_00001ded,2026-09-11T03:24:56Z
e_0000292d,2026-09-11T04:14:28Z
e_0000293d,2026-09-11T04:15:12Z
e_0000292f,2026-09-11T04:23:44Z
e_00002936,2026-09-11T04:27:58Z
e_00001d13,2026-09-11T04:25:20Z
e_00001e04,2026-09-11T04:34:21Z
e_00001c41,2026-09-11T04:38:26Z
e_00002931,2026-09-11T04:42:57Z
e_00001e06,2026-09-11T04:51:24Z
e_000028be,2026-09-11T04:52:23Z
e_00002902,2026-09-11T04:57:12Z
e_00001e0e,2026-09-11T05:05:05Z
e_00001e12,2026-09-11T05:10:59Z
e_00002921,2026-09-11T05:28:17Z
e_00001e0a,2026-09-11T05:32:38Z
e_000028c6,2026-09-11T05:52:51Z
e_000028ec,2026-09-11T05:50:22Z
e_00001b7d,2026-09-11T06:02:01Z
e_00001df6,2026-09-11T06:22:41Z
e_0000291b,2026-09-11T06:34:05Z
e_00001c91,2026-09-11T07:02:26Z
e_00001df1,2026-09-11T07:21:50Z
e_00001cfd,2026-09-11T07:55:43Z
e_00001da3,2026-09-11T08:27:25Z
e_000028fb,2026-09-11T08:31:08Z
e_00002908,2026-09-11T08:40:00Z
e_00002d28,2026-09-11T08:47:47Z
e_00002922,2026-09-11T08:43:26Z
e_00001df8,2026-09-11T08:53:39Z
e_00001ca0,2026-09-11T09:11:41Z
e_00001d73,2026-09-11T09:22:20Z
e_00001b40,2026-09-11T09:58:17Z
e_00001d4c,2026-09-11T10:23:01Z
e_00002929,2026-09-11T10:24:45Z
e_00001e00,2026-09-11T10:54:30Z
e_00001dd2,2026-09-11T11:25:08Z
e_00002920,2026-09-11T11:35:20Z
e_00001df4,2026-09-11T12:24:17Z
e_0000290c,2026-09-11T12:19:38Z
e_00002933,2026-09-11T12:28:00Z
e_00001cc2,2026-09-11T12:49:36Z
e_00002938,2026-09-11T13:27:29Z
e_0000291d,2026-09-11T13:28:19Z
e_0000292e,2026-09-11T13:21:56Z
e_00001cd5,2026-09-11T13:24:46Z
e_00001e0c,2026-09-11T13:27:20Z
e_00001e0f,2026-09-11T13:42:40Z
e_00001df2,2026-09-11T13:48:05Z
e_00001e05,2026-09-11T13:55:57Z
e_00002930,2026-09-11T13:58:46Z
e_00002928,2026-09-11T14:14:29Z
e_00001e08,2026-09-11T14:13:47Z
e_0000292a,2026-09-11T14:34:13Z
e_00001dff,2026-09-11T14:48:02Z
e_00001c5c,2026-09-11T14:48:22Z
e_00002939,2026-09-11T14:53:31Z
e_00001ac7,2026-09-11T15:01:10Z
e_00001d87,2026-09-11T15:10:19Z
e_00001cf5,2026-09-11T15:15:55Z
e_00001e10,2026-09-11T15:46:41Z
e_0000292b,2026-09-11T15:43:59Z
e_00001d56,2026-09-11T15:48:22Z
e_00001ce2,2026-09-11T15:56:23Z
e_00002915,2026-09-11T15:58:20Z
e_00002906,2026-09-11T16:18:24Z
e_00001cb5,2026-09-11T16:22:56Z
e_00001e01,2026-09-11T16:43:34Z
e_00001c85,2026-09-11T16:39:54Z
e_00001c63,2026-09-11T16:56:35Z
e_0000293e,2026-09-11T17:10:12Z
e_00002932,2026-09-11T17:11:36Z
e_0000291a,2026-09-11T17:36:39Z
e_00001df0,2026-09-11T17:37:01Z
e_00001e13,2026-09-11T17:52:47Z
e_00001e0b,2026-09-11T17:54:13Z
e_000028fd,2026-09-11T18:04:54Z
e_0000293b,2026-09-11T18:17:33Z
e_00001ca2,2026-09-11T18:26:16Z
e_00002925,2026-09-11T18:41:59Z
e_00002927,2026-09-11T18:47:38Z
e_00001e11,2026-09-11T18:47:18Z
e_0000293f,2026-09-11T18:57:02Z
e_00002934,2026-09-11T19:28:04Z
e_00001dfa,2026-09-11T19:33:05Z
e_00001c61,2026-09-11T19:31:29Z
e_00001dfe,2026-09-11T19:35:07Z
e_00001e0d,2026-09-11T19:38:52Z
e_00001e15,2026-09-11T19:49:17Z
e_00001da7,2026-09-11T20:16:45Z
e_00001c87,2026-09-11T20:19:49Z
e_00002940,2026-09-11T20:28:54Z
e_00001e18,2026-09-11T21:11:55Z
e_00001d91,2026-09-11T21:59:50Z
e_00001d1f,2026-09-11T21:55:22Z
e_00002926,2026-09-11T21:57:55Z
e_0000291f,2026-09-11T22:03:39Z
e_00002904,2026-09-11T22:17:27Z
e_00001df3,2026-09-11T22:30:05Z
e_00001dfc,2026-09-11T22:34:59Z
e_00001d1d,2026-09-11T22:43:00Z
e_00002937,2026-09-11T23:21:38Z
e_00002913,2026-09-11T23:55:23Z
e_00001d54,2026-09-12T00:01:11Z
e_00002944,2026-09-12T00:52:07Z
e_00002941,2026-09-12T01:26:33Z
e_00001e19,2026-09-12T01:39:19Z
e_00001e1d,2026-09-12T01:48:20Z
e_0000294f,2026-09-12T02:00:42Z
e_00001ca1,2026-09-12T01:59:40Z
e_00001d41,2026-09-12T02:07:41Z
e_00001e27,2026-09-12T02:22:41Z
e_000028f2,2026-09-12T02:28:53Z
e_00001e20,2026-09-12T03:32:41Z
e_00002947,2026-09-12T03:31:09Z
e_0000296d,2026-09-12T03:55:20Z
e_00001d32,2026-09-12T04:14:58Z
e_00001e3d,2026-09-12T04:21:06Z
e_00001cfa,2026-09-12T04:39:36Z
e_00001d1a,2026-09-12T05:02:51Z
e_00002968,2026-09-12T06:01:00Z
e_00002956,2026-09-12T05:56:52Z
e_00001e2c,2026-09-12T06:04:39Z
e_00001e39,2026-09-12T06:09:23Z
e_00001ced,2026-09-12T06:39:13Z
e_00002964,2026-09-12T07:16:49Z
e_00001db3,2026-09-12T07:34:09Z
e_0000295b,2026-09-12T07:44:59Z
e_00002923,2026-09-12T07:47:29Z
e_00001e36,2026-09-12T07:49:35Z
e_00001e30,2026-09-12T07:56:33Z
e_00001d64,2026-09-12T08:11:00Z
e_00002960,2026-09-12T08:24:27Z
e_00001d68,2026-09-12T08:40:10Z
e_00001e33,2026-09-12T08:58:22Z
e_00002959,2026-09-12T09:26:09Z
e_00001e2f,2026-09-12T09:23:44Z
e_00002973,2026-09-12T10:14:32Z
e_00002945,2026-09-12T10:22:31Z
e_00002966,2026-09-12T10:17:29Z
e_0000296c,2026-09-12T10:42:51Z
e_00002d29,2026-09-12T10:40:44Z
e_00001cc0,2026-09-12T10:41:07Z
e_00002970,2026-09-12T10:40:45Z
e_00001dea,2026-09-12T10:39:30Z
e_0000291e,2026-09-12T10:42:35Z
e_00001e1e,2026-09-12T10:55:49Z
e_00001e40,2026-09-12T11:07:09Z
e_00002951,2026-09-12T11:12:23Z
e_00001e42,2026-09-12T11:10:47Z
e_00001e38,2026-09-12T11:16:20Z
e_00001bca,2026-09-12T11:14:51Z
e_00001b8c,2026-09-12T11:22:55Z
e_00001e3c,2026-09-12T11:22:11Z
e_00001e29,2026-09-12T11:50:34Z
e_00002962,2026-09-12T11:58:04Z
e_00002949,2026-09-12T12:05:54Z
e_00001e34,2026-09-12T12:29:51Z
e_00001e22,2026-09-12T12:49:10Z
e_00002957,2026-09-12T12:58:54Z
e_00002952,2026-09-12T13:07:43Z
e_0000296f,2026-09-12T13:11:13Z
e_00001c90,2026-09-12T13:25:26Z
e_00001e2e,2026-09-12T13:41:29Z
e_0000294b,2026-09-12T13:42:01Z
e_00001e2a,2026-09-12T13:46:19Z
e_00001d46,2026-09-12T13:47:36Z
e_00002917,2026-09-12T13:51:33Z
e_00001e24,2026-09-12T14:01:33Z
e_00001e3f,2026-09-12T14:08:30Z
e_0000295f,2026-09-12T14:30:35Z
e_00001e32,2026-09-12T14:44:17Z
e_0000291c,2026-09-12T14:55:27Z
e_0000294d,2026-09-12T15:03:29Z
e_00002969,2026-09-12T15:24:41Z
e_0000295d,2026-09-12T15:21:10Z
e_00001e26,2026-09-12T15:35:51Z
e_00001d0b,2026-09-12T15:54:48Z
e_00001e3a,2026-09-12T16:00:34Z
e_00001dc0,2026-09-12T15:58:41Z
e_00001cf6,2026-09-12T16:05:41Z
e_00001e31,2026-09-12T16:13:16Z
e_0000296a,2026-09-12T16:39:56Z
e_00001e3b,2026-09-12T16:48:47Z
e_00002971,2026-09-12T16:55:58Z
e_00001e41,2026-09-12T17:50:16Z
e_00001dc3,2026-09-12T17:53:28Z
e_00002943,2026-09-12T18:11:31Z
e_00001d7e,2026-09-12T18:18:12Z
e_00001d8e,2026-09-12T18:24:10Z
e_00001e1c,2026-09-12T18:31:22Z
e_00002963,2026-09-12T19:00:34Z
e_00002954,2026-09-12T19:11:56Z
e_00001e2b,2026-09-12T19:20:47Z
e_00001e35,2026-09-12T19:32:04Z
e_0000295a,2026-09-12T20:08:25Z
e_00001d01,2026-09-12T20:18:03Z
e_00002958,2026-09-12T20:30:50Z
e_00001daf,2026-09-12T20:35:39Z
e_00001d94,2026-09-12T20:50:42Z
e_00001d42,2026-09-12T21:29:38Z
e_00001d95,2026-09-12T22:04:48Z
e_00002950,2026-09-12T22:02:33Z
e_00001e28,2026-09-12T22:19:51Z
e_00001da4,2026-09-12T22:34:29Z
e_00001dce,2026-09-12T23:10:50Z
e_00001e14,2026-09-12T23:08:54Z
e_00001dec,2026-09-13T00:11:59Z
e_0000298d,2026-09-13T00:28:58Z
e_00002995,2026-09-13T00:41:14Z
e_0000295c,2026-09-13T00:42:59Z
e_00002946,2026-09-13T00:46:12Z
e_0000293a,2026-09-13T00:55:27Z
e_00001e58,2026-09-13T00:50:25Z
e_00002979,2026-09-13T00:53:34Z
e_00001dc5,2026-09-13T01:10:04Z
e_00001e5e,2026-09-13T01:07:31Z
e_00001d07,2026-09-13T01:14:10Z
e_00002965,2026-09-13T01:07:00Z
e_00002982,2026-09-13T01:12:21Z
e_00001e51,2026-09-13T01:50:38Z
e_00001e49,2026-09-13T01:47:13Z
e_00001d00,2026-09-13T01:56:07Z
e_00001df5,2026-09-13T02:10:42Z
e_00001db0,2026-09-13T02:18:14Z
e_00001e1a,2026-09-13T02:20:46Z
e_00001ce8,2026-09-13T02:58:06Z
e_00001d72,2026-09-13T03:14:36Z
e_00001d09,2026-09-13T03:44:46Z
e_00001d69,2026-09-13T03:52:46Z
e_00002948,2026-09-13T03:54:09Z
e_00002981,2026-09-13T03:56:09Z
e_00002989,2026-09-13T04:02:03Z
e_0000297d,2026-09-13T04:10:00Z
e_00001e50,2026-09-13T04:25:46Z
e_00001e4d,2026-09-13T04:29:47Z
e_00001e55,2026-09-13T04:40:24Z
e_00001e16,2026-09-13T04:52:54Z
e_00002942,2026-09-13T04:54:26Z
e_00002993,2026-09-13T04:59:29Z
e_00001e5c,2026-09-13T05:24:15Z
e_0000297a,2026-09-13T05:48:33Z
e_0000297b,2026-09-13T07:22:00Z
e_0000297f,2026-09-13T07:40:25Z
e_00002977,2026-09-13T07:57:39Z
e_00001e4b,2026-09-13T08:02:39Z
e_00001e07,2026-09-13T08:23:47Z
e_0000297e,2026-09-13T08:22:37Z
e_00001e4f,2026-09-13T08:28:04Z
e_00001e47,2026-09-13T08:30:01Z
e_00001e37,2026-09-13T08:40:09Z
e_00001e4e,2026-09-13T08:43:59Z
e_00001d9e,2026-09-13T08:51:21Z
e_00001cc9,2026-09-13T09:04:43Z
e_00002955,2026-09-13T09:27:04Z
e_0000297c,2026-09-13T09:57:41Z
e_00001d9d,2026-09-13T10:10:04Z
e_00001deb,2026-09-13T10:39:36Z
e_00001dc9,2026-09-13T10:53:12Z
e_00001e2d,2026-09-13T11:09:10Z
e_00002987,2026-09-13T11:14:09Z
e_00001c8e,2026-09-13T11:12:54Z
e_00002975,2026-09-13T11:16:31Z
e_0000298b,2026-09-13T11:35:44Z
e_00001e56,2026-09-13T11:49:54Z
e_00001dfb,2026-09-13T11:57:12Z
e_00001e54,2026-09-13T12:01:48Z
e_00001d1e,2026-09-13T12:08:43Z
e_00001e44,2026-09-13T12:05:05Z
e_00001ddc,2026-09-13T12:08:48Z
e_00002967,2026-09-13T12:15:08Z
e_0000294e,2026-09-13T13:00:43Z
e_00001d47,2026-09-13T13:08:15Z
e_00001d2c,2026-09-13T13:31:17Z
e_0000296e,2026-09-13T13:28:13Z
e_00001da8,2026-09-13T13:29:41Z
e_00001d0a,2026-09-13T13:42:04Z
e_00002984,2026-09-13T13:59:22Z
e_00002985,2026-09-13T14:14:16Z
e_00001e53,2026-09-13T14:25:19Z
e_0000294a,2026-09-13T14:37:28Z
e_00001e52,2026-09-13T14:44:52Z
e_00001e03,2026-09-13T15:29:15Z
e_00002976,2026-09-13T15:30:51Z
e_00001d02,2026-09-13T16:05:09Z
e_00001e46,2026-09-13T16:07:43Z
e_00001e5a,2026-09-13T16:21:46Z
e_00002990,2026-09-13T16:16:03Z
e_00002983,2026-09-13T16:37:41Z
e_00002d2a,2026-09-13T16:57:08Z
e_0000298c,2026-09-13T16:56:24Z
e_00001e57,2026-09-13T17:20:29Z
e_0000293c,2026-09-13T17:36:08Z
e_00002994,2026-09-13T17:41:59Z
e_00002935,2026-09-13T17:56:45Z
e_00001df7,2026-09-13T18:02:38Z
e_00001e5d,2026-09-13T18:09:12Z
e_00001de0,2026-09-13T18:33:09Z
e_00002953,2026-09-13T19:48:18Z
e_00001da2,2026-09-13T20:24:13Z
e_0000295e,2026-09-13T20:34:14Z
e_00002997,2026-09-13T20:34:15Z
e_00001e5f,2026-09-13T21:27:29Z
e_00001d44,2026-09-13T22:19:44Z
e_00001d0e,2026-09-13T22:41:12Z
e_00002974,2026-09-13T22:36:02Z
e_00002972,2026-09-13T22:37:16Z
e_00001dc1,2026-09-13T23:12:15Z
e_00001e43,2026-09-13T23:25:53Z
e_00002992,2026-09-13T23:53:51Z
e_0000298f,2026-09-14T00:04:25Z
e_00001d2b,2026-09-14T00:06:50Z
e_00001e59,2026-09-14T00:38:26Z
e_00001d40,2026-09-14T00:37:48Z
e_000029b3,2026-09-14T00:45:45Z
e_00001e5b,2026-09-14T00:54:38Z
e_00001dd5,2026-09-14T00:58:26Z
e_00001e78,2026-09-14T01:08:45Z
e_0000294c,2026-09-14T01:56:00Z
e_00001e7c,2026-09-14T02:00:33Z
e_000029b7,2026-09-14T02:06:01Z
e_000029a4,2026-09-14T02:21:30Z
e_00001da1,2026-09-14T02:26:39Z
e_00001dae,2026-09-14T02:46:36Z
e_00001d18,2026-09-14T02:45:03Z
e_00001d19,2026-09-14T02:54:14Z
e_00001e6a,2026-09-14T03:18:40Z
e_00001d62,2026-09-14T03:49:36Z
e_00002999,2026-09-14T04:35:51Z
e_00001e23,2026-09-14T04:48:27Z
e_0000299e,2026-09-14T04:53:15Z
e_00001e61,2026-09-14T04:57:41Z
e_00001e65,2026-09-14T05:12:30Z
e_000029ae,2026-09-14T05:11:18Z
e_00001c96,2026-09-14T05:36:55Z
e_00001e74,2026-09-14T05:33:00Z
e_00001d85,2026-09-14T06:06:19Z
e_00001d7d,2026-09-14T06:07:57Z
e_00002961,2026-09-14T06:45:01Z
e_0000299a,2026-09-14T06:50:40Z
e_000029ab,2026-09-14T07:01:03Z
e_00001e62,2026-09-14T07:22:29Z
e_00001d33,2026-09-14T07:25:21Z
e_000029ad,2026-09-14T07:22:49Z
e_00001e71,2026-09-14T07:26:13Z
e_00001dda,2026-09-14T08:04:25Z
e_00001e73,2026-09-14T08:00:55Z
e_000029b0,2026-09-14T08:22:02Z
e_00001d14,2026-09-14T08:24:14Z
e_00001d57,2026-09-14T08:34:53Z
e_0000298e,2026-09-14T08:44:16Z
e_00001e17,2026-09-14T09:04:24Z
e_00001e76,2026-09-14T09:06:13Z
e_00001e1b,2026-09-14T09:27:34Z
e_0000299b,2026-09-14T09:56:44Z
e_00002996,2026-09-14T10:25:58Z
e_0000296b,2026-09-14T10:34:51Z
e_00001bdd,2026-09-14T10:47:49Z
e_00001e63,2026-09-14T10:51:02Z
e_000029a6,2026-09-14T10:55:09Z
e_00001e6c,2026-09-14T11:03:26Z
e_00001dfd,2026-09-14T11:03:47Z
e_000029ba,2026-09-14T10:59:13Z
e_00001e7f,2026-09-14T11:17:32Z
e_00001d7a,2026-09-14T11:21:59Z
e_00001e4c,2026-09-14T11:35:36Z
e_00001d61,2026-09-14T11:40:50Z
e_0000299c,2026-09-14T12:19:39Z
e_00001e64,2026-09-14T12:22:56Z
e_00001dee,2026-09-14T12:25:58Z
e_00001e45,2026-09-14T13:15:58Z
e_000029a1,2026-09-14T13:09:50Z
e_000029bd,2026-09-14T13:31:55Z
e_00001e68,2026-09-14T13:32:08Z
e_00002980,2026-09-14T13:41:51Z
e_000029a2,2026-09-14T14:00:31Z
e_00001e82,2026-09-14T14:06:54Z
e_000029b1,2026-09-14T14:24:40Z
e_00002986,2026-09-14T14:25:34Z
e_00001e69,2026-09-14T14:25:46Z
e_000029bc,2026-09-14T14:36:13Z
e_00001e81,2026-09-14T14:29:28Z
e_00001d6d,2026-09-14T14:36:57Z
e_00001d96,2026-09-14T14:46:49Z
e_000029a7,2026-09-14T15:01:30Z
e_00001e21,2026-09-14T15:04:03Z
e_00001e77,2026-09-14T15:16:31Z
e_000029bb,2026-09-14T15:20:13Z
e_00001dbe,2026-09-14T15:23:58Z
e_00001e80,2026-09-14T15:40:01Z
e_000029b8,2026-09-14T15:46:40Z
e_00001dc4,2026-09-14T15:46:03Z
e_000029b5,2026-09-14T15:47:00Z
e_00001d3d,2026-09-14T15:57:59Z
e_00001d4d,2026-09-14T15:56:40Z
e_0000299f,2026-09-14T16:01:16Z
e_00001e6d,2026-09-14T15:57:02Z
e_00001e66,2026-09-14T15:56:10Z
e_00002991,2026-09-14T16:05:49Z
e_00001e7d,2026-09-14T16:13:03Z
e_000029b4,2026-09-14T16:15:09Z
e_0000298a,2026-09-14T16:16:16Z
e_00001e7a,2026-09-14T16:29:19Z
e_00001e79,2026-09-14T16:33:32Z
e_00001e48,2026-09-14T17:06:35Z
e_00001e1f,2026-09-14T17:20:18Z
e_000029b2,2026-09-14T18:01:22Z
e_00001e3e,2026-09-14T19:16:22Z
e_00001dcd,2026-09-14T19:34:58Z
e_00001e09,2026-09-14T19:50:52Z
e_00001e4a,2026-09-14T19:53:53Z
e_00002998,2026-09-14T19:50:19Z
e_000029a5,2026-09-14T20:17:24Z
e_00001e6b,2026-09-14T20:33:06Z
e_00001dcf,2026-09-14T20:36:40Z
e_00001e60,2026-09-14T20:43:57Z
e_00001e25,2026-09-14T20:43:58Z
e_000029aa,2026-09-14T20:47:54Z
e_000029af,2026-09-14T20:50:32Z
e_000029a9,2026-09-14T21:01:43Z
e_00001e75,2026-09-14T21:04:07Z
e_00001e70,2026-09-14T21:32:34Z
e_000029b9,2026-09-14T21:46:14Z
e_00001d97,2026-09-14T21:52:17Z
e_000029ac,2026-09-14T21:57:06Z
e_00001e6f,2026-09-14T21:52:42Z
e_00001e7e,2026-09-14T22:16:16Z
e_000029b6,2026-09-14T22:23:39Z
e_00002978,2026-09-14T22:25:22Z
e_00001e72,2026-09-14T22:23:44Z
e_00001e7b,2026-09-14T22:31:59Z
e_000029a3,2026-09-14T23:08:08Z
e_000029a8,2026-09-14T23:23:25Z
e_00001e6e,2026-09-14T23:26:35Z
e_00001e67,2026-09-14T23:25:48Z
e_000029a0,2026-09-14T23:27:29Z
e_00001db7,2026-09-15T00:15:47Z
e_0000299d,2026-09-15T00:10:04Z
e_00002988,2026-09-15T00:34:27Z
e_00001def,2026-09-15T03:21:20Z
e_00001de1,2026-09-15T03:31:51Z
