user_id,signed_up_at,platform,onboarding_variant,country
u_000003ea,2026-05-01T01:04:39Z,ios,,US
u_000003eb,2026-05-01T08:13:15Z,ios,,US
u_000003ec,2026-05-01T17:25:40Z,ios,,US
u_000003ee,2026-05-01T15:40:54Z,android,,US
u_000003f1,2026-05-01T00:01:30Z,android,,US
u_000003f4,2026-05-01T06:40:47Z,ios,,CA
u_000003f6,2026-05-01T15:58:12Z,android,,US
u_000003f8,2026-05-01T23:55:53Z,web,,US
u_000003fb,2026-05-01T03:20:00Z,ios,,US
u_000003fc,2026-05-01T16:35:24Z,web,,CA
u_000003fd,2026-05-01T00:44:15Z,android,,CA
u_000003fe,2026-05-01T05:12:04Z,ios,,US
u_00000400,2026-05-01T03:22:56Z,ios,,US
u_00000401,2026-05-01T10:20:13Z,web,,GB
u_00000402,2026-05-01T06:30:10Z,web,,US
u_00000403,2026-05-01T09:25:06Z,ios,,CA
u_00000406,2026-05-01T17:03:47Z,android,,US
u_00000407,2026-05-01T16:38:22Z,ios,,CA
u_00000409,2026-05-01T02:47:44Z,android,,AU
u_0000040b,2026-05-01T06:01:43Z,ios,,GB
u_0000040e,2026-05-01T11:16:59Z,android,,US
u_00000410,2026-05-01T05:20:38Z,web,,DE
u_00000412,2026-05-01T13:14:24Z,web,,US
u_00000413,2026-05-01T17:39:12Z,web,,AU
u_00000416,2026-05-01T11:31:30Z,web,,US
u_00000418,2026-05-01T00:00:47Z,android,,US
u_00000419,2026-05-01T06:33:52Z,web,,US
u_0000041a,2026-05-01T23:04:10Z,ios,,US
u_0000041b,2026-05-02T08:28:08Z,android,,DE
u_0000041e,2026-05-02T04:36:46Z,android,,US
u_00000420,2026-05-02T11:45:23Z,ios,,US
u_00000422,2026-05-02T11:48:02Z,ios,,DE
u_00000425,2026-05-02T20:17:13Z,web,,DE
u_00000427,2026-05-02T09:27:38Z,web,,US
u_0000042a,2026-05-02T03:40:52Z,ios,,AU
u_0000042b,2026-05-02T05:38:49Z,web,,US
u_0000042d,2026-05-02T19:55:26Z,android,,GB
u_00000430,2026-05-02T05:29:00Z,web,,GB
u_00000433,2026-05-02T21:13:20Z,android,,US
u_00000434,2026-05-02T06:43:14Z,android,,US
u_00000435,2026-05-02T15:13:33Z,ios,,US
u_00000436,2026-05-02T13:55:20Z,ios,,US
u_00000439,2026-05-02T12:35:29Z,ios,,US
u_0000043c,2026-05-02T07:56:58Z,ios,,US
u_0000043f,2026-05-02T03:55:06Z,android,,CA
u_00000440,2026-05-02T07:39:28Z,web,,US
u_00000441,2026-05-02T15:59:08Z,android,,US
u_00000444,2026-05-02T19:56:59Z,android,,US
u_00000446,2026-05-02T02:16:42Z,android,,US
u_00000448,2026-05-02T03:48:05Z,ios,,US
u_00000449,2026-05-02T03:30:39Z,ios,,CA
u_0000044b,2026-05-02T20:48:50Z,ios,,AU
u_0000044c,2026-05-02T07:53:30Z,ios,,US
u_0000044d,2026-05-02T04:32:06Z,web,,AU
u_00000450,2026-05-02T22:58:59Z,ios,,US
u_00000452,2026-05-02T02:55:39Z,android,,GB
u_00000453,2026-05-02T20:32:30Z,android,,GB
u_00000454,2026-05-02T17:50:12Z,ios,,US
u_00000456,2026-05-02T20:08:40Z,ios,,GB
u_00000458,2026-05-02T16:06:24Z,android,,US
u_0000045a,2026-05-02T15:34:08Z,web,,US
u_0000045b,2026-05-02T20:23:25Z,ios,,DE
u_0000045e,2026-05-02T12:05:15Z,android,,US
u_00000460,2026-05-02T08:59:51Z,ios,,DE
u_00000463,2026-05-03T12:10:56Z,android,,CA
u_00000465,2026-05-03T00:29:21Z,ios,,US
u_00000468,2026-05-03T02:12:13Z,web,,CA
u_00000469,2026-05-03T12:50:34Z,android,,US
u_0000046a,2026-05-03T08:22:50Z,ios,,CA
u_0000046d,2026-05-03T17:09:01Z,ios,,CA
u_0000046f,2026-05-03T23:49:13Z,ios,,US
u_00000472,2026-05-03T15:49:57Z,ios,,US
u_00000474,2026-05-03T14:36:54Z,android,,US
u_00000476,2026-05-03T17:55:33Z,ios,,US
u_00000478,2026-05-03T23:11:39Z,ios,,GB
u_0000047a,2026-05-03T09:47:20Z,android,,US
u_0000047b,2026-05-03T09:51:43Z,android,,GB
u_0000047c,2026-05-03T09:04:17Z,ios,,DE
u_0000047e,2026-05-03T17:16:49Z,web,,GB
u_00000480,2026-05-03T16:02:05Z,android,,US
u_00000483,2026-05-03T18:15:06Z,ios,,US
u_00000486,2026-05-03T22:49:48Z,ios,,US
u_00000489,2026-05-03T15:43:59Z,android,,US
u_0000048b,2026-05-03T15:35:41Z,ios,,US
u_0000048c,2026-05-03T14:17:32Z,android,,US
u_0000048f,2026-05-03T04:57:29Z,android,,DE
u_00000490,2026-05-03T14:14:24Z,android,,US
u_00000493,2026-05-03T10:34:26Z,web,,DE
u_00000495,2026-05-03T14:12:13Z,web,,AU
u_00000498,2026-05-03T18:00:47Z,ios,,AU
u_0000049b,2026-05-03T22:33:29Z,ios,,AU
u_0000049e,2026-05-03T10:20:10Z,android,,US
u_000004a0,2026-05-03T11:40:19Z,android,,US
u_000004a1,2026-05-04T16:17:36Z,ios,,US
u_000004a2,2026-05-04T06:09:35Z,android,,US
u_000004a5,2026-05-04T18:53:14Z,android,,US
u_000004a8,2026-05-04T20:50:59Z,android,,US
u_000004a9,2026-05-04T22:47:46Z,ios,,CA
u_000004ab,2026-05-04T20:56:56Z,ios,,US
u_000004ad,2026-05-04T11:06:25Z,ios,,GB
u_000004ae,2026-05-04T03:09:23Z,ios,,US
u_000004af,2026-05-04T10:38:58Z,web,,US
u_000004b2,2026-05-04T22:44:48Z,ios,,US
u_000004b4,2026-05-04T23:28:45Z,ios,,US
u_000004b6,2026-05-04T05:31:44Z,ios,,GB
u_000004b7,2026-05-04T20:06:57Z,android,,US
u_000004ba,2026-05-04T05:57:51Z,android,,US
u_000004bc,2026-05-04T18:55:16Z,ios,,DE
u_000004be,2026-05-04T02:08:01Z,ios,,US
u_000004c0,2026-05-04T11:02:27Z,android,,US
u_000004c1,2026-05-04T08:58:59Z,ios,,AU
u_000004c3,2026-05-04T20:49:48Z,ios,,AU
u_000004c6,2026-05-04T14:51:45Z,ios,,GB
u_000004c7,2026-05-04T01:22:20Z,android,,US
u_000004c8,2026-05-04T18:39:42Z,android,,GB
u_000004c9,2026-05-04T15:42:29Z,android,,CA
u_000004cc,2026-05-04T14:00:08Z,ios,,DE
u_000004ce,2026-05-04T23:29:23Z,ios,,US
u_000004d0,2026-05-04T06:47:15Z,android,,US
u_000004d3,2026-05-04T17:03:32Z,android,,US
u_000004d5,2026-05-04T01:26:33Z,ios,,CA
u_000004d7,2026-05-04T06:26:12Z,ios,,DE
u_000004d8,2026-05-04T04:07:02Z,ios,,US
u_000004d9,2026-05-04T18:59:41Z,ios,,US
u_000004dc,2026-05-05T07:53:03Z,ios,,GB
u_000004df,2026-05-05T10:53:52Z,web,,US
u_000004e1,2026-05-05T15:01:47Z,ios,,US
u_000004e2,2026-05-05T17:54:44Z,ios,,US
u_000004e3,2026-05-05T23:47:48Z,ios,,CA
u_000004e4,2026-05-05T11:59:45Z,web,,US
u_000004e5,2026-05-05T22:57:09Z,ios,,CA
u_000004e8,2026-05-05T23:43:15Z,android,,CA
u_000004e9,2026-05-05T22:36:29Z,android,,CA
u_000004ec,2026-05-05T11:20:23Z,web,,AU
u_000004ee,2026-05-05T10:54:08Z,android,,US
u_000004ef,2026-05-05T15:18:15Z,android,,CA
u_000004f2,2026-05-05T16:22:03Z,web,,GB
u_000004f3,2026-05-05T10:59:51Z,web,,AU
u_000004f5,2026-05-05T05:42:10Z,web,,US
u_000004f7,2026-05-05T03:19:27Z,web,,GB
u_000004f8,2026-05-05T01:58:31Z,android,,US
u_000004f9,2026-05-05T13:48:53Z,android,,DE
u_000004fb,2026-05-05T22:31:05Z,android,,CA
u_000004fd,2026-05-05T03:35:18Z,ios,,DE
u_000004fe,2026-05-05T02:59:02Z,web,,GB
u_00000501,2026-05-05T19:48:20Z,web,,CA
u_00000503,2026-05-05T06:14:06Z,ios,,US
u_00000504,2026-05-05T07:28:24Z,ios,,GB
u_00000507,2026-05-05T22:42:52Z,ios,,US
u_00000509,2026-05-06T03:04:23Z,ios,,AU
u_0000050c,2026-05-06T20:27:29Z,ios,,US
u_0000050e,2026-05-06T22:45:57Z,ios,,US
u_0000050f,2026-05-06T17:01:46Z,ios,,US
u_00000511,2026-05-06T14:44:12Z,ios,,US
u_00000513,2026-05-06T13:40:37Z,android,,AU
u_00000516,2026-05-06T21:18:41Z,android,,DE
u_00000519,2026-05-06T23:17:16Z,android,,US
u_0000051a,2026-05-06T11:23:56Z,android,,DE
u_0000051d,2026-05-06T06:24:41Z,android,,GB
u_0000051e,2026-05-06T18:55:34Z,android,,US
u_00000520,2026-05-06T17:04:46Z,android,,GB
u_00000522,2026-05-06T03:50:19Z,web,,US
u_00000524,2026-05-06T03:29:30Z,ios,,CA
u_00000526,2026-05-06T00:56:16Z,ios,,GB
u_00000527,2026-05-06T19:39:04Z,web,,US
u_00000529,2026-05-06T00:56:33Z,web,,CA
u_0000052a,2026-05-06T09:04:36Z,android,,US
u_0000052b,2026-05-06T13:47:00Z,android,,US
u_0000052d,2026-05-06T06:56:19Z,web,,US
u_0000052f,2026-05-06T13:04:57Z,web,,CA
u_00000531,2026-05-06T11:07:17Z,android,,CA
u_00000533,2026-05-06T02:25:37Z,ios,,DE
u_00000536,2026-05-06T16:52:21Z,web,,US
u_00000537,2026-05-06T16:51:58Z,ios,,US
u_00000538,2026-05-06T23:35:47Z,ios,,GB
u_0000053b,2026-05-06T00:13:18Z,ios,,US
u_0000053d,2026-05-06T00:48:16Z,ios,,US
u_00000540,2026-05-06T00:28:33Z,android,,GB
u_00000543,2026-05-06T16:30:03Z,web,,US
u_00000544,2026-05-06T20:38:08Z,ios,,DE
u_00000547,2026-05-06T12:31:11Z,web,,US
u_00000549,2026-05-06T15:08:34Z,android,,US
u_0000054c,2026-05-06T14:22:01Z,android,,US
u_0000054f,2026-05-07T10:35:19Z,ios,,US
u_00000550,2026-05-07T09:48:12Z,web,,GB
u_00000553,2026-05-07T16:32:30Z,web,,US
u_00000555,2026-05-07T05:19:44Z,web,,GB
u_00000557,2026-05-07T11:55:20Z,ios,,US
u_0000055a,2026-05-07T17:04:48Z,web,,AU
u_0000055d,2026-05-07T02:39:53Z,ios,,US
u_00000560,2026-05-07T03:36:08Z,ios,,US
u_00000562,2026-05-07T20:08:36Z,android,,AU
u_00000565,2026-05-07T10:51:12Z,ios,,US
u_00000566,2026-05-07T18:08:01Z,android,,US
u_00000567,2026-05-07T09:31:50Z,web,,US
u_00000569,2026-05-07T02:04:10Z,android,,AU
u_0000056b,2026-05-07T15:41:06Z,ios,,GB
u_0000056d,2026-05-07T09:17:49Z,android,,US
u_0000056f,2026-05-07T09:01:51Z,ios,,DE
u_00000572,2026-05-07T16:08:16Z,ios,,US
u_00000573,2026-05-07T13:49:16Z,android,,US
u_00000574,2026-05-07T20:59:35Z,android,,US
u_00000575,2026-05-07T08:40:30Z,ios,,GB
u_00000577,2026-05-07T00:35:03Z,web,,US
u_00000578,2026-05-07T16:26:18Z,ios,,GB
u_00000579,2026-05-07T18:40:54Z,android,,US
u_0000057a,2026-05-07T07:28:25Z,android,,CA
u_0000057d,2026-05-07T13:32:51Z,web,,US
u_00000580,2026-05-07T02:49:40Z,ios,,US
u_00000581,2026-05-07T05:20:37Z,android,,US
u_00000584,2026-05-07T11:06:07Z,web,,US
u_00000586,2026-05-07T10:08:41Z,ios,,CA
u_00000587,2026-05-07T21:13:49Z,web,,DE
u_0000058a,2026-05-07T02:23:50Z,web,,GB
u_0000058d,2026-05-08T21:29:41Z,ios,,US
u_00000590,2026-05-08T15:26:24Z,android,,US
u_00000593,2026-05-08T16:33:02Z,android,,GB
u_00000596,2026-05-08T19:32:39Z,android,,CA
u_00000597,2026-05-08T20:57:22Z,ios,,US
u_00000598,2026-05-08T05:24:01Z,ios,,CA
u_0000059b,2026-05-08T21:55:51Z,ios,,US
u_0000059e,2026-05-08T00:28:12Z,ios,,US
u_0000059f,2026-05-08T20:44:20Z,web,,US
u_000005a1,2026-05-08T18:09:54Z,android,,US
u_000005a4,2026-05-08T22:23:57Z,ios,,US
u_000005a5,2026-05-08T00:55:23Z,ios,,GB
u_000005a7,2026-05-08T09:01:40Z,web,,US
u_000005a9,2026-05-08T18:50:12Z,ios,,US
u_000005ab,2026-05-08T22:42:00Z,ios,,US
u_000005ad,2026-05-08T08:31:48Z,ios,,US
u_000005af,2026-05-08T18:32:31Z,android,,US
u_000005b2,2026-05-08T01:20:54Z,ios,,DE
u_000005b3,2026-05-08T03:09:23Z,android,,US
u_000005b4,2026-05-08T21:20:34Z,android,,US
u_000005b6,2026-05-08T08:02:27Z,ios,,US
u_000005b7,2026-05-08T11:25:13Z,android,,US
u_000005b8,2026-05-08T23:15:36Z,android,,US
u_000005bb,2026-05-08T04:04:05Z,ios,,US
u_000005be,2026-05-08T02:20:52Z,ios,,DE
u_000005bf,2026-05-08T20:41:33Z,web,,US
u_000005c1,2026-05-08T12:31:54Z,ios,,US
u_000005c4,2026-05-08T21:20:59Z,ios,,US
u_000005c5,2026-05-08T16:14:52Z,ios,,US
u_000005c8,2026-05-08T05:29:08Z,web,,US
u_000005c9,2026-05-09T15:58:26Z,ios,,US
u_000005cc,2026-05-09T14:13:58Z,web,,CA
u_000005cf,2026-05-09T06:54:42Z,android,,DE
u_000005d1,2026-05-09T22:20:43Z,web,,US
u_000005d3,2026-05-09T07:03:50Z,android,,US
u_000005d4,2026-05-09T17:23:22Z,android,,DE
u_000005d7,2026-05-09T09:02:46Z,ios,,AU
u_000005da,2026-05-09T07:44:15Z,ios,,AU
u_000005dd,2026-05-09T11:05:00Z,web,,GB
u_000005e0,2026-05-09T02:19:38Z,ios,,US
u_000005e2,2026-05-09T01:06:42Z,android,,US
u_000005e3,2026-05-09T16:32:37Z,ios,,AU
u_000005e5,2026-05-09T01:12:22Z,ios,,US
u_000005e7,2026-05-09T06:21:23Z,ios,,GB
u_000005e8,2026-05-09T17:20:50Z,web,,US
u_000005eb,2026-05-09T14:08:46Z,android,,US
u_000005ed,2026-05-09T17:49:09Z,android,,US
u_000005f0,2026-05-09T12:07:02Z,ios,,AU
u_000005f3,2026-05-09T01:39:19Z,ios,,US
u_000005f4,2026-05-09T07:43:04Z,ios,,US
u_000005f5,2026-05-09T06:23:47Z,web,,DE
u_000005f7,2026-05-09T09:21:20Z,android,,US
u_000005fa,2026-05-09T11:02:34Z,android,,US
u_000005fc,2026-05-09T14:27:18Z,ios,,AU
u_000005fd,2026-05-09T14:50:29Z,ios,,CA
u_000005ff,2026-05-09T10:48:01Z,android,,US
u_00000600,2026-05-09T04:32:26Z,android,,GB
u_00000602,2026-05-09T03:34:29Z,ios,,US
u_00000605,2026-05-09T12:30:41Z,web,,DE
u_00000607,2026-05-09T00:02:33Z,android,,US
u_0000060a,2026-05-10T17:44:53Z,web,,US
u_0000060c,2026-05-10T07:23:50Z,ios,,GB
u_0000060d,2026-05-10T16:17:15Z,android,,US
u_0000060f,2026-05-10T04:42:22Z,ios,,AU
u_00000610,2026-05-10T04:54:31Z,ios,,GB
u_00000613,2026-05-10T13:39:25Z,ios,,AU
u_00000616,2026-05-10T19:17:29Z,ios,,AU
u_00000619,2026-05-10T12:15:50Z,web,,DE
u_0000061b,2026-05-10T03:33:37Z,ios,,US
u_0000061d,2026-05-10T09:16:19Z,ios,,US
u_0000061e,2026-05-10T10:24:43Z,web,,AU
u_00000621,2026-05-10T23:34:36Z,android,,US
u_00000624,2026-05-10T21:00:15Z,ios,,DE
u_00000625,2026-05-10T18:07:16Z,web,,GB
u_00000628,2026-05-10T17:57:13Z,web,,US
u_0000062a,2026-05-10T13:46:16Z,android,,US
u_0000062b,2026-05-10T22:20:01Z,ios,,US
u_0000062c,2026-05-10T18:56:07Z,web,,CA
u_0000062f,2026-05-10T02:58:53Z,android,,CA
u_00000630,2026-05-10T17:09:34Z,web,,CA
u_00000631,2026-05-10T02:53:01Z,ios,,CA
u_00000634,2026-05-10T00:15:54Z,ios,,US
u_00000637,2026-05-10T21:06:34Z,web,,DE
u_0000063a,2026-05-10T15:45:30Z,web,,US
u_0000063b,2026-05-10T23:35:55Z,ios,,US
u_0000063e,2026-05-10T00:44:53Z,ios,,DE
u_00000640,2026-05-10T22:13:51Z,web,,DE
u_00000643,2026-05-10T06:59:22Z,ios,,DE
u_00000645,2026-05-10T03:14:24Z,web,,US
u_00000647,2026-05-10T05:41:23Z,web,,US
u_0000064a,2026-05-10T08:46:18Z,web,,AU
u_0000064c,2026-05-11T16:43:08Z,android,,US
u_0000064f,2026-05-11T03:58:55Z,ios,,US
u_00000651,2026-05-11T02:56:02Z,ios,,GB
u_00000654,2026-05-11T08:58:20Z,ios,,US
u_00000655,2026-05-11T01:39:00Z,ios,,US
u_00000657,2026-05-11T21:03:10Z,ios,,CA
u_0000065a,2026-05-11T01:59:07Z,web,,GB
u_0000065b,2026-05-11T03:10:29Z,ios,,AU
u_0000065c,2026-05-11T04:34:38Z,ios,,US
u_0000065d,2026-05-11T18:17:13Z,ios,,CA
u_0000065f,2026-05-11T09:42:33Z,ios,,US
u_00000662,2026-05-11T22:16:36Z,ios,,US
u_00000663,2026-05-11T14:02:45Z,web,,GB
u_00000665,2026-05-11T22:31:31Z,android,,US
u_00000666,2026-05-11T08:34:37Z,web,,US
u_00000669,2026-05-11T03:07:36Z,ios,,US
u_0000066b,2026-05-11T10:24:09Z,ios,,AU
u_0000066d,2026-05-11T12:13:25Z,web,,US
u_0000066e,2026-05-11T06:40:39Z,web,,DE
u_00000670,2026-05-11T11:09:52Z,web,,US
u_00000671,2026-05-11T17:59:17Z,android,,US
u_00000674,2026-05-11T09:24:13Z,android,,US
u_00000676,2026-05-11T23:42:43Z,android,,US
u_00000678,2026-05-11T04:20:28Z,android,,US
u_00000679,2026-05-11T18:51:25Z,android,,AU
u_0000067b,2026-05-11T10:57:28Z,ios,,CA
u_0000067c,2026-05-12T08:34:00Z,ios,,US
u_0000067e,2026-05-12T13:21:21Z,ios,,US
u_00000680,2026-05-12T05:15:23Z,web,,US
u_00000681,2026-05-12T12:45:03Z,ios,,CA
u_00000684,2026-05-12T04:06:04Z,android,,AU
u_00000687,2026-05-12T18:47:55Z,ios,,DE
u_00000689,2026-05-12T18:41:40Z,web,,US
u_0000068c,2026-05-12T11:56:57Z,android,,CA
u_0000068f,2026-05-12T05:05:39Z,web,,GB
u_00000690,2026-05-12T10:04:54Z,android,,AU
u_00000691,2026-05-12T08:38:01Z,android,,US
u_00000693,2026-05-12T20:37:13Z,ios,,US
u_00000694,2026-05-12T05:04:43Z,web,,US
u_00000696,2026-05-12T16:11:24Z,ios,,US
u_00000698,2026-05-12T01:21:13Z,web,,CA
u_0000069a,2026-05-12T00:42:01Z,android,,DE
u_0000069d,2026-05-12T00:45:33Z,ios,,US
u_0000069f,2026-05-12T20:02:22Z,android,,US
u_000006a0,2026-05-12T18:49:39Z,web,,AU
u_000006a2,2026-05-12T16:04:37Z,web,,US
u_000006a3,2026-05-12T18:06:44Z,android,,DE
u_000006a5,2026-05-12T06:31:46Z,web,,DE
u_000006a8,2026-05-12T19:58:52Z,ios,,US
u_000006aa,2026-05-12T11:32:06Z,android,,CA
u_000006ad,2026-05-12T15:13:54Z,ios,,CA
u_000006af,2026-05-12T10:19:21Z,ios,,US
u_000006b1,2026-05-12T09:21:20Z,web,,CA
u_000006b2,2026-05-12T11:35:32Z,ios,,GB
u_000006b5,2026-05-12T06:51:51Z,ios,,GB
u_000006b7,2026-05-12T20:33:27Z,web,,US
u_000006ba,2026-05-12T13:20:58Z,ios,,US
u_000006bb,2026-05-13T07:24:41Z,android,,US
u_000006bd,2026-05-13T00:28:30Z,web,,US
u_000006c0,2026-05-13T02:34:44Z,ios,,US
u_000006c3,2026-05-13T12:46:33Z,ios,,US
u_000006c4,2026-05-13T16:24:19Z,ios,,US
u_000006c7,2026-05-13T12:16:21Z,ios,,CA
u_000006c8,2026-05-13T18:13:47Z,ios,,US
u_000006c9,2026-05-13T07:28:10Z,ios,,CA
u_000006cc,2026-05-13T10:39:47Z,web,,US
u_000006ce,2026-05-13T08:20:32Z,web,,CA
u_000006d1,2026-05-13T07:02:32Z,web,,US
u_000006d3,2026-05-13T16:11:51Z,ios,,US
u_000006d4,2026-05-13T13:40:53Z,ios,,US
u_000006d7,2026-05-13T01:50:07Z,ios,,DE
u_000006d9,2026-05-13T19:59:13Z,android,,US
u_000006dc,2026-05-13T08:55:08Z,ios,,US
u_000006de,2026-05-13T14:28:02Z,android,,GB
u_000006e0,2026-05-13T18:51:57Z,ios,,US
u_000006e2,2026-05-13T04:17:26Z,android,,DE
u_000006e3,2026-05-13T07:23:51Z,ios,,US
u_000006e5,2026-05-13T21:01:20Z,android,,US
u_000006e6,2026-05-13T12:35:16Z,web,,US
u_000006e7,2026-05-13T03:30:25Z,ios,,US
u_000006e9,2026-05-13T22:44:04Z,ios,,CA
u_000006eb,2026-05-14T05:15:24Z,ios,,US
u_000006ec,2026-05-14T01:16:44Z,android,,US
u_000006ed,2026-05-14T00:55:05Z,ios,,CA
u_000006ef,2026-05-14T23:20:05Z,android,,US
u_000006f0,2026-05-14T22:14:01Z,ios,,US
u_000006f1,2026-05-14T04:29:58Z,web,,DE
u_000006f2,2026-05-14T00:45:34Z,ios,,US
u_000006f3,2026-05-14T00:05:14Z,ios,,GB
u_000006f6,2026-05-14T05:27:15Z,ios,,GB
u_000006f7,2026-05-14T13:31:32Z,ios,,US
u_000006fa,2026-05-14T10:34:56Z,android,,GB
u_000006fb,2026-05-14T23:30:31Z,android,,US
u_000006fc,2026-05-14T23:20:23Z,web,,US
u_000006fe,2026-05-14T08:45:53Z,ios,,US
u_000006ff,2026-05-14T18:37:44Z,ios,,GB
u_00000702,2026-05-14T09:30:25Z,ios,,GB
u_00000705,2026-05-14T07:14:51Z,android,,US
u_00000707,2026-05-14T15:17:33Z,ios,,CA
u_00000708,2026-05-14T09:58:10Z,ios,,AU
u_0000070b,2026-05-14T04:15:17Z,ios,,US
u_0000070d,2026-05-14T23:51:50Z,ios,,GB
u_00000710,2026-05-14T23:54:56Z,web,,US
u_00000711,2026-05-14T15:46:10Z,web,,US
u_00000713,2026-05-14T17:55:26Z,ios,,US
u_00000716,2026-05-14T16:49:56Z,android,,US
u_00000717,2026-05-14T15:52:39Z,ios,,US
u_00000719,2026-05-14T05:11:25Z,web,,US
u_0000071c,2026-05-14T12:16:40Z,ios,,GB
u_0000071e,2026-05-14T12:36:43Z,ios,,US
u_0000071f,2026-05-14T09:14:47Z,ios,,GB
u_00000720,2026-05-14T20:18:00Z,web,,GB
u_00000721,2026-05-14T18:42:41Z,web,,US
u_00000722,2026-05-14T01:52:59Z,web,,US
u_00000723,2026-05-14T01:49:19Z,ios,,US
u_00000724,2026-05-14T13:53:20Z,web,,US
u_00000726,2026-05-14T02:48:58Z,android,,US
u_00000728,2026-05-14T01:09:01Z,android,,US
u_0000072b,2026-05-15T23:07:48Z,web,,CA
u_0000072d,2026-05-15T17:36:50Z,web,,US
u_0000072e,2026-05-15T13:54:01Z,ios,,US
u_00000731,2026-05-15T13:12:05Z,ios,,CA
u_00000734,2026-05-15T07:13:11Z,android,,US
u_00000737,2026-05-15T09:37:14Z,android,,AU
u_00000738,2026-05-15T06:40:43Z,android,,GB
u_00000739,2026-05-15T19:59:57Z,ios,,US
u_0000073b,2026-05-15T12:41:28Z,ios,,US
u_0000073d,2026-05-15T11:14:47Z,android,,CA
u_00000740,2026-05-15T19:47:39Z,web,,GB
u_00000742,2026-05-15T09:10:00Z,ios,,CA
u_00000743,2026-05-15T04:04:03Z,ios,,US
u_00000744,2026-05-15T09:46:47Z,web,,GB
u_00000746,2026-05-15T20:44:36Z,ios,,US
u_00000748,2026-05-15T15:28:38Z,ios,,US
u_0000074a,2026-05-15T06:42:13Z,android,,US
u_0000074d,2026-05-15T07:19:49Z,ios,,US
u_0000074e,2026-05-15T20:10:13Z,android,,US
u_00000751,2026-05-15T19:05:09Z,ios,,US
u_00000754,2026-05-15T10:01:28Z,ios,,CA
u_00000757,2026-05-15T16:48:22Z,web,,AU
u_00000758,2026-05-15T03:31:22Z,ios,,US
u_0000075b,2026-05-15T14:21:05Z,ios,,US
u_0000075c,2026-05-15T04:04:16Z,web,,US
u_0000075d,2026-05-15T21:27:41Z,ios,,US
u_0000075f,2026-05-15T06:24:22Z,android,,GB
u_00000761,2026-05-16T19:24:40Z,web,,US
u_00000762,2026-05-16T18:00:36Z,web,,US
u_00000763,2026-05-16T20:07:32Z,ios,,DE
u_00000765,2026-05-16T04:12:25Z,web,,AU
u_00000766,2026-05-16T08:36:19Z,ios,,US
u_00000767,2026-05-16T15:48:00Z,ios,,US
u_0000076a,2026-05-16T15:50:41Z,web,,DE
u_0000076d,2026-05-16T14:12:05Z,android,,US
u_0000076f,2026-05-16T18:22:53Z,android,,US
u_00000770,2026-05-16T07:22:46Z,web,,CA
u_00000772,2026-05-16T03:18:04Z,android,,US
u_00000775,2026-05-16T18:11:32Z,ios,,GB
u_00000777,2026-05-16T10:14:54Z,android,,GB
u_0000077a,2026-05-16T19:31:30Z,ios,,US
u_0000077b,2026-05-16T09:36:28Z,web,,US
u_0000077c,2026-05-16T09:01:12Z,ios,,US
u_0000077d,2026-05-16T12:43:35Z,web,,GB
u_00000780,2026-05-16T06:02:24Z,ios,,US
u_00000781,2026-05-16T05:28:15Z,web,,GB
u_00000783,2026-05-16T22:03:35Z,ios,,DE
u_00000786,2026-05-16T03:32:07Z,ios,,AU
u_00000788,2026-05-16T13:04:02Z,android,,GB
u_0000078a,2026-05-16T19:27:59Z,android,,US
u_0000078b,2026-05-16T23:16:42Z,android,,US
u_0000078c,2026-05-16T14:08:54Z,web,,CA
u_0000078f,2026-05-16T00:49:10Z,android,,US
u_00000792,2026-05-16T13:32:08Z,android,,US
u_00000793,2026-05-16T15:08:55Z,ios,,US
u_00000795,2026-05-16T12:49:51Z,ios,,US
u_00000796,2026-05-16T06:06:05Z,ios,,DE
u_00000798,2026-05-16T18:25:32Z,web,,US
u_00000799,2026-05-16T21:08:35Z,ios,,US
u_0000079c,2026-05-16T12:14:21Z,android,,GB
u_0000079d,2026-05-16T23:11:11Z,ios,,US
u_0000079f,2026-05-16T03:06:51Z,ios,,US
u_000007a1,2026-05-16T14:40:48Z,web,,GB
u_000007a3,2026-05-17T07:58:54Z,android,,US
u_000007a4,2026-05-17T02:42:10Z,ios,,US
u_000007a5,2026-05-17T05:30:55Z,android,,GB
u_000007a6,2026-05-17T01:58:40Z,web,,US
u_000007a8,2026-05-17T21:25:46Z,ios,,US
u_000007ab,2026-05-17T20:45:25Z,ios,,GB
u_000007ad,2026-05-17T19:55:05Z,android,,US
u_000007ae,2026-05-17T00:19:13Z,web,,US
u_000007b1,2026-05-17T14:48:52Z,ios,,US
u_000007b2,2026-05-17T20:13:44Z,web,,US
u_000007b3,2026-05-17T17:35:07Z,ios,,US
u_000007b5,2026-05-17T18:51:28Z,ios,,US
u_000007b7,2026-05-17T18:32:48Z,android,,US
u_000007ba,2026-05-17T19:44:30Z,ios,,US
u_000007bd,2026-05-17T07:43:52Z,web,,US
u_000007be,2026-05-17T23:25:26Z,ios,,US
u_000007c0,2026-05-17T08:01:09Z,ios,,US
u_000007c2,2026-05-17T03:29:07Z,android,,US
u_000007c3,2026-05-17T21:09:20Z,ios,,US
u_000007c5,2026-05-17T14:22:14Z,ios,,US
u_000007c6,2026-05-17T14:34:21Z,ios,,US
u_000007c9,2026-05-17T06:23:52Z,web,,US
u_000007cb,2026-05-17T06:46:09Z,android,,GB
u_000007cd,2026-05-17T03:59:06Z,ios,,AU
u_000007ce,2026-05-17T16:57:57Z,android,,GB
u_000007d0,2026-05-17T12:34:46Z,ios,,CA
u_000007d1,2026-05-17T20:52:28Z,ios,,US
u_000007d4,2026-05-17T05:55:58Z,android,,GB
u_000007d6,2026-05-17T17:23:46Z,ios,,US
u_000007d7,2026-05-17T01:37:46Z,android,,AU
u_000007da,2026-05-17T01:22:31Z,ios,,CA
u_000007dd,2026-05-17T20:47:48Z,ios,,US
u_000007e0,2026-05-17T03:54:40Z,ios,,US
u_000007e2,2026-05-17T04:09:49Z,ios,,US
u_000007e3,2026-05-17T20:50:08Z,android,,US
u_000007e4,2026-05-17T07:19:33Z,web,,DE
u_000007e6,2026-05-18T06:45:48Z,android,,US
u_000007e8,2026-05-18T18:27:26Z,android,,US
u_000007ea,2026-05-18T23:36:13Z,web,,US
u_000007ec,2026-05-18T08:17:32Z,android,,US
u_000007ed,2026-05-18T19:31:07Z,web,,US
u_000007ef,2026-05-18T18:43:32Z,web,,CA
u_000007f1,2026-05-18T02:00:02Z,ios,,US
u_000007f2,2026-05-18T14:38:59Z,ios,,US
u_000007f3,2026-05-18T22:10:31Z,ios,,US
u_000007f6,2026-05-18T15:51:24Z,ios,,US
u_000007f8,2026-05-18T16:53:46Z,ios,,US
u_000007fb,2026-05-18T07:42:29Z,web,,DE
u_000007fd,2026-05-18T02:39:50Z,ios,,US
u_00000800,2026-05-18T17:13:44Z,android,,US
u_00000801,2026-05-18T10:17:52Z,ios,,US
u_00000804,2026-05-18T11:46:41Z,ios,,US
u_00000807,2026-05-18T04:20:34Z,ios,,US
u_0000080a,2026-05-18T15:44:29Z,web,,US
u_0000080d,2026-05-18T06:12:14Z,web,,GB
u_0000080e,2026-05-18T18:58:33Z,ios,,CA
u_0000080f,2026-05-18T00:57:08Z,ios,,CA
u_00000810,2026-05-18T18:07:12Z,ios,,US
u_00000813,2026-05-18T11:31:52Z,ios,,US
u_00000816,2026-05-18T03:57:10Z,web,,US
u_00000819,2026-05-18T18:07:39Z,android,,AU
u_0000081c,2026-05-18T22:14:36Z,ios,,US
u_0000081f,2026-05-18T16:33:48Z,ios,,US
u_00000822,2026-05-18T04:20:27Z,ios,,US
u_00000824,2026-05-18T04:02:52Z,android,,US
u_00000827,2026-05-18T11:36:07Z,ios,,US
u_00000829,2026-05-18T11:19:50Z,ios,,US
u_0000082c,2026-05-18T02:28:07Z,android,,US
u_0000082d,2026-05-18T16:58:57Z,ios,,AU
u_0000082f,2026-05-18T04:54:01Z,ios,,US
u_00000830,2026-05-19T17:39:54Z,android,,US
u_00000832,2026-05-19T14:17:32Z,ios,,AU
u_00000835,2026-05-19T13:52:40Z,ios,,US
u_00000837,2026-05-19T16:51:12Z,ios,,US
u_00000839,2026-05-19T19:18:24Z,web,,GB
u_0000083b,2026-05-19T21:38:13Z,ios,,GB
u_0000083e,2026-05-19T14:15:34Z,web,,US
u_0000083f,2026-05-19T16:36:38Z,android,,US
u_00000842,2026-05-19T12:28:10Z,ios,,CA
u_00000844,2026-05-19T06:02:52Z,web,,US
u_00000847,2026-05-19T11:52:12Z,android,,GB
u_00000848,2026-05-19T17:07:43Z,android,,GB
u_0000084b,2026-05-19T15:17:48Z,web,,DE
u_0000084c,2026-05-19T08:30:40Z,web,,US
u_0000084f,2026-05-19T02:45:02Z,web,,CA
u_00000852,2026-05-19T11:14:31Z,ios,,US
u_00000855,2026-05-19T20:14:43Z,web,,US
u_00000857,2026-05-19T23:09:17Z,android,,US
u_0000085a,2026-05-19T14:15:50Z,web,,GB
u_0000085d,2026-05-19T22:26:36Z,web,,US
u_0000085e,2026-05-19T06:31:59Z,android,,DE
u_00000861,2026-05-19T05:52:59Z,android,,DE
u_00000863,2026-05-19T14:22:15Z,ios,,AU
u_00000864,2026-05-19T07:21:05Z,web,,US
u_00000867,2026-05-19T05:12:17Z,android,,CA
u_00000869,2026-05-19T13:35:53Z,web,,CA
u_0000086c,2026-05-19T06:45:40Z,ios,,DE
u_0000086e,2026-05-20T03:22:38Z,android,,CA
u_00000870,2026-05-20T02:33:28Z,web,,DE
u_00000873,2026-05-20T08:31:47Z,android,,GB
u_00000875,2026-05-20T07:57:40Z,android,,GB
u_00000876,2026-05-20T00:51:52Z,web,,GB
u_00000877,2026-05-20T05:07:22Z,ios,,US
u_00000879,2026-05-20T23:52:32Z,web,,US
u_0000087b,2026-05-20T13:15:41Z,ios,,US
u_0000087e,2026-05-20T10:56:27Z,android,,US
u_00000880,2026-05-20T23:14:47Z,ios,,CA
u_00000883,2026-05-20T01:33:34Z,android,,AU
u_00000886,2026-05-20T21:21:56Z,android,,US
u_00000888,2026-05-20T08:27:10Z,ios,,CA
u_0000088a,2026-05-20T14:27:55Z,web,,DE
u_0000088d,2026-05-20T07:39:32Z,ios,,US
u_00000890,2026-05-20T03:28:22Z,ios,,US
u_00000891,2026-05-20T17:05:50Z,web,,US
u_00000892,2026-05-20T18:30:54Z,web,,GB
u_00000895,2026-05-20T01:41:38Z,web,,CA
u_00000898,2026-05-20T03:51:33Z,android,,US
u_0000089b,2026-05-20T00:30:01Z,ios,,US
u_0000089c,2026-05-20T12:31:08Z,web,,US
u_0000089f,2026-05-20T20:07:28Z,ios,,US
u_000008a2,2026-05-20T13:17:36Z,android,,US
u_000008a5,2026-05-20T22:49:31Z,android,,US
u_000008a7,2026-05-20T20:36:27Z,android,,US
u_000008a9,2026-05-20T10:46:14Z,android,,GB
u_000008ab,2026-05-20T17:07:42Z,ios,,CA
u_000008ad,2026-05-20T01:31:08Z,ios,,CA
u_000008ae,2026-05-20T00:59:48Z,ios,,US
u_000008af,2026-05-20T21:59:25Z,android,,US
u_000008b1,2026-05-21T06:37:40Z,ios,,CA
u_000008b2,2026-05-21T01:38:14Z,ios,,GB
u_000008b4,2026-05-21T11:04:58Z,ios,,US
u_000008b6,2026-05-21T23:38:42Z,android,,GB
u_000008b9,2026-05-21T13:02:26Z,ios,,US
u_000008ba,2026-05-21T05:11:39Z,web,,US
u_000008bd,2026-05-21T04:30:50Z,android,,US
u_000008be,2026-05-21T20:27:19Z,ios,,US
u_000008c0,2026-05-21T16:08:13Z,ios,,CA
u_000008c1,2026-05-21T10:54:05Z,web,,DE
u_000008c4,2026-05-21T02:58:46Z,web,,US
u_000008c7,2026-05-21T17:55:26Z,android,,US
u_000008c9,2026-05-21T19:58:50Z,android,,US
u_000008cc,2026-05-21T07:38:08Z,ios,,US
u_000008ce,2026-05-21T23:25:42Z,web,,US
u_000008cf,2026-05-21T06:23:28Z,ios,,GB
u_000008d0,2026-05-21T18:23:31Z,web,,US
u_000008d3,2026-05-21T00:22:54Z,android,,CA
u_000008d5,2026-05-21T17:42:47Z,ios,,AU
u_000008d8,2026-05-21T06:06:30Z,ios,,US
u_000008d9,2026-05-21T08:32:59Z,ios,,US
u_000008db,2026-05-21T23:22:40Z,android,,GB
u_000008dc,2026-05-21T22:28:12Z,android,,US
u_000008dd,2026-05-21T10:21:47Z,web,,US
u_000008df,2026-05-21T03:16:15Z,ios,,US
u_000008e0,2026-05-21T10:03:18Z,web,,DE
u_000008e1,2026-05-21T05:48:56Z,android,,AU
u_000008e4,2026-05-21T03:39:31Z,ios,,US
u_000008e5,2026-05-21T20:30:16Z,android,,GB
u_000008e6,2026-05-21T13:14:28Z,android,,GB
u_000008e8,2026-05-21T10:01:49Z,ios,,US
u_000008eb,2026-05-21T13:09:42Z,android,,GB
u_000008ee,2026-05-21T09:03:21Z,web,,US
u_000008f0,2026-05-21T04:25:59Z,web,,US
u_000008f3,2026-05-21T13:48:38Z,ios,,GB
u_000008f6,2026-05-22T11:30:50Z,android,,AU
u_000008f7,2026-05-22T00:27:29Z,android,,GB
u_000008f9,2026-05-22T10:42:25Z,ios,,US
u_000008fb,2026-05-22T17:03:35Z,web,,US
u_000008fe,2026-05-22T03:51:59Z,web,,US
u_00000901,2026-05-22T02:41:57Z,android,,US
u_00000902,2026-05-22T02:02:19Z,ios,,US
u_00000904,2026-05-22T08:36:55Z,web,,AU
u_00000905,2026-05-22T12:56:57Z,ios,,CA
u_00000907,2026-05-22T04:22:50Z,ios,,GB
u_00000909,2026-05-22T11:52:00Z,web,,US
u_0000090a,2026-05-22T04:49:34Z,web,,US
u_0000090b,2026-05-22T17:18:06Z,android,,US
u_0000090e,2026-05-22T12:56:01Z,android,,US
u_0000090f,2026-05-22T02:20:10Z,android,,CA
u_00000911,2026-05-22T02:08:24Z,android,,CA
u_00000912,2026-05-22T21:59:00Z,ios,,US
u_00000915,2026-05-22T07:34:50Z,ios,,GB
u_00000918,2026-05-22T08:27:35Z,ios,,AU
u_0000091b,2026-05-22T14:26:22Z,ios,,CA
u_0000091c,2026-05-22T21:19:47Z,web,,GB
u_0000091d,2026-05-22T19:16:13Z,ios,,AU
u_0000091e,2026-05-22T16:59:49Z,web,,US
u_00000921,2026-05-22T14:53:17Z,android,,AU
u_00000923,2026-05-22T22:43:24Z,android,,AU
u_00000924,2026-05-23T03:28:55Z,ios,,CA
u_00000925,2026-05-23T11:37:46Z,web,,GB
u_00000928,2026-05-23T10:07:03Z,web,,US
u_0000092a,2026-05-23T13:05:34Z,android,,GB
u_0000092c,2026-05-23T00:34:20Z,web,,CA
u_0000092e,2026-05-23T13:03:00Z,ios,,US
u_0000092f,2026-05-23T19:21:53Z,android,,US
u_00000932,2026-05-23T18:33:40Z,ios,,DE
u_00000933,2026-05-23T04:12:12Z,ios,,US
u_00000936,2026-05-23T00:28:14Z,android,,US
u_00000939,2026-05-23T03:36:27Z,web,,GB
u_0000093c,2026-05-23T22:38:17Z,android,,CA
u_0000093d,2026-05-23T16:22:04Z,ios,,US
u_0000093e,2026-05-23T03:21:29Z,android,,US
u_00000941,2026-05-23T08:48:57Z,ios,,DE
u_00000944,2026-05-23T09:16:31Z,web,,AU
u_00000946,2026-05-23T22:47:52Z,web,,GB
u_00000949,2026-05-23T16:17:16Z,ios,,US
u_0000094c,2026-05-23T22:02:51Z,ios,,US
u_0000094f,2026-05-23T19:30:23Z,web,,US
u_00000952,2026-05-23T15:08:59Z,ios,,US
u_00000953,2026-05-23T23:05:28Z,ios,,DE
u_00000954,2026-05-23T15:30:46Z,web,,US
u_00000957,2026-05-23T00:35:15Z,ios,,GB
u_0000095a,2026-05-23T07:08:20Z,ios,,US
u_0000095d,2026-05-23T23:01:13Z,ios,,GB
u_00000960,2026-05-23T01:55:38Z,ios,,US
u_00000961,2026-05-23T22:08:19Z,ios,,CA
u_00000964,2026-05-23T15:44:42Z,ios,,US
u_00000966,2026-05-23T18:49:15Z,web,,GB
u_00000968,2026-05-23T22:01:14Z,ios,,US
u_0000096b,2026-05-23T15:24:39Z,ios,,AU
u_0000096e,2026-05-24T09:58:20Z,ios,,GB
u_00000971,2026-05-24T12:00:06Z,web,,US
u_00000974,2026-05-24T03:44:33Z,android,,GB
u_00000977,2026-05-24T16:58:56Z,ios,,DE
u_00000979,2026-05-24T01:09:40Z,ios,,US
u_0000097b,2026-05-24T23:25:38Z,ios,,US
u_0000097d,2026-05-24T11:00:05Z,android,,US
u_0000097e,2026-05-24T17:31:53Z,web,,US
u_00000980,2026-05-24T02:57:24Z,ios,,US
u_00000983,2026-05-24T04:53:18Z,web,,GB
u_00000986,2026-05-24T06:15:06Z,ios,,US
u_00000988,2026-05-24T14:59:26Z,android,,US
u_0000098a,2026-05-24T19:03:11Z,ios,,US
u_0000098d,2026-05-24T15:30:53Z,web,,AU
u_0000098f,2026-05-24T06:05:29Z,android,,US
u_00000992,2026-05-24T23:48:30Z,android,,US
u_00000994,2026-05-24T11:08:53Z,ios,,US
u_00000997,2026-05-24T18:05:03Z,ios,,GB
u_0000099a,2026-05-24T02:26:20Z,android,,US
u_0000099b,2026-05-24T09:23:12Z,android,,US
u_0000099d,2026-05-24T06:30:22Z,ios,,US
u_0000099f,2026-05-24T21:41:16Z,web,,DE
u_000009a0,2026-05-24T09:48:53Z,ios,,CA
u_000009a1,2026-05-24T07:33:06Z,ios,,US
u_000009a3,2026-05-24T09:54:48Z,web,,US
u_000009a6,2026-05-24T15:59:29Z,web,,US
u_000009a9,2026-05-24T06:43:14Z,android,,GB
u_000009aa,2026-05-24T11:02:58Z,ios,,US
u_000009ab,2026-05-24T06:49:27Z,android,,US
u_000009ac,2026-05-24T23:14:38Z,ios,,US
u_000009ae,2026-05-24T18:30:20Z,android,,US
u_000009b0,2026-05-25T05:04:43Z,ios,,GB
u_000009b3,2026-05-25T18:43:06Z,ios,,US
u_000009b6,2026-05-25T05:43:48Z,ios,,CA
u_000009b9,2026-05-25T13:24:03Z,android,,US
u_000009ba,2026-05-25T18:30:59Z,android,,GB
u_000009bb,2026-05-25T06:53:54Z,ios,,AU
u_000009be,2026-05-25T07:03:38Z,ios,,GB
u_000009bf,2026-05-25T01:41:03Z,web,,US
u_000009c2,2026-05-25T16:05:39Z,android,,US
u_000009c4,2026-05-25T04:20:21Z,web,,US
u_000009c7,2026-05-25T02:00:06Z,ios,,US
u_000009ca,2026-05-25T02:23:04Z,web,,US
u_000009cb,2026-05-25T07:21:59Z,web,,GB
u_000009cd,2026-05-25T20:01:52Z,android,,US
u_000009cf,2026-05-25T07:50:35Z,ios,,US
u_000009d0,2026-05-25T13:57:48Z,ios,,US
u_000009d3,2026-05-25T05:25:48Z,ios,,GB
u_000009d6,2026-05-25T18:15:38Z,ios,,GB
u_000009d7,2026-05-25T12:02:52Z,android,,US
u_000009d9,2026-05-25T04:10:49Z,android,,CA
u_000009da,2026-05-25T02:53:04Z,android,,GB
u_000009db,2026-05-25T03:56:11Z,ios,,DE
u_000009dd,2026-05-25T22:15:50Z,ios,,US
u_000009df,2026-05-25T13:50:31Z,android,,US
u_000009e1,2026-05-25T23:04:59Z,android,,US
u_000009e2,2026-05-25T15:46:42Z,android,,CA
u_000009e5,2026-05-25T02:51:34Z,web,,AU
u_000009e6,2026-05-25T14:02:58Z,web,,US
u_000009e9,2026-05-25T14:40:58Z,ios,,US
u_000009eb,2026-05-26T19:17:09Z,web,,CA
u_000009ed,2026-05-26T03:08:23Z,web,,US
u_000009ef,2026-05-26T14:02:44Z,ios,,US
u_000009f1,2026-05-26T12:20:14Z,web,,CA
u_000009f4,2026-05-26T00:18:43Z,ios,,US
u_000009f5,2026-05-26T20:01:59Z,android,,AU
u_000009f7,2026-05-26T23:00:26Z,web,,DE
u_000009f9,2026-05-26T21:27:27Z,web,,US
u_000009fa,2026-05-26T22:12:42Z,ios,,AU
u_000009fb,2026-05-26T11:41:43Z,android,,CA
u_000009fd,2026-05-26T17:13:32Z,ios,,US
u_000009ff,2026-05-26T23:56:08Z,web,,CA
u_00000a02,2026-05-26T00:30:19Z,web,,US
u_00000a05,2026-05-26T22:14:24Z,ios,,CA
u_00000a06,2026-05-26T03:40:42Z,web,,DE
u_00000a08,2026-05-26T11:01:58Z,ios,,US
u_00000a0b,2026-05-26T01:01:14Z,ios,,US
u_00000a0c,2026-05-26T09:01:20Z,ios,,CA
u_00000a0d,2026-05-26T05:54:30Z,ios,,US
u_00000a10,2026-05-26T14:41:49Z,web,,US
u_00000a11,2026-05-26T13:56:42Z,android,,CA
u_00000a13,2026-05-26T02:35:04Z,ios,,GB
u_00000a15,2026-05-26T22:41:35Z,ios,,US
u_00000a18,2026-05-26T23:17:42Z,web,,CA
u_00000a1a,2026-05-26T05:56:22Z,ios,,US
u_00000a1c,2026-05-27T14:43:46Z,ios,,US
u_00000a1e,2026-05-27T08:14:06Z,android,,US
u_00000a1f,2026-05-27T04:08:15Z,android,,DE
u_00000a21,2026-05-27T10:44:43Z,ios,,US
u_00000a24,2026-05-27T14:07:21Z,web,,GB
u_00000a27,2026-05-27T19:16:56Z,ios,,GB
u_00000a29,2026-05-27T05:04:59Z,web,,US
u_00000a2c,2026-05-27T14:12:40Z,web,,CA
u_00000a2d,2026-05-27T07:25:16Z,android,,US
u_00000a30,2026-05-27T14:34:32Z,ios,,US
u_00000a32,2026-05-27T01:13:27Z,web,,US
u_00000a33,2026-05-27T12:33:39Z,ios,,US
u_00000a36,2026-05-27T13:59:10Z,ios,,GB
u_00000a38,2026-05-27T00:38:55Z,android,,US
u_00000a39,2026-05-27T18:26:24Z,ios,,DE
u_00000a3a,2026-05-27T14:46:36Z,ios,,US
u_00000a3c,2026-05-27T16:15:58Z,ios,,GB
u_00000a3e,2026-05-27T08:55:54Z,ios,,GB
u_00000a3f,2026-05-27T21:56:33Z,android,,DE
u_00000a40,2026-05-27T23:42:37Z,ios,,US
u_00000a42,2026-05-27T23:22:14Z,android,,US
u_00000a45,2026-05-27T07:20:23Z,web,,US
u_00000a48,2026-05-27T06:45:52Z,android,,US
u_00000a49,2026-05-27T03:01:03Z,ios,,GB
u_00000a4c,2026-05-27T04:49:44Z,ios,,US
u_00000a4d,2026-05-27T21:20:48Z,web,,AU
u_00000a4f,2026-05-27T06:49:47Z,web,,US
u_00000a52,2026-05-27T12:46:00Z,android,,AU
u_00000a55,2026-05-27T10:36:35Z,ios,,US
u_00000a58,2026-05-27T15:02:45Z,ios,,US
u_00000a59,2026-05-28T03:17:28Z,web,,AU
u_00000a5b,2026-05-28T15:03:27Z,android,,US
u_00000a5e,2026-05-28T11:21:00Z,android,,US
u_00000a60,2026-05-28T03:08:05Z,android,,US
u_00000a61,2026-05-28T04:09:41Z,ios,,DE
u_00000a63,2026-05-28T17:56:32Z,ios,,GB
u_00000a66,2026-05-28T07:15:30Z,android,,CA
u_00000a68,2026-05-28T16:37:02Z,web,,CA
u_00000a6b,2026-05-28T06:26:53Z,android,,US
u_00000a6c,2026-05-28T05:59:20Z,android,,CA
u_00000a6f,2026-05-28T09:27:17Z,ios,,US
u_00000a71,2026-05-28T18:40:59Z,android,,US
u_00000a72,2026-05-28T01:26:41Z,ios,,DE
u_00000a74,2026-05-28T09:21:56Z,ios,,US
u_00000a77,2026-05-28T18:20:16Z,ios,,CA
u_00000a79,2026-05-28T12:35:03Z,ios,,US
u_00000a7b,2026-05-28T01:40:16Z,ios,,DE
u_00000a7d,2026-05-28T08:14:15Z,ios,,US
u_00000a7e,2026-05-28T22:06:21Z,web,,DE
u_00000a81,2026-05-28T16:24:37Z,ios,,US
u_00000a84,2026-05-28T01:25:26Z,web,,US
u_00000a85,2026-05-28T09:49:28Z,android,,US
u_00000a86,2026-05-28T17:18:30Z,android,,GB
u_00000a88,2026-05-28T06:02:33Z,ios,,CA
u_00000a89,2026-05-28T15:48:37Z,android,,US
u_00000a8c,2026-05-28T08:10:18Z,ios,,US
u_00000a8f,2026-05-29T06:58:11Z,android,,US
u_00000a92,2026-05-29T19:08:04Z,android,,DE
u_00000a93,2026-05-29T08:29:37Z,ios,,GB
u_00000a94,2026-05-29T03:18:34Z,android,,US
u_00000a96,2026-05-29T17:20:40Z,ios,,US
u_00000a97,2026-05-29T13:50:18Z,ios,,US
u_00000a9a,2026-05-29T05:12:23Z,android,,US
u_00000a9d,2026-05-29T04:42:16Z,ios,,US
u_00000aa0,2026-05-29T15:54:34Z,ios,,US
u_00000aa2,2026-05-29T11:34:32Z,web,,US
u_00000aa3,2026-05-29T14:28:08Z,web,,US
u_00000aa6,2026-05-29T06:42:30Z,android,,DE
u_00000aa8,2026-05-29T21:01:43Z,ios,,US
u_00000aab,2026-05-29T01:01:08Z,ios,,US
u_00000aae,2026-05-29T02:53:30Z,ios,,US
u_00000ab1,2026-05-29T17:04:48Z,web,,AU
u_00000ab3,2026-05-29T08:12:25Z,ios,,US
u_00000ab6,2026-05-29T03:40:33Z,web,,US
u_00000ab9,2026-05-29T02:19:30Z,ios,,GB
u_00000aba,2026-05-29T05:43:24Z,android,,CA
u_00000abc,2026-05-29T15:13:24Z,ios,,CA
u_00000abe,2026-05-29T20:16:49Z,web,,GB
u_00000ac1,2026-05-29T04:16:38Z,web,,US
u_00000ac3,2026-05-29T15:35:43Z,ios,,US
u_00000ac5,2026-05-29T21:39:17Z,android,,US
u_00000ac6,2026-05-29T20:20:34Z,ios,,GB
u_00000ac7,2026-05-29T21:45:23Z,ios,,DE
u_00000ac8,2026-05-30T01:15:26Z,ios,,US
u_00000ac9,2026-05-30T15:18:55Z,web,,US
u_00000aca,2026-05-30T13:50:13Z,ios,,GB
u_00000acb,2026-05-30T08:20:01Z,android,,US
u_00000acc,2026-05-30T02:30:26Z,ios,,US
u_00000acd,2026-05-30T16:37:20Z,web,,US
u_00000ace,2026-05-30T23:00:37Z,web,,US
u_00000acf,2026-05-30T02:08:07Z,android,,US
u_00000ad2,2026-05-30T04:09:39Z,ios,,US
u_00000ad4,2026-05-30T09:12:34Z,ios,,GB
u_00000ad5,2026-05-30T23:36:15Z,android,,DE
u_00000ad8,2026-05-30T14:40:35Z,web,,US
u_00000adb,2026-05-30T06:12:07Z,ios,,US
u_00000ade,2026-05-30T21:53:28Z,android,,US
u_00000ae0,2026-05-30T10:50:47Z,web,,DE
u_00000ae1,2026-05-30T21:46:14Z,android,,US
u_00000ae4,2026-05-30T00:21:20Z,web,,AU
u_00000ae7,2026-05-30T17:07:26Z,android,,DE
u_00000aea,2026-05-30T04:31:29Z,ios,,US
u_00000aed,2026-05-30T05:27:10Z,ios,,US
u_00000af0,2026-05-30T00:54:36Z,ios,,DE
u_00000af2,2026-05-30T20:09:30Z,ios,,GB
u_00000af3,2026-05-30T02:31:45Z,web,,CA
u_00000af6,2026-05-30T08:03:50Z,ios,,US
u_00000af8,2026-05-30T21:58:37Z,android,,AU
u_00000afb,2026-05-30T07:26:28Z,android,,AU
u_00000afd,2026-05-30T22:57:48Z,ios,,AU
u_00000aff,2026-05-30T00:20:18Z,ios,,US
u_00000b00,2026-05-30T17:21:10Z,web,,GB
u_00000b02,2026-05-31T21:25:40Z,web,,GB
u_00000b04,2026-05-31T03:32:55Z,ios,,DE
u_00000b06,2026-05-31T19:54:24Z,ios,,US
u_00000b09,2026-05-31T13:30:19Z,android,,US
u_00000b0c,2026-05-31T23:07:41Z,ios,,GB
u_00000b0d,2026-05-31T01:40:04Z,ios,,GB
u_00000b0e,2026-05-31T21:07:21Z,ios,,US
u_00000b0f,2026-05-31T01:17:24Z,android,,DE
u_00000b11,2026-05-31T05:57:46Z,web,,US
u_00000b12,2026-05-31T07:36:11Z,ios,,AU
u_00000b13,2026-05-31T04:42:15Z,web,,US
u_00000b16,2026-05-31T14:02:56Z,ios,,US
u_00000b19,2026-05-31T06:15:25Z,ios,,CA
u_00000b1a,2026-05-31T12:06:52Z,ios,,DE
u_00000b1d,2026-05-31T09:07:26Z,web,,US
u_00000b20,2026-05-31T12:05:25Z,ios,,US
u_00000b22,2026-05-31T09:25:45Z,ios,,DE
u_00000b24,2026-05-31T19:11:10Z,ios,,US
u_00000b25,2026-05-31T07:11:00Z,android,,US
u_00000b28,2026-05-31T01:22:29Z,ios,,US
u_00000b2a,2026-05-31T02:00:50Z,ios,,US
u_00000b2c,2026-05-31T22:41:32Z,android,,US
u_00000b2d,2026-05-31T22:45:00Z,ios,,GB
u_00000b2f,2026-05-31T21:36:27Z,ios,,US
u_00000b30,2026-05-31T01:18:23Z,ios,,US
u_00000b31,2026-05-31T18:16:59Z,web,,GB
u_00000b33,2026-05-31T15:20:06Z,ios,,US
u_00000b35,2026-06-01T02:34:05Z,android,control,DE
u_00000b36,2026-06-01T11:08:55Z,ios,control,US
u_00000b39,2026-06-01T01:49:59Z,ios,checklist,US
u_00000b3b,2026-06-01T17:58:16Z,ios,checklist,US
u_00000b3e,2026-06-01T11:10:29Z,ios,checklist,DE
u_00000b40,2026-06-01T03:02:06Z,web,checklist,US
u_00000b41,2026-06-01T12:45:44Z,ios,checklist,US
u_00000b42,2026-06-01T02:07:56Z,ios,control,US
u_00000b44,2026-06-01T23:16:28Z,ios,control,US
u_00000b46,2026-06-01T10:44:29Z,ios,checklist,US
u_00000b49,2026-06-01T18:58:17Z,web,checklist,GB
u_00000b4b,2026-06-01T04:22:55Z,ios,control,US
u_00000b4d,2026-06-01T03:27:38Z,ios,checklist,DE
u_00000b50,2026-06-01T00:20:31Z,ios,control,US
u_00000b51,2026-06-01T18:27:42Z,android,checklist,US
u_00000b54,2026-06-01T15:34:14Z,web,control,DE
u_00000b57,2026-06-01T18:14:29Z,web,control,US
u_00000b5a,2026-06-01T05:11:36Z,android,control,US
u_00000b5c,2026-06-01T05:32:48Z,web,checklist,DE
u_00000b5e,2026-06-01T03:46:32Z,ios,control,US
u_00000b60,2026-06-01T18:24:41Z,web,control,US
u_00000b63,2026-06-01T22:35:58Z,android,checklist,DE
u_00000b66,2026-06-01T12:54:02Z,ios,control,AU
u_00000b68,2026-06-01T13:20:54Z,ios,control,CA
u_00000b6b,2026-06-01T20:09:18Z,ios,checklist,US
u_00000b6d,2026-06-01T04:02:46Z,android,control,US
u_00000b70,2026-06-01T07:36:21Z,android,checklist,GB
u_00000b71,2026-06-01T08:29:06Z,ios,control,US
u_00000b74,2026-06-01T05:57:30Z,web,control,US
u_00000b76,2026-06-01T17:52:23Z,ios,checklist,US
u_00000b78,2026-06-01T12:29:05Z,web,control,CA
u_00000b79,2026-06-02T05:36:52Z,ios,control,US
u_00000b7c,2026-06-02T11:32:24Z,ios,checklist,GB
u_00000b7f,2026-06-02T11:12:15Z,android,control,US
u_00000b82,2026-06-02T03:48:53Z,ios,control,CA
u_00000b83,2026-06-02T13:07:13Z,android,checklist,US
u_00000b85,2026-06-02T13:59:58Z,ios,checklist,US
u_00000b86,2026-06-02T04:34:36Z,web,control,US
u_00000b88,2026-06-02T19:43:00Z,android,control,US
u_00000b8a,2026-06-02T03:12:02Z,web,control,US
u_00000b8b,2026-06-02T04:26:29Z,ios,control,CA
u_00000b8e,2026-06-02T14:53:27Z,ios,checklist,GB
u_00000b90,2026-06-02T21:37:14Z,web,control,GB
u_00000b92,2026-06-02T16:37:21Z,ios,control,CA
u_00000b93,2026-06-02T20:50:37Z,ios,control,CA
u_00000b96,2026-06-02T09:06:32Z,ios,control,GB
u_00000b97,2026-06-02T18:29:58Z,android,control,CA
u_00000b99,2026-06-02T21:35:58Z,web,checklist,US
u_00000b9a,2026-06-02T04:26:59Z,ios,checklist,GB
u_00000b9c,2026-06-02T23:41:56Z,android,control,DE
u_00000b9e,2026-06-02T00:30:28Z,ios,checklist,US
u_00000b9f,2026-06-02T17:04:49Z,ios,checklist,AU
u_00000ba1,2026-06-02T19:31:57Z,android,control,US
u_00000ba4,2026-06-02T22:21:18Z,android,control,US
u_00000ba7,2026-06-02T20:42:02Z,web,checklist,DE
u_00000baa,2026-06-02T03:55:31Z,web,checklist,AU
u_00000bad,2026-06-02T03:38:32Z,ios,control,US
u_00000baf,2026-06-02T16:41:02Z,ios,control,US
u_00000bb0,2026-06-02T05:44:31Z,ios,control,CA
u_00000bb3,2026-06-02T11:17:10Z,web,control,US
u_00000bb4,2026-06-02T02:05:47Z,ios,control,GB
u_00000bb7,2026-06-02T01:50:35Z,ios,control,US
u_00000bba,2026-06-02T14:03:21Z,web,checklist,DE
u_00000bbc,2026-06-02T06:36:13Z,web,control,US
u_00000bbe,2026-06-03T03:32:17Z,ios,control,GB
u_00000bc0,2026-06-03T12:43:54Z,ios,checklist,AU
u_00000bc2,2026-06-03T04:26:29Z,ios,control,CA
u_00000bc5,2026-06-03T01:31:36Z,ios,control,US
u_00000bc7,2026-06-03T10:12:53Z,ios,control,US
u_00000bca,2026-06-03T19:31:52Z,ios,checklist,US
u_00000bcb,2026-06-03T01:24:45Z,ios,control,US
u_00000bce,2026-06-03T20:32:55Z,web,checklist,US
u_00000bd0,2026-06-03T00:25:11Z,web,checklist,US
u_00000bd1,2026-06-03T09:24:39Z,ios,checklist,US
u_00000bd4,2026-06-03T06:34:44Z,android,checklist,GB
u_00000bd6,2026-06-03T07:09:57Z,web,control,US
u_00000bd7,2026-06-03T07:36:31Z,web,checklist,US
u_00000bd8,2026-06-03T06:51:18Z,web,control,GB
u_00000bdb,2026-06-03T07:18:57Z,web,control,AU
u_00000bdc,2026-06-03T15:00:16Z,ios,control,US
u_00000bdd,2026-06-03T00:50:18Z,ios,control,DE
u_00000bde,2026-06-03T01:45:35Z,web,checklist,US
u_00000bdf,2026-06-03T08:35:43Z,web,control,US
u_00000be1,2026-06-03T10:04:30Z,ios,checklist,GB
u_00000be3,2026-06-03T12:57:38Z,android,checklist,US
u_00000be6,2026-06-03T08:53:22Z,ios,checklist,CA
u_00000be8,2026-06-03T05:17:45Z,ios,checklist,US
u_00000bea,2026-06-03T20:43:52Z,android,checklist,US
u_00000bed,2026-06-03T02:23:21Z,ios,control,US
u_00000bee,2026-06-03T10:01:32Z,android,control,AU
u_00000bf0,2026-06-03T07:31:13Z,ios,checklist,CA
u_00000bf3,2026-06-03T13:04:49Z,android,control,US
u_00000bf4,2026-06-03T06:45:50Z,android,control,US
u_00000bf6,2026-06-03T18:14:25Z,web,checklist,AU
u_00000bf7,2026-06-03T13:05:56Z,web,control,AU
u_00000bf8,2026-06-03T14:13:01Z,ios,control,US
u_00000bfb,2026-06-03T22:56:28Z,ios,control,DE
u_00000bfe,2026-06-04T09:14:32Z,web,control,US
u_00000c01,2026-06-04T19:38:09Z,web,checklist,AU
u_00000c02,2026-06-04T12:57:00Z,android,control,US
u_00000c04,2026-06-04T10:29:55Z,web,control,US
u_00000c05,2026-06-04T22:09:12Z,web,control,US
u_00000c06,2026-06-04T18:19:04Z,web,control,US
u_00000c09,2026-06-04T16:48:33Z,ios,control,US
u_00000c0c,2026-06-04T02:09:40Z,ios,checklist,GB
u_00000c0e,2026-06-04T04:23:51Z,ios,checklist,US
u_00000c0f,2026-06-04T14:28:36Z,ios,control,DE
u_00000c10,2026-06-04T10:16:35Z,web,checklist,GB
u_00000c12,2026-06-04T15:22:38Z,web,checklist,DE
u_00000c14,2026-06-04T15:21:13Z,ios,checklist,AU
u_00000c16,2026-06-04T19:09:05Z,web,checklist,CA
u_00000c17,2026-06-04T04:13:13Z,ios,control,US
u_00000c1a,2026-06-04T16:59:37Z,ios,checklist,AU
u_00000c1d,2026-06-04T17:16:10Z,ios,checklist,US
u_00000c20,2026-06-04T01:42:18Z,web,control,GB
u_00000c21,2026-06-04T13:16:52Z,android,checklist,US
u_00000c24,2026-06-04T16:49:50Z,ios,checklist,GB
u_00000c25,2026-06-04T09:42:06Z,ios,checklist,US
u_00000c28,2026-06-04T10:58:09Z,ios,control,GB
u_00000c29,2026-06-04T04:03:18Z,web,control,GB
u_00000c2a,2026-06-04T20:26:51Z,android,control,US
u_00000c2b,2026-06-04T07:53:24Z,web,control,GB
u_00000c2e,2026-06-05T10:24:27Z,android,control,CA
u_00000c2f,2026-06-05T00:53:59Z,ios,checklist,DE
u_00000c31,2026-06-05T20:46:24Z,web,control,CA
u_00000c33,2026-06-05T05:27:29Z,android,checklist,AU
u_00000c34,2026-06-05T00:47:17Z,ios,control,US
u_00000c36,2026-06-05T04:57:44Z,ios,control,CA
u_00000c39,2026-06-05T22:50:37Z,ios,control,US
u_00000c3b,2026-06-05T17:18:18Z,ios,control,US
u_00000c3c,2026-06-05T14:31:16Z,ios,control,GB
u_00000c3f,2026-06-05T11:07:14Z,ios,control,US
u_00000c41,2026-06-05T06:20:40Z,android,checklist,DE
u_00000c44,2026-06-05T14:07:36Z,ios,control,US
u_00000c46,2026-06-05T22:35:00Z,ios,control,DE
u_00000c48,2026-06-05T11:38:48Z,android,checklist,AU
u_00000c49,2026-06-05T04:06:31Z,ios,checklist,AU
u_00000c4a,2026-06-05T08:50:39Z,web,checklist,US
u_00000c4b,2026-06-05T12:41:33Z,android,checklist,US
u_00000c4c,2026-06-05T20:34:01Z,android,checklist,GB
u_00000c4f,2026-06-05T16:58:31Z,android,control,US
u_00000c51,2026-06-05T04:20:28Z,android,control,GB
u_00000c54,2026-06-05T01:26:37Z,android,control,US
u_00000c57,2026-06-05T20:52:19Z,ios,checklist,AU
u_00000c59,2026-06-05T17:28:25Z,web,checklist,GB
u_00000c5b,2026-06-05T13:50:55Z,android,checklist,AU
u_00000c5d,2026-06-05T20:14:31Z,ios,checklist,US
u_00000c5e,2026-06-05T09:09:34Z,web,control,CA
u_00000c5f,2026-06-05T05:54:20Z,web,control,GB
u_00000c60,2026-06-05T16:20:58Z,android,checklist,US
u_00000c61,2026-06-06T19:59:48Z,ios,control,CA
u_00000c64,2026-06-06T10:52:53Z,ios,control,US
u_00000c66,2026-06-06T04:09:32Z,android,checklist,CA
u_00000c67,2026-06-06T03:29:38Z,web,control,US
u_00000c68,2026-06-06T21:02:34Z,web,checklist,US
u_00000c69,2026-06-06T00:38:07Z,ios,control,CA
u_00000c6b,2026-06-06T18:55:25Z,ios,control,US
u_00000c6d,2026-06-06T06:06:20Z,web,control,DE
u_00000c6f,2026-06-06T23:40:30Z,ios,control,CA
u_00000c71,2026-06-06T19:24:48Z,android,control,DE
u_00000c74,2026-06-06T21:27:57Z,web,control,US
u_00000c76,2026-06-06T22:24:44Z,ios,control,DE
u_00000c78,2026-06-06T21:53:38Z,ios,control,US
u_00000c79,2026-06-06T19:20:35Z,web,checklist,DE
u_00000c7c,2026-06-06T23:07:02Z,ios,checklist,US
u_00000c7d,2026-06-06T01:26:38Z,ios,checklist,US
u_00000c7f,2026-06-06T03:31:25Z,web,control,US
u_00000c82,2026-06-06T21:34:37Z,android,checklist,CA
u_00000c85,2026-06-06T05:43:11Z,android,control,US
u_00000c87,2026-06-06T19:20:10Z,ios,control,CA
u_00000c88,2026-06-06T17:13:30Z,ios,control,US
u_00000c89,2026-06-06T12:34:58Z,android,checklist,GB
u_00000c8b,2026-06-06T18:22:09Z,ios,control,CA
u_00000c8e,2026-06-06T14:23:02Z,ios,control,US
u_00000c91,2026-06-06T01:40:23Z,ios,checklist,CA
u_00000c92,2026-06-06T11:29:54Z,web,control,DE
u_00000c94,2026-06-06T18:16:51Z,web,control,DE
u_00000c97,2026-06-06T16:07:58Z,web,control,US
u_00000c9a,2026-06-06T21:13:51Z,android,control,US
u_00000c9c,2026-06-06T22:14:24Z,android,checklist,CA
u_00000c9f,2026-06-06T15:11:44Z,web,checklist,US
u_00000ca1,2026-06-06T01:17:01Z,ios,checklist,AU
u_00000ca4,2026-06-06T13:53:20Z,ios,control,US
u_00000ca5,2026-06-06T19:27:23Z,web,checklist,GB
u_00000ca6,2026-06-06T08:12:55Z,ios,control,US
u_00000ca8,2026-06-06T04:42:11Z,ios,checklist,CA
u_00000ca9,2026-06-07T13:13:17Z,android,checklist,US
u_00000caa,2026-06-07T20:12:22Z,web,control,US
u_00000cad,2026-06-07T04:55:15Z,android,control,CA
u_00000cae,2026-06-07T07:58:14Z,web,control,GB
u_00000cb1,2026-06-07T14:36:16Z,ios,control,US
u_00000cb4,2026-06-07T22:35:45Z,ios,checklist,AU
u_00000cb5,2026-06-07T02:50:50Z,android,control,GB
u_00000cb6,2026-06-07T14:15:58Z,ios,checklist,US
u_00000cb7,2026-06-07T04:10:52Z,ios,control,US
u_00000cb9,2026-06-07T03:56:09Z,ios,checklist,CA
u_00000cbc,2026-06-07T09:30:34Z,android,control,AU
u_00000cbf,2026-06-07T20:02:56Z,ios,checklist,DE
u_00000cc2,2026-06-07T00:31:47Z,web,control,AU
u_00000cc3,2026-06-07T08:40:12Z,ios,control,GB
u_00000cc6,2026-06-07T04:28:13Z,web,checklist,US
u_00000cc8,2026-06-07T14:01:13Z,ios,control,AU
u_00000cca,2026-06-07T11:34:19Z,web,checklist,US
u_00000ccc,2026-06-07T17:21:16Z,android,checklist,GB
u_00000ccd,2026-06-07T14:50:28Z,ios,control,US
u_00000ccf,2026-06-07T20:35:28Z,web,control,US
u_00000cd0,2026-06-07T00:15:32Z,android,control,GB
u_00000cd3,2026-06-07T23:12:24Z,ios,checklist,US
u_00000cd4,2026-06-07T17:54:03Z,ios,checklist,US
u_00000cd7,2026-06-07T19:27:12Z,android,checklist,CA
u_00000cd9,2026-06-07T01:01:59Z,ios,checklist,US
u_00000cdc,2026-06-07T17:33:20Z,ios,checklist,US
u_00000cdf,2026-06-07T23:57:16Z,ios,control,US
u_00000ce1,2026-06-07T17:39:44Z,ios,checklist,US
u_00000ce2,2026-06-07T20:15:24Z,ios,checklist,US
u_00000ce3,2026-06-07T08:56:22Z,web,control,GB
u_00000ce5,2026-06-07T01:36:24Z,android,checklist,GB
u_00000ce6,2026-06-08T05:38:29Z,android,checklist,GB
u_00000ce8,2026-06-08T10:35:56Z,android,checklist,DE
u_00000ce9,2026-06-08T04:53:48Z,web,control,GB
u_00000ceb,2026-06-08T12:57:47Z,web,control,US
u_00000cec,2026-06-08T19:43:12Z,android,checklist,DE
u_00000ced,2026-06-08T15:18:46Z,android,checklist,DE
u_00000cee,2026-06-08T15:18:28Z,android,control,DE
u_00000cf0,2026-06-08T05:19:52Z,ios,checklist,US
u_00000cf2,2026-06-08T18:03:20Z,android,control,DE
u_00000cf4,2026-06-08T18:44:50Z,ios,control,US
u_00000cf7,2026-06-08T15:51:54Z,web,control,US
u_00000cfa,2026-06-08T02:06:56Z,web,control,CA
u_00000cfd,2026-06-08T21:44:24Z,android,control,GB
u_00000cfe,2026-06-08T19:11:50Z,web,control,DE
u_00000d01,2026-06-08T02:36:06Z,android,checklist,DE
u_00000d02,2026-06-08T00:30:16Z,web,checklist,US
u_00000d03,2026-06-08T20:46:04Z,android,control,CA
u_00000d04,2026-06-08T18:02:45Z,web,checklist,US
u_00000d05,2026-06-08T11:34:54Z,ios,checklist,DE
u_00000d08,2026-06-08T11:43:09Z,ios,checklist,AU
u_00000d0a,2026-06-08T00:54:03Z,ios,checklist,CA
u_00000d0c,2026-06-08T01:21:00Z,ios,checklist,CA
u_00000d0f,2026-06-08T01:24:00Z,android,checklist,US
u_00000d12,2026-06-08T12:01:41Z,ios,control,DE
u_00000d15,2026-06-08T06:47:13Z,web,control,GB
u_00000d17,2026-06-08T18:22:38Z,web,control,US
u_00000d18,2026-06-08T23:30:41Z,android,control,US
u_00000d19,2026-06-08T21:47:08Z,android,checklist,CA
u_00000d1a,2026-06-09T21:18:58Z,web,control,US
u_00000d1d,2026-06-09T03:05:21Z,android,checklist,US
u_00000d20,2026-06-09T08:42:06Z,web,checklist,US
u_00000d22,2026-06-09T09:33:13Z,android,control,GB
u_00000d25,2026-06-09T06:06:03Z,web,control,GB
u_00000d27,2026-06-09T22:37:43Z,ios,checklist,US
u_00000d28,2026-06-09T01:43:08Z,android,control,GB
u_00000d2a,2026-06-09T12:46:55Z,web,checklist,US
u_00000d2d,2026-06-09T17:07:31Z,android,checklist,AU
u_00000d2f,2026-06-09T08:19:02Z,android,checklist,US
u_00000d32,2026-06-09T17:36:25Z,ios,checklist,US
u_00000d34,2026-06-09T19:57:25Z,android,control,US
u_00000d37,2026-06-09T12:19:59Z,android,checklist,GB
u_00000d38,2026-06-09T20:11:56Z,android,control,GB
u_00000d3b,2026-06-09T01:55:08Z,ios,checklist,CA
u_00000d3e,2026-06-09T03:28:48Z,web,checklist,US
u_00000d40,2026-06-09T03:53:17Z,ios,control,US
u_00000d43,2026-06-09T11:56:43Z,web,control,GB
u_00000d44,2026-06-09T02:44:10Z,android,control,US
u_00000d45,2026-06-09T13:23:05Z,android,control,AU
u_00000d46,2026-06-09T10:48:16Z,android,checklist,AU
u_00000d47,2026-06-09T05:30:42Z,ios,control,US
u_00000d48,2026-06-09T20:59:11Z,ios,control,US
u_00000d4b,2026-06-09T14:57:54Z,android,checklist,US
u_00000d4d,2026-06-09T21:00:36Z,android,checklist,US
u_00000d4f,2026-06-09T22:05:37Z,android,control,US
u_00000d52,2026-06-09T13:03:36Z,ios,checklist,US
u_00000d55,2026-06-09T17:12:29Z,android,control,DE
u_00000d58,2026-06-09T18:45:47Z,web,checklist,AU
u_00000d59,2026-06-09T14:58:03Z,android,checklist,AU
u_00000d5c,2026-06-10T10:48:09Z,ios,control,US
u_00000d5d,2026-06-10T20:38:42Z,web,control,US
u_00000d5e,2026-06-10T11:06:39Z,android,control,US
u_00000d5f,2026-06-10T18:36:38Z,android,checklist,US
u_00000d62,2026-06-10T05:14:12Z,web,checklist,US
u_00000d63,2026-06-10T19:13:53Z,android,checklist,US
u_00000d64,2026-06-10T01:24:45Z,ios,control,US
u_00000d65,2026-06-10T21:22:14Z,ios,control,US
u_00000d68,2026-06-10T14:07:49Z,web,checklist,US
u_00000d6a,2026-06-10T19:35:07Z,android,control,US
u_00000d6c,2026-06-10T15:34:13Z,android,control,US
u_00000d6e,2026-06-10T11:16:13Z,ios,checklist,US
u_00000d71,2026-06-10T23:36:52Z,android,checklist,GB
u_00000d74,2026-06-10T09:37:56Z,android,control,US
u_00000d77,2026-06-10T14:32:13Z,android,control,AU
u_00000d78,2026-06-10T18:27:18Z,android,control,US
u_00000d79,2026-06-10T23:32:26Z,ios,control,US
u_00000d7b,2026-06-10T05:48:34Z,android,control,GB
u_00000d7e,2026-06-10T10:01:41Z,ios,control,US
u_00000d7f,2026-06-10T06:10:15Z,web,control,GB
u_00000d80,2026-06-10T16:05:09Z,ios,checklist,US
u_00000d83,2026-06-10T12:02:49Z,web,control,US
u_00000d85,2026-06-10T02:50:25Z,web,control,US
u_00000d87,2026-06-10T19:14:18Z,android,control,US
u_00000d8a,2026-06-10T02:32:04Z,ios,checklist,GB
u_00000d8b,2026-06-10T12:16:00Z,ios,control,DE
u_00000d8c,2026-06-10T20:42:54Z,android,checklist,AU
u_00000d8d,2026-06-10T07:41:04Z,android,checklist,US
u_00000d90,2026-06-11T16:10:26Z,ios,control,US
u_00000d91,2026-06-11T17:18:49Z,ios,checklist,GB
u_00000d92,2026-06-11T10:47:01Z,ios,checklist,DE
u_00000d95,2026-06-11T06:35:29Z,web,checklist,US
u_00000d96,2026-06-11T09:33:33Z,ios,checklist,GB
u_00000d97,2026-06-11T07:04:40Z,ios,control,CA
u_00000d9a,2026-06-11T05:45:03Z,web,checklist,DE
u_00000d9b,2026-06-11T23:01:04Z,ios,control,US
u_00000d9c,2026-06-11T01:12:45Z,ios,control,GB
u_00000d9d,2026-06-11T07:10:08Z,android,control,US
u_00000d9e,2026-06-11T11:12:01Z,web,checklist,CA
u_00000d9f,2026-06-11T07:26:27Z,web,control,CA
u_00000da0,2026-06-11T15:22:22Z,web,checklist,GB
u_00000da2,2026-06-11T07:50:48Z,android,checklist,US
u_00000da5,2026-06-11T19:47:06Z,ios,control,DE
u_00000da7,2026-06-11T20:14:01Z,android,control,AU
u_00000da8,2026-06-11T05:01:01Z,android,control,US
u_00000dab,2026-06-11T03:46:25Z,ios,control,AU
u_00000dac,2026-06-11T00:40:25Z,ios,checklist,US
u_00000dae,2026-06-11T18:05:29Z,web,checklist,US
u_00000db1,2026-06-11T17:17:45Z,android,checklist,US
u_00000db3,2026-06-11T15:21:09Z,web,checklist,US
u_00000db6,2026-06-11T08:23:27Z,ios,checklist,US
u_00000db8,2026-06-11T04:18:10Z,ios,control,US
u_00000dbb,2026-06-11T01:46:24Z,ios,control,US
u_00000dbe,2026-06-11T21:08:44Z,ios,checklist,AU
u_00000dc0,2026-06-11T22:34:55Z,ios,control,DE
u_00000dc3,2026-06-11T21:35:21Z,ios,checklist,US
u_00000dc5,2026-06-11T05:37:14Z,web,control,US
u_00000dc6,2026-06-11T23:49:43Z,android,checklist,GB
u_00000dc9,2026-06-11T23:04:22Z,web,control,DE
u_00000dcb,2026-06-11T08:07:04Z,ios,checklist,AU
u_00000dcc,2026-06-11T15:43:00Z,web,control,US
u_00000dcf,2026-06-11T12:20:36Z,ios,control,US
u_00000dd1,2026-06-12T08:27:49Z,ios,control,US
u_00000dd3,2026-06-12T09:49:14Z,web,control,DE
u_00000dd6,2026-06-12T07:34:59Z,android,control,US
u_00000dd7,2026-06-12T08:42:49Z,web,checklist,GB
u_00000dd9,2026-06-12T18:00:33Z,ios,control,US
u_00000ddc,2026-06-12T18:46:06Z,web,checklist,US
u_00000dde,2026-06-12T06:36:36Z,ios,control,US
u_00000ddf,2026-06-12T17:43:03Z,android,checklist,US
u_00000de0,2026-06-12T10:17:59Z,web,control,CA
u_00000de2,2026-06-12T05:04:08Z,android,checklist,US
u_00000de5,2026-06-12T06:39:56Z,ios,checklist,US
u_00000de7,2026-06-12T15:59:15Z,web,checklist,US
u_00000de9,2026-06-12T07:07:06Z,ios,control,AU
u_00000dec,2026-06-12T01:10:29Z,ios,control,DE
u_00000def,2026-06-12T07:29:27Z,web,checklist,US
u_00000df1,2026-06-12T02:30:04Z,ios,checklist,US
u_00000df4,2026-06-12T00:41:52Z,android,checklist,US
u_00000df6,2026-06-12T23:26:56Z,ios,control,CA
u_00000df7,2026-06-12T14:51:42Z,ios,checklist,CA
u_00000df9,2026-06-12T09:14:04Z,web,control,DE
u_00000dfa,2026-06-12T07:21:43Z,ios,control,AU
u_00000dfb,2026-06-12T21:14:12Z,ios,checklist,US
u_00000dfc,2026-06-12T23:38:57Z,web,checklist,US
u_00000dfd,2026-06-12T23:51:25Z,android,checklist,US
u_00000dfe,2026-06-12T09:31:02Z,android,control,DE
u_00000dff,2026-06-12T07:13:31Z,ios,control,US
u_00000e02,2026-06-12T13:37:16Z,android,control,US
u_00000e04,2026-06-12T01:18:57Z,web,control,DE
u_00000e07,2026-06-12T20:21:31Z,ios,checklist,US
u_00000e08,2026-06-12T20:58:11Z,ios,checklist,US
u_00000e09,2026-06-12T02:38:11Z,android,checklist,US
u_00000e0b,2026-06-12T04:41:40Z,ios,checklist,US
u_00000e0d,2026-06-13T16:28:45Z,android,checklist,GB
u_00000e10,2026-06-13T04:01:17Z,android,checklist,DE
u_00000e12,2026-06-13T19:52:40Z,android,checklist,US
u_00000e13,2026-06-13T17:40:39Z,ios,checklist,GB
u_00000e15,2026-06-13T16:22:21Z,android,control,US
u_00000e18,2026-06-13T09:42:40Z,android,control,US
u_00000e19,2026-06-13T04:39:29Z,ios,checklist,US
u_00000e1a,2026-06-13T13:48:33Z,ios,checklist,CA
u_00000e1c,2026-06-13T04:52:22Z,android,control,GB
u_00000e1d,2026-06-13T00:50:59Z,android,control,GB
u_00000e1f,2026-06-13T02:15:45Z,android,control,AU
u_00000e20,2026-06-13T15:44:30Z,web,control,US
u_00000e21,2026-06-13T17:03:31Z,ios,control,GB
u_00000e23,2026-06-13T21:49:31Z,ios,checklist,US
u_00000e26,2026-06-13T22:56:47Z,android,checklist,AU
u_00000e27,2026-06-13T04:04:51Z,ios,checklist,US
u_00000e2a,2026-06-13T08:07:12Z,web,checklist,GB
u_00000e2d,2026-06-13T20:30:42Z,android,control,US
u_00000e2f,2026-06-13T05:38:20Z,ios,checklist,US
u_00000e31,2026-06-13T14:01:56Z,android,control,US
u_00000e32,2026-06-13T06:33:03Z,android,control,DE
u_00000e34,2026-06-13T16:59:51Z,ios,control,US
u_00000e37,2026-06-13T00:12:57Z,ios,control,DE
u_00000e3a,2026-06-13T07:02:20Z,web,control,CA
u_00000e3d,2026-06-13T01:21:11Z,web,control,US
u_00000e40,2026-06-13T16:52:08Z,ios,control,CA
u_00000e41,2026-06-13T04:56:11Z,ios,control,GB
u_00000e43,2026-06-13T11:12:26Z,android,checklist,DE
u_00000e45,2026-06-13T22:24:10Z,ios,control,US
u_00000e47,2026-06-14T11:01:06Z,web,control,US
u_00000e48,2026-06-14T14:54:38Z,android,checklist,US
u_00000e49,2026-06-14T08:07:54Z,android,control,AU
u_00000e4c,2026-06-14T14:47:29Z,ios,control,US
u_00000e4d,2026-06-14T05:19:20Z,ios,control,US
u_00000e50,2026-06-14T23:55:23Z,ios,control,US
u_00000e51,2026-06-14T11:36:40Z,web,control,US
u_00000e54,2026-06-14T14:19:40Z,ios,checklist,DE
u_00000e55,2026-06-14T13:31:06Z,ios,checklist,GB
u_00000e56,2026-06-14T08:32:12Z,web,checklist,US
u_00000e58,2026-06-14T15:20:48Z,ios,checklist,CA
u_00000e59,2026-06-14T09:55:40Z,web,control,US
u_00000e5b,2026-06-14T19:04:18Z,web,checklist,DE
u_00000e5d,2026-06-14T14:40:59Z,ios,checklist,CA
u_00000e60,2026-06-14T23:34:56Z,ios,checklist,AU
u_00000e62,2026-06-14T00:20:37Z,ios,control,US
u_00000e64,2026-06-14T12:40:18Z,web,control,US
u_00000e65,2026-06-14T03:53:49Z,web,control,US
u_00000e66,2026-06-14T15:43:03Z,android,control,US
u_00000e68,2026-06-14T15:03:44Z,ios,checklist,US
u_00000e6b,2026-06-14T09:32:51Z,ios,checklist,US
u_00000e6d,2026-06-14T05:16:24Z,ios,checklist,DE
u_00000e6f,2026-06-14T13:36:58Z,android,checklist,US
u_00000e70,2026-06-14T13:28:02Z,ios,control,US
u_00000e72,2026-06-14T09:49:55Z,web,control,US
u_00000e73,2026-06-14T12:52:14Z,ios,control,US
u_00000e76,2026-06-15T19:55:33Z,web,checklist,DE
u_00000e77,2026-06-15T13:15:15Z,web,control,AU
u_00000e78,2026-06-15T22:52:37Z,ios,checklist,US
u_00000e7a,2026-06-15T08:39:40Z,web,control,US
u_00000e7b,2026-06-15T16:43:11Z,ios,control,US
u_00000e7e,2026-06-15T11:06:47Z,android,control,DE
u_00000e7f,2026-06-15T20:24:50Z,android,control,US
u_00000e82,2026-06-15T08:15:12Z,ios,checklist,US
u_00000e84,2026-06-15T04:49:46Z,android,checklist,US
u_00000e86,2026-06-15T00:04:34Z,ios,checklist,DE
u_00000e87,2026-06-15T18:39:07Z,ios,checklist,US
u_00000e88,2026-06-15T22:11:16Z,ios,control,GB
u_00000e89,2026-06-15T09:42:35Z,ios,checklist,GB
u_00000e8b,2026-06-15T21:05:15Z,ios,control,US
u_00000e8d,2026-06-15T13:15:33Z,web,checklist,GB
u_00000e90,2026-06-15T13:53:08Z,web,checklist,DE
u_00000e93,2026-06-15T09:53:13Z,web,control,US
u_00000e95,2026-06-15T17:23:33Z,ios,control,DE
u_00000e97,2026-06-15T18:47:17Z,android,control,US
u_00000e98,2026-06-15T04:56:31Z,ios,checklist,US
u_00000e9b,2026-06-15T05:20:46Z,android,checklist,US
u_00000e9e,2026-06-15T01:33:35Z,ios,control,US
u_00000e9f,2026-06-15T11:03:05Z,android,checklist,AU
u_00000ea0,2026-06-15T15:56:28Z,web,control,US
u_00000ea1,2026-06-15T01:09:28Z,ios,control,DE
u_00000ea3,2026-06-15T09:17:38Z,ios,checklist,US
u_00000ea4,2026-06-15T20:02:59Z,ios,control,US
u_00000ea5,2026-06-15T12:14:25Z,ios,control,US
u_00000ea7,2026-06-15T21:24:50Z,android,control,GB
u_00000ea8,2026-06-15T09:11:09Z,ios,checklist,US
u_00000eab,2026-06-15T14:43:08Z,web,checklist,US
u_00000eac,2026-06-15T17:21:01Z,ios,checklist,GB
u_00000ead,2026-06-16T22:27:15Z,ios,checklist,DE
u_00000eb0,2026-06-16T17:27:58Z,android,control,DE
u_00000eb3,2026-06-16T21:33:46Z,web,control,US
u_00000eb6,2026-06-16T13:43:58Z,android,checklist,US
u_00000eb9,2026-06-16T12:42:30Z,android,checklist,GB
u_00000ebc,2026-06-16T10:45:47Z,android,control,US
u_00000ebf,2026-06-16T12:52:56Z,web,checklist,DE
u_00000ec0,2026-06-16T15:43:25Z,web,control,US
u_00000ec3,2026-06-16T04:20:58Z,android,control,US
u_00000ec4,2026-06-16T04:26:38Z,ios,checklist,GB
u_00000ec7,2026-06-16T08:21:05Z,ios,checklist,GB
u_00000ec8,2026-06-16T18:54:12Z,ios,control,US
u_00000eca,2026-06-16T19:26:11Z,ios,checklist,GB
u_00000ecb,2026-06-16T05:25:22Z,android,checklist,US
u_00000ecc,2026-06-16T23:59:27Z,android,control,US
u_00000ecf,2026-06-16T04:23:52Z,android,control,US
u_00000ed0,2026-06-16T01:00:50Z,ios,control,US
u_00000ed2,2026-06-16T05:09:11Z,ios,checklist,AU
u_00000ed4,2026-06-16T23:56:53Z,web,control,US
u_00000ed6,2026-06-16T09:51:51Z,android,checklist,CA
u_00000ed7,2026-06-16T11:50:58Z,web,checklist,US
u_00000ed9,2026-06-16T22:56:58Z,ios,control,US
u_00000edc,2026-06-16T05:46:26Z,ios,control,US
u_00000edd,2026-06-16T08:49:47Z,ios,control,CA
u_00000edf,2026-06-16T17:19:03Z,web,checklist,CA
u_00000ee0,2026-06-16T08:29:32Z,android,checklist,DE
u_00000ee3,2026-06-16T15:55:08Z,ios,checklist,AU
u_00000ee6,2026-06-16T05:02:26Z,ios,control,US
u_00000ee9,2026-06-16T12:45:13Z,ios,control,US
u_00000eec,2026-06-16T20:32:02Z,ios,checklist,US
u_00000eed,2026-06-16T02:48:55Z,web,checklist,GB
u_00000eef,2026-06-16T11:35:39Z,android,checklist,US
u_00000ef0,2026-06-16T01:20:43Z,ios,control,US
u_00000ef1,2026-06-16T16:42:55Z,ios,control,CA
u_00000ef3,2026-06-16T06:15:34Z,web,control,US
u_00000ef5,2026-06-16T17:46:09Z,ios,control,DE
u_00000ef7,2026-06-17T07:27:38Z,web,control,US
u_00000efa,2026-06-17T06:24:29Z,ios,control,US
u_00000efd,2026-06-17T18:33:23Z,android,control,GB
u_00000eff,2026-06-17T05:53:33Z,android,control,DE
u_00000f01,2026-06-17T06:53:51Z,web,control,CA
u_00000f02,2026-06-17T08:49:05Z,ios,checklist,US
u_00000f03,2026-06-17T22:57:53Z,ios,control,US
u_00000f04,2026-06-17T00:25:48Z,ios,checklist,GB
u_00000f07,2026-06-17T22:46:27Z,android,checklist,AU
u_00000f09,2026-06-17T16:24:04Z,android,checklist,GB
u_00000f0b,2026-06-17T12:01:27Z,android,control,US
u_00000f0c,2026-06-17T14:14:32Z,web,control,US
u_00000f0e,2026-06-17T03:52:45Z,web,control,US
u_00000f0f,2026-06-17T20:49:05Z,ios,checklist,DE
u_00000f12,2026-06-17T03:57:19Z,android,control,US
u_00000f13,2026-06-17T22:10:41Z,android,checklist,CA
u_00000f16,2026-06-17T20:26:38Z,ios,control,US
u_00000f17,2026-06-17T21:27:00Z,ios,checklist,US
u_00000f1a,2026-06-17T20:19:31Z,ios,checklist,DE
u_00000f1c,2026-06-17T03:47:46Z,web,control,DE
u_00000f1d,2026-06-17T23:29:05Z,android,checklist,CA
u_00000f1f,2026-06-17T05:30:52Z,web,control,US
u_00000f21,2026-06-17T10:38:55Z,ios,checklist,US
u_00000f24,2026-06-17T03:07:24Z,ios,checklist,US
u_00000f25,2026-06-17T06:57:23Z,ios,checklist,GB
u_00000f27,2026-06-17T15:19:41Z,ios,checklist,US
u_00000f28,2026-06-17T10:11:19Z,ios,checklist,US
u_00000f2a,2026-06-18T02:44:32Z,web,checklist,US
u_00000f2d,2026-06-18T20:37:24Z,ios,checklist,DE
u_00000f30,2026-06-18T16:58:22Z,ios,control,US
u_00000f32,2026-06-18T05:17:04Z,android,checklist,DE
u_00000f33,2026-06-18T04:25:33Z,web,checklist,US
u_00000f36,2026-06-18T06:39:18Z,android,control,US
u_00000f37,2026-06-18T01:45:01Z,android,control,US
u_00000f3a,2026-06-18T02:17:33Z,ios,control,US
u_00000f3d,2026-06-18T02:56:08Z,ios,control,US
u_00000f3e,2026-06-18T07:30:47Z,android,checklist,US
u_00000f40,2026-06-18T11:40:24Z,web,control,US
u_00000f42,2026-06-18T10:11:22Z,android,control,US
u_00000f44,2026-06-18T03:41:43Z,android,control,US
u_00000f45,2026-06-18T21:52:53Z,web,control,US
u_00000f48,2026-06-18T08:14:11Z,ios,checklist,US
u_00000f49,2026-06-18T01:39:36Z,android,control,AU
u_00000f4b,2026-06-18T03:36:34Z,web,control,DE
u_00000f4e,2026-06-18T10:25:34Z,android,control,US
u_00000f51,2026-06-18T07:22:05Z,ios,checklist,US
u_00000f52,2026-06-18T19:58:21Z,android,control,US
u_00000f54,2026-06-18T14:30:15Z,ios,checklist,GB
u_00000f56,2026-06-18T08:39:12Z,ios,control,GB
u_00000f57,2026-06-18T19:56:12Z,web,control,CA
u_00000f5a,2026-06-18T09:23:08Z,web,control,US
u_00000f5c,2026-06-18T05:12:39Z,ios,checklist,US
u_00000f5f,2026-06-18T12:56:58Z,web,checklist,US
u_00000f60,2026-06-18T10:56:59Z,android,control,CA
u_00000f62,2026-06-18T00:34:31Z,web,control,US
u_00000f64,2026-06-18T02:59:43Z,android,control,GB
u_00000f65,2026-06-18T12:28:16Z,android,checklist,AU
u_00000f66,2026-06-18T03:26:02Z,android,checklist,GB
u_00000f68,2026-06-18T18:26:45Z,web,control,US
u_00000f6a,2026-06-18T14:11:30Z,web,control,US
u_00000f6d,2026-06-18T15:13:52Z,web,control,AU
u_00000f70,2026-06-19T22:22:51Z,android,checklist,DE
u_00000f73,2026-06-19T12:39:22Z,ios,control,AU
u_00000f74,2026-06-19T16:38:15Z,android,control,CA
u_00000f76,2026-06-19T05:01:34Z,android,checklist,DE
u_00000f77,2026-06-19T18:18:47Z,ios,control,AU
u_00000f78,2026-06-19T03:14:21Z,web,checklist,US
u_00000f7a,2026-06-19T06:58:47Z,ios,control,GB
u_00000f7b,2026-06-19T02:27:38Z,android,checklist,US
u_00000f7e,2026-06-19T10:27:12Z,web,control,US
u_00000f80,2026-06-19T03:50:57Z,web,control,AU
u_00000f82,2026-06-19T22:41:08Z,web,checklist,US
u_00000f85,2026-06-19T05:08:40Z,android,checklist,US
u_00000f87,2026-06-19T08:04:49Z,android,control,US
u_00000f8a,2026-06-19T20:10:04Z,ios,checklist,DE
u_00000f8b,2026-06-19T09:57:46Z,web,checklist,US
u_00000f8e,2026-06-19T09:12:51Z,android,control,CA
u_00000f91,2026-06-19T15:38:24Z,web,control,US
u_00000f92,2026-06-19T02:08:52Z,ios,control,DE
u_00000f93,2026-06-19T02:03:46Z,ios,control,US
u_00000f95,2026-06-19T15:13:29Z,ios,control,CA
u_00000f98,2026-06-19T16:20:23Z,android,checklist,US
u_00000f9b,2026-06-19T13:19:44Z,android,control,US
u_00000f9d,2026-06-19T16:13:02Z,web,checklist,GB
u_00000f9f,2026-06-19T07:04:15Z,android,checklist,US
u_00000fa2,2026-06-19T21:40:55Z,web,checklist,US
u_00000fa4,2026-06-19T13:26:19Z,ios,control,US
u_00000fa6,2026-06-19T09:57:06Z,android,control,GB
u_00000fa9,2026-06-19T22:38:27Z,web,checklist,GB
u_00000fac,2026-06-19T15:58:31Z,ios,control,AU
u_00000fad,2026-06-19T09:41:41Z,ios,control,DE
u_00000fb0,2026-06-19T19:48:36Z,android,checklist,US
u_00000fb3,2026-06-19T08:29:37Z,ios,control,US
u_00000fb4,2026-06-19T11:01:33Z,ios,checklist,US
u_00000fb7,2026-06-19T09:18:35Z,web,control,US
u_00000fb9,2026-06-19T01:28:16Z,android,control,US
u_00000fbc,2026-06-20T17:21:58Z,web,checklist,US
u_00000fbf,2026-06-20T07:39:12Z,ios,control,CA
u_00000fc1,2026-06-20T09:41:01Z,ios,checklist,GB
u_00000fc4,2026-06-20T05:55:48Z,ios,control,US
u_00000fc7,2026-06-20T22:51:04Z,ios,checklist,US
u_00000fca,2026-06-20T20:27:10Z,web,checklist,DE
u_00000fcd,2026-06-20T22:42:32Z,web,checklist,AU
u_00000fcf,2026-06-20T21:24:34Z,ios,control,GB
u_00000fd0,2026-06-20T11:27:19Z,ios,control,US
u_00000fd2,2026-06-20T12:46:10Z,web,checklist,US
u_00000fd5,2026-06-20T14:14:40Z,ios,control,US
u_00000fd6,2026-06-20T13:34:28Z,web,control,DE
u_00000fd7,2026-06-20T11:52:13Z,web,control,US
u_00000fd8,2026-06-20T00:08:31Z,ios,control,US
u_00000fda,2026-06-20T23:28:50Z,ios,checklist,US
u_00000fdb,2026-06-20T10:29:27Z,web,checklist,US
u_00000fdc,2026-06-20T14:02:21Z,ios,control,CA
u_00000fdd,2026-06-20T00:03:40Z,android,checklist,GB
u_00000fde,2026-06-20T16:18:02Z,web,checklist,US
u_00000fe0,2026-06-20T22:57:15Z,web,control,US
u_00000fe3,2026-06-20T06:53:25Z,web,checklist,US
u_00000fe4,2026-06-20T16:42:54Z,web,control,AU
u_00000fe7,2026-06-20T02:49:05Z,ios,control,US
u_00000fe9,2026-06-20T14:17:11Z,ios,control,US
u_00000fea,2026-06-20T10:10:26Z,ios,control,US
u_00000feb,2026-06-20T07:42:37Z,android,checklist,US
u_00000fed,2026-06-20T04:07:15Z,web,control,US
u_00000fee,2026-06-20T09:53:00Z,ios,control,GB
u_00000ff0,2026-06-20T21:22:44Z,ios,checklist,US
u_00000ff1,2026-06-20T07:26:17Z,web,control,US
u_00000ff4,2026-06-20T08:45:21Z,android,checklist,US
u_00000ff7,2026-06-20T15:55:22Z,android,control,US
u_00000ff8,2026-06-21T17:44:58Z,web,control,CA
u_00000ffb,2026-06-21T15:58:15Z,android,checklist,US
u_00000ffc,2026-06-21T17:45:36Z,ios,checklist,GB
u_00000ffd,2026-06-21T19:59:32Z,web,checklist,US
u_00000fff,2026-06-21T03:40:51Z,android,control,US
u_00001002,2026-06-21T19:23:02Z,ios,checklist,US
u_00001005,2026-06-21T05:48:03Z,ios,control,CA
u_00001007,2026-06-21T16:23:10Z,android,checklist,US
u_00001008,2026-06-21T04:07:09Z,ios,control,AU
u_0000100b,2026-06-21T14:03:05Z,ios,control,US
u_0000100c,2026-06-21T14:53:16Z,ios,control,US
u_0000100e,2026-06-21T21:03:14Z,ios,control,CA
u_00001010,2026-06-21T13:03:39Z,ios,control,US
u_00001013,2026-06-21T15:51:14Z,ios,checklist,DE
u_00001014,2026-06-21T14:49:09Z,web,control,GB
u_00001016,2026-06-21T10:52:55Z,ios,checklist,DE
u_00001018,2026-06-21T20:10:14Z,ios,control,US
u_0000101a,2026-06-21T09:04:46Z,android,checklist,US
u_0000101d,2026-06-21T10:09:03Z,ios,checklist,US
u_0000101f,2026-06-21T00:50:55Z,web,control,US
u_00001022,2026-06-21T16:18:03Z,web,checklist,US
u_00001023,2026-06-21T10:59:55Z,android,control,AU
u_00001025,2026-06-21T00:50:32Z,web,checklist,US
u_00001027,2026-06-21T03:06:21Z,web,checklist,GB
u_00001029,2026-06-21T10:19:04Z,ios,control,US
u_0000102b,2026-06-22T09:55:22Z,android,checklist,US
u_0000102d,2026-06-22T21:48:42Z,ios,control,GB
u_00001030,2026-06-22T03:43:47Z,ios,checklist,DE
u_00001032,2026-06-22T11:01:55Z,android,control,US
u_00001035,2026-06-22T00:13:43Z,ios,control,GB
u_00001036,2026-06-22T14:58:33Z,web,checklist,US
u_00001038,2026-06-22T13:57:33Z,android,checklist,US
u_00001039,2026-06-22T23:43:00Z,web,checklist,DE
u_0000103b,2026-06-22T12:25:49Z,android,checklist,US
u_0000103d,2026-06-22T23:14:23Z,ios,checklist,US
u_0000103f,2026-06-22T01:38:10Z,ios,checklist,CA
u_00001040,2026-06-22T23:38:38Z,web,control,DE
u_00001042,2026-06-22T20:35:00Z,ios,checklist,CA
u_00001045,2026-06-22T19:32:48Z,ios,control,US
u_00001047,2026-06-22T00:37:04Z,ios,checklist,US
u_00001049,2026-06-22T08:31:27Z,web,control,GB
u_0000104a,2026-06-22T18:18:33Z,web,checklist,AU
u_0000104c,2026-06-22T00:50:38Z,ios,control,CA
u_0000104e,2026-06-22T02:06:19Z,android,control,GB
u_00001051,2026-06-22T05:56:06Z,ios,checklist,US
u_00001054,2026-06-22T02:31:28Z,web,control,AU
u_00001057,2026-06-22T09:34:00Z,ios,checklist,US
u_00001058,2026-06-22T23:07:39Z,android,checklist,AU
u_0000105b,2026-06-22T00:20:47Z,ios,control,DE
u_0000105c,2026-06-22T15:47:43Z,web,control,US
u_0000105d,2026-06-22T12:40:34Z,ios,control,DE
u_0000105f,2026-06-22T20:23:49Z,ios,checklist,GB
u_00001062,2026-06-22T09:11:24Z,ios,control,CA
u_00001063,2026-06-22T02:26:56Z,ios,control,US
u_00001065,2026-06-22T11:21:47Z,web,control,US
u_00001067,2026-06-22T09:27:48Z,ios,checklist,GB
u_0000106a,2026-06-23T21:55:43Z,android,control,GB
u_0000106c,2026-06-23T12:19:09Z,web,checklist,US
u_0000106e,2026-06-23T06:17:26Z,android,checklist,US
u_00001070,2026-06-23T01:43:23Z,android,checklist,US
u_00001073,2026-06-23T16:32:43Z,android,control,CA
u_00001075,2026-06-23T19:51:18Z,web,checklist,CA
u_00001076,2026-06-23T23:16:28Z,web,control,US
u_00001079,2026-06-23T00:24:37Z,web,control,US
u_0000107b,2026-06-23T13:52:18Z,android,control,GB
u_0000107e,2026-06-23T19:40:49Z,web,checklist,CA
u_0000107f,2026-06-23T09:42:44Z,ios,control,US
u_00001081,2026-06-23T23:22:56Z,web,control,AU
u_00001082,2026-06-23T01:24:12Z,ios,checklist,AU
u_00001084,2026-06-23T22:38:41Z,ios,checklist,US
u_00001085,2026-06-23T10:08:33Z,ios,checklist,AU
u_00001086,2026-06-23T16:31:35Z,ios,checklist,US
u_00001087,2026-06-23T21:18:16Z,ios,checklist,GB
u_00001088,2026-06-23T15:35:31Z,ios,control,US
u_0000108a,2026-06-23T15:42:15Z,ios,control,US
u_0000108d,2026-06-23T02:45:28Z,ios,checklist,GB
u_0000108f,2026-06-23T03:42:15Z,ios,control,CA
u_00001092,2026-06-23T14:02:34Z,ios,control,US
u_00001095,2026-06-23T09:09:55Z,web,control,US
u_00001098,2026-06-23T01:23:42Z,web,control,US
u_00001099,2026-06-23T17:09:28Z,android,checklist,US
u_0000109a,2026-06-23T19:43:59Z,android,checklist,CA
u_0000109c,2026-06-23T17:18:49Z,ios,control,US
u_0000109f,2026-06-24T22:31:51Z,ios,checklist,US
u_000010a1,2026-06-24T03:35:01Z,android,checklist,US
u_000010a4,2026-06-24T08:40:15Z,ios,control,AU
u_000010a7,2026-06-24T08:50:06Z,web,checklist,US
u_000010a8,2026-06-24T06:32:16Z,web,control,US
u_000010aa,2026-06-24T12:49:06Z,ios,checklist,GB
u_000010ad,2026-06-24T20:03:16Z,ios,checklist,CA
u_000010af,2026-06-24T23:41:33Z,ios,control,CA
u_000010b0,2026-06-24T11:22:12Z,ios,control,AU
u_000010b1,2026-06-24T09:49:32Z,web,control,US
u_000010b3,2026-06-24T22:10:56Z,ios,checklist,US
u_000010b6,2026-06-24T08:51:17Z,android,checklist,US
u_000010b9,2026-06-24T06:08:29Z,ios,control,US
u_000010bc,2026-06-24T12:16:06Z,android,checklist,GB
u_000010bf,2026-06-24T02:59:57Z,ios,checklist,US
u_000010c0,2026-06-24T01:10:47Z,ios,checklist,US
u_000010c2,2026-06-24T08:27:11Z,web,control,US
u_000010c3,2026-06-24T15:01:44Z,ios,control,US
u_000010c6,2026-06-24T04:56:26Z,web,checklist,CA
u_000010c7,2026-06-24T02:12:28Z,ios,control,US
u_000010ca,2026-06-24T11:21:59Z,web,checklist,AU
u_000010cb,2026-06-24T14:37:28Z,android,control,US
u_000010ce,2026-06-24T22:50:42Z,web,control,CA
u_000010d1,2026-06-24T23:24:39Z,ios,checklist,US
u_000010d4,2026-06-24T17:09:27Z,ios,control,US
u_000010d6,2026-06-24T04:56:30Z,web,control,US
u_000010d9,2026-06-24T23:40:03Z,ios,control,US
u_000010db,2026-06-24T16:46:15Z,ios,control,GB
u_000010de,2026-06-24T14:04:04Z,android,checklist,CA
u_000010e0,2026-06-24T12:50:40Z,android,control,US
u_000010e1,2026-06-24T19:26:55Z,web,checklist,DE
u_000010e4,2026-06-24T23:14:36Z,ios,control,US
u_000010e6,2026-06-25T16:34:45Z,ios,control,CA
u_000010e7,2026-06-25T21:52:18Z,ios,checklist,GB
u_000010ea,2026-06-25T19:39:04Z,ios,checklist,US
u_000010ec,2026-06-25T23:20:03Z,android,control,CA
u_000010ed,2026-06-25T19:48:42Z,ios,checklist,GB
u_000010f0,2026-06-25T14:42:04Z,ios,checklist,CA
u_000010f1,2026-06-25T17:23:25Z,android,checklist,GB
u_000010f4,2026-06-25T12:28:16Z,android,checklist,US
u_000010f7,2026-06-25T12:12:18Z,web,control,DE
u_000010f9,2026-06-25T03:51:57Z,ios,control,US
u_000010fc,2026-06-25T20:37:26Z,web,control,US
u_000010fd,2026-06-25T01:31:09Z,android,checklist,GB
u_00001100,2026-06-25T04:06:06Z,web,checklist,US
u_00001102,2026-06-25T09:22:28Z,ios,checklist,CA
u_00001105,2026-06-25T09:26:56Z,android,checklist,US
u_00001106,2026-06-25T10:46:14Z,web,checklist,US
u_00001107,2026-06-25T12:08:21Z,ios,control,US
u_0000110a,2026-06-25T09:47:39Z,ios,control,AU
u_0000110c,2026-06-25T03:31:20Z,web,control,GB
u_0000110d,2026-06-25T08:16:17Z,android,control,AU
u_0000110e,2026-06-25T04:02:27Z,ios,checklist,US
u_00001111,2026-06-25T19:06:18Z,android,control,CA
u_00001112,2026-06-25T17:05:54Z,web,control,US
u_00001115,2026-06-25T00:19:36Z,ios,checklist,DE
u_00001118,2026-06-25T20:47:56Z,web,control,US
u_00001119,2026-06-25T23:23:28Z,ios,checklist,DE
u_0000111b,2026-06-25T05:37:58Z,web,control,GB
u_0000111c,2026-06-25T14:11:39Z,android,checklist,CA
u_0000111f,2026-06-25T13:00:49Z,web,control,CA
u_00001121,2026-06-25T17:20:21Z,android,control,US
u_00001122,2026-06-25T13:51:36Z,web,checklist,CA
u_00001125,2026-06-25T17:45:29Z,ios,control,US
u_00001126,2026-06-26T23:38:20Z,ios,checklist,CA
u_00001128,2026-06-26T06:16:02Z,web,checklist,CA
u_00001129,2026-06-26T07:38:51Z,android,checklist,AU
u_0000112c,2026-06-26T13:19:12Z,ios,checklist,DE
u_0000112f,2026-06-26T23:28:44Z,android,control,AU
u_00001130,2026-06-26T18:58:10Z,ios,control,CA
u_00001133,2026-06-26T09:15:01Z,ios,control,US
u_00001136,2026-06-26T06:01:14Z,android,control,DE
u_00001137,2026-06-26T12:22:53Z,android,control,US
u_0000113a,2026-06-26T18:45:04Z,web,checklist,US
u_0000113d,2026-06-26T16:56:54Z,android,control,AU
u_0000113f,2026-06-26T09:35:23Z,android,control,DE
u_00001142,2026-06-26T15:27:07Z,ios,control,AU
u_00001145,2026-06-26T10:54:02Z,web,checklist,US
u_00001147,2026-06-26T01:52:36Z,android,control,US
u_00001148,2026-06-26T15:04:12Z,ios,control,US
u_0000114b,2026-06-26T10:01:31Z,android,control,US
u_0000114e,2026-06-26T13:42:47Z,ios,checklist,AU
u_00001150,2026-06-26T19:52:46Z,android,control,US
u_00001151,2026-06-26T00:16:02Z,android,checklist,DE
u_00001152,2026-06-26T22:29:06Z,web,checklist,GB
u_00001153,2026-06-26T06:48:33Z,android,checklist,DE
u_00001156,2026-06-26T18:58:41Z,android,control,US
u_00001158,2026-06-26T05:31:46Z,android,checklist,US
u_00001159,2026-06-26T13:48:33Z,web,control,US
u_0000115a,2026-06-26T10:23:44Z,android,checklist,US
u_0000115d,2026-06-26T20:42:02Z,ios,checklist,DE
u_00001160,2026-06-26T04:36:10Z,ios,checklist,CA
u_00001162,2026-06-26T00:40:29Z,android,checklist,GB
u_00001164,2026-06-26T13:11:58Z,ios,control,US
u_00001166,2026-06-26T07:40:12Z,android,control,DE
u_00001167,2026-06-26T15:59:58Z,ios,control,US
u_00001169,2026-06-26T06:29:27Z,android,checklist,GB
u_0000116a,2026-06-26T22:19:21Z,web,checklist,AU
u_0000116b,2026-06-26T12:26:28Z,web,checklist,US
u_0000116e,2026-06-26T21:54:14Z,ios,control,US
u_00001170,2026-06-26T03:55:51Z,ios,control,US
u_00001173,2026-06-27T14:29:18Z,android,control,CA
u_00001174,2026-06-27T14:34:11Z,web,control,US
u_00001177,2026-06-27T02:09:27Z,ios,control,GB
u_00001178,2026-06-27T06:44:45Z,android,control,US
u_0000117a,2026-06-27T13:54:51Z,web,control,AU
u_0000117b,2026-06-27T00:03:57Z,ios,checklist,US
u_0000117d,2026-06-27T13:19:23Z,ios,checklist,US
u_00001180,2026-06-27T20:47:36Z,web,control,US
u_00001181,2026-06-27T13:06:50Z,web,control,CA
u_00001184,2026-06-27T06:18:07Z,ios,checklist,CA
u_00001186,2026-06-27T00:44:18Z,ios,control,CA
u_00001189,2026-06-27T15:02:45Z,android,control,US
u_0000118a,2026-06-27T19:40:05Z,web,control,GB
u_0000118d,2026-06-27T15:17:10Z,ios,control,CA
u_00001190,2026-06-27T00:32:36Z,web,control,US
u_00001191,2026-06-27T15:45:36Z,android,checklist,US
u_00001193,2026-06-27T19:33:30Z,android,control,US
u_00001196,2026-06-27T09:31:09Z,ios,checklist,US
u_00001197,2026-06-27T00:51:20Z,android,control,GB
u_0000119a,2026-06-27T01:29:41Z,android,checklist,DE
u_0000119b,2026-06-27T18:27:09Z,ios,checklist,US
u_0000119c,2026-06-27T12:37:27Z,web,control,US
u_0000119f,2026-06-27T00:31:06Z,ios,control,AU
u_000011a0,2026-06-27T17:15:57Z,android,checklist,US
u_000011a3,2026-06-27T23:55:22Z,android,control,CA
u_000011a6,2026-06-27T18:41:25Z,ios,control,US
u_000011a9,2026-06-27T14:02:01Z,ios,control,US
u_000011ac,2026-06-27T03:46:30Z,ios,control,US
u_000011ae,2026-06-27T04:01:19Z,ios,control,US
u_000011b0,2026-06-27T15:43:33Z,web,checklist,AU
u_000011b1,2026-06-27T13:07:53Z,ios,control,DE
u_000011b3,2026-06-27T06:20:50Z,ios,checklist,CA
u_000011b5,2026-06-27T07:47:49Z,web,control,AU
u_000011b8,2026-06-27T06:01:02Z,android,control,GB
u_000011ba,2026-06-28T06:39:43Z,ios,control,CA
u_000011bc,2026-06-28T06:45:03Z,ios,control,GB
u_000011bd,2026-06-28T13:51:59Z,web,checklist,CA
u_000011c0,2026-06-28T04:16:01Z,ios,control,GB
u_000011c3,2026-06-28T18:21:44Z,ios,checklist,DE
u_000011c5,2026-06-28T10:16:07Z,android,control,US
u_000011c6,2026-06-28T18:17:29Z,web,control,GB
u_000011c9,2026-06-28T22:55:22Z,web,checklist,DE
u_000011cb,2026-06-28T17:43:26Z,ios,checklist,US
u_000011cd,2026-06-28T15:44:34Z,web,control,US
u_000011cf,2026-06-28T03:13:41Z,web,checklist,AU
u_000011d0,2026-06-28T12:41:53Z,android,checklist,DE
u_000011d1,2026-06-28T17:05:47Z,ios,checklist,US
u_000011d2,2026-06-28T21:15:22Z,android,control,US
u_000011d4,2026-06-28T14:31:37Z,web,checklist,US
u_000011d6,2026-06-28T06:16:39Z,web,control,US
u_000011d7,2026-06-28T12:41:53Z,android,checklist,DE
u_000011da,2026-06-28T22:49:22Z,android,checklist,GB
u_000011db,2026-06-28T17:59:55Z,ios,control,US
u_000011de,2026-06-28T09:11:59Z,ios,control,US
u_000011df,2026-06-28T04:05:00Z,web,control,CA
u_000011e0,2026-06-28T16:41:38Z,android,checklist,DE
u_000011e1,2026-06-28T11:18:04Z,android,control,US
u_000011e2,2026-06-28T00:04:20Z,android,control,GB
u_000011e5,2026-06-28T01:15:49Z,web,control,US
u_000011e6,2026-06-28T05:09:12Z,ios,checklist,US
u_000011e8,2026-06-28T14:17:53Z,web,checklist,US
u_000011eb,2026-06-28T10:47:58Z,web,control,CA
u_000011ec,2026-06-28T23:38:02Z,web,checklist,US
u_000011ef,2026-06-28T21:36:45Z,ios,checklist,US
u_000011f1,2026-06-28T23:31:03Z,android,checklist,US
u_000011f4,2026-06-28T18:00:00Z,ios,control,US
u_000011f7,2026-06-28T06:06:47Z,ios,checklist,AU
u_000011fa,2026-06-28T07:28:32Z,android,control,US
u_000011fd,2026-06-28T00:18:38Z,ios,checklist,GB
u_00001200,2026-06-28T00:32:11Z,ios,control,US
u_00001202,2026-06-28T11:20:16Z,web,control,US
u_00001204,2026-06-29T02:42:20Z,ios,checklist,US
u_00001206,2026-06-29T01:00:26Z,ios,control,US
u_00001208,2026-06-29T16:16:24Z,ios,checklist,US
u_0000120a,2026-06-29T08:38:02Z,web,checklist,US
u_0000120c,2026-06-29T10:40:51Z,web,control,DE
u_0000120f,2026-06-29T07:59:16Z,ios,checklist,US
u_00001211,2026-06-29T01:32:57Z,web,control,US
u_00001214,2026-06-29T09:07:15Z,ios,control,CA
u_00001216,2026-06-29T18:22:01Z,ios,control,CA
u_00001217,2026-06-29T12:03:18Z,ios,control,US
u_00001218,2026-06-29T08:35:46Z,ios,checklist,US
u_0000121b,2026-06-29T02:42:48Z,web,checklist,DE
u_0000121c,2026-06-29T20:25:00Z,web,control,CA
u_0000121d,2026-06-29T03:18:54Z,android,checklist,US
u_0000121f,2026-06-29T13:01:53Z,ios,checklist,US
u_00001221,2026-06-29T16:50:54Z,android,control,CA
u_00001223,2026-06-29T20:26:38Z,android,control,CA
u_00001224,2026-06-29T19:00:00Z,ios,checklist,CA
u_00001225,2026-06-29T14:22:11Z,android,control,GB
u_00001227,2026-06-29T19:01:17Z,ios,control,US
u_00001228,2026-06-29T18:11:13Z,ios,checklist,US
u_0000122b,2026-06-29T05:39:55Z,ios,control,US
u_0000122c,2026-06-29T14:13:57Z,ios,checklist,DE
u_0000122d,2026-06-29T04:53:20Z,android,checklist,GB
u_0000122f,2026-06-30T01:11:35Z,web,control,DE
u_00001230,2026-06-30T18:08:11Z,android,checklist,CA
u_00001232,2026-06-30T07:31:18Z,android,control,US
u_00001234,2026-06-30T17:12:50Z,android,checklist,US
u_00001235,2026-06-30T08:33:40Z,ios,checklist,CA
u_00001236,2026-06-30T18:25:09Z,web,checklist,US
u_00001238,2026-06-30T17:07:55Z,web,checklist,GB
u_0000123a,2026-06-30T01:47:49Z,ios,checklist,US
u_0000123d,2026-06-30T13:35:25Z,web,control,US
u_00001240,2026-06-30T12:10:42Z,ios,checklist,DE
u_00001241,2026-06-30T12:35:48Z,web,checklist,AU
u_00001242,2026-06-30T12:47:54Z,ios,checklist,US
u_00001243,2026-06-30T16:47:48Z,android,checklist,US
u_00001245,2026-06-30T04:13:53Z,web,checklist,US
u_00001246,2026-06-30T07:32:50Z,ios,checklist,GB
u_00001247,2026-06-30T05:32:57Z,ios,checklist,GB
u_00001249,2026-06-30T14:28:02Z,web,checklist,AU
u_0000124a,2026-06-30T21:47:05Z,ios,control,GB
u_0000124b,2026-06-30T10:57:44Z,android,checklist,US
u_0000124d,2026-06-30T07:37:20Z,android,control,US
u_00001250,2026-06-30T18:10:48Z,android,checklist,US
u_00001252,2026-06-30T23:40:29Z,web,control,CA
u_00001253,2026-06-30T02:08:42Z,android,checklist,US
u_00001256,2026-06-30T08:50:15Z,android,checklist,CA
u_00001257,2026-06-30T14:17:36Z,web,checklist,US
u_0000125a,2026-06-30T05:25:32Z,web,control,US
u_0000125c,2026-06-30T00:24:44Z,android,checklist,US
u_0000125e,2026-06-30T11:26:11Z,ios,checklist,US
u_00001261,2026-06-30T03:19:49Z,web,checklist,US
u_00001262,2026-07-01T13:25:00Z,android,checklist,CA
u_00001263,2026-07-01T05:23:12Z,android,control,GB
u_00001266,2026-07-01T10:27:00Z,web,checklist,GB
u_00001267,2026-07-01T11:08:27Z,android,checklist,CA
u_00001269,2026-07-01T07:19:22Z,android,checklist,AU
u_0000126a,2026-07-01T13:17:27Z,android,control,GB
u_0000126d,2026-07-01T22:42:29Z,ios,checklist,DE
u_00001270,2026-07-01T02:22:01Z,ios,checklist,US
u_00001272,2026-07-01T14:49:35Z,android,control,US
u_00001275,2026-07-01T14:53:39Z,android,control,GB
u_00001276,2026-07-01T14:01:37Z,ios,control,CA
u_00001278,2026-07-01T10:50:14Z,ios,control,US
u_00001279,2026-07-01T21:55:21Z,android,control,GB
u_0000127a,2026-07-01T02:06:07Z,ios,control,US
u_0000127c,2026-07-01T23:25:07Z,ios,checklist,US
u_0000127e,2026-07-01T13:32:34Z,ios,checklist,US
u_0000127f,2026-07-01T22:01:23Z,ios,control,US
u_00001282,2026-07-01T19:24:44Z,ios,checklist,US
u_00001285,2026-07-01T17:33:54Z,web,control,US
u_00001288,2026-07-01T06:04:46Z,web,checklist,US
u_0000128b,2026-07-01T21:06:53Z,android,checklist,GB
u_0000128e,2026-07-01T20:26:54Z,android,control,US
u_00001290,2026-07-01T10:59:27Z,ios,checklist,US
u_00001291,2026-07-01T15:31:14Z,web,control,US
u_00001293,2026-07-01T05:36:58Z,ios,control,US
u_00001294,2026-07-01T15:41:17Z,web,checklist,US
u_00001297,2026-07-01T20:00:00Z,web,control,CA
u_00001298,2026-07-01T10:55:45Z,android,checklist,GB
u_0000129a,2026-07-01T17:49:52Z,ios,control,US
u_0000129d,2026-07-01T18:32:18Z,android,checklist,GB
u_0000129f,2026-07-01T10:09:48Z,ios,control,US
u_000012a1,2026-07-01T04:50:17Z,android,checklist,CA
u_000012a4,2026-07-01T23:30:20Z,android,checklist,GB
u_000012a5,2026-07-01T05:10:48Z,web,checklist,US
u_000012a8,2026-07-01T22:56:13Z,ios,checklist,DE
u_000012aa,2026-07-02T14:16:36Z,web,checklist,US
u_000012ac,2026-07-02T14:25:59Z,android,control,GB
u_000012ae,2026-07-02T01:37:52Z,ios,checklist,DE
u_000012b1,2026-07-02T18:01:58Z,android,checklist,US
u_000012b4,2026-07-02T14:14:09Z,ios,control,US
u_000012b6,2026-07-02T09:36:21Z,android,checklist,AU
u_000012b8,2026-07-02T09:17:33Z,android,control,CA
u_000012bb,2026-07-02T05:22:14Z,ios,checklist,US
u_000012bc,2026-07-02T19:13:02Z,ios,control,CA
u_000012be,2026-07-02T07:33:41Z,ios,checklist,AU
u_000012c1,2026-07-02T14:49:33Z,ios,checklist,US
u_000012c4,2026-07-02T02:46:19Z,ios,control,GB
u_000012c7,2026-07-02T16:15:57Z,ios,checklist,US
u_000012c9,2026-07-02T19:21:36Z,web,control,AU
u_000012cc,2026-07-02T17:08:16Z,ios,control,CA
u_000012cd,2026-07-02T13:56:24Z,android,control,DE
u_000012cf,2026-07-02T06:11:50Z,ios,checklist,US
u_000012d0,2026-07-02T14:12:15Z,ios,checklist,CA
u_000012d2,2026-07-02T09:22:42Z,ios,control,US
u_000012d3,2026-07-02T11:00:06Z,ios,control,US
u_000012d5,2026-07-02T01:01:21Z,android,checklist,US
u_000012d8,2026-07-02T09:00:15Z,android,checklist,CA
u_000012d9,2026-07-02T17:53:59Z,ios,checklist,AU
u_000012dc,2026-07-02T23:47:57Z,web,checklist,AU
u_000012df,2026-07-03T22:15:05Z,android,checklist,US
u_000012e2,2026-07-03T15:25:44Z,ios,checklist,CA
u_000012e3,2026-07-03T11:27:48Z,ios,control,US
u_000012e6,2026-07-03T07:42:48Z,web,checklist,US
u_000012e7,2026-07-03T10:52:38Z,web,control,DE
u_000012e8,2026-07-03T10:44:04Z,ios,control,US
u_000012e9,2026-07-03T13:00:08Z,android,checklist,GB
u_000012eb,2026-07-03T05:47:41Z,android,checklist,DE
u_000012ec,2026-07-03T21:16:14Z,ios,checklist,US
u_000012ee,2026-07-03T22:05:32Z,ios,checklist,DE
u_000012ef,2026-07-03T07:46:59Z,android,control,US
u_000012f1,2026-07-03T09:08:00Z,android,control,GB
u_000012f3,2026-07-03T01:30:59Z,ios,checklist,US
u_000012f4,2026-07-03T02:58:40Z,web,control,US
u_000012f5,2026-07-03T20:17:09Z,ios,control,US
u_000012f7,2026-07-03T12:01:48Z,ios,checklist,US
u_000012f9,2026-07-03T05:22:57Z,android,checklist,CA
u_000012fc,2026-07-03T03:59:59Z,android,checklist,US
u_000012ff,2026-07-03T18:19:02Z,android,checklist,US
u_00001300,2026-07-03T11:43:06Z,web,control,CA
u_00001301,2026-07-03T02:16:25Z,ios,checklist,AU
u_00001302,2026-07-03T13:03:16Z,ios,checklist,CA
u_00001305,2026-07-03T10:50:16Z,android,checklist,CA
u_00001307,2026-07-03T17:33:15Z,web,control,US
u_0000130a,2026-07-03T15:51:06Z,web,control,US
u_0000130b,2026-07-03T14:51:37Z,android,control,GB
u_0000130c,2026-07-03T07:42:29Z,web,control,US
u_0000130e,2026-07-03T04:10:28Z,web,control,CA
u_00001311,2026-07-03T23:58:34Z,android,control,GB
u_00001313,2026-07-03T15:46:21Z,web,control,US
u_00001314,2026-07-03T05:06:12Z,web,checklist,US
u_00001316,2026-07-03T10:39:55Z,ios,checklist,CA
u_00001318,2026-07-03T00:53:15Z,web,control,US
u_0000131b,2026-07-03T22:24:09Z,web,control,US
u_0000131e,2026-07-03T13:01:02Z,web,checklist,US
u_00001321,2026-07-03T14:09:29Z,ios,checklist,CA
u_00001323,2026-07-03T13:49:55Z,android,checklist,US
u_00001326,2026-07-04T07:48:10Z,ios,checklist,CA
u_00001329,2026-07-04T00:31:24Z,web,checklist,GB
u_0000132a,2026-07-04T17:28:07Z,ios,checklist,US
u_0000132d,2026-07-04T02:22:12Z,ios,checklist,DE
u_0000132f,2026-07-04T14:38:03Z,android,checklist,US
u_00001331,2026-07-04T14:56:29Z,ios,checklist,CA
u_00001334,2026-07-04T19:54:48Z,ios,control,DE
u_00001335,2026-07-04T22:46:04Z,web,checklist,GB
u_00001336,2026-07-04T16:05:04Z,android,checklist,AU
u_00001338,2026-07-04T07:39:59Z,web,control,US
u_0000133b,2026-07-04T18:56:11Z,ios,checklist,US
u_0000133e,2026-07-04T08:05:20Z,ios,control,AU
u_0000133f,2026-07-04T05:51:23Z,web,checklist,DE
u_00001342,2026-07-04T01:11:06Z,ios,checklist,US
u_00001344,2026-07-04T02:58:11Z,web,checklist,US
u_00001345,2026-07-04T21:16:37Z,web,control,DE
u_00001346,2026-07-04T03:11:44Z,ios,checklist,US
u_00001348,2026-07-04T23:08:17Z,ios,control,DE
u_0000134a,2026-07-04T16:04:26Z,web,control,CA
u_0000134d,2026-07-04T05:24:54Z,ios,checklist,CA
u_0000134e,2026-07-04T08:08:06Z,android,control,US
u_00001350,2026-07-04T14:29:39Z,web,control,CA
u_00001351,2026-07-04T23:03:17Z,ios,control,GB
u_00001352,2026-07-04T04:10:31Z,ios,checklist,GB
u_00001354,2026-07-04T10:54:16Z,android,control,CA
u_00001356,2026-07-04T10:29:08Z,android,checklist,US
u_00001358,2026-07-04T05:00:17Z,ios,checklist,CA
u_0000135b,2026-07-04T07:49:32Z,web,control,GB
u_0000135e,2026-07-05T11:21:46Z,android,checklist,US
u_00001360,2026-07-05T08:51:24Z,ios,control,DE
u_00001362,2026-07-05T14:11:29Z,ios,checklist,US
u_00001363,2026-07-05T03:34:10Z,ios,checklist,US
u_00001365,2026-07-05T19:45:43Z,android,checklist,US
u_00001366,2026-07-05T19:44:10Z,android,control,DE
u_00001368,2026-07-05T08:18:34Z,ios,control,CA
u_0000136a,2026-07-05T04:40:40Z,ios,control,GB
u_0000136d,2026-07-05T19:20:33Z,web,checklist,US
u_0000136f,2026-07-05T16:07:34Z,web,control,US
u_00001370,2026-07-05T15:52:24Z,android,checklist,DE
u_00001373,2026-07-05T04:01:02Z,web,checklist,US
u_00001374,2026-07-05T12:20:10Z,ios,control,CA
u_00001376,2026-07-05T18:18:00Z,ios,control,US
u_00001377,2026-07-05T15:47:41Z,web,control,US
u_00001379,2026-07-05T05:00:19Z,ios,control,US
u_0000137a,2026-07-05T18:06:12Z,android,checklist,US
u_0000137d,2026-07-05T21:50:11Z,web,checklist,US
u_00001380,2026-07-05T00:12:59Z,ios,control,DE
u_00001382,2026-07-05T23:09:16Z,android,checklist,CA
u_00001383,2026-07-05T01:12:04Z,android,control,US
u_00001385,2026-07-05T15:10:16Z,ios,control,AU
u_00001387,2026-07-05T17:01:23Z,web,control,GB
u_0000138a,2026-07-05T08:40:37Z,ios,checklist,US
u_0000138c,2026-07-05T21:12:38Z,ios,checklist,US
u_0000138d,2026-07-05T16:17:46Z,web,control,DE
u_0000138e,2026-07-05T06:08:17Z,android,control,US
u_0000138f,2026-07-05T15:02:13Z,android,control,CA
u_00001392,2026-07-05T02:09:00Z,ios,control,DE
u_00001394,2026-07-05T11:02:09Z,android,checklist,US
u_00001396,2026-07-06T19:53:44Z,web,checklist,US
u_00001399,2026-07-06T00:20:13Z,ios,checklist,US
u_0000139c,2026-07-06T10:35:21Z,ios,control,CA
u_0000139d,2026-07-06T10:46:28Z,ios,checklist,GB
u_0000139e,2026-07-06T06:19:30Z,ios,control,US
u_000013a1,2026-07-06T20:07:57Z,android,control,US
u_000013a3,2026-07-06T22:40:52Z,ios,control,GB
u_000013a4,2026-07-06T17:17:28Z,ios,checklist,US
u_000013a6,2026-07-06T02:39:18Z,ios,control,GB
u_000013a7,2026-07-06T08:44:58Z,ios,checklist,US
u_000013a9,2026-07-06T04:05:47Z,android,checklist,US
u_000013ab,2026-07-06T20:29:08Z,android,checklist,CA
u_000013ac,2026-07-06T16:40:32Z,android,checklist,US
u_000013ae,2026-07-06T00:01:49Z,android,checklist,US
u_000013b1,2026-07-06T11:01:04Z,android,control,US
u_000013b4,2026-07-06T12:12:28Z,ios,control,CA
u_000013b6,2026-07-06T16:39:05Z,android,checklist,US
u_000013b7,2026-07-06T12:40:51Z,ios,checklist,CA
u_000013ba,2026-07-06T09:03:57Z,web,checklist,US
u_000013bd,2026-07-06T19:22:48Z,ios,checklist,CA
u_000013be,2026-07-06T15:52:08Z,web,checklist,GB
u_000013c1,2026-07-06T03:00:11Z,web,control,CA
u_000013c2,2026-07-06T15:07:38Z,web,control,GB
u_000013c5,2026-07-06T10:34:17Z,web,control,US
u_000013c7,2026-07-07T18:11:02Z,android,checklist,US
u_000013ca,2026-07-07T10:37:28Z,web,checklist,GB
u_000013cb,2026-07-07T23:45:19Z,web,checklist,US
u_000013ce,2026-07-07T16:53:10Z,android,checklist,US
u_000013d1,2026-07-07T17:11:55Z,ios,checklist,US
u_000013d4,2026-07-07T15:20:25Z,web,control,US
u_000013d7,2026-07-07T13:25:30Z,ios,checklist,CA
u_000013d8,2026-07-07T13:16:32Z,android,checklist,US
u_000013da,2026-07-07T18:38:08Z,web,control,US
u_000013dc,2026-07-07T02:12:45Z,web,checklist,US
u_000013de,2026-07-07T21:52:07Z,ios,checklist,US
u_000013df,2026-07-07T14:26:16Z,ios,control,US
u_000013e0,2026-07-07T16:33:30Z,web,control,US
u_000013e3,2026-07-07T00:07:33Z,web,checklist,CA
u_000013e5,2026-07-07T05:48:01Z,ios,control,GB
u_000013e7,2026-07-07T22:27:03Z,ios,control,CA
u_000013ea,2026-07-07T06:49:47Z,android,control,US
u_000013ed,2026-07-07T08:08:58Z,android,control,CA
u_000013ef,2026-07-07T17:35:53Z,android,checklist,US
u_000013f0,2026-07-07T09:47:47Z,ios,checklist,US
u_000013f2,2026-07-07T22:06:42Z,ios,control,US
u_000013f4,2026-07-07T10:57:21Z,android,checklist,US
u_000013f5,2026-07-07T06:31:24Z,ios,control,US
u_000013f8,2026-07-07T21:09:40Z,web,checklist,US
u_000013fa,2026-07-07T17:07:10Z,android,control,US
u_000013fd,2026-07-07T20:34:09Z,ios,checklist,GB
u_000013fe,2026-07-07T04:14:40Z,web,control,US
u_00001401,2026-07-07T01:11:41Z,android,checklist,AU
u_00001402,2026-07-07T20:43:01Z,ios,checklist,US
u_00001403,2026-07-07T17:26:28Z,ios,control,US
u_00001406,2026-07-07T18:17:16Z,ios,control,US
u_00001409,2026-07-07T03:42:38Z,web,checklist,US
u_0000140b,2026-07-07T08:27:32Z,ios,control,US
u_0000140d,2026-07-08T15:53:01Z,ios,checklist,US
u_0000140f,2026-07-08T00:38:27Z,web,control,CA
u_00001411,2026-07-08T01:02:48Z,android,control,US
u_00001413,2026-07-08T04:32:02Z,ios,control,US
u_00001416,2026-07-08T02:32:18Z,ios,checklist,US
u_00001417,2026-07-08T13:27:17Z,android,checklist,AU
u_0000141a,2026-07-08T08:05:15Z,web,control,US
u_0000141d,2026-07-08T15:48:37Z,ios,checklist,GB
u_00001420,2026-07-08T03:09:46Z,ios,control,AU
u_00001421,2026-07-08T04:42:54Z,android,checklist,US
u_00001424,2026-07-08T13:12:16Z,ios,checklist,US
u_00001425,2026-07-08T23:07:45Z,android,control,US
u_00001426,2026-07-08T20:39:42Z,android,control,GB
u_00001428,2026-07-08T21:45:02Z,android,checklist,CA
u_0000142a,2026-07-08T12:28:18Z,web,checklist,GB
u_0000142b,2026-07-08T00:04:37Z,web,control,CA
u_0000142d,2026-07-08T14:08:09Z,ios,checklist,DE
u_0000142f,2026-07-08T14:13:49Z,android,checklist,US
u_00001430,2026-07-08T22:15:54Z,ios,control,GB
u_00001431,2026-07-08T09:30:31Z,android,control,GB
u_00001433,2026-07-08T10:30:24Z,ios,checklist,DE
u_00001434,2026-07-08T15:03:22Z,android,checklist,CA
u_00001437,2026-07-08T05:36:51Z,ios,checklist,US
u_00001439,2026-07-08T01:04:05Z,android,control,CA
u_0000143c,2026-07-08T11:28:34Z,ios,control,GB
u_0000143e,2026-07-08T00:26:44Z,android,checklist,CA
u_00001441,2026-07-08T02:09:30Z,ios,checklist,AU
u_00001444,2026-07-09T20:58:29Z,web,control,US
u_00001447,2026-07-09T21:00:21Z,ios,checklist,US
u_00001448,2026-07-09T16:29:07Z,android,control,DE
u_00001449,2026-07-09T19:21:27Z,ios,checklist,CA
u_0000144c,2026-07-09T23:19:58Z,web,checklist,US
u_0000144f,2026-07-09T18:11:54Z,ios,control,GB
u_00001452,2026-07-09T10:00:59Z,android,control,US
u_00001454,2026-07-09T19:00:47Z,ios,control,US
u_00001457,2026-07-09T23:06:58Z,ios,checklist,US
u_0000145a,2026-07-09T01:01:34Z,web,checklist,US
u_0000145d,2026-07-09T09:25:16Z,ios,checklist,CA
u_0000145e,2026-07-09T02:00:16Z,android,checklist,CA
u_00001460,2026-07-09T10:07:16Z,web,checklist,CA
u_00001462,2026-07-09T16:01:11Z,ios,control,US
u_00001463,2026-07-09T17:30:45Z,android,checklist,CA
u_00001466,2026-07-09T00:25:56Z,ios,checklist,US
u_00001468,2026-07-09T19:54:03Z,android,checklist,GB
u_0000146b,2026-07-09T23:10:09Z,ios,control,US
u_0000146c,2026-07-09T12:23:13Z,web,checklist,US
u_0000146f,2026-07-09T04:55:40Z,ios,checklist,US
u_00001471,2026-07-09T17:29:56Z,ios,checklist,US
u_00001474,2026-07-09T23:21:31Z,ios,checklist,US
u_00001476,2026-07-09T03:10:34Z,ios,control,DE
u_00001478,2026-07-09T18:58:10Z,ios,checklist,GB
u_00001479,2026-07-09T13:37:44Z,android,checklist,US
u_0000147b,2026-07-09T12:59:40Z,android,control,CA
u_0000147e,2026-07-10T18:31:24Z,ios,control,US
u_00001481,2026-07-10T16:10:30Z,android,control,DE
u_00001482,2026-07-10T04:49:02Z,ios,control,US
u_00001483,2026-07-10T02:09:50Z,ios,checklist,US
u_00001485,2026-07-10T15:49:00Z,web,control,US
u_00001487,2026-07-10T01:51:24Z,android,control,US
u_00001489,2026-07-10T14:58:52Z,ios,checklist,AU
u_0000148b,2026-07-10T18:16:17Z,web,control,US
u_0000148d,2026-07-10T04:19:26Z,android,control,US
u_0000148f,2026-07-10T21:33:00Z,ios,control,CA
u_00001491,2026-07-10T06:32:07Z,ios,control,GB
u_00001494,2026-07-10T19:42:01Z,ios,control,CA
u_00001497,2026-07-10T15:28:12Z,ios,control,US
u_00001498,2026-07-10T05:42:56Z,android,control,US
u_0000149b,2026-07-10T13:16:07Z,ios,checklist,DE
u_0000149c,2026-07-10T11:12:21Z,android,control,DE
u_0000149f,2026-07-10T02:57:27Z,ios,control,US
u_000014a0,2026-07-10T20:09:52Z,web,control,DE
u_000014a3,2026-07-10T19:20:45Z,ios,checklist,GB
u_000014a6,2026-07-10T06:38:02Z,android,control,GB
u_000014a7,2026-07-10T02:53:15Z,ios,checklist,AU
u_000014a9,2026-07-10T12:08:37Z,web,checklist,US
u_000014ac,2026-07-10T15:51:02Z,ios,checklist,US
u_000014af,2026-07-10T21:58:18Z,ios,checklist,GB
u_000014b0,2026-07-10T19:06:16Z,web,checklist,CA
u_000014b2,2026-07-10T05:12:52Z,web,checklist,US
u_000014b5,2026-07-10T14:06:14Z,ios,control,AU
u_000014b8,2026-07-10T17:19:09Z,ios,control,AU
u_000014bb,2026-07-10T03:35:02Z,ios,control,US
u_000014bd,2026-07-11T13:21:16Z,ios,control,US
u_000014c0,2026-07-11T10:32:36Z,ios,control,GB
u_000014c3,2026-07-11T11:45:54Z,android,checklist,DE
u_000014c5,2026-07-11T16:55:12Z,android,control,AU
u_000014c8,2026-07-11T09:27:32Z,ios,checklist,AU
u_000014c9,2026-07-11T15:18:16Z,android,checklist,GB
u_000014cc,2026-07-11T11:10:45Z,ios,checklist,US
u_000014cd,2026-07-11T23:39:55Z,android,checklist,US
u_000014ce,2026-07-11T03:51:39Z,android,control,DE
u_000014d1,2026-07-11T13:07:44Z,web,checklist,AU
u_000014d3,2026-07-11T05:21:41Z,android,checklist,US
u_000014d4,2026-07-11T00:29:25Z,ios,checklist,US
u_000014d5,2026-07-11T01:32:16Z,ios,checklist,GB
u_000014d6,2026-07-11T04:08:57Z,ios,checklist,US
u_000014d9,2026-07-11T23:13:19Z,ios,checklist,US
u_000014dc,2026-07-11T14:10:45Z,ios,control,DE
u_000014de,2026-07-11T18:36:30Z,android,checklist,DE
u_000014e0,2026-07-11T15:24:00Z,web,checklist,US
u_000014e2,2026-07-11T04:03:15Z,ios,checklist,GB
u_000014e4,2026-07-11T03:32:45Z,ios,control,CA
u_000014e5,2026-07-11T17:06:41Z,android,control,US
u_000014e7,2026-07-11T14:45:00Z,web,control,US
u_000014e9,2026-07-11T13:29:45Z,ios,control,US
u_000014ec,2026-07-11T06:27:25Z,ios,control,CA
u_000014ed,2026-07-11T06:48:37Z,web,control,US
u_000014ef,2026-07-11T17:15:11Z,android,control,DE
u_000014f0,2026-07-11T10:50:16Z,ios,control,US
u_000014f3,2026-07-11T00:20:45Z,web,control,DE
u_000014f6,2026-07-11T06:37:06Z,web,control,DE
u_000014f8,2026-07-11T18:20:54Z,web,control,US
u_000014f9,2026-07-11T11:27:45Z,ios,checklist,US
u_000014fa,2026-07-11T06:33:09Z,android,checklist,US
u_000014fb,2026-07-11T06:06:08Z,ios,checklist,US
u_000014fd,2026-07-11T08:13:46Z,ios,control,CA
u_00001500,2026-07-11T08:31:50Z,ios,checklist,US
u_00001501,2026-07-12T00:36:26Z,android,control,DE
u_00001504,2026-07-12T20:00:59Z,ios,checklist,US
u_00001506,2026-07-12T14:13:47Z,web,control,US
u_00001508,2026-07-12T12:45:21Z,android,checklist,AU
u_00001509,2026-07-12T12:24:26Z,web,checklist,GB
u_0000150b,2026-07-12T03:56:08Z,web,checklist,GB
u_0000150c,2026-07-12T14:35:18Z,ios,checklist,US
u_0000150f,2026-07-12T17:23:11Z,android,checklist,DE
u_00001511,2026-07-12T22:05:21Z,ios,control,CA
u_00001513,2026-07-12T21:33:18Z,web,checklist,DE
u_00001514,2026-07-12T21:48:02Z,android,checklist,US
u_00001517,2026-07-12T14:52:34Z,ios,checklist,US
u_0000151a,2026-07-12T22:51:44Z,android,checklist,US
u_0000151b,2026-07-12T13:03:09Z,android,checklist,AU
u_0000151d,2026-07-12T20:14:58Z,web,checklist,CA
u_0000151f,2026-07-12T05:34:54Z,android,checklist,DE
u_00001521,2026-07-12T21:07:51Z,android,control,AU
u_00001523,2026-07-12T19:52:19Z,ios,checklist,US
u_00001524,2026-07-12T04:52:06Z,ios,control,US
u_00001526,2026-07-12T22:44:59Z,ios,checklist,US
u_00001527,2026-07-12T11:17:41Z,web,control,US
u_0000152a,2026-07-12T02:51:57Z,ios,checklist,DE
u_0000152b,2026-07-12T17:19:22Z,web,checklist,CA
u_0000152d,2026-07-12T15:33:27Z,android,checklist,US
u_0000152f,2026-07-12T15:53:51Z,ios,control,CA
u_00001532,2026-07-12T13:30:36Z,ios,control,US
u_00001535,2026-07-12T10:14:35Z,ios,checklist,CA
u_00001537,2026-07-12T12:40:20Z,ios,checklist,US
u_00001538,2026-07-13T21:34:07Z,web,,DE
u_00001539,2026-07-13T15:40:05Z,ios,,CA
u_0000153c,2026-07-13T06:25:37Z,web,,US
u_0000153e,2026-07-13T02:05:25Z,ios,,DE
u_0000153f,2026-07-13T08:40:10Z,ios,,CA
u_00001540,2026-07-13T05:43:09Z,web,,US
u_00001543,2026-07-13T02:30:50Z,android,,DE
u_00001546,2026-07-13T22:22:35Z,ios,,US
u_00001548,2026-07-13T09:57:05Z,ios,,US
u_0000154a,2026-07-13T12:23:57Z,ios,,US
u_0000154d,2026-07-13T17:52:36Z,web,,US
u_0000154e,2026-07-13T04:14:58Z,ios,,US
u_00001550,2026-07-13T02:56:52Z,web,,US
u_00001553,2026-07-13T18:57:57Z,android,,US
u_00001554,2026-07-13T07:45:39Z,web,,US
u_00001557,2026-07-13T06:04:18Z,ios,,US
u_00001559,2026-07-13T03:49:44Z,web,,US
u_0000155c,2026-07-13T14:30:26Z,ios,,DE
u_0000155f,2026-07-13T23:16:52Z,ios,,GB
u_00001561,2026-07-13T21:39:23Z,ios,,AU
u_00001563,2026-07-13T17:44:01Z,ios,,US
u_00001566,2026-07-13T22:14:39Z,android,,US
u_00001569,2026-07-13T18:07:16Z,ios,,US
u_0000156a,2026-07-13T02:08:50Z,web,,DE
u_0000156b,2026-07-14T05:33:34Z,android,,AU
u_0000156d,2026-07-14T15:09:35Z,android,,US
u_0000156f,2026-07-14T03:14:35Z,android,,US
u_00001570,2026-07-14T07:09:48Z,ios,,US
u_00001571,2026-07-14T09:17:33Z,ios,,US
u_00001572,2026-07-14T12:56:47Z,ios,,US
u_00001573,2026-07-14T18:06:28Z,web,,GB
u_00001574,2026-07-14T05:20:13Z,web,,US
u_00001577,2026-07-14T20:42:01Z,android,,AU
u_0000157a,2026-07-14T15:04:48Z,ios,,US
u_0000157d,2026-07-14T17:11:58Z,android,,DE
u_0000157e,2026-07-14T03:37:16Z,web,,US
u_00001581,2026-07-14T17:05:53Z,android,,GB
u_00001584,2026-07-14T20:47:23Z,ios,,GB
u_00001585,2026-07-14T05:22:51Z,ios,,AU
u_00001586,2026-07-14T03:07:32Z,ios,,CA
u_00001589,2026-07-14T11:53:31Z,web,,CA
u_0000158a,2026-07-14T06:35:04Z,web,,GB
u_0000158d,2026-07-14T21:15:20Z,ios,,US
u_00001590,2026-07-14T07:53:48Z,android,,US
u_00001593,2026-07-14T02:57:08Z,web,,US
u_00001595,2026-07-14T02:40:03Z,web,,US
u_00001598,2026-07-14T10:45:13Z,android,,DE
u_00001599,2026-07-14T09:39:00Z,web,,US
u_0000159c,2026-07-14T01:26:38Z,android,,AU
u_0000159f,2026-07-14T13:02:09Z,web,,AU
u_000015a0,2026-07-14T10:56:55Z,android,,US
u_000015a1,2026-07-14T03:35:39Z,ios,,US
u_000015a3,2026-07-14T23:48:00Z,ios,,US
u_000015a6,2026-07-14T06:41:33Z,android,,US
u_000015a9,2026-07-14T14:03:26Z,web,,US
u_000015aa,2026-07-14T19:59:48Z,ios,,US
u_000015ac,2026-07-14T09:44:16Z,android,,DE
u_000015ad,2026-07-14T16:08:15Z,android,,GB
u_000015ae,2026-07-15T06:31:32Z,android,,US
u_000015b0,2026-07-15T20:08:35Z,ios,,US
u_000015b1,2026-07-15T11:44:25Z,ios,,AU
u_000015b2,2026-07-15T14:32:49Z,ios,,US
u_000015b4,2026-07-15T14:06:58Z,android,,US
u_000015b6,2026-07-15T18:38:23Z,web,,US
u_000015b9,2026-07-15T05:19:36Z,ios,,US
u_000015bc,2026-07-15T13:10:02Z,ios,,CA
u_000015bd,2026-07-15T06:28:18Z,ios,,US
u_000015bf,2026-07-15T15:06:30Z,web,,US
u_000015c1,2026-07-15T08:12:31Z,web,,US
u_000015c2,2026-07-15T03:14:27Z,ios,,GB
u_000015c3,2026-07-15T22:16:52Z,ios,,US
u_000015c6,2026-07-15T10:41:01Z,ios,,US
u_000015c8,2026-07-15T01:34:59Z,android,,GB
u_000015c9,2026-07-15T07:14:34Z,ios,,US
u_000015cc,2026-07-15T19:43:50Z,web,,GB
u_000015ce,2026-07-15T02:04:33Z,ios,,DE
u_000015cf,2026-07-15T11:02:01Z,web,,GB
u_000015d2,2026-07-15T12:14:01Z,ios,,US
u_000015d5,2026-07-15T10:55:51Z,android,,CA
u_000015d6,2026-07-15T18:30:40Z,android,,US
u_000015d8,2026-07-15T10:18:26Z,web,,DE
u_000015d9,2026-07-15T22:55:48Z,ios,,US
u_000015dc,2026-07-15T04:21:34Z,web,,US
u_000015df,2026-07-15T04:12:27Z,web,,GB
u_000015e1,2026-07-15T18:36:21Z,android,,US
u_000015e4,2026-07-15T12:38:50Z,ios,,US
u_000015e6,2026-07-15T06:03:38Z,web,,US
u_000015e8,2026-07-15T06:16:22Z,android,,US
u_000015ea,2026-07-15T04:11:23Z,ios,,GB
u_000015eb,2026-07-15T07:55:11Z,android,,US
u_000015ed,2026-07-15T15:33:50Z,android,,US
u_000015ef,2026-07-15T10:13:50Z,ios,,US
u_000015f1,2026-07-15T10:41:09Z,ios,,US
u_000015f2,2026-07-15T08:49:00Z,ios,,DE
u_000015f3,2026-07-16T09:23:30Z,ios,,CA
u_000015f4,2026-07-16T19:27:32Z,android,,US
u_000015f5,2026-07-16T00:19:03Z,ios,,GB
u_000015f7,2026-07-16T23:05:17Z,ios,,DE
u_000015fa,2026-07-16T16:14:12Z,ios,,GB
u_000015fb,2026-07-16T14:13:26Z,web,,GB
u_000015fd,2026-07-16T23:20:37Z,android,,US
u_000015ff,2026-07-16T04:12:15Z,ios,,US
u_00001602,2026-07-16T15:57:42Z,android,,US
u_00001603,2026-07-16T10:29:38Z,android,,US
u_00001605,2026-07-16T00:17:12Z,web,,US
u_00001608,2026-07-16T00:32:36Z,android,,GB
u_0000160a,2026-07-16T04:22:06Z,ios,,US
u_0000160b,2026-07-16T03:52:20Z,ios,,US
u_0000160d,2026-07-16T21:31:38Z,web,,GB
u_0000160e,2026-07-16T09:00:45Z,web,,CA
u_00001611,2026-07-16T02:49:04Z,ios,,US
u_00001613,2026-07-16T19:09:34Z,web,,US
u_00001615,2026-07-16T08:42:19Z,ios,,DE
u_00001617,2026-07-16T09:06:22Z,android,,US
u_00001619,2026-07-16T02:14:09Z,android,,GB
u_0000161b,2026-07-16T04:41:25Z,android,,GB
u_0000161e,2026-07-16T11:04:39Z,android,,DE
u_00001620,2026-07-16T16:44:09Z,ios,,US
u_00001623,2026-07-16T19:22:39Z,android,,GB
u_00001625,2026-07-16T21:02:45Z,web,,DE
u_00001626,2026-07-16T13:27:27Z,ios,,US
u_00001629,2026-07-16T21:35:36Z,web,,US
u_0000162c,2026-07-16T04:12:18Z,web,,US
u_0000162d,2026-07-16T08:31:18Z,android,,US
u_0000162f,2026-07-16T01:47:58Z,ios,,US
u_00001631,2026-07-16T13:39:07Z,ios,,US
u_00001633,2026-07-16T19:13:52Z,web,,US
u_00001635,2026-07-16T18:06:18Z,android,,DE
u_00001637,2026-07-17T17:34:14Z,android,,US
u_00001639,2026-07-17T14:20:04Z,android,,US
u_0000163c,2026-07-17T08:58:47Z,ios,,US
u_0000163e,2026-07-17T22:42:19Z,android,,US
u_00001641,2026-07-17T10:00:52Z,web,,US
u_00001644,2026-07-17T09:35:13Z,ios,,US
u_00001647,2026-07-17T16:17:56Z,web,,US
u_00001648,2026-07-17T00:37:24Z,web,,CA
u_0000164a,2026-07-17T04:51:21Z,android,,GB
u_0000164b,2026-07-17T02:07:00Z,ios,,US
u_0000164d,2026-07-17T14:55:19Z,web,,US
u_0000164e,2026-07-17T05:41:19Z,android,,CA
u_0000164f,2026-07-17T14:10:52Z,android,,CA
u_00001650,2026-07-17T02:44:08Z,android,,CA
u_00001652,2026-07-17T10:17:22Z,ios,,US
u_00001653,2026-07-17T18:21:58Z,web,,GB
u_00001655,2026-07-17T08:45:44Z,ios,,AU
u_00001658,2026-07-17T15:49:25Z,web,,DE
u_00001659,2026-07-17T00:34:44Z,ios,,US
u_0000165c,2026-07-17T08:44:38Z,android,,US
u_0000165d,2026-07-17T08:34:46Z,android,,AU
u_0000165e,2026-07-17T23:17:22Z,android,,CA
u_00001661,2026-07-17T17:52:30Z,android,,CA
u_00001663,2026-07-17T12:01:39Z,web,,GB
u_00001664,2026-07-17T15:31:50Z,web,,US
u_00001665,2026-07-17T19:59:13Z,android,,GB
u_00001666,2026-07-18T02:40:58Z,android,,DE
u_00001669,2026-07-18T05:58:33Z,ios,,CA
u_0000166c,2026-07-18T03:48:35Z,ios,,US
u_0000166f,2026-07-18T07:49:26Z,android,,US
u_00001672,2026-07-18T22:55:08Z,ios,,GB
u_00001674,2026-07-18T09:06:46Z,android,,US
u_00001676,2026-07-18T06:31:16Z,android,,AU
u_00001678,2026-07-18T13:02:33Z,web,,US
u_0000167a,2026-07-18T15:14:00Z,ios,,CA
u_0000167c,2026-07-18T22:20:55Z,web,,US
u_0000167f,2026-07-18T01:00:52Z,ios,,US
u_00001682,2026-07-18T02:45:48Z,web,,US
u_00001685,2026-07-18T01:04:57Z,ios,,AU
u_00001686,2026-07-18T09:59:52Z,android,,US
u_00001687,2026-07-18T22:34:13Z,android,,CA
u_00001688,2026-07-18T12:30:49Z,android,,US
u_0000168b,2026-07-18T06:05:14Z,android,,DE
u_0000168e,2026-07-18T17:03:12Z,web,,US
u_0000168f,2026-07-18T22:27:37Z,web,,US
u_00001690,2026-07-18T16:35:59Z,ios,,DE
u_00001693,2026-07-18T18:30:24Z,android,,US
u_00001696,2026-07-18T22:18:32Z,web,,US
u_00001699,2026-07-18T19:40:47Z,web,,AU
u_0000169c,2026-07-18T12:36:53Z,android,,US
u_0000169f,2026-07-18T08:31:17Z,ios,,CA
u_000016a2,2026-07-18T02:34:57Z,android,,AU
u_000016a3,2026-07-18T23:38:43Z,ios,,US
u_000016a6,2026-07-18T17:37:11Z,android,,AU
u_000016a8,2026-07-18T07:04:17Z,android,,DE
u_000016ab,2026-07-18T00:23:14Z,ios,,CA
u_000016ad,2026-07-18T22:48:55Z,ios,,GB
u_000016ae,2026-07-18T06:36:46Z,android,,DE
u_000016af,2026-07-18T03:22:45Z,ios,,US
u_000016b2,2026-07-18T07:07:30Z,ios,,US
u_000016b5,2026-07-18T14:20:32Z,web,,CA
u_000016b8,2026-07-19T10:58:22Z,android,,US
u_000016b9,2026-07-19T23:22:51Z,ios,,US
u_000016bb,2026-07-19T23:27:28Z,android,,AU
u_000016bc,2026-07-19T11:08:20Z,web,,US
u_000016bf,2026-07-19T17:11:54Z,web,,US
u_000016c1,2026-07-19T07:33:11Z,web,,US
u_000016c2,2026-07-19T10:03:41Z,ios,,US
u_000016c4,2026-07-19T10:59:06Z,android,,US
u_000016c6,2026-07-19T18:22:32Z,web,,US
u_000016c7,2026-07-19T05:05:04Z,ios,,DE
u_000016c8,2026-07-19T19:26:11Z,ios,,US
u_000016ca,2026-07-19T03:55:20Z,android,,GB
u_000016cc,2026-07-19T02:29:20Z,web,,US
u_000016cd,2026-07-19T03:44:34Z,ios,,US
u_000016ce,2026-07-19T06:35:52Z,android,,GB
u_000016d1,2026-07-19T18:47:25Z,ios,,DE
u_000016d3,2026-07-19T10:03:51Z,web,,DE
u_000016d6,2026-07-19T08:16:00Z,ios,,AU
u_000016d7,2026-07-19T01:44:59Z,web,,GB
u_000016d8,2026-07-19T22:49:29Z,android,,US
u_000016d9,2026-07-19T12:05:26Z,web,,DE
u_000016db,2026-07-19T02:48:41Z,ios,,US
u_000016dc,2026-07-19T20:37:07Z,web,,US
u_000016de,2026-07-19T05:30:48Z,web,,DE
u_000016e1,2026-07-19T01:01:36Z,ios,,US
u_000016e3,2026-07-19T08:51:49Z,web,,CA
u_000016e5,2026-07-19T15:05:04Z,android,,US
u_000016e6,2026-07-19T06:43:25Z,ios,,US
u_000016e7,2026-07-19T11:50:44Z,web,,US
u_000016e8,2026-07-19T00:25:59Z,ios,,US
u_000016ea,2026-07-19T15:28:14Z,ios,,GB
u_000016ed,2026-07-19T15:05:56Z,ios,,GB
u_000016f0,2026-07-20T20:16:30Z,ios,,GB
u_000016f1,2026-07-20T23:10:00Z,android,,DE
u_000016f3,2026-07-20T12:50:52Z,android,,US
u_000016f5,2026-07-20T03:45:21Z,android,,AU
u_000016f8,2026-07-20T00:08:24Z,android,,US
u_000016fb,2026-07-20T04:11:00Z,ios,,CA
u_000016fe,2026-07-20T12:30:23Z,ios,,CA
u_00001701,2026-07-20T19:29:04Z,ios,,GB
u_00001704,2026-07-20T12:57:30Z,ios,,US
u_00001705,2026-07-20T15:17:48Z,android,,US
u_00001706,2026-07-20T15:30:22Z,web,,AU
u_00001708,2026-07-20T11:13:06Z,ios,,US
u_0000170a,2026-07-20T15:51:41Z,ios,,US
u_0000170b,2026-07-20T01:57:59Z,ios,,US
u_0000170c,2026-07-20T05:19:03Z,android,,US
u_0000170f,2026-07-20T05:17:59Z,web,,US
u_00001712,2026-07-20T23:10:45Z,web,,AU
u_00001715,2026-07-20T19:47:11Z,ios,,US
u_00001716,2026-07-20T13:55:16Z,ios,,GB
u_00001718,2026-07-20T01:15:01Z,ios,,US
u_0000171a,2026-07-20T12:44:21Z,ios,,US
u_0000171b,2026-07-20T03:42:49Z,ios,,US
u_0000171e,2026-07-20T22:29:29Z,ios,,GB
u_00001720,2026-07-20T02:53:48Z,ios,,GB
u_00001723,2026-07-20T13:14:49Z,android,,US
u_00001724,2026-07-20T00:11:59Z,ios,,US
u_00001725,2026-07-20T13:09:58Z,ios,,GB
u_00001728,2026-07-20T08:27:33Z,ios,,US
u_0000172b,2026-07-20T21:58:01Z,ios,,US
u_0000172d,2026-07-20T05:49:53Z,ios,,DE
u_0000172f,2026-07-20T13:13:02Z,web,,GB
u_00001731,2026-07-20T18:35:18Z,android,,GB
u_00001733,2026-07-20T03:42:41Z,ios,,US
u_00001736,2026-07-20T03:02:51Z,ios,,US
u_00001738,2026-07-20T07:50:59Z,ios,,GB
u_00001739,2026-07-20T11:33:50Z,web,,AU
u_0000173b,2026-07-20T04:50:07Z,ios,,US
u_0000173d,2026-07-21T12:13:27Z,ios,,AU
u_0000173e,2026-07-21T18:46:23Z,ios,,US
u_00001740,2026-07-21T11:25:17Z,android,,US
u_00001743,2026-07-21T10:56:39Z,ios,,GB
u_00001744,2026-07-21T16:05:27Z,ios,,US
u_00001745,2026-07-21T12:19:45Z,web,,DE
u_00001747,2026-07-21T03:53:36Z,android,,US
u_0000174a,2026-07-21T17:53:30Z,ios,,US
u_0000174c,2026-07-21T17:17:29Z,ios,,US
u_0000174e,2026-07-21T17:21:31Z,ios,,US
u_00001750,2026-07-21T06:19:09Z,ios,,US
u_00001752,2026-07-21T08:41:01Z,android,,US
u_00001755,2026-07-21T23:53:02Z,android,,US
u_00001758,2026-07-21T21:26:43Z,web,,US
u_0000175b,2026-07-21T19:23:34Z,ios,,US
u_0000175d,2026-07-21T05:56:12Z,ios,,CA
u_0000175e,2026-07-21T11:06:56Z,ios,,US
u_00001761,2026-07-21T19:35:07Z,web,,GB
u_00001762,2026-07-21T16:04:21Z,ios,,US
u_00001763,2026-07-21T22:37:28Z,web,,CA
u_00001764,2026-07-21T09:55:02Z,android,,US
u_00001765,2026-07-21T19:32:49Z,ios,,DE
u_00001767,2026-07-21T05:11:36Z,ios,,AU
u_00001768,2026-07-21T23:01:17Z,android,,US
u_0000176b,2026-07-21T14:59:02Z,ios,,GB
u_0000176e,2026-07-21T04:08:36Z,android,,US
u_00001771,2026-07-21T22:55:00Z,ios,,CA
u_00001772,2026-07-21T20:52:21Z,android,,AU
u_00001773,2026-07-21T21:33:43Z,android,,GB
u_00001774,2026-07-21T02:33:12Z,web,,GB
u_00001777,2026-07-21T03:25:57Z,web,,US
u_0000177a,2026-07-22T13:16:16Z,android,,US
u_0000177b,2026-07-22T19:43:41Z,web,,AU
u_0000177c,2026-07-22T22:01:48Z,web,,DE
u_0000177d,2026-07-22T23:51:22Z,ios,,CA
u_0000177e,2026-07-22T06:35:42Z,android,,US
u_0000177f,2026-07-22T15:28:31Z,android,,US
u_00001782,2026-07-22T09:16:29Z,android,,US
u_00001785,2026-07-22T05:37:36Z,android,,US
u_00001788,2026-07-22T19:17:26Z,ios,,US
u_00001789,2026-07-22T16:28:07Z,web,,GB
u_0000178c,2026-07-22T01:19:52Z,web,,US
u_0000178e,2026-07-22T05:32:03Z,android,,CA
u_0000178f,2026-07-22T08:35:22Z,ios,,CA
u_00001791,2026-07-22T00:28:41Z,ios,,US
u_00001792,2026-07-22T17:58:28Z,web,,CA
u_00001795,2026-07-22T13:11:29Z,ios,,US
u_00001796,2026-07-22T09:59:29Z,web,,US
u_00001797,2026-07-22T01:08:56Z,ios,,DE
u_00001798,2026-07-22T01:38:11Z,ios,,US
u_0000179a,2026-07-22T02:47:59Z,web,,US
u_0000179d,2026-07-22T06:59:31Z,ios,,US
u_0000179e,2026-07-22T05:42:24Z,ios,,CA
u_000017a1,2026-07-22T03:24:41Z,ios,,GB
u_000017a3,2026-07-22T00:00:12Z,ios,,AU
u_000017a4,2026-07-23T23:49:59Z,ios,,US
u_000017a6,2026-07-23T13:23:26Z,android,,GB
u_000017a9,2026-07-23T18:24:15Z,ios,,DE
u_000017ac,2026-07-23T21:19:13Z,ios,,US
u_000017af,2026-07-23T03:54:47Z,android,,US
u_000017b1,2026-07-23T19:50:50Z,ios,,DE
u_000017b2,2026-07-23T17:47:18Z,android,,GB
u_000017b3,2026-07-23T22:41:59Z,ios,,US
u_000017b6,2026-07-23T17:42:24Z,ios,,CA
u_000017b7,2026-07-23T08:46:25Z,ios,,CA
u_000017b8,2026-07-23T18:22:36Z,ios,,DE
u_000017b9,2026-07-23T02:51:15Z,ios,,US
u_000017bc,2026-07-23T03:54:57Z,web,,GB
u_000017bf,2026-07-23T06:59:35Z,android,,GB
u_000017c2,2026-07-23T04:01:24Z,web,,DE
u_000017c4,2026-07-23T19:14:36Z,ios,,US
u_000017c6,2026-07-23T08:06:52Z,web,,GB
u_000017c7,2026-07-23T05:53:04Z,web,,GB
u_000017ca,2026-07-23T04:50:50Z,ios,,US
u_000017cd,2026-07-23T23:43:57Z,web,,US
u_000017ce,2026-07-23T04:59:02Z,android,,AU
u_000017d1,2026-07-23T07:59:02Z,ios,,CA
u_000017d4,2026-07-23T15:04:46Z,android,,US
u_000017d5,2026-07-23T00:50:49Z,web,,DE
u_000017d8,2026-07-23T08:41:57Z,web,,US
u_000017da,2026-07-23T04:53:08Z,android,,US
u_000017dc,2026-07-23T22:18:46Z,web,,US
u_000017df,2026-07-24T01:03:40Z,web,,US
u_000017e1,2026-07-24T10:07:43Z,ios,,US
u_000017e4,2026-07-24T23:23:04Z,android,,US
u_000017e6,2026-07-24T18:30:51Z,android,,GB
u_000017e7,2026-07-24T16:14:15Z,ios,,CA
u_000017e9,2026-07-24T04:18:03Z,android,,CA
u_000017ea,2026-07-24T14:29:20Z,android,,US
u_000017eb,2026-07-24T07:04:17Z,android,,US
u_000017ed,2026-07-24T08:32:12Z,android,,CA
u_000017f0,2026-07-24T18:45:37Z,ios,,AU
u_000017f1,2026-07-24T13:15:48Z,android,,US
u_000017f4,2026-07-24T22:01:35Z,ios,,US
u_000017f5,2026-07-24T13:19:35Z,web,,DE
u_000017f8,2026-07-24T04:58:40Z,ios,,US
u_000017f9,2026-07-24T14:55:22Z,web,,US
u_000017fb,2026-07-24T03:27:48Z,ios,,US
u_000017fc,2026-07-24T09:47:15Z,ios,,US
u_000017fe,2026-07-24T07:48:09Z,web,,US
u_00001800,2026-07-24T02:39:57Z,ios,,US
u_00001803,2026-07-24T15:24:36Z,ios,,US
u_00001804,2026-07-24T17:10:59Z,web,,DE
u_00001807,2026-07-24T03:59:37Z,android,,CA
u_00001808,2026-07-24T19:48:33Z,web,,US
u_00001809,2026-07-24T17:08:35Z,ios,,US
u_0000180a,2026-07-24T08:15:16Z,ios,,GB
u_0000180c,2026-07-24T13:35:11Z,web,,GB
u_0000180e,2026-07-24T13:56:25Z,web,,AU
u_0000180f,2026-07-24T19:41:48Z,ios,,US
u_00001812,2026-07-24T14:29:05Z,ios,,GB
u_00001813,2026-07-24T07:59:14Z,android,,US
u_00001815,2026-07-24T04:10:08Z,android,,CA
u_00001816,2026-07-24T05:42:37Z,web,,US
u_00001817,2026-07-24T20:27:20Z,ios,,DE
u_0000181a,2026-07-25T07:06:17Z,android,,DE
u_0000181c,2026-07-25T18:08:51Z,ios,,US
u_0000181d,2026-07-25T00:18:25Z,android,,GB
u_00001820,2026-07-25T13:44:44Z,ios,,US
u_00001822,2026-07-25T11:49:22Z,web,,US
u_00001824,2026-07-25T05:21:32Z,web,,US
u_00001825,2026-07-25T08:15:26Z,android,,CA
u_00001828,2026-07-25T15:20:46Z,ios,,US
u_0000182a,2026-07-25T09:54:31Z,ios,,US
u_0000182c,2026-07-25T17:00:13Z,ios,,DE
u_0000182e,2026-07-25T03:32:03Z,android,,GB
u_0000182f,2026-07-25T01:50:06Z,ios,,US
u_00001831,2026-07-25T22:33:42Z,android,,CA
u_00001833,2026-07-25T19:18:52Z,ios,,CA
u_00001834,2026-07-25T16:26:06Z,android,,GB
u_00001836,2026-07-25T09:48:30Z,ios,,US
u_00001839,2026-07-25T11:12:21Z,android,,CA
u_0000183b,2026-07-25T05:10:10Z,ios,,CA
u_0000183c,2026-07-25T12:33:46Z,ios,,US
u_0000183d,2026-07-25T06:08:33Z,android,,DE
u_0000183f,2026-07-25T13:37:05Z,ios,,US
u_00001840,2026-07-25T11:05:47Z,ios,,DE
u_00001843,2026-07-25T10:52:10Z,ios,,US
u_00001844,2026-07-25T19:44:28Z,android,,US
u_00001847,2026-07-25T00:58:16Z,android,,US
u_00001848,2026-07-25T04:11:40Z,ios,,US
u_00001849,2026-07-25T19:53:27Z,web,,GB
u_0000184c,2026-07-25T11:19:22Z,ios,,US
u_0000184d,2026-07-25T02:42:39Z,web,,US
u_0000184e,2026-07-25T11:43:41Z,web,,CA
u_0000184f,2026-07-26T05:26:37Z,ios,,US
u_00001850,2026-07-26T19:23:12Z,web,,US
u_00001852,2026-07-26T12:29:52Z,web,,CA
u_00001854,2026-07-26T07:55:08Z,ios,,CA
u_00001855,2026-07-26T10:51:02Z,ios,,CA
u_00001856,2026-07-26T00:19:22Z,android,,US
u_00001858,2026-07-26T17:33:02Z,ios,,US
u_00001859,2026-07-26T22:51:13Z,ios,,US
u_0000185c,2026-07-26T02:07:34Z,ios,,US
u_0000185f,2026-07-26T06:04:11Z,ios,,CA
u_00001862,2026-07-26T05:19:58Z,ios,,US
u_00001864,2026-07-26T19:18:09Z,web,,US
u_00001867,2026-07-26T09:33:27Z,ios,,CA
u_00001868,2026-07-26T16:23:39Z,web,,US
u_00001869,2026-07-26T21:01:09Z,android,,GB
u_0000186b,2026-07-26T21:17:40Z,ios,,US
u_0000186e,2026-07-26T11:10:55Z,android,,GB
u_0000186f,2026-07-26T07:09:40Z,android,,US
u_00001870,2026-07-26T06:36:35Z,android,,CA
u_00001872,2026-07-26T21:00:04Z,ios,,US
u_00001875,2026-07-26T15:56:25Z,android,,DE
u_00001876,2026-07-26T23:34:19Z,android,,US
u_00001877,2026-07-26T10:28:13Z,web,,DE
u_00001878,2026-07-26T03:46:41Z,web,,DE
u_0000187a,2026-07-26T14:51:38Z,ios,,US
u_0000187b,2026-07-26T23:34:14Z,ios,,DE
u_0000187c,2026-07-26T08:58:11Z,ios,,CA
u_0000187d,2026-07-26T12:28:07Z,android,,US
u_0000187f,2026-07-26T15:57:34Z,android,,GB
u_00001882,2026-07-26T13:59:46Z,android,,US
u_00001885,2026-07-26T17:44:45Z,ios,,DE
u_00001888,2026-07-27T11:48:28Z,ios,,GB
u_0000188b,2026-07-27T12:10:26Z,android,,US
u_0000188d,2026-07-27T02:37:53Z,ios,,US
u_0000188e,2026-07-27T02:36:49Z,android,,US
u_0000188f,2026-07-27T15:52:48Z,ios,,US
u_00001890,2026-07-27T02:53:14Z,android,,GB
u_00001891,2026-07-27T23:54:58Z,ios,,CA
u_00001893,2026-07-27T00:36:23Z,web,,US
u_00001896,2026-07-27T18:21:56Z,web,,GB
u_00001899,2026-07-27T22:11:21Z,ios,,DE
u_0000189a,2026-07-27T09:58:51Z,android,,US
u_0000189c,2026-07-27T02:57:40Z,ios,,US
u_0000189d,2026-07-27T01:37:48Z,ios,,US
u_0000189f,2026-07-27T00:26:14Z,ios,,US
u_000018a2,2026-07-27T14:56:08Z,web,,US
u_000018a3,2026-07-27T12:50:31Z,web,,GB
u_000018a5,2026-07-27T22:32:14Z,web,,CA
u_000018a6,2026-07-27T22:48:26Z,ios,,AU
u_000018a8,2026-07-27T17:09:16Z,web,,US
u_000018a9,2026-07-27T22:21:44Z,web,,AU
u_000018ac,2026-07-27T15:11:26Z,ios,,AU
u_000018af,2026-07-27T23:09:26Z,ios,,US
u_000018b1,2026-07-27T11:08:06Z,ios,,CA
u_000018b3,2026-07-27T08:27:08Z,web,,US
u_000018b4,2026-07-27T10:48:23Z,web,,US
u_000018b7,2026-07-28T02:55:29Z,ios,,US
u_000018b9,2026-07-28T14:21:15Z,ios,,US
u_000018ba,2026-07-28T04:34:50Z,android,,AU
u_000018bc,2026-07-28T21:47:07Z,ios,,DE
u_000018bf,2026-07-28T06:35:45Z,web,,DE
u_000018c2,2026-07-28T01:09:53Z,ios,,US
u_000018c5,2026-07-28T14:28:04Z,android,,US
u_000018c6,2026-07-28T03:03:01Z,web,,US
u_000018c9,2026-07-28T05:11:41Z,ios,,US
u_000018cb,2026-07-28T18:05:04Z,ios,,AU
u_000018cc,2026-07-28T09:38:07Z,ios,,CA
u_000018cf,2026-07-28T09:34:44Z,ios,,US
u_000018d2,2026-07-28T03:46:37Z,web,,US
u_000018d5,2026-07-28T11:12:44Z,ios,,US
u_000018d8,2026-07-28T15:35:45Z,android,,US
u_000018d9,2026-07-28T04:24:59Z,android,,US
u_000018da,2026-07-28T21:43:48Z,ios,,AU
u_000018dc,2026-07-28T10:59:18Z,ios,,GB
u_000018dd,2026-07-28T01:51:23Z,web,,US
u_000018de,2026-07-28T06:05:38Z,ios,,US
u_000018e0,2026-07-28T20:16:16Z,web,,GB
u_000018e2,2026-07-28T21:01:37Z,android,,US
u_000018e3,2026-07-28T11:08:34Z,android,,US
u_000018e4,2026-07-28T01:02:19Z,web,,CA
u_000018e6,2026-07-28T18:39:12Z,android,,US
u_000018e7,2026-07-28T09:34:02Z,ios,,GB
u_000018ea,2026-07-28T02:47:53Z,web,,US
u_000018eb,2026-07-28T23:28:34Z,ios,,US
u_000018ed,2026-07-28T01:08:19Z,android,,GB
u_000018f0,2026-07-28T22:07:11Z,web,,AU
u_000018f3,2026-07-28T23:45:17Z,ios,,US
u_000018f5,2026-07-28T17:19:11Z,android,,US
u_000018f7,2026-07-28T17:18:06Z,ios,,CA
u_000018f9,2026-07-29T00:53:10Z,android,,US
u_000018fb,2026-07-29T11:59:12Z,ios,,US
u_000018fd,2026-07-29T23:01:36Z,android,,US
u_000018fe,2026-07-29T00:28:51Z,android,,CA
u_00001900,2026-07-29T23:29:17Z,web,,US
u_00001902,2026-07-29T03:45:49Z,ios,,DE
u_00001905,2026-07-29T07:54:04Z,android,,US
u_00001906,2026-07-29T21:12:00Z,ios,,AU
u_00001909,2026-07-29T07:11:00Z,android,,GB
u_0000190a,2026-07-29T05:59:58Z,ios,,AU
u_0000190c,2026-07-29T23:20:28Z,web,,GB
u_0000190e,2026-07-29T02:31:08Z,ios,,GB
u_0000190f,2026-07-29T12:00:51Z,android,,CA
u_00001910,2026-07-29T11:41:53Z,ios,,CA
u_00001911,2026-07-29T11:11:09Z,ios,,DE
u_00001914,2026-07-29T18:01:40Z,android,,AU
u_00001915,2026-07-29T21:48:33Z,web,,US
u_00001917,2026-07-29T22:15:21Z,ios,,CA
u_00001918,2026-07-29T14:01:07Z,android,,US
u_0000191b,2026-07-29T12:36:40Z,ios,,AU
u_0000191d,2026-07-29T02:46:09Z,web,,US
u_00001920,2026-07-29T19:17:43Z,web,,DE
u_00001923,2026-07-29T18:55:41Z,ios,,US
u_00001926,2026-07-29T12:17:25Z,ios,,US
u_00001928,2026-07-29T22:46:38Z,web,,US
u_00001929,2026-07-29T15:43:10Z,web,,US
u_0000192c,2026-07-29T11:41:44Z,ios,,AU
u_0000192d,2026-07-29T05:22:31Z,ios,,US
u_00001930,2026-07-29T04:18:08Z,ios,,GB
u_00001931,2026-07-29T17:24:43Z,web,,US
u_00001933,2026-07-29T06:53:28Z,ios,,CA
u_00001934,2026-07-29T23:36:55Z,ios,,GB
u_00001936,2026-07-29T23:34:26Z,ios,,AU
u_00001939,2026-07-29T05:06:45Z,ios,,CA
u_0000193a,2026-07-29T15:34:05Z,ios,,US
u_0000193d,2026-07-29T11:45:36Z,ios,,US
u_00001940,2026-07-30T06:14:03Z,ios,,CA
u_00001941,2026-07-30T02:13:52Z,android,,DE
u_00001943,2026-07-30T02:56:19Z,android,,US
u_00001944,2026-07-30T19:08:13Z,web,,GB
u_00001945,2026-07-30T11:54:54Z,ios,,US
u_00001946,2026-07-30T02:48:11Z,ios,,CA
u_00001947,2026-07-30T16:48:46Z,android,,US
u_00001948,2026-07-30T18:11:15Z,ios,,US
u_00001949,2026-07-30T12:25:41Z,ios,,US
u_0000194c,2026-07-30T23:26:12Z,android,,US
u_0000194f,2026-07-30T17:20:40Z,android,,US
u_00001951,2026-07-30T07:51:06Z,android,,US
u_00001954,2026-07-30T13:38:47Z,ios,,US
u_00001955,2026-07-30T17:02:39Z,web,,DE
u_00001958,2026-07-30T21:09:53Z,ios,,DE
u_00001959,2026-07-30T02:59:41Z,web,,CA
u_0000195a,2026-07-30T03:57:43Z,web,,US
u_0000195b,2026-07-30T23:34:21Z,android,,DE
u_0000195c,2026-07-30T08:57:48Z,android,,US
u_0000195e,2026-07-30T06:27:23Z,ios,,US
u_00001960,2026-07-30T18:25:52Z,ios,,US
u_00001963,2026-07-30T01:13:27Z,android,,US
u_00001966,2026-07-30T03:06:51Z,android,,US
u_00001968,2026-07-30T04:03:43Z,ios,,GB
u_0000196b,2026-07-30T03:31:49Z,ios,,CA
u_0000196e,2026-07-30T16:19:14Z,web,,GB
u_00001970,2026-07-30T21:30:11Z,ios,,CA
u_00001971,2026-07-30T11:34:11Z,ios,,GB
u_00001973,2026-07-31T10:52:43Z,ios,,US
u_00001976,2026-07-31T11:04:36Z,web,,DE
u_00001979,2026-07-31T17:49:48Z,ios,,US
u_0000197c,2026-07-31T16:51:48Z,web,,US
u_0000197e,2026-07-31T23:46:52Z,android,,US
u_0000197f,2026-07-31T22:25:31Z,ios,,US
u_00001981,2026-07-31T00:21:38Z,ios,,DE
u_00001982,2026-07-31T12:58:46Z,android,,CA
u_00001985,2026-07-31T09:55:51Z,web,,US
u_00001987,2026-07-31T02:28:07Z,ios,,US
u_00001988,2026-07-31T17:26:29Z,ios,,US
u_00001989,2026-07-31T01:19:03Z,web,,CA
u_0000198b,2026-07-31T19:48:30Z,ios,,US
u_0000198c,2026-07-31T18:51:28Z,ios,,US
u_0000198d,2026-07-31T18:50:18Z,ios,,US
u_0000198f,2026-07-31T01:39:29Z,android,,US
u_00001991,2026-07-31T10:24:59Z,web,,US
u_00001994,2026-07-31T22:12:41Z,android,,GB
u_00001996,2026-07-31T14:13:54Z,ios,,US
u_00001997,2026-07-31T05:11:54Z,android,,US
u_00001998,2026-07-31T19:44:59Z,android,,US
u_0000199b,2026-07-31T11:46:07Z,web,,US
u_0000199c,2026-07-31T16:04:04Z,web,,AU
u_0000199e,2026-07-31T12:22:09Z,web,,US
u_000019a1,2026-07-31T18:54:35Z,web,,US
u_000019a4,2026-07-31T09:37:28Z,android,,CA
u_000019a7,2026-07-31T20:03:59Z,android,,CA
u_000019a8,2026-08-01T03:43:38Z,android,,DE
u_000019aa,2026-08-01T00:39:25Z,ios,,US
u_000019ab,2026-08-01T07:10:46Z,ios,,GB
u_000019ac,2026-08-01T12:33:16Z,android,,CA
u_000019ad,2026-08-01T15:05:37Z,ios,,GB
u_000019b0,2026-08-01T06:23:11Z,android,,US
u_000019b1,2026-08-01T13:43:36Z,ios,,US
u_000019b3,2026-08-01T20:44:46Z,web,,CA
u_000019b4,2026-08-01T14:02:22Z,ios,,DE
u_000019b6,2026-08-01T16:53:20Z,android,,US
u_000019b7,2026-08-01T14:49:57Z,android,,GB
u_000019ba,2026-08-01T07:12:17Z,web,,US
u_000019bd,2026-08-01T20:01:13Z,android,,US
u_000019c0,2026-08-01T02:50:32Z,android,,GB
u_000019c2,2026-08-01T19:50:15Z,android,,GB
u_000019c5,2026-08-01T17:02:04Z,web,,US
u_000019c7,2026-08-01T13:07:55Z,ios,,US
u_000019c8,2026-08-01T13:42:00Z,ios,,US
u_000019ca,2026-08-01T01:11:22Z,android,,AU
u_000019cd,2026-08-01T06:45:30Z,web,,US
u_000019d0,2026-08-01T23:36:42Z,android,,US
u_000019d2,2026-08-01T12:39:54Z,web,,CA
u_000019d5,2026-08-01T16:37:50Z,android,,US
u_000019d6,2026-08-01T01:05:58Z,ios,,GB
u_000019d9,2026-08-01T19:43:04Z,ios,,AU
u_000019dc,2026-08-02T00:08:02Z,ios,,US
u_000019de,2026-08-02T10:36:49Z,ios,,US
u_000019e0,2026-08-02T18:49:20Z,android,,US
u_000019e1,2026-08-02T13:07:02Z,ios,,US
u_000019e3,2026-08-02T02:45:57Z,android,,US
u_000019e6,2026-08-02T02:58:41Z,android,,US
u_000019e8,2026-08-02T14:17:10Z,ios,,CA
u_000019eb,2026-08-02T00:43:46Z,ios,,DE
u_000019ee,2026-08-02T12:32:50Z,ios,,US
u_000019ef,2026-08-02T22:00:31Z,android,,AU
u_000019f0,2026-08-02T18:03:07Z,android,,US
u_000019f1,2026-08-02T20:02:48Z,ios,,DE
u_000019f2,2026-08-02T20:31:56Z,ios,,US
u_000019f5,2026-08-02T09:53:28Z,android,,DE
u_000019f7,2026-08-02T06:17:38Z,web,,AU
u_000019fa,2026-08-02T22:36:23Z,android,,AU
u_000019fd,2026-08-02T09:38:31Z,android,,AU
u_00001a00,2026-08-02T13:41:42Z,ios,,CA
u_00001a03,2026-08-02T07:51:53Z,web,,AU
u_00001a06,2026-08-02T20:38:11Z,android,,US
u_00001a07,2026-08-02T22:48:57Z,android,,GB
u_00001a0a,2026-08-02T22:15:41Z,ios,,US
u_00001a0b,2026-08-02T19:45:09Z,android,,US
u_00001a0c,2026-08-02T04:57:04Z,web,,GB
u_00001a0d,2026-08-02T17:17:06Z,ios,,US
u_00001a0f,2026-08-02T21:07:36Z,ios,,CA
u_00001a11,2026-08-02T14:12:07Z,ios,,US
u_00001a14,2026-08-02T03:56:22Z,android,,US
u_00001a15,2026-08-02T18:13:28Z,android,,US
u_00001a17,2026-08-02T22:21:25Z,ios,,GB
u_00001a1a,2026-08-02T12:04:47Z,android,,GB
u_00001a1c,2026-08-03T08:15:28Z,ios,,US
u_00001a1d,2026-08-03T02:56:18Z,web,,US
u_00001a1e,2026-08-03T12:36:48Z,ios,,US
u_00001a1f,2026-08-03T07:35:22Z,ios,,DE
u_00001a20,2026-08-03T06:38:07Z,web,,GB
u_00001a22,2026-08-03T05:32:07Z,ios,,DE
u_00001a24,2026-08-03T12:18:04Z,web,,US
u_00001a27,2026-08-03T07:50:05Z,android,,GB
u_00001a28,2026-08-03T16:12:07Z,ios,,US
u_00001a29,2026-08-03T10:05:11Z,ios,,US
u_00001a2a,2026-08-03T01:28:07Z,ios,,US
u_00001a2d,2026-08-03T06:45:20Z,android,,US
u_00001a2f,2026-08-03T21:16:17Z,ios,,DE
u_00001a31,2026-08-03T08:59:30Z,web,,AU
u_00001a32,2026-08-03T13:44:25Z,android,,AU
u_00001a35,2026-08-03T05:24:17Z,android,,GB
u_00001a37,2026-08-03T06:00:13Z,android,,DE
u_00001a39,2026-08-03T03:56:54Z,web,,US
u_00001a3b,2026-08-03T09:18:19Z,android,,US
u_00001a3e,2026-08-03T09:21:25Z,ios,,US
u_00001a41,2026-08-03T09:57:58Z,ios,,US
u_00001a42,2026-08-03T17:48:09Z,web,,AU
u_00001a44,2026-08-03T16:51:29Z,ios,,US
u_00001a47,2026-08-03T19:18:39Z,android,,US
u_00001a4a,2026-08-04T13:01:39Z,ios,,US
u_00001a4b,2026-08-04T12:41:58Z,web,,CA
u_00001a4c,2026-08-04T01:47:35Z,ios,,US
u_00001a4f,2026-08-04T19:42:19Z,android,,US
u_00001a50,2026-08-04T12:23:03Z,android,,GB
u_00001a52,2026-08-04T12:21:28Z,ios,,US
u_00001a54,2026-08-04T11:07:05Z,android,,US
u_00001a57,2026-08-04T13:26:35Z,web,,US
u_00001a5a,2026-08-04T04:54:33Z,web,,US
u_00001a5b,2026-08-04T07:55:07Z,ios,,US
u_00001a5e,2026-08-04T16:07:33Z,ios,,GB
u_00001a60,2026-08-04T00:16:48Z,ios,,GB
u_00001a61,2026-08-04T13:27:04Z,ios,,US
u_00001a64,2026-08-04T01:01:46Z,android,,AU
u_00001a67,2026-08-04T15:56:58Z,ios,,GB
u_00001a68,2026-08-04T00:34:09Z,web,,US
u_00001a69,2026-08-04T12:49:31Z,android,,CA
u_00001a6c,2026-08-04T06:49:07Z,ios,,GB
u_00001a6d,2026-08-04T14:56:28Z,ios,,AU
u_00001a70,2026-08-04T00:35:36Z,web,,GB
u_00001a73,2026-08-04T07:53:03Z,web,,US
u_00001a75,2026-08-04T17:35:31Z,android,,US
u_00001a78,2026-08-04T09:28:52Z,ios,,US
u_00001a79,2026-08-04T12:35:56Z,ios,,CA
u_00001a7a,2026-08-04T09:39:47Z,web,,US
u_00001a7d,2026-08-04T21:32:16Z,ios,,CA
u_00001a7e,2026-08-04T15:24:50Z,android,,US
u_00001a80,2026-08-04T12:02:05Z,ios,,GB
u_00001a82,2026-08-04T08:16:52Z,android,,DE
u_00001a84,2026-08-04T15:11:07Z,web,,US
u_00001a85,2026-08-04T04:19:12Z,android,,US
u_00001a88,2026-08-04T07:47:51Z,android,,US
u_00001a89,2026-08-04T23:09:33Z,ios,,US
u_00001a8a,2026-08-04T14:50:25Z,android,,GB
u_00001a8c,2026-08-05T09:58:03Z,ios,,US
u_00001a8e,2026-08-05T12:23:11Z,ios,,US
u_00001a90,2026-08-05T03:26:26Z,android,,US
u_00001a92,2026-08-05T18:43:56Z,ios,,GB
u_00001a95,2026-08-05T16:39:31Z,web,,US
u_00001a97,2026-08-05T22:33:16Z,android,,AU
u_00001a99,2026-08-05T08:36:05Z,ios,,US
u_00001a9c,2026-08-05T21:32:01Z,ios,,GB
u_00001a9e,2026-08-05T01:54:47Z,ios,,GB
u_00001a9f,2026-08-05T06:50:14Z,web,,US
u_00001aa1,2026-08-05T21:09:45Z,web,,CA
u_00001aa4,2026-08-05T10:43:42Z,web,,GB
u_00001aa7,2026-08-05T14:02:38Z,ios,,GB
u_00001aa9,2026-08-05T03:29:26Z,android,,US
u_00001aac,2026-08-05T21:32:05Z,android,,DE
u_00001aad,2026-08-05T16:58:28Z,web,,DE
u_00001aaf,2026-08-05T02:21:47Z,web,,US
u_00001ab0,2026-08-05T23:29:49Z,ios,,DE
u_00001ab3,2026-08-05T13:33:39Z,android,,US
u_00001ab5,2026-08-05T21:18:40Z,android,,GB
u_00001ab8,2026-08-05T13:22:33Z,android,,US
u_00001ab9,2026-08-05T16:24:17Z,ios,,US
u_00001abc,2026-08-05T16:57:41Z,web,,US
u_00001abf,2026-08-05T10:15:37Z,android,,US
u_00001ac0,2026-08-05T22:21:27Z,ios,,US
u_00001ac2,2026-08-05T04:04:55Z,ios,,US
u_00001ac4,2026-08-05T21:14:54Z,ios,,US
u_00001ac5,2026-08-05T05:35:34Z,web,,US
u_00001ac8,2026-08-05T00:37:16Z,web,,US
u_00001ac9,2026-08-05T07:13:37Z,ios,,US
u_00001aca,2026-08-05T08:59:38Z,ios,,US
u_00001acd,2026-08-05T18:48:05Z,android,,US
u_00001ad0,2026-08-05T11:33:33Z,ios,,US
u_00001ad3,2026-08-05T10:02:15Z,android,,GB
u_00001ad4,2026-08-05T10:49:50Z,web,,US
u_00001ad5,2026-08-05T13:33:19Z,android,,US
u_00001ad8,2026-08-05T06:26:50Z,web,,DE
u_00001ad9,2026-08-06T16:40:13Z,ios,,DE
u_00001ada,2026-08-06T22:39:45Z,ios,,DE
u_00001adc,2026-08-06T20:32:01Z,ios,,GB
u_00001ade,2026-08-06T06:39:41Z,ios,,GB
u_00001ae0,2026-08-06T17:32:04Z,web,,GB
u_00001ae2,2026-08-06T21:02:01Z,ios,,DE
u_00001ae3,2026-08-06T13:41:05Z,ios,,DE
u_00001ae6,2026-08-06T02:54:37Z,web,,GB
u_00001ae8,2026-08-06T19:27:11Z,android,,US
u_00001aea,2026-08-06T11:46:05Z,android,,US
u_00001aeb,2026-08-06T18:18:43Z,ios,,US
u_00001aed,2026-08-06T21:38:10Z,android,,US
u_00001aef,2026-08-06T05:19:50Z,ios,,DE
u_00001af1,2026-08-06T16:12:56Z,web,,US
u_00001af3,2026-08-06T15:40:50Z,android,,US
u_00001af5,2026-08-06T22:20:42Z,web,,US
u_00001af8,2026-08-06T19:55:06Z,web,,US
u_00001afa,2026-08-06T18:08:32Z,android,,GB
u_00001afc,2026-08-06T19:31:57Z,android,,US
u_00001afd,2026-08-06T10:34:06Z,web,,CA
u_00001afe,2026-08-06T23:47:09Z,ios,,CA
u_00001aff,2026-08-06T18:06:16Z,ios,,US
u_00001b00,2026-08-06T11:34:14Z,android,,US
u_00001b02,2026-08-06T13:27:39Z,web,,US
u_00001b04,2026-08-06T17:40:26Z,ios,,US
u_00001b06,2026-08-06T03:10:25Z,ios,,US
u_00001b09,2026-08-06T09:32:07Z,web,,CA
u_00001b0b,2026-08-06T16:38:06Z,ios,,US
u_00001b0e,2026-08-07T11:19:46Z,ios,,US
u_00001b10,2026-08-07T09:19:45Z,ios,,US
u_00001b13,2026-08-07T23:44:42Z,web,,US
u_00001b14,2026-08-07T07:17:07Z,ios,,CA
u_00001b15,2026-08-07T12:37:43Z,ios,,CA
u_00001b17,2026-08-07T05:03:05Z,web,,US
u_00001b18,2026-08-07T19:23:35Z,ios,,US
u_00001b1a,2026-08-07T20:57:19Z,android,,GB
u_00001b1d,2026-08-07T00:13:03Z,web,,US
u_00001b1e,2026-08-07T14:41:46Z,web,,GB
u_00001b21,2026-08-07T02:44:43Z,ios,,US
u_00001b24,2026-08-07T02:16:31Z,ios,,US
u_00001b25,2026-08-07T09:40:53Z,android,,US
u_00001b26,2026-08-07T12:24:39Z,web,,US
u_00001b28,2026-08-07T05:43:20Z,ios,,CA
u_00001b29,2026-08-07T08:42:20Z,web,,US
u_00001b2c,2026-08-07T14:51:45Z,android,,US
u_00001b2e,2026-08-07T10:35:18Z,web,,US
u_00001b2f,2026-08-07T00:01:10Z,ios,,US
u_00001b30,2026-08-07T10:25:55Z,android,,DE
u_00001b32,2026-08-07T22:11:31Z,web,,US
u_00001b33,2026-08-07T02:50:43Z,web,,US
u_00001b34,2026-08-07T23:53:47Z,web,,CA
u_00001b37,2026-08-07T21:42:27Z,web,,CA
u_00001b3a,2026-08-07T19:40:01Z,android,,GB
u_00001b3b,2026-08-07T12:59:47Z,android,,GB
u_00001b3d,2026-08-07T11:07:39Z,ios,,US
u_00001b3e,2026-08-07T01:13:59Z,web,,US
u_00001b40,2026-08-07T22:05:08Z,ios,,US
u_00001b42,2026-08-07T15:41:38Z,android,,DE
u_00001b43,2026-08-07T06:05:38Z,android,,US
u_00001b45,2026-08-08T05:20:26Z,ios,,US
u_00001b47,2026-08-08T09:05:47Z,ios,,US
u_00001b48,2026-08-08T09:56:59Z,ios,,DE
u_00001b49,2026-08-08T11:53:20Z,android,,US
u_00001b4c,2026-08-08T23:55:28Z,ios,,DE
u_00001b4d,2026-08-08T21:34:39Z,ios,,AU
u_00001b50,2026-08-08T19:22:03Z,android,,CA
u_00001b51,2026-08-08T06:05:54Z,android,,US
u_00001b54,2026-08-08T18:03:01Z,ios,,US
u_00001b57,2026-08-08T15:15:59Z,android,,CA
u_00001b58,2026-08-08T14:51:13Z,web,,CA
u_00001b5a,2026-08-08T07:14:17Z,ios,,DE
u_00001b5b,2026-08-08T14:51:08Z,web,,US
u_00001b5d,2026-08-08T05:12:27Z,web,,AU
u_00001b60,2026-08-08T04:43:21Z,ios,,US
u_00001b62,2026-08-08T07:58:59Z,ios,,US
u_00001b65,2026-08-08T14:15:32Z,web,,US
u_00001b67,2026-08-08T23:53:04Z,web,,US
u_00001b69,2026-08-08T06:39:18Z,android,,GB
u_00001b6c,2026-08-08T06:30:42Z,ios,,GB
u_00001b6f,2026-08-08T23:06:13Z,ios,,GB
u_00001b71,2026-08-08T04:48:16Z,web,,CA
u_00001b72,2026-08-08T08:23:14Z,ios,,US
u_00001b74,2026-08-08T00:15:03Z,android,,US
u_00001b76,2026-08-08T04:46:58Z,ios,,US
u_00001b79,2026-08-09T05:40:06Z,ios,,DE
u_00001b7c,2026-08-09T20:55:00Z,ios,,AU
u_00001b7e,2026-08-09T20:10:05Z,ios,,US
u_00001b80,2026-08-09T08:41:18Z,ios,,US
u_00001b83,2026-08-09T03:25:59Z,web,,GB
u_00001b86,2026-08-09T20:32:43Z,android,,GB
u_00001b89,2026-08-09T02:34:14Z,ios,,US
u_00001b8c,2026-08-09T10:48:02Z,ios,,DE
u_00001b8f,2026-08-09T00:00:58Z,ios,,CA
u_00001b91,2026-08-09T18:34:04Z,ios,,US
u_00001b94,2026-08-09T06:04:42Z,web,,GB
u_00001b96,2026-08-09T00:07:35Z,android,,US
u_00001b99,2026-08-09T10:46:55Z,ios,,AU
u_00001b9a,2026-08-09T17:28:53Z,web,,AU
u_00001b9b,2026-08-09T03:39:05Z,web,,US
u_00001b9e,2026-08-09T08:51:35Z,ios,,GB
u_00001b9f,2026-08-09T02:58:05Z,web,,US
u_00001ba0,2026-08-09T12:58:34Z,ios,,DE
u_00001ba2,2026-08-09T18:03:00Z,android,,US
u_00001ba3,2026-08-09T06:05:57Z,web,,US
u_00001ba5,2026-08-09T23:37:49Z,web,,US
u_00001ba8,2026-08-09T10:15:13Z,ios,,US
u_00001ba9,2026-08-09T03:56:12Z,web,,GB
u_00001bab,2026-08-09T04:40:31Z,android,,US
u_00001bac,2026-08-09T04:23:38Z,ios,,GB
u_00001baf,2026-08-09T01:48:34Z,web,,US
u_00001bb2,2026-08-10T12:50:34Z,ios,,AU
u_00001bb3,2026-08-10T16:00:41Z,web,,GB
u_00001bb4,2026-08-10T05:50:22Z,web,,US
u_00001bb6,2026-08-10T04:03:38Z,ios,,US
u_00001bb8,2026-08-10T23:42:40Z,android,,DE
u_00001bba,2026-08-10T20:49:04Z,ios,,US
u_00001bbc,2026-08-10T23:45:14Z,android,,US
u_00001bbd,2026-08-10T03:42:38Z,ios,,US
u_00001bc0,2026-08-10T15:22:27Z,ios,,US
u_00001bc2,2026-08-10T07:32:22Z,ios,,US
u_00001bc4,2026-08-10T23:38:15Z,android,,CA
u_00001bc5,2026-08-10T04:59:50Z,ios,,US
u_00001bc8,2026-08-10T02:50:45Z,web,,US
u_00001bca,2026-08-10T00:34:25Z,ios,,GB
u_00001bcb,2026-08-10T03:09:26Z,web,,US
u_00001bce,2026-08-10T21:44:54Z,android,,DE
u_00001bd1,2026-08-10T13:39:08Z,android,,DE
u_00001bd4,2026-08-10T01:06:41Z,web,,GB
u_00001bd5,2026-08-10T12:54:53Z,web,,US
u_00001bd6,2026-08-10T20:52:46Z,android,,US
u_00001bd9,2026-08-10T14:32:15Z,web,,AU
u_00001bda,2026-08-10T06:42:48Z,ios,,US
u_00001bdd,2026-08-10T22:07:33Z,ios,,US
u_00001bdf,2026-08-10T04:03:17Z,ios,,GB
u_00001be1,2026-08-10T20:34:16Z,ios,,US
u_00001be3,2026-08-10T18:12:25Z,ios,,CA
u_00001be4,2026-08-10T14:11:59Z,android,,DE
u_00001be7,2026-08-10T14:44:46Z,ios,,US
u_00001be9,2026-08-10T09:11:37Z,web,,GB
u_00001bec,2026-08-10T21:58:17Z,android,,US
u_00001bee,2026-08-11T11:51:16Z,ios,,US
u_00001bef,2026-08-11T23:19:43Z,android,,US
u_00001bf2,2026-08-11T14:37:57Z,android,,AU
u_00001bf4,2026-08-11T04:24:43Z,web,,US
u_00001bf6,2026-08-11T04:08:18Z,web,,CA
u_00001bf7,2026-08-11T04:39:06Z,ios,,AU
u_00001bf9,2026-08-11T11:15:59Z,ios,,CA
u_00001bfa,2026-08-11T03:01:28Z,android,,AU
u_00001bfc,2026-08-11T12:32:26Z,ios,,US
u_00001bff,2026-08-11T12:22:27Z,web,,CA
u_00001c01,2026-08-11T14:59:13Z,ios,,US
u_00001c02,2026-08-11T04:00:10Z,android,,US
u_00001c05,2026-08-11T14:57:28Z,ios,,US
u_00001c08,2026-08-11T00:55:09Z,web,,AU
u_00001c09,2026-08-11T06:03:57Z,ios,,US
u_00001c0b,2026-08-11T14:21:13Z,web,,US
u_00001c0e,2026-08-11T06:29:12Z,android,,US
u_00001c10,2026-08-11T06:13:19Z,android,,US
u_00001c12,2026-08-11T02:18:56Z,web,,US
u_00001c14,2026-08-11T19:28:46Z,ios,,DE
u_00001c17,2026-08-11T20:59:58Z,ios,,US
u_00001c1a,2026-08-11T08:29:31Z,ios,,US
u_00001c1c,2026-08-11T09:51:40Z,ios,,CA
u_00001c1d,2026-08-11T16:41:18Z,android,,DE
u_00001c20,2026-08-11T00:37:42Z,ios,,CA
u_00001c22,2026-08-11T21:50:54Z,android,,US
u_00001c25,2026-08-11T03:51:24Z,ios,,US
u_00001c28,2026-08-11T08:45:07Z,android,,US
u_00001c29,2026-08-11T06:51:59Z,ios,,US
u_00001c2a,2026-08-11T18:47:35Z,android,,CA
u_00001c2b,2026-08-11T16:46:53Z,android,,CA
u_00001c2d,2026-08-11T09:04:26Z,web,,DE
u_00001c30,2026-08-11T14:05:48Z,android,,US
u_00001c33,2026-08-11T06:59:29Z,web,,CA
u_00001c36,2026-08-11T08:33:21Z,web,,GB
u_00001c37,2026-08-11T00:50:00Z,ios,,US
u_00001c3a,2026-08-12T06:23:02Z,web,,CA
u_00001c3c,2026-08-12T22:11:18Z,android,,GB
u_00001c3d,2026-08-12T08:35:50Z,android,,US
u_00001c3f,2026-08-12T17:37:35Z,ios,,US
u_00001c40,2026-08-12T02:35:42Z,android,,DE
u_00001c43,2026-08-12T15:24:02Z,web,,US
u_00001c44,2026-08-12T22:37:36Z,android,,US
u_00001c46,2026-08-12T17:34:57Z,web,,GB
u_00001c48,2026-08-12T04:49:38Z,web,,GB
u_00001c4b,2026-08-12T01:19:57Z,ios,,GB
u_00001c4e,2026-08-12T05:59:34Z,android,,US
u_00001c51,2026-08-12T07:21:56Z,android,,US
u_00001c54,2026-08-12T04:53:07Z,web,,US
u_00001c56,2026-08-12T13:14:08Z,web,,US
u_00001c58,2026-08-12T19:39:37Z,web,,US
u_00001c59,2026-08-12T10:41:21Z,ios,,US
u_00001c5a,2026-08-12T19:41:56Z,android,,CA
u_00001c5b,2026-08-12T23:54:51Z,web,,AU
u_00001c5e,2026-08-12T20:03:21Z,ios,,GB
u_00001c5f,2026-08-12T09:54:10Z,android,,US
u_00001c60,2026-08-12T00:11:06Z,ios,,CA
u_00001c61,2026-08-12T21:59:54Z,android,,US
u_00001c63,2026-08-12T11:29:09Z,web,,US
u_00001c65,2026-08-12T04:43:53Z,web,,US
u_00001c66,2026-08-12T09:12:38Z,web,,US
u_00001c69,2026-08-12T16:45:20Z,ios,,DE
u_00001c6c,2026-08-12T06:56:52Z,web,,US
u_00001c6e,2026-08-12T02:06:25Z,ios,,US
u_00001c70,2026-08-12T13:36:48Z,android,,US
u_00001c73,2026-08-12T03:33:06Z,web,,GB
u_00001c74,2026-08-12T13:49:34Z,android,,US
u_00001c76,2026-08-13T17:26:13Z,ios,,DE
u_00001c77,2026-08-13T16:32:04Z,ios,,US
u_00001c78,2026-08-13T08:49:20Z,web,,US
u_00001c79,2026-08-13T10:41:14Z,ios,,GB
u_00001c7c,2026-08-13T17:54:58Z,android,,US
u_00001c7d,2026-08-13T12:37:54Z,android,,AU
u_00001c7e,2026-08-13T19:57:41Z,ios,,GB
u_00001c80,2026-08-13T08:48:04Z,android,,US
u_00001c83,2026-08-13T05:59:11Z,android,,US
u_00001c84,2026-08-13T10:51:37Z,ios,,US
u_00001c87,2026-08-13T15:59:02Z,android,,CA
u_00001c88,2026-08-13T21:21:31Z,ios,,DE
u_00001c8a,2026-08-13T17:30:33Z,ios,,US
u_00001c8c,2026-08-13T02:50:32Z,android,,US
u_00001c8d,2026-08-13T17:42:53Z,ios,,DE
u_00001c8f,2026-08-13T17:49:10Z,ios,,US
u_00001c90,2026-08-13T18:35:03Z,web,,US
u_00001c92,2026-08-13T11:50:26Z,ios,,US
u_00001c95,2026-08-13T00:39:25Z,ios,,GB
u_00001c96,2026-08-13T07:07:00Z,android,,US
u_00001c98,2026-08-13T20:04:22Z,android,,US
u_00001c99,2026-08-13T14:00:45Z,ios,,US
u_00001c9c,2026-08-13T16:57:40Z,ios,,AU
u_00001c9d,2026-08-13T17:40:38Z,android,,GB
u_00001c9e,2026-08-13T05:51:53Z,web,,US
u_00001ca0,2026-08-13T07:56:54Z,android,,US
u_00001ca3,2026-08-13T21:25:40Z,ios,,US
u_00001ca6,2026-08-14T07:25:15Z,ios,,AU
u_00001ca9,2026-08-14T12:57:03Z,android,,US
u_00001cab,2026-08-14T15:40:42Z,ios,,US
u_00001cac,2026-08-14T01:49:36Z,web,,US
u_00001caf,2026-08-14T16:41:22Z,android,,US
u_00001cb2,2026-08-14T13:18:16Z,android,,DE
u_00001cb4,2026-08-14T22:31:19Z,ios,,US
u_00001cb7,2026-08-14T18:32:48Z,ios,,US
u_00001cb9,2026-08-14T06:55:40Z,ios,,US
u_00001cba,2026-08-14T22:05:55Z,ios,,US
u_00001cbd,2026-08-14T00:34:40Z,ios,,AU
u_00001cc0,2026-08-14T10:24:01Z,android,,CA
u_00001cc3,2026-08-14T02:23:06Z,android,,DE
u_00001cc6,2026-08-14T10:06:51Z,ios,,GB
u_00001cc7,2026-08-14T17:03:48Z,ios,,DE
u_00001cca,2026-08-14T07:53:27Z,web,,GB
u_00001ccb,2026-08-14T10:51:30Z,ios,,US
u_00001ccd,2026-08-14T14:37:24Z,ios,,US
u_00001cd0,2026-08-14T14:11:25Z,web,,US
u_00001cd2,2026-08-14T19:32:25Z,ios,,US
u_00001cd4,2026-08-14T12:29:56Z,ios,,US
u_00001cd7,2026-08-14T05:23:49Z,ios,,US
u_00001cd9,2026-08-14T19:57:31Z,ios,,GB
u_00001cdc,2026-08-14T09:48:52Z,android,,CA
u_00001cde,2026-08-14T06:14:47Z,android,,US
u_00001cdf,2026-08-14T05:56:11Z,ios,,US
u_00001ce1,2026-08-14T23:47:05Z,ios,,US
u_00001ce3,2026-08-14T21:25:35Z,ios,,AU
u_00001ce6,2026-08-14T15:58:54Z,ios,,US
u_00001ce9,2026-08-14T20:47:54Z,ios,,GB
u_00001cea,2026-08-14T03:49:28Z,web,,US
u_00001ced,2026-08-15T09:48:40Z,web,,US
u_00001cef,2026-08-15T21:15:36Z,ios,,US
u_00001cf0,2026-08-15T08:59:18Z,android,,GB
u_00001cf3,2026-08-15T09:22:49Z,web,,DE
u_00001cf4,2026-08-15T06:14:00Z,android,,US
u_00001cf7,2026-08-15T22:05:41Z,android,,CA
u_00001cf9,2026-08-15T07:21:51Z,ios,,US
u_00001cfb,2026-08-15T13:22:03Z,web,,CA
u_00001cfd,2026-08-15T15:53:01Z,web,,US
u_00001cfe,2026-08-15T09:26:08Z,android,,GB
u_00001d00,2026-08-15T11:07:53Z,web,,US
u_00001d02,2026-08-15T10:46:02Z,web,,DE
u_00001d05,2026-08-15T14:05:26Z,android,,AU
u_00001d07,2026-08-15T09:52:42Z,ios,,US
u_00001d08,2026-08-15T23:04:11Z,web,,CA
u_00001d0b,2026-08-15T00:12:18Z,ios,,CA
u_00001d0d,2026-08-15T12:55:13Z,ios,,GB
u_00001d0f,2026-08-15T11:26:19Z,web,,US
u_00001d10,2026-08-15T14:51:25Z,web,,DE
u_00001d13,2026-08-15T10:25:06Z,web,,US
u_00001d16,2026-08-15T03:29:36Z,ios,,AU
u_00001d19,2026-08-15T00:22:45Z,ios,,US
u_00001d1b,2026-08-15T13:21:21Z,android,,GB
u_00001d1c,2026-08-15T07:07:04Z,web,,US
u_00001d1f,2026-08-15T19:53:38Z,android,,GB
u_00001d22,2026-08-15T23:10:38Z,web,,CA
u_00001d25,2026-08-15T18:43:28Z,android,,DE
u_00001d27,2026-08-15T14:14:13Z,ios,,US
u_00001d29,2026-08-15T19:21:48Z,android,,DE
u_00001d2b,2026-08-15T07:43:52Z,web,,US
u_00001d2d,2026-08-15T22:08:07Z,ios,,US
u_00001d30,2026-08-15T16:42:40Z,web,,US
u_00001d33,2026-08-15T03:29:51Z,web,,US
u_00001d36,2026-08-15T01:28:17Z,web,,GB
u_00001d39,2026-08-16T13:28:51Z,ios,,US
u_00001d3a,2026-08-16T02:15:52Z,android,,US
u_00001d3d,2026-08-16T20:41:12Z,android,,US
u_00001d40,2026-08-16T12:16:19Z,web,,GB
u_00001d42,2026-08-16T19:05:53Z,android,,US
u_00001d45,2026-08-16T01:11:48Z,web,,US
u_00001d46,2026-08-16T23:19:58Z,ios,,US
u_00001d49,2026-08-16T01:22:36Z,android,,US
u_00001d4b,2026-08-16T20:52:07Z,web,,US
u_00001d4e,2026-08-16T12:26:54Z,ios,,US
u_00001d50,2026-08-16T15:30:25Z,android,,US
u_00001d51,2026-08-16T02:23:31Z,ios,,US
u_00001d54,2026-08-16T13:35:08Z,web,,US
u_00001d57,2026-08-16T03:00:12Z,android,,US
u_00001d5a,2026-08-16T19:12:18Z,ios,,DE
u_00001d5b,2026-08-16T19:48:59Z,ios,,GB
u_00001d5e,2026-08-16T21:17:24Z,android,,AU
u_00001d60,2026-08-16T01:53:39Z,android,,CA
u_00001d61,2026-08-16T18:15:10Z,ios,,US
u_00001d63,2026-08-16T01:07:51Z,android,,GB
u_00001d64,2026-08-16T18:19:20Z,ios,,AU
u_00001d66,2026-08-16T18:30:09Z,android,,US
u_00001d69,2026-08-16T11:28:31Z,ios,,US
u_00001d6b,2026-08-16T04:55:33Z,android,,AU
u_00001d6d,2026-08-16T13:27:03Z,web,,US
u_00001d70,2026-08-16T14:29:55Z,ios,,US
u_00001d73,2026-08-16T19:33:42Z,ios,,CA
u_00001d75,2026-08-16T12:55:53Z,web,,CA
u_00001d77,2026-08-16T02:40:45Z,ios,,US
u_00001d78,2026-08-16T04:58:22Z,android,,US
u_00001d79,2026-08-16T15:12:21Z,web,,DE
u_00001d7a,2026-08-16T22:02:17Z,ios,,US
u_00001d7b,2026-08-16T07:57:58Z,ios,,DE
u_00001d7c,2026-08-17T05:21:20Z,android,,US
u_00001d7f,2026-08-17T00:26:40Z,android,,DE
u_00001d80,2026-08-17T02:32:15Z,android,,CA
u_00001d83,2026-08-17T06:37:08Z,web,,US
u_00001d86,2026-08-17T16:24:32Z,web,,AU
u_00001d87,2026-08-17T11:21:52Z,ios,,GB
u_00001d8a,2026-08-17T07:49:56Z,ios,,DE
u_00001d8d,2026-08-17T02:49:47Z,android,,US
u_00001d8e,2026-08-17T19:06:45Z,android,,AU
u_00001d8f,2026-08-17T08:24:57Z,ios,,US
u_00001d92,2026-08-17T15:30:07Z,ios,,US
u_00001d94,2026-08-17T08:02:06Z,ios,,CA
u_00001d95,2026-08-17T23:34:45Z,ios,,US
u_00001d96,2026-08-17T04:30:24Z,ios,,US
u_00001d97,2026-08-17T03:42:07Z,ios,,GB
u_00001d9a,2026-08-17T23:08:32Z,web,,US
u_00001d9d,2026-08-17T20:04:06Z,ios,,DE
u_00001d9e,2026-08-17T17:43:20Z,ios,,US
u_00001da0,2026-08-17T21:57:37Z,ios,,GB
u_00001da1,2026-08-17T05:55:35Z,android,,GB
u_00001da4,2026-08-17T15:10:20Z,web,,US
u_00001da7,2026-08-17T12:54:42Z,ios,,DE
u_00001daa,2026-08-17T10:41:42Z,ios,,US
u_00001dab,2026-08-17T08:42:34Z,android,,US
u_00001dae,2026-08-17T21:41:20Z,ios,,US
u_00001db0,2026-08-17T07:37:18Z,android,,CA
u_00001db1,2026-08-17T20:15:10Z,ios,,AU
u_00001db4,2026-08-17T14:17:55Z,web,,AU
u_00001db6,2026-08-17T23:57:58Z,android,,GB
u_00001db7,2026-08-18T06:17:27Z,web,,US
u_00001dba,2026-08-18T06:23:15Z,android,,CA
u_00001dbd,2026-08-18T07:46:03Z,ios,,DE
u_00001dbe,2026-08-18T02:50:59Z,ios,,US
u_00001dc1,2026-08-18T10:10:29Z,ios,,US
u_00001dc2,2026-08-18T15:56:04Z,ios,,DE
u_00001dc4,2026-08-18T12:47:20Z,android,,CA
u_00001dc6,2026-08-18T04:55:06Z,android,,CA
u_00001dc8,2026-08-18T21:19:42Z,android,,US
u_00001dcb,2026-08-18T04:08:08Z,web,,US
u_00001dcc,2026-08-18T03:46:06Z,ios,,AU
u_00001dce,2026-08-18T19:22:43Z,web,,CA
u_00001dcf,2026-08-18T06:01:43Z,android,,US
u_00001dd0,2026-08-18T08:21:42Z,web,,US
u_00001dd2,2026-08-18T08:28:54Z,ios,,AU
u_00001dd5,2026-08-18T01:18:16Z,ios,,CA
u_00001dd6,2026-08-18T09:46:18Z,web,,CA
u_00001dd7,2026-08-18T21:06:23Z,ios,,US
u_00001dd8,2026-08-18T10:52:25Z,web,,GB
u_00001dd9,2026-08-18T04:11:22Z,web,,AU
u_00001dda,2026-08-18T14:23:50Z,ios,,US
u_00001ddc,2026-08-18T15:44:35Z,ios,,AU
u_00001ddf,2026-08-18T15:51:09Z,web,,CA
u_00001de2,2026-08-18T23:14:47Z,android,,US
u_00001de3,2026-08-18T21:34:24Z,ios,,DE
u_00001de4,2026-08-18T13:01:45Z,ios,,US
u_00001de5,2026-08-18T21:05:11Z,ios,,US
u_00001de6,2026-08-18T19:23:13Z,ios,,GB
u_00001de8,2026-08-18T16:57:36Z,ios,,US
u_00001deb,2026-08-18T07:30:12Z,ios,,US
u_00001ded,2026-08-18T21:15:02Z,web,,US
u_00001dee,2026-08-19T01:31:39Z,web,,US
u_00001def,2026-08-19T08:44:35Z,web,,US
u_00001df1,2026-08-19T14:16:16Z,web,,DE
u_00001df2,2026-08-19T18:35:24Z,android,,DE
u_00001df4,2026-08-19T22:03:16Z,ios,,US
u_00001df7,2026-08-19T08:22:57Z,ios,,CA
u_00001df9,2026-08-19T02:16:40Z,android,,US
u_00001dfa,2026-08-19T14:19:03Z,ios,,AU
u_00001dfc,2026-08-19T03:23:48Z,android,,US
u_00001dfd,2026-08-19T02:32:24Z,web,,US
u_00001dfe,2026-08-19T01:58:02Z,web,,US
u_00001dff,2026-08-19T23:54:57Z,web,,US
u_00001e01,2026-08-19T05:53:04Z,ios,,GB
u_00001e04,2026-08-19T00:52:32Z,web,,CA
u_00001e05,2026-08-19T09:15:19Z,android,,DE
u_00001e07,2026-08-19T03:34:26Z,android,,GB
u_00001e0a,2026-08-19T01:07:22Z,ios,,US
u_00001e0c,2026-08-19T21:09:19Z,android,,US
u_00001e0d,2026-08-19T00:57:55Z,ios,,DE
u_00001e0e,2026-08-19T02:57:26Z,ios,,CA
u_00001e0f,2026-08-19T12:10:38Z,ios,,CA
u_00001e11,2026-08-19T03:34:19Z,ios,,CA
u_00001e14,2026-08-19T16:31:01Z,ios,,US
u_00001e17,2026-08-19T23:43:35Z,ios,,US
u_00001e18,2026-08-19T19:08:28Z,ios,,DE
u_00001e19,2026-08-19T07:08:59Z,ios,,DE
u_00001e1b,2026-08-19T22:33:54Z,ios,,GB
u_00001e1e,2026-08-19T23:39:12Z,ios,,GB
u_00001e20,2026-08-19T04:19:58Z,web,,US
u_00001e22,2026-08-19T21:37:11Z,android,,AU
u_00001e23,2026-08-19T20:01:54Z,web,,US
u_00001e25,2026-08-19T23:45:05Z,ios,,CA
u_00001e28,2026-08-19T16:03:44Z,ios,,US
u_00001e29,2026-08-19T01:23:12Z,web,,GB
u_00001e2b,2026-08-19T09:11:10Z,ios,,DE
u_00001e2e,2026-08-20T16:24:00Z,web,checklist,GB
u_00001e31,2026-08-20T11:55:38Z,ios,checklist,DE
u_00001e33,2026-08-20T09:50:06Z,ios,checklist,GB
u_00001e36,2026-08-20T06:11:52Z,ios,checklist,US
u_00001e38,2026-08-20T22:12:36Z,web,checklist,GB
u_00001e3b,2026-08-20T14:02:30Z,web,checklist,US
u_00001e3e,2026-08-20T21:41:39Z,web,checklist,US
u_00001e3f,2026-08-20T05:35:57Z,android,checklist,GB
u_00001e40,2026-08-20T18:58:50Z,android,checklist,CA
u_00001e43,2026-08-20T21:07:54Z,ios,checklist,US
u_00001e45,2026-08-20T00:30:39Z,android,checklist,US
u_00001e47,2026-08-20T04:08:17Z,android,checklist,CA
u_00001e4a,2026-08-20T12:41:45Z,ios,checklist,AU
u_00001e4b,2026-08-20T22:12:14Z,ios,checklist,US
u_00001e4d,2026-08-20T12:07:02Z,ios,checklist,US
u_00001e4f,2026-08-20T22:32:46Z,ios,checklist,GB
u_00001e50,2026-08-20T16:45:07Z,web,checklist,US
u_00001e53,2026-08-20T13:19:24Z,android,checklist,GB
u_00001e56,2026-08-20T00:39:51Z,android,checklist,GB
u_00001e58,2026-08-20T15:13:53Z,ios,checklist,US
u_00001e59,2026-08-20T10:27:57Z,ios,checklist,US
u_00001e5b,2026-08-20T04:27:28Z,ios,checklist,GB
u_00001e5e,2026-08-20T14:33:35Z,ios,checklist,US
u_00001e61,2026-08-20T19:55:08Z,ios,checklist,US
u_00001e62,2026-08-20T09:56:04Z,android,checklist,CA
u_00001e64,2026-08-20T08:26:52Z,ios,checklist,US
u_00001e67,2026-08-20T21:47:27Z,web,checklist,US
u_00001e68,2026-08-20T16:10:35Z,ios,checklist,US
u_00001e69,2026-08-20T01:35:23Z,web,checklist,DE
u_00001e6a,2026-08-20T18:34:37Z,android,checklist,CA
u_00001e6b,2026-08-20T15:45:39Z,web,checklist,US
u_00001e6e,2026-08-20T20:32:46Z,ios,checklist,GB
u_00001e71,2026-08-20T04:22:18Z,web,checklist,DE
u_00001e74,2026-08-20T20:14:53Z,android,checklist,US
u_00001e77,2026-08-20T09:02:06Z,android,checklist,DE
u_00001e79,2026-08-21T18:42:27Z,web,checklist,US
u_00001e7b,2026-08-21T12:19:15Z,ios,checklist,AU
u_00001e7c,2026-08-21T02:48:55Z,ios,checklist,US
u_00001e7e,2026-08-21T12:33:56Z,ios,checklist,US
u_00001e7f,2026-08-21T07:00:20Z,android,checklist,US
u_00001e80,2026-08-21T19:37:37Z,android,checklist,GB
u_00001e82,2026-08-21T11:13:56Z,ios,checklist,US
u_00001e83,2026-08-21T17:53:57Z,web,checklist,US
u_00001e84,2026-08-21T02:46:04Z,web,checklist,AU
u_00001e87,2026-08-21T09:04:27Z,android,checklist,GB
u_00001e89,2026-08-21T07:25:22Z,android,checklist,GB
u_00001e8b,2026-08-21T01:00:37Z,android,checklist,US
u_00001e8e,2026-08-21T18:19:51Z,ios,checklist,US
u_00001e91,2026-08-21T15:24:00Z,android,checklist,GB
u_00001e94,2026-08-21T13:12:28Z,android,checklist,CA
u_00001e96,2026-08-21T19:35:01Z,ios,checklist,US
u_00001e98,2026-08-21T23:56:37Z,ios,checklist,US
u_00001e99,2026-08-21T20:05:08Z,ios,checklist,US
u_00001e9a,2026-08-21T23:38:44Z,ios,checklist,CA
u_00001e9d,2026-08-21T13:53:57Z,ios,checklist,US
u_00001e9e,2026-08-21T07:07:55Z,android,checklist,AU
u_00001e9f,2026-08-21T17:24:03Z,ios,checklist,US
u_00001ea2,2026-08-21T15:31:58Z,ios,checklist,US
u_00001ea4,2026-08-21T07:36:44Z,web,checklist,CA
u_00001ea5,2026-08-21T11:38:15Z,ios,checklist,GB
u_00001ea6,2026-08-22T14:47:19Z,android,checklist,DE
u_00001ea8,2026-08-22T04:36:19Z,ios,checklist,US
u_00001ea9,2026-08-22T09:51:01Z,ios,checklist,US
u_00001eac,2026-08-22T14:42:58Z,ios,checklist,US
u_00001ead,2026-08-22T20:52:41Z,ios,checklist,DE
u_00001eb0,2026-08-22T11:02:05Z,ios,checklist,CA
u_00001eb2,2026-08-22T05:54:52Z,web,checklist,US
u_00001eb3,2026-08-22T05:22:49Z,ios,checklist,GB
u_00001eb5,2026-08-22T10:08:40Z,ios,checklist,US
u_00001eb8,2026-08-22T01:18:24Z,ios,checklist,CA
u_00001eba,2026-08-22T08:59:16Z,web,checklist,US
u_00001ebb,2026-08-22T23:39:08Z,ios,checklist,US
u_00001ebd,2026-08-22T00:19:49Z,web,checklist,CA
u_00001ebf,2026-08-22T02:03:24Z,android,checklist,CA
u_00001ec1,2026-08-22T10:41:23Z,web,checklist,AU
u_00001ec3,2026-08-22T17:27:41Z,ios,checklist,US
u_00001ec6,2026-08-22T15:45:57Z,ios,checklist,GB
u_00001ec8,2026-08-22T09:00:21Z,web,checklist,US
u_00001eca,2026-08-22T06:19:28Z,android,checklist,US
u_00001ecc,2026-08-22T04:46:41Z,android,checklist,US
u_00001ecd,2026-08-22T15:34:55Z,ios,checklist,GB
u_00001ed0,2026-08-22T03:56:37Z,web,checklist,US
u_00001ed2,2026-08-22T15:24:47Z,web,checklist,US
u_00001ed4,2026-08-22T09:19:03Z,android,checklist,US
u_00001ed5,2026-08-22T17:28:59Z,web,checklist,US
u_00001ed8,2026-08-22T17:08:31Z,ios,checklist,GB
u_00001eda,2026-08-22T07:27:15Z,android,checklist,GB
u_00001edc,2026-08-23T03:04:49Z,ios,checklist,US
u_00001edf,2026-08-23T17:27:17Z,web,checklist,DE
u_00001ee1,2026-08-23T10:36:47Z,ios,checklist,US
u_00001ee3,2026-08-23T23:28:51Z,ios,checklist,CA
u_00001ee6,2026-08-23T04:56:58Z,android,checklist,CA
u_00001ee9,2026-08-23T17:00:02Z,web,checklist,US
u_00001eeb,2026-08-23T15:00:20Z,android,checklist,US
u_00001eee,2026-08-23T09:55:09Z,ios,checklist,US
u_00001eef,2026-08-23T02:16:38Z,ios,checklist,DE
u_00001ef1,2026-08-23T23:46:23Z,ios,checklist,GB
u_00001ef4,2026-08-23T14:26:41Z,ios,checklist,DE
u_00001ef7,2026-08-23T06:25:18Z,ios,checklist,US
u_00001ef9,2026-08-23T17:00:48Z,ios,checklist,GB
u_00001efb,2026-08-23T13:52:56Z,android,checklist,US
u_00001efc,2026-08-23T01:15:07Z,web,checklist,US
u_00001eff,2026-08-23T21:47:53Z,android,checklist,US
u_00001f01,2026-08-23T12:37:03Z,web,checklist,GB
u_00001f02,2026-08-23T22:07:46Z,ios,checklist,GB
u_00001f05,2026-08-23T09:42:29Z,web,checklist,US
u_00001f06,2026-08-23T20:26:51Z,ios,checklist,DE
u_00001f09,2026-08-23T19:39:25Z,ios,checklist,US
u_00001f0c,2026-08-23T02:13:39Z,android,checklist,US
u_00001f0d,2026-08-23T22:43:14Z,ios,checklist,US
u_00001f0e,2026-08-23T06:29:07Z,android,checklist,CA
u_00001f11,2026-08-23T18:41:09Z,web,checklist,GB
u_00001f14,2026-08-23T12:13:34Z,web,checklist,US
u_00001f17,2026-08-23T02:22:21Z,android,checklist,GB
u_00001f18,2026-08-23T02:03:35Z,ios,checklist,US
u_00001f19,2026-08-23T02:36:59Z,ios,checklist,CA
u_00001f1c,2026-08-23T05:51:45Z,ios,checklist,US
u_00001f1e,2026-08-23T08:35:12Z,ios,checklist,US
u_00001f1f,2026-08-24T15:38:01Z,web,checklist,GB
u_00001f21,2026-08-24T18:35:13Z,ios,checklist,AU
u_00001f24,2026-08-24T07:20:57Z,ios,checklist,GB
u_00001f27,2026-08-24T06:31:44Z,web,checklist,AU
u_00001f28,2026-08-24T06:50:29Z,ios,checklist,CA
u_00001f2b,2026-08-24T09:43:31Z,ios,checklist,US
u_00001f2d,2026-08-24T10:24:58Z,android,checklist,US
u_00001f30,2026-08-24T06:08:18Z,ios,checklist,US
u_00001f31,2026-08-24T07:34:41Z,ios,checklist,US
u_00001f33,2026-08-24T00:38:48Z,android,checklist,US
u_00001f34,2026-08-24T17:54:17Z,ios,checklist,DE
u_00001f35,2026-08-24T11:04:08Z,web,checklist,CA
u_00001f37,2026-08-24T03:23:24Z,ios,checklist,US
u_00001f38,2026-08-24T08:42:57Z,android,checklist,AU
u_00001f39,2026-08-24T22:16:07Z,web,checklist,US
u_00001f3c,2026-08-24T10:31:39Z,web,checklist,DE
u_00001f3d,2026-08-24T19:03:02Z,android,checklist,CA
u_00001f3f,2026-08-24T19:11:52Z,web,checklist,AU
u_00001f40,2026-08-24T02:55:36Z,android,checklist,DE
u_00001f43,2026-08-24T03:21:21Z,ios,checklist,US
u_00001f44,2026-08-24T08:15:35Z,ios,checklist,US
u_00001f46,2026-08-24T14:45:51Z,web,checklist,GB
u_00001f47,2026-08-24T07:09:26Z,ios,checklist,US
u_00001f49,2026-08-24T23:06:17Z,web,checklist,DE
u_00001f4a,2026-08-24T06:55:04Z,android,checklist,DE
u_00001f4b,2026-08-24T13:31:34Z,ios,checklist,DE
u_00001f4e,2026-08-24T16:59:33Z,android,checklist,US
u_00001f4f,2026-08-24T14:55:59Z,android,checklist,US
u_00001f52,2026-08-24T23:27:55Z,ios,checklist,GB
u_00001f54,2026-08-24T23:50:28Z,ios,checklist,US
u_00001f57,2026-08-24T23:06:12Z,ios,checklist,US
u_00001f58,2026-08-24T23:59:30Z,android,checklist,GB
u_00001f5a,2026-08-24T06:51:58Z,web,checklist,CA
u_00001f5d,2026-08-24T00:24:53Z,web,checklist,US
u_00001f60,2026-08-25T03:11:29Z,web,checklist,CA
u_00001f62,2026-08-25T21:52:24Z,android,checklist,US
u_00001f64,2026-08-25T09:50:49Z,ios,checklist,GB
u_00001f66,2026-08-25T20:30:39Z,web,checklist,DE
u_00001f67,2026-08-25T08:11:01Z,web,checklist,DE
u_00001f68,2026-08-25T03:35:53Z,ios,checklist,DE
u_00001f6a,2026-08-25T11:59:04Z,web,checklist,CA
u_00001f6d,2026-08-25T06:45:04Z,ios,checklist,US
u_00001f70,2026-08-25T10:40:19Z,ios,checklist,DE
u_00001f72,2026-08-25T21:14:38Z,ios,checklist,GB
u_00001f73,2026-08-25T08:42:55Z,android,checklist,GB
u_00001f75,2026-08-25T07:55:46Z,ios,checklist,US
u_00001f77,2026-08-25T17:24:38Z,android,checklist,DE
u_00001f7a,2026-08-25T10:00:34Z,ios,checklist,US
u_00001f7d,2026-08-25T03:54:39Z,android,checklist,US
u_00001f7e,2026-08-25T22:16:56Z,android,checklist,US
u_00001f7f,2026-08-25T09:34:21Z,ios,checklist,US
u_00001f82,2026-08-25T22:02:52Z,ios,checklist,US
u_00001f83,2026-08-25T12:31:31Z,android,checklist,US
u_00001f85,2026-08-25T11:02:59Z,android,checklist,AU
u_00001f86,2026-08-25T04:03:15Z,web,checklist,US
u_00001f87,2026-08-25T01:52:14Z,ios,checklist,US
u_00001f89,2026-08-25T19:15:12Z,web,checklist,US
u_00001f8b,2026-08-25T21:39:28Z,ios,checklist,US
u_00001f8c,2026-08-25T11:53:55Z,web,checklist,US
u_00001f8f,2026-08-25T06:57:52Z,web,checklist,GB
u_00001f92,2026-08-25T03:19:37Z,ios,checklist,US
u_00001f94,2026-08-26T15:58:07Z,ios,checklist,GB
u_00001f95,2026-08-26T21:41:29Z,android,checklist,US
u_00001f96,2026-08-26T08:15:44Z,android,checklist,US
u_00001f99,2026-08-26T14:31:29Z,web,checklist,AU
u_00001f9c,2026-08-26T23:39:09Z,android,checklist,US
u_00001f9e,2026-08-26T03:48:44Z,web,checklist,US
u_00001fa1,2026-08-26T07:23:46Z,ios,checklist,US
u_00001fa2,2026-08-26T05:24:26Z,ios,checklist,US
u_00001fa3,2026-08-26T20:35:42Z,android,checklist,US
u_00001fa4,2026-08-26T01:04:37Z,web,checklist,GB
u_00001fa5,2026-08-26T22:51:27Z,ios,checklist,US
u_00001fa6,2026-08-26T18:47:44Z,android,checklist,US
u_00001fa9,2026-08-26T17:24:51Z,android,checklist,US
u_00001faa,2026-08-26T02:53:57Z,web,checklist,DE
u_00001fac,2026-08-26T14:43:49Z,ios,checklist,US
u_00001fae,2026-08-26T11:15:25Z,android,checklist,US
u_00001fb1,2026-08-26T21:59:50Z,ios,checklist,CA
u_00001fb3,2026-08-26T10:04:51Z,ios,checklist,DE
u_00001fb6,2026-08-26T00:58:10Z,web,checklist,DE
u_00001fb9,2026-08-26T13:37:11Z,web,checklist,US
u_00001fbc,2026-08-26T00:01:21Z,web,checklist,US
u_00001fbe,2026-08-26T01:19:11Z,android,checklist,CA
u_00001fbf,2026-08-26T20:24:27Z,android,checklist,US
u_00001fc1,2026-08-26T03:48:08Z,ios,checklist,US
u_00001fc4,2026-08-26T19:25:35Z,ios,checklist,US
u_00001fc5,2026-08-26T07:56:47Z,ios,checklist,US
u_00001fc7,2026-08-27T14:36:54Z,android,checklist,US
u_00001fca,2026-08-27T01:27:52Z,android,checklist,US
u_00001fcb,2026-08-27T03:19:38Z,web,checklist,AU
u_00001fcd,2026-08-27T16:12:29Z,web,checklist,US
u_00001fce,2026-08-27T14:47:20Z,ios,checklist,US
u_00001fcf,2026-08-27T23:31:38Z,web,checklist,US
u_00001fd0,2026-08-27T11:53:10Z,android,checklist,GB
u_00001fd1,2026-08-27T05:33:23Z,ios,checklist,US
u_00001fd2,2026-08-27T07:29:28Z,android,checklist,US
u_00001fd3,2026-08-27T15:28:14Z,android,checklist,AU
u_00001fd6,2026-08-27T09:27:45Z,web,checklist,GB
u_00001fd7,2026-08-27T06:56:51Z,android,checklist,US
u_00001fd8,2026-08-27T19:54:27Z,ios,checklist,US
u_00001fda,2026-08-27T10:57:08Z,ios,checklist,US
u_00001fdc,2026-08-27T13:32:17Z,android,checklist,US
u_00001fdd,2026-08-27T16:59:56Z,android,checklist,US
u_00001fe0,2026-08-27T21:50:18Z,ios,checklist,US
u_00001fe3,2026-08-27T15:06:38Z,android,checklist,US
u_00001fe6,2026-08-27T16:18:49Z,ios,checklist,GB
u_00001fe8,2026-08-27T06:57:39Z,ios,checklist,CA
u_00001fe9,2026-08-27T04:52:22Z,ios,checklist,CA
u_00001feb,2026-08-27T18:07:32Z,ios,checklist,US
u_00001fed,2026-08-27T10:37:02Z,web,checklist,US
u_00001fee,2026-08-27T00:42:52Z,android,checklist,US
u_00001ff1,2026-08-27T05:51:20Z,ios,checklist,US
u_00001ff2,2026-08-27T08:36:28Z,android,checklist,US
u_00001ff5,2026-08-27T18:03:48Z,web,checklist,GB
u_00001ff8,2026-08-27T05:17:04Z,web,checklist,AU
u_00001ffb,2026-08-27T06:55:30Z,ios,checklist,US
u_00001ffd,2026-08-27T09:03:29Z,android,checklist,DE
u_00002000,2026-08-27T11:11:56Z,web,checklist,GB
u_00002003,2026-08-27T00:04:13Z,android,checklist,CA
u_00002005,2026-08-27T01:24:28Z,ios,checklist,US
u_00002007,2026-08-27T16:16:29Z,web,checklist,CA
u_00002008,2026-08-27T13:33:56Z,ios,checklist,US
u_00002009,2026-08-27T20:51:02Z,ios,checklist,US
u_0000200a,2026-08-28T21:29:32Z,web,checklist,US
u_0000200b,2026-08-28T18:55:14Z,ios,checklist,DE
u_0000200c,2026-08-28T00:28:41Z,android,checklist,DE
u_0000200e,2026-08-28T02:29:24Z,web,checklist,GB
u_00002011,2026-08-28T20:17:15Z,android,checklist,US
u_00002012,2026-08-28T18:37:30Z,web,checklist,DE
u_00002014,2026-08-28T16:55:00Z,ios,checklist,US
u_00002017,2026-08-28T11:30:54Z,ios,checklist,DE
u_00002018,2026-08-28T02:06:12Z,ios,checklist,GB
u_0000201a,2026-08-28T11:41:58Z,ios,checklist,DE
u_0000201d,2026-08-28T13:07:05Z,ios,checklist,US
u_0000201f,2026-08-28T12:23:22Z,android,checklist,CA
u_00002020,2026-08-28T08:24:04Z,android,checklist,US
u_00002023,2026-08-28T22:16:06Z,android,checklist,US
u_00002026,2026-08-28T21:24:34Z,web,checklist,AU
u_00002028,2026-08-28T03:01:05Z,ios,checklist,DE
u_0000202a,2026-08-28T04:54:47Z,ios,checklist,US
u_0000202b,2026-08-28T08:10:50Z,web,checklist,US
u_0000202d,2026-08-28T20:58:45Z,ios,checklist,GB
u_0000202f,2026-08-28T13:26:45Z,ios,checklist,US
u_00002031,2026-08-28T23:22:48Z,ios,checklist,US
u_00002033,2026-08-28T00:43:07Z,web,checklist,US
u_00002035,2026-08-28T04:05:16Z,android,checklist,US
u_00002036,2026-08-28T21:09:27Z,ios,checklist,US
u_00002038,2026-08-28T03:21:32Z,android,checklist,CA
u_0000203a,2026-08-28T05:12:39Z,android,checklist,GB
u_0000203b,2026-08-28T02:56:13Z,android,checklist,US
u_0000203d,2026-08-28T20:14:00Z,ios,checklist,DE
u_00002040,2026-08-28T08:24:27Z,ios,checklist,US
u_00002043,2026-08-28T11:11:19Z,ios,checklist,US
u_00002046,2026-08-28T03:21:34Z,ios,checklist,DE
u_00002049,2026-08-28T17:20:17Z,ios,checklist,DE
u_0000204c,2026-08-28T07:31:22Z,ios,checklist,CA
u_0000204f,2026-08-28T02:46:38Z,android,checklist,GB
u_00002051,2026-08-28T01:30:09Z,ios,checklist,GB
u_00002054,2026-08-29T21:50:30Z,ios,checklist,US
u_00002056,2026-08-29T03:08:39Z,ios,checklist,US
u_00002057,2026-08-29T02:06:04Z,ios,checklist,US
u_0000205a,2026-08-29T00:20:46Z,android,checklist,US
u_0000205c,2026-08-29T03:08:06Z,ios,checklist,US
u_0000205f,2026-08-29T18:06:10Z,ios,checklist,DE
u_00002061,2026-08-29T16:12:50Z,ios,checklist,US
u_00002064,2026-08-29T07:35:32Z,ios,checklist,US
u_00002065,2026-08-29T08:21:14Z,ios,checklist,DE
u_00002068,2026-08-29T03:52:02Z,ios,checklist,DE
u_0000206b,2026-08-29T13:27:01Z,ios,checklist,DE
u_0000206e,2026-08-29T17:27:19Z,android,checklist,DE
u_0000206f,2026-08-29T23:43:20Z,android,checklist,CA
u_00002071,2026-08-29T22:05:56Z,ios,checklist,GB
u_00002072,2026-08-29T02:19:38Z,ios,checklist,US
u_00002075,2026-08-29T03:14:39Z,android,checklist,US
u_00002077,2026-08-29T07:44:14Z,ios,checklist,US
u_00002079,2026-08-29T06:37:28Z,android,checklist,US
u_0000207a,2026-08-29T11:18:17Z,ios,checklist,US
u_0000207c,2026-08-29T22:06:56Z,ios,checklist,AU
u_0000207f,2026-08-29T18:08:38Z,ios,checklist,GB
u_00002082,2026-08-29T19:10:15Z,web,checklist,GB
u_00002084,2026-08-29T06:18:02Z,ios,checklist,US
u_00002085,2026-08-29T05:52:04Z,web,checklist,US
u_00002086,2026-08-29T20:23:40Z,ios,checklist,US
u_00002088,2026-08-29T00:10:35Z,ios,checklist,GB
u_0000208b,2026-08-29T11:06:59Z,web,checklist,US
u_0000208c,2026-08-29T11:55:46Z,ios,checklist,CA
u_0000208d,2026-08-30T15:43:42Z,android,checklist,US
u_0000208e,2026-08-30T19:47:02Z,ios,checklist,DE
u_00002090,2026-08-30T23:20:12Z,android,checklist,AU
u_00002093,2026-08-30T00:39:31Z,android,checklist,GB
u_00002094,2026-08-30T05:44:08Z,ios,checklist,US
u_00002096,2026-08-30T06:11:58Z,ios,checklist,AU
u_00002099,2026-08-30T11:18:46Z,ios,checklist,US
u_0000209c,2026-08-30T19:47:14Z,ios,checklist,US
u_0000209f,2026-08-30T22:00:37Z,android,checklist,US
u_000020a2,2026-08-30T20:49:57Z,web,checklist,US
u_000020a3,2026-08-30T18:55:27Z,ios,checklist,GB
u_000020a4,2026-08-30T04:10:01Z,ios,checklist,US
u_000020a7,2026-08-30T09:59:18Z,ios,checklist,DE
u_000020aa,2026-08-30T01:53:45Z,android,checklist,US
u_000020ad,2026-08-30T12:20:24Z,ios,checklist,US
u_000020ae,2026-08-30T21:43:25Z,web,checklist,US
u_000020af,2026-08-30T20:28:02Z,ios,checklist,CA
u_000020b1,2026-08-30T10:09:02Z,ios,checklist,GB
u_000020b2,2026-08-30T00:02:10Z,ios,checklist,DE
u_000020b4,2026-08-30T15:32:47Z,web,checklist,US
u_000020b5,2026-08-30T12:04:57Z,android,checklist,US
u_000020b6,2026-08-30T09:16:16Z,ios,checklist,US
u_000020b7,2026-08-30T03:42:51Z,ios,checklist,DE
u_000020b8,2026-08-30T14:12:20Z,ios,checklist,GB
u_000020b9,2026-08-30T02:47:52Z,web,checklist,US
u_000020bc,2026-08-30T12:19:26Z,web,checklist,US
u_000020bf,2026-08-30T19:02:07Z,ios,checklist,DE
u_000020c1,2026-08-31T10:41:02Z,android,checklist,AU
u_000020c3,2026-08-31T07:22:56Z,web,checklist,DE
u_000020c4,2026-08-31T15:51:28Z,android,checklist,US
u_000020c7,2026-08-31T12:06:53Z,ios,checklist,US
u_000020c9,2026-08-31T17:03:59Z,android,checklist,US
u_000020cc,2026-08-31T07:43:08Z,android,checklist,CA
u_000020cf,2026-08-31T11:19:33Z,ios,checklist,US
u_000020d1,2026-08-31T23:15:48Z,ios,checklist,US
u_000020d3,2026-08-31T12:35:02Z,web,checklist,US
u_000020d6,2026-08-31T17:09:48Z,ios,checklist,AU
u_000020d9,2026-08-31T16:21:43Z,android,checklist,CA
u_000020da,2026-08-31T23:20:05Z,ios,checklist,CA
u_000020db,2026-08-31T10:26:38Z,web,checklist,CA
u_000020dc,2026-08-31T20:56:08Z,ios,checklist,US
u_000020de,2026-08-31T02:45:28Z,android,checklist,US
u_000020e0,2026-08-31T22:58:03Z,web,checklist,US
u_000020e3,2026-08-31T05:40:17Z,ios,checklist,US
u_000020e5,2026-08-31T13:43:06Z,ios,checklist,DE
u_000020e8,2026-08-31T13:23:06Z,android,checklist,US
u_000020e9,2026-08-31T02:24:04Z,web,checklist,AU
u_000020ec,2026-08-31T15:15:12Z,android,checklist,US
u_000020ef,2026-08-31T05:38:35Z,android,checklist,GB
u_000020f0,2026-08-31T07:07:47Z,web,checklist,AU
u_000020f2,2026-08-31T10:21:48Z,web,checklist,AU
u_000020f5,2026-08-31T13:46:54Z,web,checklist,GB
u_000020f7,2026-08-31T08:46:23Z,ios,checklist,GB
u_000020f9,2026-08-31T18:39:19Z,android,checklist,US
u_000020fb,2026-08-31T10:17:57Z,web,checklist,US
u_000020fd,2026-08-31T22:09:18Z,web,checklist,AU
u_000020ff,2026-08-31T10:43:47Z,web,checklist,US
u_00002102,2026-08-31T22:03:36Z,ios,checklist,US
u_00002105,2026-08-31T02:06:49Z,ios,checklist,DE
u_00002107,2026-08-31T13:42:55Z,ios,checklist,US
u_0000210a,2026-08-31T17:50:42Z,android,checklist,US
u_0000210c,2026-08-31T23:27:47Z,web,checklist,US
u_0000210f,2026-08-31T06:09:10Z,android,checklist,US
u_00002110,2026-09-01T07:44:28Z,android,checklist,CA
u_00002112,2026-09-01T15:27:32Z,web,checklist,US
u_00002113,2026-09-01T20:24:40Z,web,checklist,US
u_00002115,2026-09-01T14:14:36Z,android,checklist,CA
u_00002117,2026-09-01T22:18:31Z,web,checklist,US
u_0000211a,2026-09-01T22:57:36Z,web,checklist,US
u_0000211b,2026-09-01T19:13:32Z,android,checklist,US
u_0000211c,2026-09-01T13:46:37Z,web,checklist,DE
u_0000211f,2026-09-01T18:12:55Z,android,checklist,CA
u_00002120,2026-09-01T13:54:43Z,ios,checklist,US
u_00002123,2026-09-01T03:19:03Z,android,checklist,US
u_00002124,2026-09-01T03:51:45Z,ios,checklist,AU
u_00002125,2026-09-01T05:56:07Z,web,checklist,US
u_00002126,2026-09-01T13:08:30Z,android,checklist,US
u_00002128,2026-09-01T19:58:09Z,ios,checklist,US
u_00002129,2026-09-01T18:53:01Z,ios,checklist,GB
u_0000212a,2026-09-01T02:06:13Z,ios,checklist,US
u_0000212d,2026-09-01T01:44:47Z,android,checklist,GB
u_0000212e,2026-09-01T08:01:47Z,ios,checklist,CA
u_00002130,2026-09-01T11:17:15Z,ios,checklist,US
u_00002132,2026-09-01T01:30:35Z,web,checklist,US
u_00002133,2026-09-01T21:52:15Z,web,checklist,US
u_00002134,2026-09-01T21:33:11Z,android,checklist,US
u_00002135,2026-09-01T20:49:57Z,ios,checklist,DE
u_00002136,2026-09-01T20:32:08Z,android,checklist,US
u_00002137,2026-09-01T11:15:28Z,web,checklist,DE
u_0000213a,2026-09-01T18:56:31Z,ios,checklist,GB
u_0000213d,2026-09-01T10:17:19Z,web,checklist,GB
u_0000213e,2026-09-01T03:29:33Z,ios,checklist,GB
u_00002141,2026-09-02T00:19:57Z,web,checklist,US
u_00002142,2026-09-02T22:53:28Z,android,checklist,CA
u_00002145,2026-09-02T11:10:11Z,ios,checklist,CA
u_00002146,2026-09-02T01:52:53Z,web,checklist,CA
u_00002148,2026-09-02T10:35:12Z,ios,checklist,CA
u_00002149,2026-09-02T17:31:47Z,web,checklist,US
u_0000214b,2026-09-02T05:33:51Z,android,checklist,US
u_0000214d,2026-09-02T03:59:04Z,android,checklist,US
u_00002150,2026-09-02T19:27:01Z,android,checklist,CA
u_00002151,2026-09-02T12:43:10Z,ios,checklist,GB
u_00002154,2026-09-02T14:16:50Z,android,checklist,US
u_00002156,2026-09-02T14:52:25Z,ios,checklist,US
u_00002157,2026-09-02T19:47:37Z,ios,checklist,US
u_00002159,2026-09-02T12:25:30Z,ios,checklist,GB
u_0000215c,2026-09-02T13:14:43Z,ios,checklist,CA
u_0000215e,2026-09-02T19:01:22Z,web,checklist,US
u_00002160,2026-09-02T22:49:05Z,web,checklist,US
u_00002161,2026-09-02T14:18:08Z,android,checklist,DE
u_00002162,2026-09-02T00:16:21Z,android,checklist,US
u_00002164,2026-09-02T07:54:06Z,ios,checklist,US
u_00002165,2026-09-02T13:44:14Z,web,checklist,GB
u_00002167,2026-09-02T13:33:12Z,android,checklist,CA
u_0000216a,2026-09-02T18:39:23Z,android,checklist,US
u_0000216c,2026-09-02T11:49:09Z,android,checklist,GB
u_0000216d,2026-09-02T04:49:33Z,web,checklist,CA
u_0000216f,2026-09-02T06:21:13Z,android,checklist,US
u_00002170,2026-09-02T07:53:08Z,web,checklist,US
u_00002172,2026-09-02T21:49:41Z,android,checklist,DE
u_00002175,2026-09-02T02:47:34Z,android,checklist,US
u_00002177,2026-09-02T04:16:59Z,ios,checklist,US
u_00002178,2026-09-02T11:19:14Z,web,checklist,US
u_0000217b,2026-09-02T03:21:50Z,ios,checklist,US
u_0000217d,2026-09-02T16:19:07Z,ios,checklist,DE
u_00002180,2026-09-02T22:32:19Z,ios,checklist,US
u_00002183,2026-09-02T20:29:40Z,web,checklist,CA
u_00002186,2026-09-02T18:23:14Z,web,checklist,GB
u_00002187,2026-09-03T01:33:32Z,android,checklist,GB
u_00002188,2026-09-03T08:24:47Z,ios,checklist,US
u_0000218a,2026-09-03T05:19:38Z,android,checklist,CA
u_0000218d,2026-09-03T19:12:25Z,ios,checklist,GB
u_00002190,2026-09-03T15:26:08Z,ios,checklist,DE
u_00002192,2026-09-03T13:05:20Z,android,checklist,CA
u_00002193,2026-09-03T18:15:46Z,web,checklist,CA
u_00002194,2026-09-03T22:36:57Z,ios,checklist,GB
u_00002196,2026-09-03T22:55:21Z,android,checklist,US
u_00002198,2026-09-03T05:01:37Z,android,checklist,US
u_0000219b,2026-09-03T00:09:45Z,android,checklist,US
u_0000219e,2026-09-03T12:04:14Z,ios,checklist,US
u_000021a1,2026-09-03T09:06:41Z,web,checklist,GB
u_000021a3,2026-09-03T13:41:49Z,android,checklist,US
u_000021a5,2026-09-03T22:19:41Z,ios,checklist,GB
u_000021a7,2026-09-03T13:42:50Z,ios,checklist,US
u_000021aa,2026-09-03T07:21:00Z,ios,checklist,GB
u_000021ad,2026-09-03T19:32:13Z,web,checklist,AU
u_000021b0,2026-09-03T01:04:21Z,ios,checklist,AU
u_000021b2,2026-09-03T04:15:35Z,ios,checklist,US
u_000021b3,2026-09-03T23:05:18Z,ios,checklist,US
u_000021b6,2026-09-03T09:52:22Z,web,checklist,CA
u_000021b7,2026-09-03T23:11:44Z,android,checklist,US
u_000021b9,2026-09-03T02:59:23Z,ios,checklist,DE
u_000021bc,2026-09-03T11:23:42Z,android,checklist,US
u_000021bf,2026-09-03T08:53:40Z,web,checklist,CA
u_000021c0,2026-09-03T11:16:45Z,ios,checklist,US
u_000021c2,2026-09-03T06:56:50Z,web,checklist,GB
u_000021c5,2026-09-03T05:56:37Z,web,checklist,US
u_000021c6,2026-09-03T10:18:17Z,android,checklist,US
u_000021c7,2026-09-03T14:10:56Z,android,checklist,US
u_000021c8,2026-09-03T04:58:56Z,web,checklist,US
u_000021cb,2026-09-03T23:35:49Z,ios,checklist,GB
u_000021cd,2026-09-03T20:43:03Z,ios,checklist,GB
u_000021cf,2026-09-04T12:18:14Z,android,checklist,US
u_000021d1,2026-09-04T07:01:05Z,android,checklist,US
u_000021d3,2026-09-04T18:52:54Z,android,checklist,DE
u_000021d5,2026-09-04T11:56:24Z,ios,checklist,US
u_000021d6,2026-09-04T20:27:06Z,ios,checklist,US
u_000021d7,2026-09-04T22:48:36Z,android,checklist,US
u_000021da,2026-09-04T18:21:00Z,ios,checklist,US
u_000021db,2026-09-04T21:16:37Z,android,checklist,US
u_000021dc,2026-09-04T12:05:55Z,android,checklist,US
u_000021dd,2026-09-04T16:50:48Z,ios,checklist,US
u_000021e0,2026-09-04T01:33:25Z,ios,checklist,GB
u_000021e3,2026-09-04T16:53:59Z,android,checklist,US
u_000021e6,2026-09-04T10:30:07Z,ios,checklist,CA
u_000021e7,2026-09-04T13:50:15Z,android,checklist,US
u_000021ea,2026-09-04T22:56:53Z,ios,checklist,US
u_000021ec,2026-09-04T23:38:55Z,ios,checklist,US
u_000021ee,2026-09-04T17:35:53Z,android,checklist,AU
u_000021ef,2026-09-04T06:07:43Z,ios,checklist,CA
u_000021f2,2026-09-04T03:05:25Z,ios,checklist,US
u_000021f5,2026-09-04T23:45:55Z,ios,checklist,GB
u_000021f8,2026-09-04T05:54:23Z,ios,checklist,GB
u_000021f9,2026-09-04T11:58:29Z,ios,checklist,CA
u_000021fc,2026-09-04T09:41:49Z,android,checklist,US
u_000021fe,2026-09-04T09:57:30Z,ios,checklist,DE
u_00002200,2026-09-04T23:24:43Z,ios,checklist,CA
u_00002203,2026-09-04T17:46:57Z,ios,checklist,CA
u_00002206,2026-09-04T16:13:02Z,android,checklist,US
u_00002207,2026-09-04T15:57:22Z,android,checklist,US
u_00002209,2026-09-04T07:32:06Z,android,checklist,US
u_0000220a,2026-09-04T00:43:40Z,android,checklist,CA
u_0000220b,2026-09-04T05:55:04Z,android,checklist,CA
u_0000220c,2026-09-04T20:02:07Z,ios,checklist,DE
u_0000220f,2026-09-04T17:42:51Z,android,checklist,DE
u_00002210,2026-09-05T13:42:54Z,android,checklist,US
u_00002213,2026-09-05T08:50:51Z,ios,checklist,US
u_00002216,2026-09-05T15:02:54Z,ios,checklist,AU
u_00002218,2026-09-05T04:55:25Z,ios,checklist,US
u_0000221a,2026-09-05T05:12:28Z,ios,checklist,US
u_0000221c,2026-09-05T01:10:06Z,ios,checklist,US
u_0000221f,2026-09-05T08:39:55Z,android,checklist,US
u_00002222,2026-09-05T21:04:17Z,web,checklist,GB
u_00002225,2026-09-05T11:48:56Z,android,checklist,GB
u_00002227,2026-09-05T20:11:51Z,ios,checklist,DE
u_0000222a,2026-09-05T08:59:55Z,ios,checklist,AU
u_0000222d,2026-09-05T18:26:59Z,web,checklist,GB
u_0000222f,2026-09-05T06:45:07Z,android,checklist,DE
u_00002231,2026-09-05T05:04:01Z,android,checklist,US
u_00002232,2026-09-05T21:54:59Z,ios,checklist,AU
u_00002235,2026-09-05T08:49:25Z,android,checklist,US
u_00002237,2026-09-05T17:56:53Z,android,checklist,US
u_00002239,2026-09-05T18:00:21Z,android,checklist,CA
u_0000223a,2026-09-05T15:17:41Z,ios,checklist,US
u_0000223c,2026-09-05T09:56:47Z,web,checklist,GB
u_0000223e,2026-09-05T14:11:06Z,ios,checklist,AU
u_00002241,2026-09-05T14:13:25Z,web,checklist,US
u_00002244,2026-09-05T04:28:04Z,web,checklist,US
u_00002246,2026-09-05T19:46:23Z,ios,checklist,US
u_00002247,2026-09-05T09:15:47Z,web,checklist,US
u_00002249,2026-09-05T21:20:05Z,android,checklist,US
u_0000224a,2026-09-05T15:10:28Z,web,checklist,US
u_0000224d,2026-09-05T14:56:00Z,android,checklist,US
u_0000224e,2026-09-05T02:33:00Z,ios,checklist,US
u_0000224f,2026-09-05T01:10:01Z,ios,checklist,US
u_00002251,2026-09-05T10:30:16Z,ios,checklist,GB
u_00002253,2026-09-05T03:51:45Z,android,checklist,DE
u_00002255,2026-09-06T05:32:59Z,web,checklist,GB
u_00002258,2026-09-06T05:00:57Z,ios,checklist,US
u_0000225a,2026-09-06T15:42:05Z,web,checklist,GB
u_0000225b,2026-09-06T02:18:35Z,web,checklist,CA
u_0000225c,2026-09-06T03:01:18Z,android,checklist,GB
u_0000225f,2026-09-06T15:04:47Z,ios,checklist,DE
u_00002262,2026-09-06T05:51:01Z,android,checklist,GB
u_00002264,2026-09-06T01:25:14Z,ios,checklist,US
u_00002265,2026-09-06T14:52:28Z,android,checklist,US
u_00002268,2026-09-06T07:46:56Z,web,checklist,US
u_0000226b,2026-09-06T09:00:08Z,ios,checklist,GB
u_0000226e,2026-09-06T10:52:43Z,android,checklist,US
u_0000226f,2026-09-06T15:40:21Z,web,checklist,AU
u_00002271,2026-09-06T14:24:57Z,ios,checklist,CA
u_00002274,2026-09-06T11:46:24Z,ios,checklist,US
u_00002277,2026-09-06T01:51:02Z,ios,checklist,US
u_0000227a,2026-09-06T11:16:41Z,ios,checklist,DE
u_0000227c,2026-09-06T12:07:47Z,web,checklist,US
u_0000227d,2026-09-06T14:41:23Z,web,checklist,US
u_0000227f,2026-09-06T06:57:06Z,web,checklist,DE
u_00002281,2026-09-06T07:51:47Z,web,checklist,US
u_00002282,2026-09-06T06:58:39Z,ios,checklist,US
u_00002285,2026-09-06T10:00:29Z,web,checklist,US
u_00002286,2026-09-06T15:34:40Z,android,checklist,US
u_00002288,2026-09-06T14:18:28Z,ios,checklist,US
u_00002289,2026-09-06T05:58:10Z,ios,checklist,CA
u_0000228b,2026-09-06T20:30:17Z,android,checklist,US
u_0000228d,2026-09-07T20:42:34Z,ios,checklist,US
u_0000228e,2026-09-07T05:51:12Z,ios,checklist,AU
u_00002290,2026-09-07T12:38:44Z,web,checklist,GB
u_00002293,2026-09-07T12:57:06Z,android,checklist,US
u_00002294,2026-09-07T23:21:22Z,ios,checklist,US
u_00002295,2026-09-07T20:51:42Z,android,checklist,CA
u_00002296,2026-09-07T20:38:44Z,android,checklist,US
u_00002298,2026-09-07T08:52:30Z,web,checklist,CA
u_0000229a,2026-09-07T23:41:04Z,android,checklist,US
u_0000229b,2026-09-07T15:35:05Z,web,checklist,CA
u_0000229d,2026-09-07T07:34:47Z,web,checklist,US
u_0000229e,2026-09-07T20:38:18Z,ios,checklist,US
u_000022a1,2026-09-07T01:46:18Z,android,checklist,GB
u_000022a3,2026-09-07T23:19:28Z,android,checklist,US
u_000022a4,2026-09-07T13:59:11Z,ios,checklist,US
u_000022a5,2026-09-07T13:22:11Z,ios,checklist,GB
u_000022a6,2026-09-07T13:41:16Z,web,checklist,CA
u_000022a7,2026-09-07T11:21:21Z,ios,checklist,GB
u_000022a9,2026-09-07T11:05:19Z,web,checklist,US
u_000022ac,2026-09-07T03:40:51Z,ios,checklist,US
u_000022ae,2026-09-07T17:29:40Z,web,checklist,US
u_000022b1,2026-09-07T18:18:56Z,web,checklist,US
u_000022b3,2026-09-07T21:11:21Z,ios,checklist,DE
u_000022b5,2026-09-07T03:09:21Z,ios,checklist,US
u_000022b8,2026-09-07T05:12:10Z,web,checklist,US
u_000022b9,2026-09-07T18:32:42Z,web,checklist,GB
u_000022ba,2026-09-07T16:25:35Z,android,checklist,AU
u_000022bd,2026-09-07T09:52:53Z,android,checklist,US
u_000022c0,2026-09-07T18:17:31Z,web,checklist,AU
u_000022c1,2026-09-07T17:30:23Z,web,checklist,US
u_000022c2,2026-09-07T12:10:23Z,ios,checklist,AU
u_000022c5,2026-09-07T08:57:25Z,ios,checklist,US
u_000022c6,2026-09-07T16:47:00Z,ios,checklist,US
u_000022c7,2026-09-07T21:44:51Z,ios,checklist,US
u_000022c9,2026-09-07T09:36:09Z,web,checklist,CA
u_000022cc,2026-09-07T18:16:48Z,ios,checklist,US
u_000022cf,2026-09-07T03:51:28Z,android,checklist,US
u_000022d2,2026-09-08T10:17:08Z,android,checklist,US
u_000022d5,2026-09-08T10:41:25Z,web,checklist,AU
u_000022d8,2026-09-08T01:15:24Z,web,checklist,AU
u_000022d9,2026-09-08T04:48:55Z,android,checklist,US
u_000022dc,2026-09-08T20:01:40Z,android,checklist,AU
u_000022df,2026-09-08T06:53:43Z,ios,checklist,US
u_000022e2,2026-09-08T21:24:05Z,ios,checklist,US
u_000022e4,2026-09-08T03:44:19Z,android,checklist,US
u_000022e6,2026-09-08T06:18:47Z,ios,checklist,US
u_000022e8,2026-09-08T22:01:58Z,android,checklist,CA
u_000022ea,2026-09-08T20:47:57Z,web,checklist,CA
u_000022ed,2026-09-08T05:54:19Z,ios,checklist,GB
u_000022f0,2026-09-08T02:06:40Z,ios,checklist,US
u_000022f2,2026-09-08T00:52:01Z,ios,checklist,GB
u_000022f3,2026-09-08T18:39:10Z,web,checklist,CA
u_000022f6,2026-09-08T13:11:44Z,web,checklist,GB
u_000022f8,2026-09-08T22:41:21Z,web,checklist,AU
u_000022fa,2026-09-08T17:19:03Z,ios,checklist,US
u_000022fd,2026-09-08T07:34:17Z,ios,checklist,US
u_00002300,2026-09-08T20:42:41Z,android,checklist,US
u_00002302,2026-09-08T16:26:37Z,android,checklist,US
u_00002304,2026-09-08T18:11:40Z,ios,checklist,US
u_00002307,2026-09-08T18:05:10Z,ios,checklist,US
u_00002309,2026-09-08T05:50:24Z,web,checklist,DE
u_0000230c,2026-09-08T22:56:36Z,android,checklist,US
u_0000230e,2026-09-08T17:31:25Z,web,checklist,CA
u_00002311,2026-09-08T12:15:09Z,ios,checklist,CA
u_00002312,2026-09-08T00:24:48Z,web,checklist,CA
u_00002315,2026-09-08T16:16:05Z,android,checklist,CA
u_00002317,2026-09-08T23:53:52Z,ios,checklist,GB
u_00002319,2026-09-08T14:29:32Z,ios,checklist,CA
u_0000231b,2026-09-08T02:37:41Z,ios,checklist,US
u_0000231e,2026-09-08T05:41:44Z,web,checklist,GB
u_00002321,2026-09-08T17:00:06Z,ios,checklist,CA
u_00002323,2026-09-08T11:52:39Z,web,checklist,CA
u_00002325,2026-09-08T10:08:29Z,web,checklist,GB
u_00002326,2026-09-09T19:29:43Z,ios,checklist,US
u_00002329,2026-09-09T03:36:41Z,android,checklist,CA
u_0000232a,2026-09-09T04:36:59Z,android,checklist,US
u_0000232d,2026-09-09T21:58:56Z,web,checklist,US
u_0000232e,2026-09-09T18:53:58Z,web,checklist,AU
u_0000232f,2026-09-09T01:18:45Z,ios,checklist,AU
u_00002331,2026-09-09T20:47:15Z,web,checklist,CA
u_00002333,2026-09-09T12:53:32Z,ios,checklist,CA
u_00002334,2026-09-09T09:25:20Z,android,checklist,GB
u_00002335,2026-09-09T23:47:14Z,ios,checklist,US
u_00002336,2026-09-09T23:33:09Z,android,checklist,US
u_00002338,2026-09-09T04:19:33Z,ios,checklist,GB
u_0000233b,2026-09-09T08:55:31Z,android,checklist,CA
u_0000233c,2026-09-09T00:44:28Z,web,checklist,US
u_0000233d,2026-09-09T00:33:23Z,web,checklist,AU
u_0000233e,2026-09-09T05:19:30Z,ios,checklist,US
u_0000233f,2026-09-09T22:58:24Z,android,checklist,DE
u_00002342,2026-09-09T15:27:11Z,ios,checklist,CA
u_00002343,2026-09-09T19:44:27Z,android,checklist,US
u_00002344,2026-09-09T08:35:34Z,web,checklist,CA
u_00002346,2026-09-09T03:34:26Z,web,checklist,US
u_00002347,2026-09-09T06:30:27Z,ios,checklist,AU
u_00002349,2026-09-09T14:57:04Z,android,checklist,US
u_0000234b,2026-09-09T18:05:20Z,android,checklist,DE
u_0000234c,2026-09-09T06:42:14Z,web,checklist,CA
u_0000234d,2026-09-09T06:54:22Z,android,checklist,GB
u_0000234f,2026-09-09T03:14:52Z,ios,checklist,CA
u_00002350,2026-09-09T19:22:25Z,ios,checklist,DE
u_00002352,2026-09-09T08:09:53Z,ios,checklist,US
u_00002354,2026-09-09T11:58:09Z,android,checklist,US
u_00002357,2026-09-09T19:58:48Z,android,checklist,US
u_0000235a,2026-09-09T19:23:25Z,android,checklist,GB
u_0000235d,2026-09-09T21:53:14Z,android,checklist,US
u_00002360,2026-09-09T20:24:55Z,android,checklist,GB
u_00002361,2026-09-09T12:39:38Z,ios,checklist,US
u_00002363,2026-09-09T12:59:20Z,ios,checklist,GB
u_00002366,2026-09-10T11:51:07Z,android,checklist,GB
u_00002367,2026-09-10T22:26:04Z,web,checklist,US
u_0000236a,2026-09-10T14:31:50Z,ios,checklist,US
u_0000236b,2026-09-10T10:02:23Z,android,checklist,CA
u_0000236e,2026-09-10T05:42:55Z,android,checklist,US
u_0000236f,2026-09-10T15:01:01Z,ios,checklist,US
u_00002371,2026-09-10T14:12:42Z,android,checklist,US
u_00002374,2026-09-10T01:47:20Z,ios,checklist,AU
u_00002375,2026-09-10T15:22:59Z,ios,checklist,GB
u_00002376,2026-09-10T22:04:52Z,ios,checklist,US
u_00002378,2026-09-10T05:46:40Z,ios,checklist,US
u_00002379,2026-09-10T10:43:50Z,ios,checklist,CA
u_0000237b,2026-09-10T22:40:07Z,ios,checklist,US
u_0000237c,2026-09-10T07:35:45Z,web,checklist,US
u_0000237f,2026-09-10T11:57:19Z,android,checklist,GB
u_00002380,2026-09-10T00:16:54Z,ios,checklist,US
u_00002381,2026-09-10T22:17:19Z,web,checklist,US
u_00002384,2026-09-10T16:54:38Z,web,checklist,US
u_00002386,2026-09-10T18:15:20Z,web,checklist,DE
u_00002388,2026-09-10T01:29:59Z,android,checklist,AU
u_00002389,2026-09-10T11:55:59Z,android,checklist,DE
u_0000238a,2026-09-10T11:02:01Z,ios,checklist,CA
u_0000238d,2026-09-10T00:18:31Z,ios,checklist,AU
u_00002390,2026-09-10T01:49:46Z,web,checklist,CA
u_00002393,2026-09-10T08:04:54Z,web,checklist,GB
u_00002394,2026-09-10T01:18:08Z,ios,checklist,US
u_00002395,2026-09-10T10:09:19Z,ios,checklist,US
u_00002397,2026-09-10T20:44:20Z,ios,checklist,US
u_00002398,2026-09-10T23:43:20Z,web,checklist,AU
u_0000239b,2026-09-11T02:49:06Z,ios,checklist,CA
u_0000239d,2026-09-11T17:31:47Z,android,checklist,US
u_0000239f,2026-09-11T06:31:39Z,web,checklist,CA
u_000023a2,2026-09-11T13:18:37Z,ios,checklist,US
u_000023a3,2026-09-11T21:59:10Z,web,checklist,US
u_000023a5,2026-09-11T11:32:10Z,android,checklist,GB
u_000023a8,2026-09-11T05:20:01Z,ios,checklist,US
u_000023ab,2026-09-11T08:40:36Z,web,checklist,US
u_000023ae,2026-09-11T02:51:46Z,android,checklist,GB
u_000023af,2026-09-11T18:36:21Z,android,checklist,DE
u_000023b0,2026-09-11T21:56:06Z,web,checklist,US
u_000023b2,2026-09-11T18:40:29Z,android,checklist,GB
u_000023b4,2026-09-11T14:11:05Z,android,checklist,CA
u_000023b7,2026-09-11T10:23:29Z,ios,checklist,US
u_000023b8,2026-09-11T15:37:45Z,android,checklist,US
u_000023ba,2026-09-11T02:35:17Z,android,checklist,US
u_000023bd,2026-09-11T04:03:34Z,web,checklist,US
u_000023c0,2026-09-11T13:19:26Z,web,checklist,US
u_000023c2,2026-09-11T04:15:19Z,web,checklist,US
u_000023c5,2026-09-11T13:54:01Z,android,checklist,US
u_000023c7,2026-09-11T04:36:24Z,android,checklist,AU
u_000023ca,2026-09-11T17:09:32Z,android,checklist,DE
u_000023cc,2026-09-11T12:24:55Z,ios,checklist,US
u_000023ce,2026-09-11T19:19:28Z,ios,checklist,CA
u_000023d0,2026-09-11T04:18:41Z,ios,checklist,CA
u_000023d1,2026-09-11T13:17:40Z,ios,checklist,AU
u_000023d4,2026-09-11T14:51:04Z,ios,checklist,US
u_000023d5,2026-09-11T18:07:45Z,web,checklist,US
u_000023d7,2026-09-11T04:12:44Z,android,checklist,US
u_000023da,2026-09-11T17:05:48Z,ios,checklist,US
u_000023dd,2026-09-11T18:46:37Z,android,checklist,DE
u_000023de,2026-09-11T20:22:53Z,web,checklist,US
u_000023df,2026-09-12T01:23:30Z,ios,checklist,GB
u_000023e2,2026-09-12T18:05:19Z,android,checklist,DE
u_000023e3,2026-09-12T00:46:55Z,android,checklist,US
u_000023e4,2026-09-12T10:15:36Z,ios,checklist,GB
u_000023e6,2026-09-12T03:23:50Z,web,checklist,CA
u_000023e8,2026-09-12T12:02:47Z,ios,checklist,US
u_000023ea,2026-09-12T13:40:37Z,ios,checklist,GB
u_000023ec,2026-09-12T14:56:18Z,ios,checklist,DE
u_000023ee,2026-09-12T01:53:02Z,android,checklist,US
u_000023f0,2026-09-12T22:01:20Z,android,checklist,CA
u_000023f3,2026-09-12T11:05:59Z,android,checklist,US
u_000023f4,2026-09-12T12:57:18Z,ios,checklist,US
u_000023f7,2026-09-12T19:03:11Z,ios,checklist,CA
u_000023f9,2026-09-12T05:55:12Z,web,checklist,CA
u_000023fb,2026-09-12T12:49:29Z,ios,checklist,GB
u_000023fd,2026-09-12T09:20:33Z,ios,checklist,DE
u_00002400,2026-09-12T07:39:29Z,web,checklist,AU
u_00002402,2026-09-12T15:17:09Z,ios,checklist,US
u_00002403,2026-09-12T14:26:22Z,android,checklist,AU
u_00002405,2026-09-12T08:16:52Z,ios,checklist,US
u_00002408,2026-09-12T11:53:33Z,android,checklist,GB
u_00002409,2026-09-12T18:51:46Z,ios,checklist,GB
u_0000240a,2026-09-12T07:12:04Z,ios,checklist,US
u_0000240b,2026-09-12T10:15:45Z,ios,checklist,US
u_0000240e,2026-09-12T05:50:36Z,android,checklist,GB
u_00002410,2026-09-12T15:14:30Z,web,checklist,DE
u_00002412,2026-09-12T16:38:39Z,web,checklist,US
u_00002413,2026-09-12T10:32:22Z,android,checklist,US
u_00002414,2026-09-12T03:49:18Z,web,checklist,DE
u_00002415,2026-09-12T13:05:37Z,android,checklist,GB
u_00002418,2026-09-12T10:36:19Z,ios,checklist,GB
u_0000241b,2026-09-12T16:46:39Z,web,checklist,US
u_0000241e,2026-09-12T10:12:15Z,web,checklist,GB
u_00002420,2026-09-13T22:31:58Z,web,checklist,AU
u_00002421,2026-09-13T11:10:45Z,ios,checklist,CA
u_00002424,2026-09-13T15:29:43Z,ios,checklist,US
u_00002427,2026-09-13T07:48:19Z,ios,checklist,CA
u_00002428,2026-09-13T00:50:30Z,ios,checklist,US
u_0000242a,2026-09-13T07:14:30Z,ios,checklist,US
u_0000242d,2026-09-13T04:00:00Z,android,checklist,AU
u_00002430,2026-09-13T08:16:57Z,android,checklist,GB
u_00002433,2026-09-13T07:38:46Z,ios,checklist,US
u_00002434,2026-09-13T03:53:06Z,ios,checklist,US
u_00002436,2026-09-13T01:11:16Z,web,checklist,US
u_00002439,2026-09-13T13:55:16Z,android,checklist,CA
u_0000243c,2026-09-13T14:12:17Z,ios,checklist,US
u_0000243d,2026-09-13T11:06:12Z,ios,checklist,US
u_00002440,2026-09-13T03:53:54Z,web,checklist,US
u_00002443,2026-09-13T11:25:47Z,android,checklist,US
u_00002444,2026-09-13T16:50:28Z,ios,checklist,US
u_00002445,2026-09-13T00:27:33Z,ios,checklist,US
u_00002446,2026-09-13T23:57:50Z,android,checklist,US
u_00002448,2026-09-13T16:13:18Z,web,checklist,AU
u_0000244b,2026-09-13T23:48:30Z,ios,checklist,US
u_0000244e,2026-09-13T04:48:44Z,ios,checklist,US
u_00002451,2026-09-13T17:32:35Z,web,checklist,AU
u_00002454,2026-09-13T00:31:40Z,ios,checklist,US
u_00002455,2026-09-13T20:32:53Z,ios,checklist,US
u_00002457,2026-09-14T19:45:03Z,ios,checklist,US
u_00002458,2026-09-14T04:30:06Z,android,checklist,US
u_0000245b,2026-09-14T06:45:53Z,android,checklist,US
u_0000245c,2026-09-14T09:51:01Z,android,checklist,US
u_0000245d,2026-09-14T12:13:20Z,ios,checklist,DE
u_0000245f,2026-09-14T04:42:58Z,android,checklist,GB
u_00002462,2026-09-14T15:50:24Z,android,checklist,US
u_00002465,2026-09-14T23:21:49Z,android,checklist,CA
u_00002466,2026-09-14T13:07:54Z,ios,checklist,US
u_00002467,2026-09-14T13:53:46Z,ios,checklist,DE
u_00002469,2026-09-14T02:13:01Z,ios,checklist,US
u_0000246a,2026-09-14T20:13:39Z,android,checklist,US
u_0000246b,2026-09-14T10:53:41Z,android,checklist,GB
u_0000246d,2026-09-14T14:54:52Z,android,checklist,GB
u_0000246e,2026-09-14T23:14:47Z,web,checklist,US
u_00002470,2026-09-14T20:59:24Z,ios,checklist,US
u_00002472,2026-09-14T20:46:27Z,android,checklist,US
u_00002473,2026-09-14T06:56:37Z,web,checklist,US
u_00002476,2026-09-14T21:48:04Z,ios,checklist,DE
u_00002479,2026-09-14T07:16:48Z,web,checklist,DE
u_0000247a,2026-09-14T05:08:16Z,android,checklist,US
u_0000247d,2026-09-14T20:48:01Z,ios,checklist,GB
u_00002480,2026-09-14T08:13:33Z,android,checklist,US
u_00002482,2026-09-14T14:14:04Z,web,checklist,US
u_00002484,2026-09-14T00:40:01Z,ios,checklist,DE
u_00002487,2026-09-14T16:06:40Z,web,checklist,GB
u_00002488,2026-09-14T15:45:10Z,ios,checklist,US
u_0000248b,2026-09-14T22:13:53Z,android,checklist,US
u_0000248d,2026-09-14T01:57:55Z,web,checklist,GB
u_0000248f,2026-09-14T15:39:11Z,ios,checklist,US
u_00002491,2026-09-14T21:35:46Z,android,checklist,CA
u_00002494,2026-09-14T10:55:44Z,android,checklist,US
u_00002497,2026-09-14T15:14:07Z,web,checklist,US
u_0000249a,2026-09-14T14:25:26Z,web,checklist,US
u_0000249d,2026-09-14T13:21:47Z,web,checklist,DE
u_0000249f,2026-08-01T08:13:53Z,web,,DE
u_000024a2,2026-08-01T06:10:49Z,web,,US
u_000024a5,2026-08-01T19:20:40Z,web,,GB
u_000024a6,2026-08-01T12:02:40Z,web,,US
u_000024a8,2026-08-01T19:32:42Z,web,,US
u_000024ab,2026-08-01T14:42:29Z,web,,CA
u_000024ad,2026-08-01T20:38:28Z,web,,US
u_000024b0,2026-08-01T06:43:01Z,web,,US
u_000024b1,2026-08-01T05:31:19Z,web,,US
u_000024b2,2026-08-01T06:11:04Z,web,,US
u_000024b3,2026-08-01T16:23:47Z,web,,US
u_000024b5,2026-08-01T22:57:20Z,web,,US
u_000024b6,2026-08-01T08:18:36Z,web,,AU
u_000024b7,2026-08-01T12:13:15Z,web,,US
u_000024b9,2026-08-01T08:40:43Z,web,,US
u_000024bc,2026-08-01T06:25:48Z,web,,US
u_000024be,2026-08-02T20:44:32Z,web,,US
u_000024c1,2026-08-02T18:29:15Z,web,,GB
u_000024c2,2026-08-02T17:46:35Z,web,,AU
u_000024c4,2026-08-02T20:56:27Z,web,,US
u_000024c5,2026-08-02T15:04:43Z,web,,DE
u_000024c6,2026-08-02T19:26:03Z,web,,US
u_000024c7,2026-08-02T17:20:22Z,web,,DE
u_000024ca,2026-08-02T19:06:46Z,web,,GB
u_000024cb,2026-08-02T06:46:48Z,web,,US
u_000024ce,2026-08-02T09:31:48Z,web,,US
u_000024d0,2026-08-02T07:19:00Z,web,,DE
u_000024d1,2026-08-02T18:38:12Z,web,,US
u_000024d3,2026-08-02T17:45:33Z,web,,US
u_000024d5,2026-08-02T12:32:48Z,web,,US
u_000024d6,2026-08-02T12:55:32Z,web,,US
u_000024d9,2026-08-02T14:17:57Z,web,,US
u_000024db,2026-08-02T11:05:44Z,web,,US
u_000024de,2026-08-02T17:28:00Z,web,,CA
u_000024e1,2026-08-02T15:38:05Z,web,,US
u_000024e2,2026-08-02T11:39:00Z,web,,GB
u_000024e5,2026-08-02T06:06:34Z,web,,US
u_000024e8,2026-08-03T18:18:58Z,web,,GB
u_000024e9,2026-08-03T14:49:03Z,web,,US
u_000024ea,2026-08-03T10:36:18Z,web,,US
u_000024eb,2026-08-03T20:27:05Z,web,,DE
u_000024ec,2026-08-03T16:48:40Z,web,,DE
u_000024ef,2026-08-03T13:08:37Z,web,,US
u_000024f1,2026-08-03T09:50:39Z,web,,US
u_000024f2,2026-08-03T09:32:37Z,web,,US
u_000024f3,2026-08-03T08:01:50Z,web,,AU
u_000024f6,2026-08-03T11:07:01Z,web,,US
u_000024f8,2026-08-03T07:58:22Z,web,,GB
u_000024fb,2026-08-03T18:54:29Z,web,,US
u_000024fd,2026-08-03T19:24:34Z,web,,US
u_00002500,2026-08-03T18:59:16Z,web,,CA
u_00002503,2026-08-03T13:38:54Z,web,,GB
u_00002506,2026-08-03T16:23:49Z,web,,DE
u_00002509,2026-08-03T17:22:04Z,web,,US
u_0000250c,2026-08-03T19:31:32Z,web,,GB
u_0000250e,2026-08-03T13:03:01Z,web,,US
u_00002510,2026-08-03T11:19:48Z,web,,AU
u_00002511,2026-08-04T23:56:46Z,web,,GB
u_00002512,2026-08-04T10:21:19Z,web,,GB
u_00002515,2026-08-04T12:03:02Z,web,,US
u_00002516,2026-08-04T07:42:33Z,web,,US
u_00002517,2026-08-04T15:24:35Z,web,,AU
u_00002519,2026-08-04T14:48:32Z,web,,US
u_0000251a,2026-08-04T12:33:47Z,web,,US
u_0000251d,2026-08-04T13:55:13Z,web,,US
u_00002520,2026-08-04T15:58:34Z,web,,DE
u_00002522,2026-08-04T08:14:17Z,web,,GB
u_00002525,2026-08-04T13:33:37Z,web,,US
u_00002528,2026-08-04T07:41:30Z,web,,US
u_0000252b,2026-08-04T20:56:01Z,web,,US
u_0000252c,2026-08-04T17:44:23Z,web,,US
u_0000252e,2026-08-05T23:46:29Z,web,,US
u_0000252f,2026-08-05T22:37:47Z,web,,US
u_00002532,2026-08-05T21:51:07Z,web,,US
u_00002533,2026-08-05T13:25:26Z,web,,US
u_00002536,2026-08-05T13:44:06Z,web,,US
u_00002539,2026-08-05T20:16:40Z,web,,CA
u_0000253a,2026-08-05T09:30:39Z,web,,US
u_0000253c,2026-08-05T05:12:03Z,web,,DE
u_0000253d,2026-08-05T18:40:26Z,web,,GB
u_0000253e,2026-08-05T07:54:49Z,web,,CA
u_0000253f,2026-08-05T08:58:05Z,web,,AU
u_00002540,2026-08-05T12:51:29Z,web,,US
u_00002542,2026-08-05T12:11:34Z,web,,US
u_00002545,2026-08-05T21:49:34Z,web,,US
u_00002547,2026-08-05T22:03:38Z,web,,DE
u_00002548,2026-08-06T08:36:33Z,web,,US
u_0000254b,2026-08-06T16:42:15Z,web,,GB
u_0000254c,2026-08-06T08:49:37Z,web,,US
u_0000254e,2026-08-06T23:15:35Z,web,,US
u_0000254f,2026-08-06T09:01:28Z,web,,US
u_00002551,2026-08-06T10:49:36Z,web,,CA
u_00002554,2026-08-06T17:51:50Z,web,,US
u_00002557,2026-08-06T07:39:03Z,web,,US
u_0000255a,2026-08-06T21:59:35Z,web,,US
u_0000255b,2026-08-06T12:16:28Z,web,,US
u_0000255e,2026-08-06T15:41:40Z,web,,US
u_00002561,2026-08-06T15:06:50Z,web,,US
u_00002562,2026-08-06T10:10:24Z,web,,DE
u_00002564,2026-08-06T13:09:35Z,web,,US
u_00002565,2026-08-06T10:35:38Z,web,,US
u_00002566,2026-08-06T23:13:09Z,web,,AU
u_00002567,2026-08-06T19:49:42Z,web,,CA
u_00002569,2026-08-06T23:00:10Z,web,,GB
u_0000256a,2026-08-06T06:54:05Z,web,,CA
u_0000256b,2026-08-06T09:48:41Z,web,,US
u_0000256c,2026-08-07T14:18:59Z,web,,US
u_0000256d,2026-08-07T19:21:03Z,web,,US
u_0000256f,2026-08-07T09:18:20Z,web,,CA
u_00002571,2026-08-07T05:39:19Z,web,,US
u_00002572,2026-08-07T07:17:33Z,web,,US
u_00002573,2026-08-07T08:01:18Z,web,,US
u_00002575,2026-08-07T22:43:30Z,web,,US
u_00002576,2026-08-07T09:07:13Z,web,,US
u_00002579,2026-08-07T05:51:45Z,web,,US
u_0000257b,2026-08-07T12:21:22Z,web,,US
u_0000257c,2026-08-07T19:47:22Z,web,,US
u_0000257f,2026-08-07T08:28:51Z,web,,US
u_00002581,2026-08-07T17:46:23Z,web,,US
u_00002583,2026-08-07T11:30:50Z,web,,CA
u_00002584,2026-08-07T22:53:25Z,web,,GB
u_00002586,2026-08-08T06:29:31Z,web,,US
u_00002588,2026-08-08T11:18:05Z,web,,DE
u_0000258b,2026-08-08T10:53:07Z,web,,CA
u_0000258d,2026-08-08T09:43:03Z,web,,US
u_0000258e,2026-08-08T14:14:39Z,web,,US
u_00002591,2026-08-08T16:15:44Z,web,,DE
u_00002593,2026-08-08T22:20:39Z,web,,DE
u_00002596,2026-08-08T21:15:15Z,web,,GB
u_00002598,2026-08-08T23:38:05Z,web,,US
u_00002599,2026-08-08T16:53:24Z,web,,US
u_0000259c,2026-08-08T10:36:16Z,web,,US
u_0000259e,2026-08-08T16:58:20Z,web,,AU
u_000025a1,2026-08-08T17:30:55Z,web,,GB
u_000025a4,2026-08-08T20:53:21Z,web,,US
u_000025a7,2026-08-08T14:13:22Z,web,,GB
u_000025aa,2026-08-08T05:14:20Z,web,,GB
u_000025ac,2026-08-08T08:29:09Z,web,,US
u_000025ae,2026-08-08T21:42:42Z,web,,US
u_000025b0,2026-08-08T22:50:25Z,web,,DE
u_000025b3,2026-08-08T22:47:48Z,web,,US
u_000025b6,2026-08-08T17:22:26Z,web,,AU
u_000025b9,2026-08-09T09:39:57Z,web,,GB
u_000025bc,2026-08-09T20:19:10Z,web,,GB
u_000025bd,2026-08-09T23:20:39Z,web,,US
u_000025be,2026-08-09T07:41:49Z,web,,DE
u_000025c1,2026-08-09T17:17:57Z,web,,CA
u_000025c4,2026-08-09T15:51:58Z,web,,US
u_000025c7,2026-08-09T20:29:52Z,web,,GB
u_000025c9,2026-08-09T23:05:24Z,web,,CA
u_000025cc,2026-08-09T08:19:33Z,web,,US
u_000025cf,2026-08-09T17:37:32Z,web,,US
u_000025d2,2026-08-09T17:58:38Z,web,,US
u_000025d3,2026-08-09T21:42:31Z,web,,AU
u_000025d6,2026-08-09T23:49:46Z,web,,US
u_000025d9,2026-08-09T06:37:12Z,web,,US
u_000025dc,2026-08-10T20:35:09Z,web,,US
u_000025df,2026-08-10T16:04:21Z,web,,GB
u_000025e0,2026-08-10T13:14:50Z,web,,US
u_000025e2,2026-08-10T16:01:09Z,web,,US
u_000025e3,2026-08-10T23:59:01Z,web,,US
u_000025e6,2026-08-10T23:41:44Z,web,,US
u_000025e8,2026-08-10T06:49:15Z,web,,US
u_000025eb,2026-08-10T19:21:58Z,web,,CA
u_000025ed,2026-08-10T20:43:55Z,web,,US
u_000025f0,2026-08-10T06:48:34Z,web,,DE
u_000025f3,2026-08-10T12:48:31Z,web,,US
u_000025f4,2026-08-10T10:25:31Z,web,,DE
u_000025f7,2026-08-10T07:30:01Z,web,,US
u_000025f8,2026-08-10T05:35:46Z,web,,US
u_000025f9,2026-08-10T22:32:29Z,web,,CA
u_000025fc,2026-08-10T23:49:12Z,web,,DE
u_000025fd,2026-08-10T06:14:12Z,web,,US
u_000025ff,2026-08-10T13:33:12Z,web,,US
u_00002600,2026-08-10T09:38:49Z,web,,US
u_00002601,2026-08-10T09:09:57Z,web,,DE
u_00002604,2026-08-11T17:50:10Z,web,,US
u_00002606,2026-08-11T09:23:02Z,web,,US
u_00002608,2026-08-11T17:38:31Z,web,,DE
u_0000260a,2026-08-11T21:13:41Z,web,,US
u_0000260c,2026-08-11T12:33:21Z,web,,CA
u_0000260f,2026-08-11T05:43:08Z,web,,GB
u_00002610,2026-08-11T14:31:14Z,web,,US
u_00002612,2026-08-11T16:26:17Z,web,,US
u_00002615,2026-08-11T18:35:03Z,web,,CA
u_00002617,2026-08-11T08:03:16Z,web,,GB
u_00002619,2026-08-11T06:15:57Z,web,,GB
u_0000261c,2026-08-11T19:02:18Z,web,,US
u_0000261e,2026-08-11T17:10:05Z,web,,US
u_0000261f,2026-08-11T16:06:21Z,web,,CA
u_00002621,2026-08-11T12:06:32Z,web,,DE
u_00002622,2026-08-11T15:08:21Z,web,,CA
u_00002624,2026-08-11T12:01:42Z,web,,US
u_00002625,2026-08-12T15:42:27Z,web,,GB
u_00002627,2026-08-12T18:30:47Z,web,,US
u_00002629,2026-08-12T10:45:15Z,web,,US
u_0000262b,2026-08-12T22:45:43Z,web,,US
u_0000262c,2026-08-12T21:19:33Z,web,,CA
u_0000262d,2026-08-12T22:54:06Z,web,,US
u_0000262e,2026-08-12T14:26:18Z,web,,AU
u_0000262f,2026-08-12T19:07:56Z,web,,GB
u_00002631,2026-08-12T11:00:21Z,web,,DE
u_00002632,2026-08-12T08:19:52Z,web,,CA
u_00002634,2026-08-12T07:49:43Z,web,,GB
u_00002636,2026-08-12T09:11:42Z,web,,US
u_00002639,2026-08-12T12:21:45Z,web,,US
u_0000263a,2026-08-12T21:34:24Z,web,,AU
u_0000263b,2026-08-13T23:11:44Z,web,,AU
u_0000263d,2026-08-13T07:02:24Z,web,,AU
u_00002640,2026-08-13T06:32:54Z,web,,US
u_00002641,2026-08-13T22:52:23Z,web,,DE
u_00002644,2026-08-13T06:24:52Z,web,,DE
u_00002647,2026-08-13T23:34:22Z,web,,CA
u_00002648,2026-08-13T13:34:29Z,web,,US
u_00002649,2026-08-13T22:59:12Z,web,,US
u_0000264b,2026-08-13T18:18:37Z,web,,US
u_0000264c,2026-08-13T14:17:45Z,web,,DE
u_0000264e,2026-08-13T17:46:41Z,web,,CA
u_00002650,2026-08-13T10:50:35Z,web,,US
u_00002652,2026-08-13T09:50:34Z,web,,CA
u_00002655,2026-08-13T11:10:20Z,web,,GB
u_00002657,2026-08-13T13:24:38Z,web,,US
u_00002658,2026-08-13T23:30:26Z,web,,GB
u_0000265a,2026-08-14T23:34:19Z,web,,CA
u_0000265b,2026-08-14T19:44:28Z,web,,US
u_0000265d,2026-08-14T16:48:46Z,web,,US
u_0000265f,2026-08-14T22:34:22Z,web,,CA
u_00002661,2026-08-14T22:53:58Z,web,,US
u_00002664,2026-08-14T21:51:53Z,web,,US
u_00002665,2026-08-14T19:38:00Z,web,,GB
u_00002668,2026-08-14T23:25:37Z,web,,US
u_00002669,2026-08-14T19:00:36Z,web,,GB
u_0000266c,2026-08-14T10:28:42Z,web,,DE
u_0000266e,2026-08-14T11:00:34Z,web,,CA
u_0000266f,2026-08-14T07:07:55Z,web,,DE
u_00002672,2026-08-14T19:01:31Z,web,,CA
u_00002673,2026-08-14T17:20:36Z,web,,AU
u_00002676,2026-08-14T13:41:24Z,web,,GB
u_00002678,2026-08-14T12:54:53Z,web,,US
u_0000267a,2026-08-14T10:04:50Z,web,,AU
u_0000267d,2026-08-14T06:33:04Z,web,,US
u_0000267f,2026-08-15T09:43:58Z,web,,CA
u_00002681,2026-08-15T21:23:32Z,web,,GB
u_00002683,2026-08-15T17:59:19Z,web,,US
u_00002686,2026-08-15T15:37:18Z,web,,US
u_00002687,2026-08-15T14:18:16Z,web,,US
u_00002688,2026-08-15T13:40:26Z,web,,US
u_0000268b,2026-08-15T18:47:23Z,web,,AU
u_0000268c,2026-08-15T20:48:41Z,web,,US
u_0000268e,2026-08-15T17:06:27Z,web,,US
u_0000268f,2026-08-15T05:50:22Z,web,,CA
u_00002691,2026-08-15T21:18:55Z,web,,US
u_00002693,2026-08-15T10:47:17Z,web,,US
u_00002694,2026-08-15T15:56:06Z,web,,AU
u_00002696,2026-08-15T13:55:41Z,web,,GB
u_00002699,2026-08-15T13:12:36Z,web,,DE
u_0000269b,2026-08-16T23:41:16Z,web,,GB
u_0000269d,2026-08-16T08:07:23Z,web,,GB
u_000026a0,2026-08-16T15:28:17Z,web,,US
u_000026a3,2026-08-16T16:53:13Z,web,,US
u_000026a5,2026-08-16T11:46:38Z,web,,US
u_000026a8,2026-08-16T05:47:02Z,web,,GB
u_000026aa,2026-08-16T12:19:56Z,web,,GB
u_000026ac,2026-08-16T07:21:31Z,web,,US
u_000026ad,2026-08-16T14:34:45Z,web,,CA
u_000026ae,2026-08-16T11:43:20Z,web,,CA
u_000026b0,2026-08-16T20:33:18Z,web,,DE
u_000026b3,2026-08-16T12:42:29Z,web,,US
u_000026b5,2026-08-16T17:50:17Z,web,,US
u_000026b8,2026-08-16T08:07:37Z,web,,DE
u_000026bb,2026-08-16T18:46:13Z,web,,CA
u_000026bd,2026-08-17T21:36:07Z,web,,US
u_000026be,2026-08-17T18:31:58Z,web,,DE
u_000026c0,2026-08-17T18:51:53Z,web,,DE
u_000026c1,2026-08-17T22:32:22Z,web,,DE
u_000026c2,2026-08-17T21:37:28Z,web,,US
u_000026c3,2026-08-17T08:11:22Z,web,,GB
u_000026c6,2026-08-17T07:29:44Z,web,,CA
u_000026c8,2026-08-17T12:55:59Z,web,,US
u_000026c9,2026-08-17T12:51:46Z,web,,US
u_000026cc,2026-08-17T17:25:15Z,web,,US
u_000026ce,2026-08-17T13:28:31Z,web,,CA
u_000026cf,2026-08-17T17:04:21Z,web,,CA
u_000026d1,2026-08-17T16:49:40Z,web,,GB
u_000026d2,2026-08-17T09:26:48Z,web,,US
u_000026d3,2026-08-17T07:24:22Z,web,,GB
u_000026d6,2026-08-17T22:48:18Z,web,,US
u_000026d9,2026-08-17T20:29:13Z,web,,US
u_000026dc,2026-08-17T23:33:06Z,web,,GB
u_000026df,2026-08-17T10:58:33Z,web,,DE
u_000026e1,2026-08-18T13:13:37Z,web,,CA
u_000026e4,2026-08-18T23:08:15Z,web,,US
u_000026e7,2026-08-18T14:54:09Z,web,,US
u_000026e9,2026-08-18T07:28:09Z,web,,US
u_000026eb,2026-08-18T07:48:03Z,web,,US
u_000026ee,2026-08-18T23:37:32Z,web,,US
u_000026ef,2026-08-18T16:23:36Z,web,,US
u_000026f2,2026-08-18T05:42:05Z,web,,GB
u_000026f4,2026-08-18T14:46:49Z,web,,GB
u_000026f7,2026-08-18T16:09:44Z,web,,AU
u_000026f8,2026-08-18T20:38:11Z,web,,DE
u_000026f9,2026-08-18T17:34:50Z,web,,DE
u_000026fc,2026-08-18T08:20:53Z,web,,US
u_000026fd,2026-08-18T08:27:30Z,web,,US
u_000026fe,2026-08-18T14:05:52Z,web,,DE
u_000026ff,2026-08-18T13:57:41Z,web,,US
u_00002702,2026-08-18T09:37:32Z,web,,CA
u_00002704,2026-08-18T07:36:03Z,web,,US
u_00002706,2026-08-18T18:31:57Z,web,,US
u_00002707,2026-08-18T08:13:42Z,web,,CA
u_00002708,2026-08-18T20:40:49Z,web,,US
u_0000270a,2026-08-19T20:21:43Z,web,,US
u_0000270b,2026-08-19T12:51:18Z,web,,US
u_0000270e,2026-08-19T14:05:00Z,web,,CA
u_00002710,2026-08-19T09:07:30Z,web,,CA
u_00002711,2026-08-19T20:51:14Z,web,,US
u_00002714,2026-08-19T15:18:44Z,web,,US
u_00002717,2026-08-19T08:08:48Z,web,,US
u_00002719,2026-08-19T22:20:31Z,web,,AU
u_0000271a,2026-08-19T16:51:02Z,web,,CA
u_0000271c,2026-08-19T15:41:31Z,web,,US
u_0000271d,2026-08-19T06:32:44Z,web,,US
u_00002720,2026-08-19T09:27:55Z,web,,US
u_00002722,2026-08-19T15:21:13Z,web,,US
u_00002723,2026-08-19T08:36:54Z,web,,GB
u_00002725,2026-08-19T18:26:00Z,web,,GB
u_00002726,2026-08-19T12:47:50Z,web,,US
u_00002727,2026-08-20T09:18:50Z,web,checklist,US
u_00002729,2026-08-20T20:32:37Z,web,checklist,US
u_0000272a,2026-08-20T18:51:36Z,web,checklist,CA
u_0000272c,2026-08-20T11:11:53Z,web,checklist,US
u_0000272d,2026-08-20T11:35:34Z,web,checklist,US
u_0000272e,2026-08-20T06:53:56Z,web,checklist,GB
u_00002731,2026-08-20T06:48:14Z,web,checklist,CA
u_00002732,2026-08-20T13:53:04Z,web,checklist,US
u_00002734,2026-08-20T07:48:16Z,web,checklist,CA
u_00002735,2026-08-20T11:22:18Z,web,checklist,CA
u_00002737,2026-08-20T19:25:27Z,web,checklist,US
u_00002738,2026-08-20T09:25:14Z,web,checklist,DE
u_00002739,2026-08-20T22:23:36Z,web,checklist,AU
u_0000273a,2026-08-20T07:59:55Z,web,checklist,US
u_0000273c,2026-08-20T22:56:50Z,web,checklist,US
u_0000273d,2026-08-20T16:47:00Z,web,checklist,US
u_00002740,2026-08-20T07:31:40Z,web,checklist,US
u_00002742,2026-08-20T10:17:10Z,web,checklist,US
u_00002745,2026-08-21T05:05:01Z,web,checklist,US
u_00002746,2026-08-21T06:45:47Z,web,checklist,GB
u_00002747,2026-08-21T13:08:31Z,web,checklist,DE
u_00002749,2026-08-21T14:13:51Z,web,checklist,US
u_0000274b,2026-08-21T08:22:29Z,web,checklist,US
u_0000274d,2026-08-21T18:41:18Z,web,checklist,GB
u_0000274e,2026-08-21T20:05:50Z,web,checklist,DE
u_00002750,2026-08-21T06:29:40Z,web,checklist,US
u_00002751,2026-08-21T08:47:09Z,web,checklist,AU
u_00002754,2026-08-21T09:10:54Z,web,checklist,GB
u_00002755,2026-08-21T07:50:27Z,web,checklist,US
u_00002757,2026-08-21T07:27:49Z,web,checklist,US
u_00002758,2026-08-21T20:11:52Z,web,checklist,US
u_00002759,2026-08-21T17:52:06Z,web,checklist,US
u_0000275a,2026-08-21T21:38:50Z,web,checklist,GB
u_0000275b,2026-08-21T18:51:22Z,web,checklist,GB
u_0000275e,2026-08-22T15:21:38Z,web,checklist,DE
u_00002761,2026-08-22T23:26:04Z,web,checklist,US
u_00002762,2026-08-22T14:36:42Z,web,checklist,US
u_00002763,2026-08-22T11:42:24Z,web,checklist,US
u_00002766,2026-08-22T12:16:48Z,web,checklist,US
u_00002768,2026-08-22T12:27:33Z,web,checklist,US
u_0000276a,2026-08-22T19:14:00Z,web,checklist,US
u_0000276c,2026-08-22T23:39:04Z,web,checklist,GB
u_0000276f,2026-08-22T09:06:45Z,web,checklist,CA
u_00002771,2026-08-22T17:16:54Z,web,checklist,GB
u_00002773,2026-08-22T21:31:27Z,web,checklist,US
u_00002774,2026-08-22T08:02:08Z,web,checklist,GB
u_00002777,2026-08-22T20:11:04Z,web,checklist,AU
u_00002778,2026-08-22T09:12:23Z,web,checklist,DE
u_0000277b,2026-08-22T16:11:55Z,web,checklist,US
u_0000277c,2026-08-22T18:26:10Z,web,checklist,CA
u_0000277e,2026-08-22T19:50:39Z,web,checklist,GB
u_00002780,2026-08-22T16:58:55Z,web,checklist,US
u_00002783,2026-08-23T11:19:13Z,web,checklist,US
u_00002785,2026-08-23T23:06:09Z,web,checklist,US
u_00002787,2026-08-23T10:10:16Z,web,checklist,GB
u_0000278a,2026-08-23T11:09:33Z,web,checklist,CA
u_0000278c,2026-08-23T11:15:51Z,web,checklist,AU
u_0000278d,2026-08-23T16:23:50Z,web,checklist,US
u_0000278e,2026-08-23T06:59:56Z,web,checklist,DE
u_00002790,2026-08-23T06:06:33Z,web,checklist,US
u_00002793,2026-08-23T06:59:58Z,web,checklist,AU
u_00002796,2026-08-23T20:50:39Z,web,checklist,DE
u_00002798,2026-08-23T15:46:35Z,web,checklist,US
u_00002799,2026-08-23T19:49:04Z,web,checklist,AU
u_0000279a,2026-08-23T10:33:30Z,web,checklist,US
u_0000279d,2026-08-23T09:50:59Z,web,checklist,AU
u_0000279e,2026-08-23T09:10:24Z,web,checklist,US
u_0000279f,2026-08-23T07:38:39Z,web,checklist,US
u_000027a2,2026-08-23T06:19:40Z,web,checklist,US
u_000027a3,2026-08-23T23:58:08Z,web,checklist,US
u_000027a4,2026-08-23T17:46:46Z,web,checklist,US
u_000027a7,2026-08-24T15:49:29Z,web,checklist,US
u_000027aa,2026-08-24T19:32:35Z,web,checklist,US
u_000027ad,2026-08-24T06:26:25Z,web,checklist,DE
u_000027b0,2026-08-24T13:40:40Z,web,checklist,CA
u_000027b3,2026-08-24T23:17:04Z,web,checklist,US
u_000027b5,2026-08-24T13:36:07Z,web,checklist,US
u_000027b6,2026-08-24T20:02:30Z,web,checklist,US
u_000027b7,2026-08-24T20:13:06Z,web,checklist,US
u_000027b9,2026-08-24T06:25:15Z,web,checklist,US
u_000027ba,2026-08-24T11:23:46Z,web,checklist,GB
u_000027bc,2026-08-24T05:12:42Z,web,checklist,DE
u_000027bd,2026-08-24T14:23:27Z,web,checklist,CA
u_000027be,2026-08-24T05:58:17Z,web,checklist,CA
u_000027c1,2026-08-24T11:21:06Z,web,checklist,DE
u_000027c3,2026-08-24T20:57:40Z,web,checklist,CA
u_000027c6,2026-08-24T21:08:53Z,web,checklist,US
u_000027c9,2026-08-25T23:01:32Z,web,checklist,US
u_000027cb,2026-08-25T19:47:38Z,web,checklist,US
u_000027cc,2026-08-25T11:06:42Z,web,checklist,US
u_000027cd,2026-08-25T12:18:23Z,web,checklist,AU
u_000027ce,2026-08-25T09:11:31Z,web,checklist,DE
u_000027cf,2026-08-25T10:56:01Z,web,checklist,DE
u_000027d0,2026-08-25T12:36:58Z,web,checklist,CA
u_000027d2,2026-08-25T13:55:20Z,web,checklist,CA
u_000027d5,2026-08-25T08:04:51Z,web,checklist,US
u_000027d7,2026-08-25T05:34:19Z,web,checklist,US
u_000027d8,2026-08-25T13:00:39Z,web,checklist,US
u_000027d9,2026-08-25T09:01:32Z,web,checklist,CA
u_000027db,2026-08-25T20:58:40Z,web,checklist,DE
u_000027dc,2026-08-25T07:47:37Z,web,checklist,GB
u_000027df,2026-08-25T11:55:02Z,web,checklist,US
u_000027e2,2026-08-25T23:13:52Z,web,checklist,AU
u_000027e4,2026-08-25T13:12:15Z,web,checklist,US
u_000027e7,2026-08-25T20:53:41Z,web,checklist,GB
u_000027e9,2026-08-25T13:40:12Z,web,checklist,US
u_000027eb,2026-08-25T23:02:14Z,web,checklist,DE
u_000027ed,2026-08-25T19:26:39Z,web,checklist,US
u_000027ee,2026-08-26T09:25:49Z,web,checklist,US
u_000027f1,2026-08-26T20:50:56Z,web,checklist,DE
u_000027f4,2026-08-26T20:51:27Z,web,checklist,US
u_000027f7,2026-08-26T21:59:04Z,web,checklist,US
u_000027f8,2026-08-26T09:10:13Z,web,checklist,CA
u_000027fa,2026-08-26T09:36:23Z,web,checklist,US
u_000027fb,2026-08-26T10:31:50Z,web,checklist,GB
u_000027fe,2026-08-26T21:04:10Z,web,checklist,CA
u_00002801,2026-08-26T14:02:15Z,web,checklist,DE
u_00002802,2026-08-26T20:35:57Z,web,checklist,CA
u_00002803,2026-08-26T21:51:07Z,web,checklist,US
u_00002804,2026-08-26T20:45:06Z,web,checklist,US
u_00002807,2026-08-26T12:17:44Z,web,checklist,US
u_00002808,2026-08-26T09:19:51Z,web,checklist,US
u_0000280b,2026-08-26T11:02:52Z,web,checklist,DE
u_0000280e,2026-08-26T14:45:40Z,web,checklist,AU
u_00002811,2026-08-26T19:32:19Z,web,checklist,GB
u_00002814,2026-08-26T20:19:05Z,web,checklist,AU
u_00002816,2026-08-26T07:31:16Z,web,checklist,CA
u_00002818,2026-08-26T07:51:19Z,web,checklist,AU
u_0000281b,2026-08-26T15:36:13Z,web,checklist,US
u_0000281e,2026-08-27T10:59:28Z,web,checklist,GB
u_00002821,2026-08-27T15:12:29Z,web,checklist,US
u_00002823,2026-08-27T05:06:45Z,web,checklist,DE
u_00002824,2026-08-27T08:14:01Z,web,checklist,AU
u_00002825,2026-08-27T18:22:36Z,web,checklist,GB
u_00002826,2026-08-27T15:13:10Z,web,checklist,US
u_00002829,2026-08-27T17:47:58Z,web,checklist,DE
u_0000282c,2026-08-27T15:42:57Z,web,checklist,GB
u_0000282f,2026-08-27T15:49:37Z,web,checklist,CA
u_00002830,2026-08-27T11:54:27Z,web,checklist,US
u_00002832,2026-08-27T21:20:38Z,web,checklist,US
u_00002833,2026-08-27T06:02:53Z,web,checklist,GB
u_00002834,2026-08-27T05:46:49Z,web,checklist,US
u_00002837,2026-08-27T06:49:53Z,web,checklist,GB
u_0000283a,2026-08-27T16:31:20Z,web,checklist,CA
u_0000283d,2026-08-27T14:14:18Z,web,checklist,US
u_0000283e,2026-08-27T16:17:10Z,web,checklist,US
u_00002841,2026-08-27T14:11:10Z,web,checklist,DE
u_00002844,2026-08-27T17:30:39Z,web,checklist,US
u_00002847,2026-08-28T14:17:16Z,web,checklist,DE
u_00002848,2026-08-28T12:10:15Z,web,checklist,US
u_00002849,2026-08-28T16:14:38Z,web,checklist,GB
u_0000284a,2026-08-28T23:08:33Z,web,checklist,US
u_0000284c,2026-08-28T14:46:18Z,web,checklist,US
u_0000284f,2026-08-28T12:20:36Z,web,checklist,US
u_00002850,2026-08-28T22:27:02Z,web,checklist,GB
u_00002851,2026-08-28T12:02:26Z,web,checklist,US
u_00002853,2026-08-28T22:40:04Z,web,checklist,US
u_00002854,2026-08-28T06:56:14Z,web,checklist,GB
u_00002855,2026-08-28T14:39:41Z,web,checklist,AU
u_00002858,2026-08-28T07:39:13Z,web,checklist,US
u_0000285a,2026-08-28T18:29:56Z,web,checklist,US
u_0000285d,2026-08-28T10:04:40Z,web,checklist,DE
u_0000285e,2026-08-28T06:10:44Z,web,checklist,US
u_00002860,2026-08-29T05:00:28Z,web,checklist,CA
u_00002863,2026-08-29T23:50:15Z,web,checklist,GB
u_00002866,2026-08-29T17:51:31Z,web,checklist,DE
u_00002867,2026-08-29T22:22:02Z,web,checklist,DE
u_0000286a,2026-08-29T15:57:58Z,web,checklist,US
u_0000286d,2026-08-29T17:03:38Z,web,checklist,AU
u_00002870,2026-08-29T21:59:43Z,web,checklist,CA
u_00002871,2026-08-29T21:51:29Z,web,checklist,US
u_00002874,2026-08-29T15:42:32Z,web,checklist,CA
u_00002876,2026-08-29T18:32:32Z,web,checklist,GB
u_00002878,2026-08-29T15:44:44Z,web,checklist,GB
u_00002879,2026-08-29T16:43:21Z,web,checklist,US
u_0000287c,2026-08-29T15:56:19Z,web,checklist,US
u_0000287e,2026-08-29T23:47:22Z,web,checklist,CA
u_0000287f,2026-08-29T07:27:17Z,web,checklist,US
u_00002882,2026-08-29T05:44:45Z,web,checklist,CA
u_00002883,2026-08-29T05:47:27Z,web,checklist,US
u_00002884,2026-08-30T21:06:07Z,web,checklist,DE
u_00002886,2026-08-30T16:24:46Z,web,checklist,CA
u_00002887,2026-08-30T08:49:57Z,web,checklist,US
u_00002889,2026-08-30T18:12:11Z,web,checklist,US
u_0000288a,2026-08-30T10:39:16Z,web,checklist,GB
u_0000288b,2026-08-30T15:50:51Z,web,checklist,US
u_0000288e,2026-08-30T21:58:10Z,web,checklist,AU
u_00002890,2026-08-30T18:45:22Z,web,checklist,US
u_00002891,2026-08-30T20:53:53Z,web,checklist,US
u_00002894,2026-08-30T17:35:08Z,web,checklist,GB
u_00002896,2026-08-30T15:34:37Z,web,checklist,US
u_00002899,2026-08-30T06:10:37Z,web,checklist,US
u_0000289a,2026-08-30T20:20:41Z,web,checklist,US
u_0000289b,2026-08-30T13:50:16Z,web,checklist,GB
u_0000289e,2026-08-30T14:03:39Z,web,checklist,US
u_0000289f,2026-08-30T20:18:11Z,web,checklist,US
u_000028a2,2026-08-30T09:07:41Z,web,checklist,US
u_000028a5,2026-08-30T20:31:29Z,web,checklist,GB
u_000028a6,2026-08-31T14:58:21Z,web,checklist,US
u_000028a9,2026-08-31T06:39:48Z,web,checklist,US
u_000028ac,2026-08-31T21:16:34Z,web,checklist,CA
u_000028af,2026-08-31T06:11:40Z,web,checklist,DE
u_000028b2,2026-08-31T10:08:43Z,web,checklist,US
u_000028b5,2026-08-31T20:06:22Z,web,checklist,US
u_000028b6,2026-08-31T21:24:31Z,web,checklist,CA
u_000028b9,2026-08-31T17:56:58Z,web,checklist,AU
u_000028ba,2026-08-31T21:26:22Z,web,checklist,US
u_000028bc,2026-08-31T20:04:17Z,web,checklist,GB
u_000028bd,2026-08-31T21:23:12Z,web,checklist,US
u_000028bf,2026-08-31T07:10:46Z,web,checklist,GB
u_000028c0,2026-08-31T18:11:56Z,web,checklist,US
u_000028c1,2026-08-31T19:35:10Z,web,checklist,US
u_000028c3,2026-08-31T15:39:09Z,web,checklist,DE
u_000028c5,2026-08-31T17:10:56Z,web,checklist,US
u_000028c7,2026-08-31T08:03:54Z,web,checklist,CA
